;FLAVOR:Marlin
;TIME:6076
;Filament used: 15.5736m
;Layer height: 0.6
;MINX:72.492
;MINY:26.901
;MINZ:0.2
;MAXX:216.3
;MAXY:180.956
;MAXZ:9.8
;TARGET_MACHINE.NAME:BQ Witbox 2
;Generated with Cura_SteamEngine 5.11.0
M104 S200
M105
M109 S200
; -- START GCODE --
M800        ; Custom GCODE to fire start print procedure
; -- end of START GCODE --
M82 ;absolute extrusion mode
G92 E0
G92 E0
G1 F1500 E-6.5
;LAYER_COUNT:17
;LAYER:0
M107
G0 F3600 X81.122 Y32.022 Z0.2
;TYPE:SKIRT
G1 F1500 E0
G1 F1800 X82.117 Y30.251 E0.06756
G1 X82.89 Y29.253 E0.10955
G1 X84.243 Y28.161 E0.16738
G1 X86.222 Y27.175 E0.24092
G1 X87.746 Y26.953 E0.29214
G1 X209.122 Y26.901 E4.32912
G1 X211.179 Y27.323 E4.39896
G1 X212.95 Y28.318 E4.46653
G1 X213.948 Y29.091 E4.50851
G1 X215.04 Y30.444 E4.56634
G1 X216.026 Y32.423 E4.63988
G1 X216.248 Y33.947 E4.69111
G1 X216.3 Y85.323 E6.39988
G1 X215.878 Y87.38 E6.46972
G1 X214.883 Y89.151 E6.53728
G1 X214.11 Y90.149 E6.57927
G1 X212.757 Y91.241 E6.6371
G1 X210.778 Y92.227 E6.71064
G1 X209.254 Y92.449 E6.76186
G1 X88.67 Y92.501 E10.7725
G1 X88.307 Y93.212 E10.79905
G1 X86.934 Y94.929 E10.87218
G1 X85.146 Y96.038 E10.94216
G1 X83.582 Y96.545 E10.99684
G1 X81.832 Y96.851 E11.05593
G1 X79.233 Y96.482 E11.14324
G1 X76.838 Y95.161 E11.23421
G1 X74.823 Y93.146 E11.32899
G1 X73.664 Y91.294 E11.40165
G1 X72.898 Y88.689 E11.49196
G1 X72.747 Y86.154 E11.57643
G1 X73.495 Y83.572 E11.66584
G1 X74.713 Y81.551 E11.74432
G1 X76.313 Y80.165 E11.81473
G1 X78.08 Y79.221 E11.88136
G1 X78.649 Y79.034 E11.90128
G1 X80.712 Y78.792 E11.97036
G1 X80.7 Y34.079 E13.45753
G1 X81.122 Y32.022 E13.52737
G0 F3600 X81.502 Y32.163
G1 F1800 X82.433 Y30.496 E13.59087
G1 X83.178 Y29.534 E13.63134
G1 X84.46 Y28.5 E13.68612
G1 X86.342 Y27.562 E13.75606
G1 X87.804 Y27.349 E13.8052
G1 X209.081 Y27.301 E17.83889
G1 X211.038 Y27.703 E17.90534
G1 X212.705 Y28.634 E17.96884
G1 X213.667 Y29.379 E18.00931
G1 X214.701 Y30.661 E18.06409
G1 X215.639 Y32.543 E18.13403
G1 X215.852 Y34.005 E18.18317
G1 X215.9 Y85.282 E19.88865
G1 X215.498 Y87.239 E19.9551
G1 X214.567 Y88.906 E20.01861
G1 X213.822 Y89.868 E20.05908
G1 X212.54 Y90.902 E20.11386
G1 X210.658 Y91.84 E20.1838
G1 X209.196 Y92.053 E20.23294
G1 X88.426 Y92.101 E24.24976
G1 X87.969 Y92.994 E24.28313
G1 X86.665 Y94.625 E24.35258
G1 X84.977 Y95.672 E24.41865
G1 X83.459 Y96.164 E24.47172
G1 X81.826 Y96.446 E24.52684
G1 X79.361 Y96.096 E24.60965
G1 X77.082 Y94.839 E24.69621
G1 X75.137 Y92.894 E24.7877
G1 X74.033 Y91.13 E24.85691
G1 X73.294 Y88.617 E24.94404
G1 X73.15 Y86.199 E25.0246
G1 X73.863 Y83.737 E25.10985
G1 X75.025 Y81.81 E25.1847
G1 X76.54 Y80.497 E25.25138
G1 X78.268 Y79.574 E25.31653
G1 X78.735 Y79.426 E25.33283
G1 X80.878 Y79.175 E25.40459
G1 X81.112 Y79.198 E25.41241
G1 X81.1 Y34.12 E26.91171
G1 X81.502 Y32.163 E26.97816
G0 F3600 X81.882 Y32.304
G1 F1800 X82.749 Y30.741 E27.03761
G1 X83.466 Y29.815 E27.07656
G1 X84.677 Y28.839 E27.12829
G1 X86.462 Y27.949 E27.19463
G1 X87.862 Y27.745 E27.24169
G1 X209.039 Y27.701 E31.27205
G1 X210.897 Y28.083 E31.33514
G1 X212.46 Y28.95 E31.39459
G1 X213.386 Y29.667 E31.43354
G1 X214.362 Y30.878 E31.48527
G1 X215.252 Y32.663 E31.55161
G1 X215.456 Y34.063 E31.59867
G1 X215.5 Y85.24 E33.30082
G1 X215.118 Y87.098 E33.36391
G1 X214.251 Y88.661 E33.42336
G1 X213.534 Y89.587 E33.46231
G1 X212.323 Y90.563 E33.51404
G1 X210.538 Y91.453 E33.58038
G1 X209.138 Y91.657 E33.62744
G1 X88.181 Y91.701 E37.65049
G1 X87.631 Y92.776 E37.69065
G1 X86.396 Y94.321 E37.75644
G1 X84.808 Y95.306 E37.81859
G1 X83.336 Y95.783 E37.87005
G1 X81.821 Y96.041 E37.92117
G1 X79.489 Y95.71 E37.99951
G1 X77.326 Y94.517 E38.08167
G1 X75.451 Y92.642 E38.16986
G1 X74.402 Y90.966 E38.23562
G1 X73.69 Y88.545 E38.31956
G1 X73.553 Y86.244 E38.39622
G1 X74.232 Y83.9 E38.47739
G1 X75.335 Y82.07 E38.54846
G1 X76.769 Y80.828 E38.61155
G1 X78.396 Y79.953 E38.673
G1 X78.782 Y79.823 E38.68655
G1 X80.925 Y79.572 E38.75831
G1 X81.512 Y79.672 E38.77811
G1 X81.5 Y34.162 E40.29178
G1 X81.882 Y32.304 E40.35487
G0 F3600 X82.262 Y32.444
G1 F1800 X83.099 Y30.935 E40.41227
G1 X83.751 Y30.099 E40.44753
G1 X84.897 Y29.176 E40.49647
G1 X86.582 Y28.336 E40.55909
G1 X87.92 Y28.141 E40.60406
G1 X208.997 Y28.101 E44.6311
G1 X210.757 Y28.463 E44.69086
G1 X212.266 Y29.3 E44.74826
G1 X213.102 Y29.952 E44.78352
G1 X214.025 Y31.098 E44.83246
G1 X214.865 Y32.783 E44.89508
G1 X215.06 Y34.121 E44.94005
G1 X215.1 Y85.198 E46.63888
G1 X214.738 Y86.958 E46.69865
G1 X213.901 Y88.467 E46.75604
G1 X213.249 Y89.303 E46.7913
G1 X212.103 Y90.226 E46.84024
G1 X210.418 Y91.066 E46.90286
G1 X209.08 Y91.261 E46.94784
G1 X87.937 Y91.301 E50.97707
G1 X87.293 Y92.558 E51.02404
G1 X86.127 Y94.017 E51.08616
G1 X84.639 Y94.94 E51.1444
G1 X83.213 Y95.402 E51.19426
G1 X81.817 Y95.636 E51.24134
G1 X79.617 Y95.324 E51.31524
G1 X77.57 Y94.195 E51.39299
G1 X75.765 Y92.39 E51.4779
G1 X74.771 Y90.802 E51.54021
G1 X74.086 Y88.473 E51.62095
G1 X73.956 Y86.289 E51.69372
G1 X74.601 Y84.063 E51.7708
G1 X75.645 Y82.33 E51.83809
G1 X76.997 Y81.16 E51.89756
G1 X78.586 Y80.305 E51.95758
G1 X78.828 Y80.22 E51.96611
G1 X80.915 Y79.976 E52.03599
G1 X81.912 Y80.146 E52.06963
G1 X81.9 Y34.204 E53.59767
G1 X82.262 Y32.444 E53.65743
G0 F3600 X82.642 Y32.584
G1 F1800 X83.449 Y31.129 E53.71277
G1 X84.035 Y30.384 E53.7443
G1 X85.117 Y29.513 E53.7905
G1 X86.702 Y28.723 E53.8494
G1 X87.978 Y28.537 E53.89229
G1 X208.955 Y28.501 E57.916
G1 X210.617 Y28.843 E57.97244
G1 X212.072 Y29.65 E58.02777
G1 X212.817 Y30.236 E58.0593
G1 X213.688 Y31.318 E58.1055
G1 X214.478 Y32.903 E58.1644
G1 X214.664 Y34.179 E58.20729
G1 X214.7 Y85.156 E59.90279
G1 X214.358 Y86.818 E59.95923
G1 X213.551 Y88.273 E60.01457
G1 X212.965 Y89.018 E60.04609
G1 X211.883 Y89.889 E60.09229
G1 X210.298 Y90.679 E60.15119
G1 X209.022 Y90.865 E60.19408
G1 X88.008 Y90.901 E64.21903
G1 X87.663 Y90.835 E64.23071
G1 X87.579 Y91.124 E64.24072
G1 X86.954 Y92.342 E64.28625
G1 X85.858 Y93.713 E64.34463
G1 X84.468 Y94.575 E64.39903
G1 X83.147 Y95.007 E64.44526
G1 X81.81 Y95.231 E64.49035
G1 X79.745 Y94.938 E64.55972
G1 X77.814 Y93.873 E64.63306
G1 X76.079 Y92.138 E64.71467
G1 X75.14 Y90.638 E64.77353
G1 X74.482 Y88.401 E64.85108
G1 X74.359 Y86.334 E64.91995
G1 X74.969 Y84.228 E64.99288
G1 X75.957 Y82.589 E65.05653
G1 X77.226 Y81.49 E65.11237
G1 X78.775 Y80.657 E65.17086
G1 X78.919 Y80.612 E65.17588
G1 X80.904 Y80.38 E65.24235
G1 X82.312 Y80.619 E65.28985
G1 X82.3 Y34.246 E66.83222
G1 X82.642 Y32.584 E66.88866
G0 F3600 X83.022 Y32.724
G1 F1800 X83.799 Y31.323 E66.94195
G1 X84.32 Y30.669 E66.96976
G1 X85.335 Y29.852 E67.01309
G1 X86.823 Y29.11 E67.0684
G1 X88.036 Y28.933 E67.10917
G1 X208.913 Y28.901 E71.12955
G1 X210.477 Y29.223 E71.18266
G1 X211.878 Y30 E71.23595
G1 X212.532 Y30.521 E71.26376
G1 X213.349 Y31.536 E71.30709
G1 X214.091 Y33.024 E71.3624
G1 X214.268 Y34.237 E71.40317
G1 X214.3 Y85.114 E73.09535
G1 X213.978 Y86.678 E73.14846
G1 X213.201 Y88.079 E73.20174
G1 X212.68 Y88.733 E73.22955
G1 X211.665 Y89.55 E73.27289
G1 X210.177 Y90.292 E73.32819
G1 X208.964 Y90.469 E73.36896
G1 X88.008 Y90.501 E77.39197
G1 X87.373 Y90.362 E77.41359
G1 X87.223 Y90.942 E77.43352
G1 X86.617 Y92.124 E77.4777
G1 X85.589 Y93.409 E77.53243
G1 X84.298 Y94.21 E77.58296
G1 X83.081 Y94.612 E77.62559
G1 X81.803 Y94.826 E77.66869
G1 X79.873 Y94.552 E77.73353
G1 X78.058 Y93.551 E77.80247
G1 X76.393 Y91.886 E77.88078
G1 X75.509 Y90.474 E77.93619
G1 X74.878 Y88.329 E78.01056
G1 X74.762 Y86.379 E78.07553
G1 X75.338 Y84.391 E78.14437
G1 X76.267 Y82.849 E78.20425
G1 X77.454 Y81.822 E78.25645
G1 X78.965 Y81.009 E78.31352
G1 X80.891 Y80.784 E78.37801
G1 X82.213 Y81.005 E78.42259
G1 X82.712 Y81.199 E78.4404
G1 X82.7 Y34.288 E80.00067
G1 X83.022 Y32.724 E80.05378
G0 F3600 X83.402 Y32.863
G1 F1800 X84.112 Y31.572 E80.10278
G1 X84.604 Y30.955 E80.12903
G1 X85.555 Y30.189 E80.16964
G1 X86.943 Y29.497 E80.22123
G1 X88.094 Y29.329 E80.25992
G1 X208.871 Y29.301 E84.27698
G1 X210.338 Y29.603 E84.32679
G1 X211.629 Y30.313 E84.3758
G1 X212.246 Y30.805 E84.40204
G1 X213.012 Y31.756 E84.44266
G1 X213.704 Y33.144 E84.49424
G1 X213.872 Y34.295 E84.53293
G1 X213.9 Y85.072 E86.22178
G1 X213.598 Y86.539 E86.2716
G1 X212.888 Y87.83 E86.3206
G1 X212.396 Y88.447 E86.34685
G1 X211.445 Y89.213 E86.38746
G1 X210.057 Y89.905 E86.43905
G1 X208.906 Y90.073 E86.47773
G1 X88.053 Y90.101 E90.49732
G1 X87.056 Y89.882 E90.53127
G1 X87.034 Y90.078 E90.53783
G1 X86.848 Y90.797 E90.56253
G1 X86.278 Y91.908 E90.60407
G1 X85.32 Y93.105 E90.65506
G1 X84.125 Y93.847 E90.70184
G1 X83.015 Y94.217 E90.74076
G1 X81.796 Y94.421 E90.78187
G1 X80.001 Y94.166 E90.84217
G1 X78.302 Y93.229 E90.9067
G1 X76.707 Y91.634 E90.98172
G1 X75.878 Y90.31 E91.03368
G1 X75.274 Y88.257 E91.10486
G1 X75.165 Y86.424 E91.16593
G1 X75.707 Y84.554 E91.23069
G1 X76.577 Y83.109 E91.28679
G1 X77.683 Y82.152 E91.33543
G1 X79.087 Y81.397 E91.38845
G1 X80.878 Y81.188 E91.44843
G1 X82.147 Y81.4 E91.49122
G1 X83.112 Y81.793 E91.52587
G1 X83.1 Y34.33 E93.1045
G1 X83.402 Y32.863 E93.15432
G0 F3600 X83.782 Y33.001
G1 F1800 X84.425 Y31.821 E93.19901
G1 X84.89 Y31.238 E93.22381
G1 X85.771 Y30.528 E93.26145
G1 X87.063 Y29.884 E93.30946
G1 X88.152 Y29.725 E93.34607
G1 X208.829 Y29.701 E97.3598
G1 X210.2 Y29.983 E97.40635
G1 X211.38 Y30.626 E97.45105
G1 X211.963 Y31.091 E97.47585
G1 X212.673 Y31.972 E97.51349
G1 X213.317 Y33.264 E97.5615
G1 X213.476 Y34.353 E97.59811
G1 X213.5 Y85.03 E99.28363
G1 X213.218 Y86.401 E99.33018
G1 X212.575 Y87.581 E99.37488
G1 X212.11 Y88.164 E99.39968
G1 X211.229 Y88.874 E99.43732
G1 X209.937 Y89.518 E99.48533
G1 X208.848 Y89.677 E99.52193
G1 X88.098 Y89.701 E103.5381
G1 X86.694 Y89.392 E103.58591
G1 X86.647 Y89.978 E103.60546
G1 X86.472 Y90.653 E103.62866
G1 X85.941 Y91.69 E103.66741
G1 X85.051 Y92.801 E103.71475
G1 X83.953 Y93.483 E103.75774
G1 X82.949 Y93.822 E103.79299
G1 X81.789 Y94.016 E103.83211
G1 X80.129 Y93.78 E103.88787
G1 X78.546 Y92.907 E103.948
G1 X77.021 Y91.382 E104.01973
G1 X76.247 Y90.146 E104.06824
G1 X75.67 Y88.185 E104.13622
G1 X75.568 Y86.469 E104.1934
G1 X76.076 Y84.717 E104.25407
G1 X76.887 Y83.369 E104.30639
G1 X77.912 Y82.482 E104.35148
G1 X79.209 Y81.785 E104.40045
G1 X80.869 Y81.591 E104.45604
G1 X82.037 Y81.787 E104.49543
G1 X83.262 Y82.286 E104.53942
G1 X83.512 Y82.449 E104.54935
G1 X83.5 Y34.372 E106.1484
G1 X83.782 Y33.001 E106.19495
G0 F3600 X84.162 Y33.139
G1 F1800 X84.738 Y32.07 E106.23534
G1 X85.174 Y31.523 E106.25861
G1 X85.991 Y30.865 E106.2935
G1 X87.183 Y30.271 E106.33779
G1 X88.21 Y30.121 E106.37231
G1 X208.787 Y30.101 E110.38272
G1 X210.062 Y30.363 E110.42601
G1 X211.131 Y30.939 E110.4664
G1 X211.678 Y31.375 E110.48967
G1 X212.336 Y32.192 E110.52456
G1 X212.93 Y33.384 E110.56885
G1 X213.08 Y34.411 E110.60337
G1 X213.1 Y84.988 E112.28557
G1 X212.838 Y86.263 E112.32886
G1 X212.262 Y87.332 E112.36925
G1 X211.826 Y87.879 E112.39252
G1 X211.009 Y88.537 E112.42741
G1 X209.817 Y89.131 E112.47171
G1 X208.79 Y89.281 E112.50623
G1 X88.143 Y89.301 E116.51896
G1 X86.91 Y89.03 E116.56095
G1 X86.347 Y88.729 E116.58218
G1 X86.248 Y89.946 E116.62279
G1 X86.097 Y90.508 E116.64215
G1 X85.602 Y91.473 E116.67822
G1 X84.782 Y92.497 E116.72185
G1 X83.78 Y93.12 E116.7611
G1 X82.883 Y93.427 E116.79263
G1 X81.782 Y93.611 E116.82976
G1 X80.257 Y93.394 E116.88099
G1 X78.79 Y92.585 E116.93671
G1 X77.335 Y91.13 E117.00515
G1 X76.616 Y89.982 E117.0502
G1 X76.066 Y88.113 E117.115
G1 X75.971 Y86.515 E117.16825
G1 X76.446 Y84.879 E117.22491
G1 X77.196 Y83.631 E117.27333
G1 X78.144 Y82.811 E117.31502
G1 X79.331 Y82.173 E117.35984
G1 X80.856 Y81.995 E117.41091
G1 X81.931 Y82.175 E117.44716
G1 X83.111 Y82.656 E117.48955
G1 X83.585 Y82.99 E117.50883
G1 X83.912 Y83.313 E117.52412
G1 X83.9 Y34.414 E119.15051
G1 X84.162 Y33.139 E119.1938
G0 F3600 X84.542 Y33.277
G1 F1800 X85.09 Y32.26 E119.23222
G1 X85.456 Y31.81 E119.25152
G1 X86.211 Y31.202 E119.28376
G1 X87.303 Y30.658 E119.32433
G1 X88.268 Y30.517 E119.35677
G1 X208.746 Y30.501 E123.36389
G1 X209.924 Y30.743 E123.40388
G1 X210.941 Y31.291 E123.44231
G1 X211.391 Y31.657 E123.4616
G1 X211.999 Y32.412 E123.49384
G1 X212.543 Y33.504 E123.53442
G1 X212.684 Y34.469 E123.56686
G1 X212.7 Y84.947 E125.24576
G1 X212.458 Y86.125 E125.28576
G1 X211.91 Y87.142 E125.32418
G1 X211.544 Y87.592 E125.34348
G1 X210.789 Y88.2 E125.37572
G1 X209.697 Y88.744 E125.41629
G1 X208.732 Y88.885 E125.44873
G1 X88.188 Y88.901 E129.45804
G1 X87.05 Y88.651 E129.49679
G1 X86.078 Y88.131 E129.53346
G1 X85.763 Y87.879 E129.54688
G1 X85.96 Y88.547 E129.57004
G1 X85.849 Y89.914 E129.61566
G1 X85.741 Y90.326 E129.62982
G1 X85.265 Y91.255 E129.66454
G1 X84.513 Y92.193 E129.70453
G1 X83.608 Y92.756 E129.73998
G1 X82.817 Y93.032 E129.76784
G1 X81.775 Y93.206 E129.80298
G1 X80.385 Y93.008 E129.84968
G1 X79.034 Y92.263 E129.90099
G1 X77.649 Y90.878 E129.96614
G1 X76.985 Y89.818 E130.00774
G1 X76.462 Y88.041 E130.06935
G1 X76.374 Y86.561 E130.11866
G1 X76.816 Y85.041 E130.17131
G1 X77.505 Y83.893 E130.21584
G1 X78.376 Y83.14 E130.25413
G1 X79.453 Y82.561 E130.2948
G1 X80.843 Y82.399 E130.34135
G1 X81.825 Y82.563 E130.37446
G1 X82.914 Y83.007 E130.41358
G1 X83.304 Y83.275 E130.42932
G1 X84.012 Y83.974 E130.46241
G1 X84.312 Y84.469 E130.48166
G1 X84.3 Y34.455 E132.14513
G1 X84.542 Y33.277 E132.18513
G0 F3600 X84.922 Y33.415
G1 F1800 X85.405 Y32.507 E132.21934
G1 X85.707 Y32.122 E132.23561
G1 X86.431 Y31.539 E132.26653
G1 X87.423 Y31.045 E132.30339
G1 X88.326 Y30.913 E132.33374
G1 X208.705 Y30.901 E136.33756
G1 X209.786 Y31.123 E136.37427
G1 X210.694 Y31.606 E136.40847
G1 X211.079 Y31.908 E136.42475
G1 X211.662 Y32.632 E136.45567
G1 X212.156 Y33.624 E136.49252
G1 X212.288 Y34.527 E136.52288
G1 X212.3 Y84.906 E138.19849
G1 X212.078 Y85.987 E138.2352
G1 X211.595 Y86.895 E138.2694
G1 X211.293 Y87.28 E138.28568
G1 X210.569 Y87.863 E138.31659
G1 X209.577 Y88.357 E138.35345
G1 X208.674 Y88.489 E138.38381
G1 X88.233 Y88.501 E142.38969
G1 X87.19 Y88.272 E142.42521
G1 X86.267 Y87.778 E142.46003
G1 X85.898 Y87.471 E142.47599
G1 X85.339 Y86.776 E142.50566
G1 X84.844 Y85.777 E142.54274
G1 X84.712 Y84.875 E142.57306
G1 X84.7 Y34.496 E144.24867
G1 X84.922 Y33.415 E144.28538
G1 F1500 E137.78538
G0 F3600 X80.834 Y82.802
G1 F1500 E144.28538
G1 F1800 X81.715 Y82.95 E144.31509
G1 X82.719 Y83.359 E144.35115
G1 X83.077 Y83.605 E144.36559
G1 X83.729 Y84.257 E144.39626
G1 X84.246 Y85.157 E144.43078
G1 X84.589 Y86.214 E144.46774
G1 X84.776 Y86.628 E144.48285
G1 X85.192 Y87.356 E144.51074
G1 X85.555 Y88.589 E144.55349
G1 X85.45 Y89.882 E144.59664
G1 X85.385 Y90.143 E144.60558
G1 X84.926 Y91.038 E144.63904
G1 X84.244 Y91.889 E144.67531
G1 X83.435 Y92.392 E144.70699
G1 X82.751 Y92.637 E144.73116
G1 X81.768 Y92.801 E144.76431
G1 X80.513 Y92.622 E144.80647
G1 X79.278 Y91.941 E144.85338
G1 X77.963 Y90.626 E144.91523
G1 X77.354 Y89.654 E144.95338
G1 X76.858 Y87.969 E145.0118
G1 X76.777 Y86.607 E145.05718
G1 X77.186 Y85.203 E145.10582
G1 X77.815 Y84.153 E145.14653
G1 X78.604 Y83.472 E145.1812
G1 X79.576 Y82.949 E145.21791
G1 X80.834 Y82.802 E145.26003
G0 F3600 X80.821 Y83.206
G1 F1800 X81.609 Y83.338 E145.28661
G1 X82.53 Y83.714 E145.31969
G1 X82.794 Y83.888 E145.33021
G1 X83.409 Y84.503 E145.35914
G1 X83.88 Y85.323 E145.39059
G1 X84.218 Y86.365 E145.42703
G1 X84.416 Y86.804 E145.44304
G1 X84.82 Y87.511 E145.47013
G1 X85.15 Y88.631 E145.50896
G1 X85.051 Y89.85 E145.54964
G1 X85.008 Y90.001 E145.55486
G1 X84.587 Y90.821 E145.58552
G1 X83.975 Y91.585 E145.61808
G1 X83.261 Y92.029 E145.64604
G1 X82.616 Y92.26 E145.66883
G1 X81.763 Y92.396 E145.69756
G1 X80.641 Y92.236 E145.73525
G1 X79.522 Y91.619 E145.77775
G1 X78.277 Y90.374 E145.83632
G1 X77.723 Y89.49 E145.87101
G1 X77.254 Y87.897 E145.92625
G1 X77.18 Y86.653 E145.96769
G1 X77.556 Y85.363 E146.01239
G1 X78.124 Y84.414 E146.04917
G1 X78.833 Y83.802 E146.08032
G1 X79.698 Y83.337 E146.11299
G1 X80.821 Y83.206 E146.15059
G1 F1500 E139.65059
G0 F3600 X85.108 Y84.817
G1 F1500 E146.15059
G1 F1800 X85.1 Y34.537 E147.82291
G1 X85.302 Y33.551 E147.85639
G1 X85.726 Y32.746 E147.88665
G1 X85.958 Y32.434 E147.89958
G1 X86.651 Y31.876 E147.92917
G1 X87.543 Y31.432 E147.96231
G1 X88.384 Y31.309 E147.99058
G1 X208.664 Y31.301 E151.99111
G1 X209.65 Y31.503 E152.02459
G1 X210.455 Y31.927 E152.05485
G1 X210.767 Y32.159 E152.06778
G1 X211.325 Y32.852 E152.09737
G1 X211.769 Y33.744 E152.13051
G1 X211.892 Y34.585 E152.15878
G1 X211.9 Y84.865 E153.8311
G1 X211.698 Y85.851 E153.86458
G1 X211.274 Y86.656 E153.89484
G1 X211.042 Y86.968 E153.90777
G1 X210.349 Y87.526 E153.93736
G1 X209.457 Y87.97 E153.9705
G1 X208.616 Y88.093 E153.99877
G1 X88.278 Y88.101 E158.00123
G1 X87.33 Y87.893 E158.03351
G1 X86.456 Y87.425 E158.06648
G1 X86.21 Y87.22 E158.07713
G1 X85.677 Y86.557 E158.10543
G1 X85.231 Y85.658 E158.13881
G1 X85.108 Y84.817 E158.16708
G0 F3600 X85.504 Y84.759
G1 F1800 X85.5 Y34.578 E159.8361
G1 X85.682 Y33.688 E159.86632
G1 X86.08 Y32.933 E159.8947
G1 X86.249 Y32.713 E159.90393
G1 X86.867 Y32.215 E159.93033
G1 X87.663 Y31.819 E159.9599
G1 X88.442 Y31.705 E159.98608
G1 X208.623 Y31.701 E163.98332
G1 X209.513 Y31.883 E164.01353
G1 X210.268 Y32.281 E164.04192
G1 X210.488 Y32.45 E164.05115
G1 X210.986 Y33.068 E164.07755
G1 X211.382 Y33.864 E164.10712
G1 X211.496 Y34.643 E164.1333
G1 X211.5 Y84.824 E165.80233
G1 X211.318 Y85.714 E165.83254
G1 X210.92 Y86.469 E165.86093
G1 X210.751 Y86.689 E165.87016
G1 X210.133 Y87.187 E165.89656
G1 X209.337 Y87.583 E165.92613
G1 X208.558 Y87.697 E165.95231
G1 X88.323 Y87.701 E169.95134
G1 X87.47 Y87.514 E169.98039
G1 X86.645 Y87.072 E170.01152
G1 X86.522 Y86.969 E170.01685
G1 X86.015 Y86.338 E170.04378
G1 X85.618 Y85.538 E170.07348
G1 X85.504 Y84.759 E170.09967
G0 F3600 X85.9 Y84.701
G1 F1800 X85.9 Y34.619 E171.7654
G1 X86.063 Y33.823 E171.79242
G1 X86.434 Y33.119 E171.81889
G1 X86.537 Y32.994 E171.82428
G1 X87.083 Y32.554 E171.8476
G1 X87.783 Y32.206 E171.8736
G1 X88.5 Y32.101 E171.8977
G1 X208.582 Y32.101 E175.89165
G1 X209.378 Y32.264 E175.91867
G1 X210.082 Y32.635 E175.94514
G1 X210.207 Y32.738 E175.95053
G1 X210.647 Y33.284 E175.97385
G1 X210.995 Y33.984 E175.99985
G1 X211.1 Y34.701 E176.02395
G1 X211.1 Y84.783 E177.68969
G1 X210.937 Y85.579 E177.71671
G1 X210.566 Y86.283 E177.74318
G1 X210.463 Y86.408 E177.74857
G1 X209.917 Y86.848 E177.77189
G1 X209.217 Y87.196 E177.79789
G1 X208.5 Y87.301 E177.82199
G1 X88.368 Y87.301 E181.8176
G1 X87.61 Y87.135 E181.84341
G1 X86.834 Y86.719 E181.87269
G1 X86.354 Y86.121 E181.89819
G1 X86.005 Y85.418 E181.9243
G1 X85.9 Y84.701 E181.9484
G0 F3600 X86.3 Y84.701
G1 F1800 X86.3 Y34.66 E183.61277
G1 X86.444 Y33.958 E183.63661
G1 X86.788 Y33.305 E183.66115
G1 X87.299 Y32.893 E183.68299
G1 X87.905 Y32.592 E183.70549
G1 X88.5 Y32.501 E183.72551
G1 X208.541 Y32.501 E187.71809
G1 X209.243 Y32.645 E187.74193
G1 X209.896 Y32.989 E187.76647
G1 X210.308 Y33.5 E187.78831
G1 X210.609 Y34.106 E187.81081
G1 X210.7 Y34.701 E187.83083
G1 X210.7 Y84.742 E189.4952
G1 X210.556 Y85.444 E189.51904
G1 X210.212 Y86.097 E189.54359
G1 X209.701 Y86.509 E189.56542
G1 X209.095 Y86.81 E189.58792
G1 X208.5 Y86.901 E189.60794
G1 X88.413 Y86.901 E193.60205
G1 X87.747 Y86.755 E193.62473
G1 X87.097 Y86.406 E193.64927
G1 X86.692 Y85.902 E193.67077
G1 X86.391 Y85.296 E193.69328
G1 X86.3 Y84.701 E193.7133
G0 F3600 X86.7 Y84.701
G1 F1800 X86.7 Y34.701 E195.3763
G1 X86.824 Y34.095 E195.39688
G1 X87.105 Y33.563 E195.41689
G1 X87.477 Y33.251 E195.43304
G1 X88.026 Y32.978 E195.45343
G1 X88.5 Y32.901 E195.4694
G1 X208.5 Y32.901 E199.46062
G1 X209.106 Y33.025 E199.48119
G1 X209.638 Y33.306 E199.5012
G1 X209.95 Y33.678 E199.51735
G1 X210.223 Y34.227 E199.53774
G1 X210.3 Y34.701 E199.55371
G1 X210.3 Y84.701 E201.21672
G1 X210.176 Y85.307 E201.23729
G1 X209.895 Y85.839 E201.25731
G1 X209.523 Y86.151 E201.27345
G1 X208.974 Y86.424 E201.29385
G1 X208.5 Y86.501 E201.30982
G1 X88.458 Y86.501 E205.30243
G1 X87.884 Y86.375 E205.32198
G1 X87.359 Y86.093 E205.3418
G1 X87.05 Y85.724 E205.35781
G1 X86.777 Y85.175 E205.3782
G1 X86.7 Y84.701 E205.39417
G0 F3600 X87.1 Y84.701
G1 F1800 X87.162 Y85.052 E205.40603
G1 X87.408 Y85.546 E205.42438
G1 X87.617 Y85.778 E205.43477
G1 X87.977 Y85.986 E205.4486
G1 X88.458 Y86.101 E205.46505
G1 X208.5 Y86.101 E209.45766
G1 X208.851 Y86.039 E209.46951
G1 X209.345 Y85.793 E209.48787
G1 X209.577 Y85.584 E209.49825
G1 X209.822 Y85.12 E209.51571
G1 X209.9 Y84.701 E209.52988
G1 X209.9 Y34.701 E211.19289
G1 X209.838 Y34.35 E211.20474
G1 X209.592 Y33.856 E211.2231
G1 X209.383 Y33.624 E211.23348
G1 X208.919 Y33.379 E211.25094
G1 X208.5 Y33.301 E211.26511
G1 X88.5 Y33.301 E215.25633
G1 X88.149 Y33.363 E215.26818
G1 X87.655 Y33.609 E215.28654
G1 X87.423 Y33.818 E215.29692
G1 X87.178 Y34.282 E215.31438
G1 X87.1 Y34.701 E215.32855
G1 X87.1 Y84.701 E216.99156
G0 F3600 X87.5 Y84.701
G1 F1800 X87.554 Y84.974 E217.00081
G1 X87.76 Y85.356 E217.01525
G1 X87.899 Y85.494 E217.02176
G1 X88.162 Y85.631 E217.03163
G1 X88.5 Y85.701 E217.04311
G1 X208.5 Y85.701 E221.03432
G1 X208.773 Y85.647 E221.04358
G1 X209.155 Y85.441 E221.05801
G1 X209.293 Y85.302 E221.06453
G1 X209.43 Y85.039 E221.07439
G1 X209.5 Y84.701 E221.08587
G1 X209.5 Y34.701 E222.74888
G1 X209.446 Y34.428 E222.75813
G1 X209.24 Y34.046 E222.77257
G1 X209.101 Y33.908 E222.77908
G1 X208.838 Y33.771 E222.78895
G1 X208.5 Y33.701 E222.80043
G1 X88.5 Y33.701 E226.79164
G1 X88.227 Y33.755 E226.8009
G1 X87.845 Y33.961 E226.81534
G1 X87.707 Y34.1 E226.82185
G1 X87.57 Y34.363 E226.83171
G1 X87.5 Y34.701 E226.84319
G1 X87.5 Y84.701 E228.5062
G0 F3600 X88.3 Y84.701
G1 F1800 X88.3 Y34.701 E230.16921
G1 X88.339 Y34.582 E230.17337
G1 X88.5 Y34.501 E230.17937
G1 X208.5 Y34.501 E234.17058
G1 X208.619 Y34.54 E234.17475
G1 X208.7 Y34.701 E234.18074
G1 X208.7 Y84.701 E235.84375
G1 X208.661 Y84.82 E235.84791
G1 X208.5 Y84.901 E235.85391
G1 X88.5 Y84.901 E239.84512
G1 X88.381 Y84.862 E239.84929
G1 X88.3 Y84.701 E239.85528
G0 F3600 X87.943 Y84.881
G1 F1800 X87.9 Y84.701 E239.86144
G1 X87.9 Y34.701 E241.52445
G1 X87.959 Y34.457 E241.5328
G1 X88.05 Y34.305 E241.53869
G1 X88.32 Y34.144 E241.54914
G1 X88.5 Y34.101 E241.5553
G1 X208.5 Y34.101 E245.54651
G1 X208.744 Y34.16 E245.55486
G1 X208.896 Y34.251 E245.56076
G1 X209.057 Y34.521 E245.57121
G1 X209.1 Y34.701 E245.57737
G1 X209.1 Y84.701 E247.24037
G1 X209.041 Y84.945 E247.24872
G1 X208.95 Y85.097 E247.25462
G1 X208.68 Y85.258 E247.26507
G1 X208.5 Y85.301 E247.27123
G1 X88.5 Y85.301 E251.26244
G1 X88.256 Y85.242 E251.27079
G1 X88.104 Y85.151 E251.27668
G1 X87.943 Y84.881 E251.28714
G1 F1500 E244.78714
G0 F3600 X87.835 Y84.881
G0 X83.514 Y85.489
G1 F1500 E251.28714
G1 F1800 X83.847 Y86.515 E251.32302
G1 X84.058 Y86.984 E251.34012
G1 X84.449 Y87.668 E251.36633
G1 X84.745 Y88.673 E251.40117
G1 X84.652 Y89.818 E251.43938
G1 X84.248 Y90.604 E251.46878
G1 X83.706 Y91.281 E251.49762
G1 X83.087 Y91.666 E251.52186
G1 X82.481 Y91.883 E251.54327
G1 X81.762 Y91.992 E251.56746
G1 X80.769 Y91.85 E251.60082
G1 X79.766 Y91.297 E251.63892
G1 X78.591 Y90.122 E251.69419
G1 X78.092 Y89.326 E251.72543
G1 X77.65 Y87.825 E251.77748
G1 X77.583 Y86.699 E251.81499
G1 X77.925 Y85.525 E251.85566
G1 X78.435 Y84.674 E251.88866
G1 X79.061 Y84.134 E251.91616
G1 X79.821 Y83.725 E251.94487
G1 X80.808 Y83.61 E251.97792
G1 X81.503 Y83.726 E252.00135
G1 X82.379 Y84.084 E252.03283
G1 X82.511 Y84.171 E252.03808
G1 X83.089 Y84.749 E252.06527
G1 X83.514 Y85.489 E252.09365
G0 F3600 X83.146 Y85.651
G1 F1800 X83.472 Y86.657 E252.12883
G1 X83.7 Y87.164 E252.14732
G1 X84.078 Y87.825 E252.17264
G1 X84.34 Y88.714 E252.20347
G1 X84.259 Y89.707 E252.23661
G1 X83.911 Y90.386 E252.26198
G1 X83.437 Y90.977 E252.28718
G1 X82.909 Y91.305 E252.30785
G1 X82.383 Y91.494 E252.32644
G1 X81.762 Y91.588 E252.34733
G1 X80.897 Y91.464 E252.3764
G1 X80.01 Y90.975 E252.41009
G1 X78.906 Y89.871 E252.46201
G1 X78.46 Y89.16 E252.48993
G1 X78.046 Y87.753 E252.53871
G1 X77.986 Y86.745 E252.5723
G1 X78.295 Y85.685 E252.60902
G1 X78.744 Y84.935 E252.63809
G1 X79.29 Y84.464 E252.66208
G1 X79.943 Y84.113 E252.68673
G1 X80.795 Y84.014 E252.71526
G1 X81.397 Y84.114 E252.73556
G1 X82.228 Y84.454 E252.76542
G1 X82.769 Y84.995 E252.79087
G1 X83.146 Y85.651 E252.81603
G0 F3600 X82.78 Y85.817
G1 F1800 X83.101 Y86.807 E252.85065
G1 X83.342 Y87.344 E252.87023
G1 X83.707 Y87.982 E252.89467
G1 X83.935 Y88.755 E252.92148
G1 X83.866 Y89.597 E252.94958
G1 X83.574 Y90.168 E252.97091
G1 X83.169 Y90.673 E252.99244
G1 X82.729 Y90.946 E253.00966
G1 X82.323 Y91.099 E253.02409
G1 X81.762 Y91.184 E253.04296
G1 X81.025 Y91.078 E253.06773
G1 X80.254 Y90.653 E253.09701
G1 X79.221 Y89.62 E253.1456
G1 X78.828 Y88.994 E253.17018
G1 X78.442 Y87.681 E253.2157
G1 X78.389 Y86.791 E253.24536
G1 X78.665 Y85.845 E253.27813
G1 X79.053 Y85.196 E253.30328
G1 X79.518 Y84.796 E253.32368
G1 X80.066 Y84.501 E253.34438
G1 X80.786 Y84.417 E253.36849
G1 X81.286 Y84.501 E253.38535
G1 X82.001 Y84.793 E253.41104
G1 X82.449 Y85.241 E253.43211
G1 X82.78 Y85.817 E253.45421
G0 F3600 X82.412 Y85.979
G1 F1800 X82.726 Y86.949 E253.48812
G1 X82.984 Y87.524 E253.50908
G1 X83.336 Y88.139 E253.53265
G1 X83.53 Y88.796 E253.55544
G1 X83.473 Y89.487 E253.5785
G1 X83.262 Y89.918 E253.59446
G1 X82.9 Y90.37 E253.61372
G1 X82.578 Y90.575 E253.62641
G1 X82.263 Y90.703 E253.63772
G1 X81.759 Y90.779 E253.65468
G1 X81.153 Y90.692 E253.67504
G1 X80.498 Y90.331 E253.69991
G1 X79.536 Y89.369 E253.74516
G1 X79.196 Y88.828 E253.76641
G1 X78.838 Y87.609 E253.80867
G1 X78.792 Y86.837 E253.83439
G1 X79.035 Y86.005 E253.86322
G1 X79.363 Y85.456 E253.88449
G1 X79.708 Y85.148 E253.89987
G1 X80.189 Y84.889 E253.91804
G1 X80.832 Y84.814 E253.93958
G1 X81.135 Y84.871 E253.94983
G1 X81.774 Y85.132 E253.97279
G1 X82.129 Y85.487 E253.98949
G1 X82.412 Y85.979 E254.00836
G0 F3600 X82.031 Y86.102
G1 F1800 X82.351 Y87.091 E254.04294
G1 X82.626 Y87.704 E254.06528
G1 X82.965 Y88.296 E254.08797
G1 X83.125 Y88.837 E254.10674
G1 X83.08 Y89.381 E254.12489
G1 X82.95 Y89.668 E254.13537
G1 X82.63 Y90.067 E254.15238
G1 X82.427 Y90.204 E254.16053
G1 X82.112 Y90.332 E254.17184
G1 X81.816 Y90.383 E254.18183
G1 X81.281 Y90.306 E254.19981
G1 X80.742 Y90.009 E254.22027
G1 X79.851 Y89.118 E254.26218
G1 X79.564 Y88.662 E254.2801
G1 X79.234 Y87.537 E254.3191
G1 X79.195 Y86.883 E254.34089
G1 X79.405 Y86.165 E254.36577
G1 X79.674 Y85.715 E254.38321
G1 X79.975 Y85.446 E254.39664
G1 X80.311 Y85.277 E254.40914
G1 X80.819 Y85.218 E254.42615
G1 X80.984 Y85.241 E254.4317
G1 X81.549 Y85.472 E254.452
G1 X81.786 Y85.692 E254.46275
G1 X82.031 Y86.102 E254.47864
G0 F3600 X81.648 Y86.218
G1 F1800 X81.746 Y86.541 E254.48987
G1 X81.977 Y87.235 E254.51419
G1 X82.268 Y87.884 E254.53785
G1 X82.618 Y88.495 E254.56127
G1 X82.725 Y88.821 E254.57268
G1 X82.709 Y89.232 E254.58636
G1 X82.631 Y89.427 E254.59335
G1 X82.388 Y89.748 E254.60674
G1 X82.276 Y89.833 E254.61141
G1 X81.961 Y89.961 E254.62272
G1 X81.765 Y89.986 E254.62929
G1 X81.351 Y89.912 E254.64328
G1 X81.025 Y89.726 E254.65577
G1 X80.134 Y88.835 E254.69768
G1 X79.948 Y88.549 E254.70902
G1 X79.618 Y87.424 E254.74802
G1 X79.599 Y86.928 E254.76453
G1 X79.777 Y86.319 E254.78563
G1 X79.941 Y86.013 E254.79718
G1 X80.242 Y85.744 E254.8106
G1 X80.472 Y85.643 E254.81896
G1 X80.847 Y85.617 E254.83146
G1 X81.294 Y85.78 E254.84729
G1 X81.449 Y85.908 E254.85397
G1 X81.648 Y86.218 E254.86622
G0 F3600 X80.932 Y86.555
G1 F1800 X80.983 Y86.784 E254.87403
G1 X81.229 Y87.523 E254.89993
G1 X81.552 Y88.244 E254.92621
G1 X81.924 Y88.893 E254.95109
G1 X81.95 Y89.016 E254.95527
G1 X81.897 Y89.129 E254.95942
G1 X81.788 Y89.19 E254.96358
G1 X81.591 Y89.16 E254.9702
G1 X80.7 Y88.269 E255.01211
G1 X80.386 Y87.198 E255.04924
G1 X80.386 Y87.086 E255.05296
G1 X80.545 Y86.543 E255.07178
G1 X80.616 Y86.44 E255.07594
G1 X80.734 Y86.399 E255.08009
G1 X80.853 Y86.436 E255.08424
G1 X80.932 Y86.555 E255.08899
G0 F3600 X81.265 Y86.334
G1 F1800 X81.366 Y86.667 E255.10056
G1 X81.603 Y87.379 E255.12552
G1 X81.91 Y88.064 E255.15049
G1 X82.271 Y88.694 E255.17464
G1 X82.341 Y88.933 E255.18292
G1 X82.312 Y89.186 E255.19139
G1 X82.092 Y89.478 E255.20355
G1 X81.813 Y89.589 E255.21354
G1 X81.531 Y89.555 E255.22299
G1 X81.308 Y89.443 E255.23129
G1 X80.417 Y88.552 E255.2732
G1 X80.316 Y88.382 E255.27977
G1 X80.002 Y87.311 E255.31689
G1 X79.983 Y87.04 E255.32593
G1 X80.161 Y86.431 E255.34703
G1 X80.287 Y86.213 E255.35541
G1 X80.485 Y86.062 E255.36369
G1 X80.603 Y86.021 E255.36784
G1 X80.853 Y86.017 E255.37616
G1 X81.126 Y86.143 E255.38616
G1 X81.265 Y86.334 E255.39402
G1 F1500 E248.89402
G0 F3600 X86.222 Y110.597
G1 F1500 E255.39402
G1 F1800 X87.746 Y110.375 E255.44524
G1 X209.122 Y110.323 E259.48222
G1 X211.179 Y110.745 E259.55206
G1 X212.95 Y111.74 E259.61963
G1 X213.948 Y112.513 E259.66161
G1 X215.04 Y113.866 E259.71944
G1 X216.026 Y115.845 E259.79298
G1 X216.248 Y117.369 E259.84421
G1 X216.3 Y168.745 E261.55298
G1 X215.878 Y170.802 E261.62282
G1 X214.883 Y172.573 E261.69038
G1 X214.11 Y173.571 E261.73237
G1 X212.757 Y174.663 E261.7902
G1 X210.778 Y175.649 E261.86374
G1 X209.254 Y175.871 E261.91496
G1 X89.574 Y175.923 E265.89554
G1 X88.58 Y177.802 E265.96624
G1 X86.868 Y179.516 E266.04681
G1 X84.306 Y180.772 E266.14171
G1 X82.106 Y180.956 E266.21514
G1 X80.134 Y180.636 E266.28159
G1 X78.434 Y180.143 E266.34046
G1 X76.51 Y179.005 E266.41481
G1 X74.568 Y177.064 E266.50613
G1 X73.409 Y175.212 E266.5788
G1 X72.643 Y172.607 E266.66911
G1 X72.492 Y170.065 E266.7538
G1 X73.389 Y166.987 E266.86044
G1 X74.681 Y164.893 E266.94227
G1 X76.474 Y163.422 E267.01941
G1 X77.367 Y162.891 E267.05397
G1 X79.615 Y162.135 E267.13285
G1 X80.712 Y162.165 E267.16935
G1 X80.7 Y117.501 E268.65488
G1 X81.122 Y115.444 E268.72472
G1 X82.117 Y113.673 E268.79228
G1 X82.89 Y112.675 E268.83427
G1 X84.243 Y111.583 E268.8921
G1 X86.222 Y110.597 E268.96564
G0 F3600 X86.342 Y110.984
G1 F1800 X87.804 Y110.771 E269.01478
G1 X209.081 Y110.723 E273.04847
G1 X211.038 Y111.125 E273.11492
G1 X212.705 Y112.056 E273.17842
G1 X213.667 Y112.801 E273.21889
G1 X214.701 Y114.083 E273.27367
G1 X215.639 Y115.965 E273.34361
G1 X215.852 Y117.427 E273.39275
G1 X215.9 Y168.704 E275.09823
G1 X215.498 Y170.661 E275.16468
G1 X214.567 Y172.328 E275.22819
G1 X213.822 Y173.29 E275.26866
G1 X212.54 Y174.324 E275.32344
G1 X210.658 Y175.262 E275.39338
G1 X209.196 Y175.475 E275.44251
G1 X89.284 Y175.523 E279.4308
G1 X89.219 Y175.739 E279.43831
G1 X88.254 Y177.562 E279.50691
G1 X86.631 Y179.187 E279.5833
G1 X84.199 Y180.379 E279.67338
G1 X82.121 Y180.553 E279.74274
G1 X80.198 Y180.241 E279.80753
G1 X78.594 Y179.773 E279.86311
G1 X76.758 Y178.687 E279.93406
G1 X74.882 Y176.812 E280.02227
G1 X73.778 Y175.048 E280.09149
G1 X73.039 Y172.535 E280.17861
G1 X72.895 Y170.111 E280.25937
G1 X73.758 Y167.15 E280.36195
G1 X74.985 Y165.161 E280.43968
G1 X76.679 Y163.766 E280.51267
G1 X77.538 Y163.255 E280.54592
G1 X79.674 Y162.537 E280.62087
G1 X81.112 Y162.576 E280.66871
G1 X81.1 Y117.542 E282.16655
G1 X81.502 Y115.585 E282.233
G1 X82.433 Y113.918 E282.2965
G1 X83.178 Y112.956 E282.33697
G1 X84.46 Y111.922 E282.39175
G1 X86.342 Y110.984 E282.46169
G0 F3600 X86.462 Y111.371
G1 F1800 X87.862 Y111.167 E282.50875
G1 X209.039 Y111.123 E286.53911
G1 X210.897 Y111.505 E286.6022
G1 X212.46 Y112.372 E286.66165
G1 X213.386 Y113.089 E286.7006
G1 X214.362 Y114.3 E286.75233
G1 X215.252 Y116.085 E286.81867
G1 X215.456 Y117.485 E286.86573
G1 X215.5 Y168.662 E288.56788
G1 X215.118 Y170.52 E288.63097
G1 X214.251 Y172.083 E288.69042
G1 X213.534 Y173.009 E288.72937
G1 X212.323 Y173.985 E288.7811
G1 X210.538 Y174.875 E288.84744
G1 X209.138 Y175.079 E288.8945
G1 X88.971 Y175.123 E292.89127
G1 X88.865 Y175.552 E292.90597
G1 X87.928 Y177.322 E292.97258
G1 X86.394 Y178.858 E293.04478
G1 X84.092 Y179.986 E293.13004
G1 X82.135 Y180.15 E293.19536
G1 X80.31 Y179.857 E293.25684
G1 X78.754 Y179.403 E293.31075
G1 X77.006 Y178.369 E293.3783
G1 X75.196 Y176.56 E293.46341
G1 X74.147 Y174.884 E293.52917
G1 X73.435 Y172.463 E293.61311
G1 X73.298 Y170.157 E293.68994
G1 X74.127 Y167.313 E293.78847
G1 X75.29 Y165.428 E293.86214
G1 X76.884 Y164.11 E293.93093
G1 X77.709 Y163.619 E293.96286
G1 X79.733 Y162.939 E294.03388
G1 X81.512 Y162.987 E294.09307
G1 X81.5 Y117.584 E295.60318
G1 X81.882 Y115.726 E295.66627
G1 X82.749 Y114.163 E295.72572
G1 X83.466 Y113.237 E295.76467
G1 X84.677 Y112.261 E295.8164
G1 X86.462 Y111.371 E295.88274
G0 F3600 X86.582 Y111.758
G1 F1800 X87.92 Y111.563 E295.92771
G1 X208.997 Y111.523 E299.95475
G1 X210.757 Y111.885 E300.01451
G1 X212.266 Y112.722 E300.0719
G1 X213.102 Y113.374 E300.10717
G1 X214.025 Y114.52 E300.15611
G1 X214.865 Y116.205 E300.21873
G1 X215.06 Y117.543 E300.2637
G1 X215.1 Y168.62 E301.96253
G1 X214.738 Y170.38 E302.02229
G1 X213.901 Y171.889 E302.07969
G1 X213.249 Y172.725 E302.11495
G1 X212.103 Y173.648 E302.16389
G1 X210.418 Y174.488 E302.22651
G1 X209.08 Y174.683 E302.27148
G1 X88.645 Y174.723 E306.27717
G1 X88.511 Y175.365 E306.29898
G1 X87.602 Y177.082 E306.3636
G1 X86.157 Y178.529 E306.43161
G1 X83.985 Y179.593 E306.51206
G1 X82.149 Y179.747 E306.57334
G1 X80.422 Y179.473 E306.6315
G1 X78.914 Y179.033 E306.68374
G1 X77.254 Y178.051 E306.74789
G1 X75.51 Y176.308 E306.8299
G1 X74.516 Y174.72 E306.89221
G1 X73.831 Y172.391 E306.97296
G1 X73.701 Y170.203 E307.04586
G1 X74.496 Y167.476 E307.14033
G1 X75.594 Y165.696 E307.20989
G1 X77.089 Y164.454 E307.27454
G1 X77.88 Y163.983 E307.30516
G1 X79.792 Y163.341 E307.37224
G1 X81.38 Y163.384 E307.42508
G1 X81.912 Y163.496 E307.44316
G1 X81.9 Y117.626 E308.9688
G1 X82.262 Y115.866 E309.02857
G1 X83.099 Y114.357 E309.08596
G1 X83.751 Y113.521 E309.12122
G1 X84.897 Y112.598 E309.17016
G1 X86.582 Y111.758 E309.23278
G0 F3600 X86.702 Y112.145
G1 F1800 X87.978 Y111.959 E309.27567
G1 X208.955 Y111.923 E313.29938
G1 X210.617 Y112.265 E313.35582
G1 X212.072 Y113.072 E313.41116
G1 X212.817 Y113.658 E313.44268
G1 X213.688 Y114.74 E313.48888
G1 X214.478 Y116.325 E313.54779
G1 X214.664 Y117.601 E313.59067
G1 X214.7 Y168.578 E315.28618
G1 X214.358 Y170.24 E315.34261
G1 X213.551 Y171.695 E315.39795
G1 X212.965 Y172.44 E315.42948
G1 X211.883 Y173.311 E315.47568
G1 X210.298 Y174.101 E315.53458
G1 X209.022 Y174.287 E315.57747
G1 X88.319 Y174.323 E319.59207
G1 X88.13 Y175.231 E319.62291
G1 X87.278 Y176.84 E319.68347
G1 X85.92 Y178.2 E319.74739
G1 X83.878 Y179.2 E319.82302
G1 X82.162 Y179.344 E319.88029
G1 X80.534 Y179.089 E319.9351
G1 X79.074 Y178.663 E319.98568
G1 X77.502 Y177.733 E320.04643
G1 X75.824 Y176.056 E320.12534
G1 X74.885 Y174.556 E320.1842
G1 X74.227 Y172.319 E320.26175
G1 X74.104 Y170.249 E320.33072
G1 X74.865 Y167.639 E320.42114
G1 X75.898 Y165.964 E320.4866
G1 X77.345 Y164.762 E320.54916
G1 X78.05 Y164.347 E320.57637
G1 X79.851 Y163.743 E320.63955
G1 X81.369 Y163.784 E320.69006
G1 X82.312 Y163.994 E320.72219
G1 X82.3 Y117.668 E322.263
G1 X82.642 Y116.006 E322.31944
G1 X83.449 Y114.551 E322.37478
G1 X84.035 Y113.806 E322.4063
G1 X85.117 Y112.935 E322.4525
G1 X86.702 Y112.145 E322.51141
G0 F3600 X86.823 Y112.532
G1 F1800 X88.036 Y112.355 E322.55218
G1 X208.913 Y112.323 E326.57256
G1 X210.477 Y112.645 E326.62567
G1 X211.878 Y113.422 E326.67896
G1 X212.532 Y113.943 E326.70677
G1 X213.349 Y114.958 E326.7501
G1 X214.091 Y116.446 E326.80541
G1 X214.268 Y117.659 E326.84618
G1 X214.3 Y168.536 E328.53835
G1 X213.978 Y170.1 E328.59146
G1 X213.201 Y171.501 E328.64475
G1 X212.68 Y172.155 E328.67256
G1 X211.665 Y172.972 E328.7159
G1 X210.177 Y173.714 E328.7712
G1 X208.964 Y173.891 E328.81197
G1 X87.994 Y173.923 E332.83545
G1 X87.749 Y175.094 E332.87524
G1 X86.952 Y176.6 E332.93191
G1 X85.683 Y177.871 E332.99165
G1 X83.771 Y178.807 E333.06245
G1 X82.174 Y178.941 E333.11576
G1 X80.646 Y178.705 E333.16718
G1 X79.234 Y178.293 E333.2161
G1 X77.75 Y177.415 E333.27345
G1 X76.138 Y175.804 E333.34925
G1 X75.254 Y174.392 E333.40466
G1 X74.623 Y172.247 E333.47903
G1 X74.507 Y170.295 E333.54406
G1 X75.234 Y167.802 E333.63044
G1 X76.204 Y166.23 E333.69187
G1 X77.548 Y165.107 E333.75013
G1 X78.219 Y164.712 E333.77602
G1 X79.91 Y164.145 E333.83534
G1 X81.323 Y164.183 E333.88236
G1 X82.712 Y164.493 E333.92969
G1 X82.7 Y117.71 E335.4857
G1 X83.022 Y116.146 E335.53881
G1 X83.799 Y114.745 E335.59209
G1 X84.32 Y114.091 E335.61991
G1 X85.335 Y113.274 E335.66324
G1 X86.823 Y112.532 E335.71855
G0 F3600 X86.943 Y112.919
G1 F1800 X88.094 Y112.751 E335.75723
G1 X208.871 Y112.723 E339.77429
G1 X210.338 Y113.025 E339.82411
G1 X211.629 Y113.735 E339.87311
G1 X212.246 Y114.227 E339.89936
G1 X213.012 Y115.178 E339.93997
G1 X213.704 Y116.566 E339.99156
G1 X213.872 Y117.717 E340.03025
G1 X213.9 Y168.494 E341.7191
G1 X213.598 Y169.961 E341.76891
G1 X212.888 Y171.252 E341.81792
G1 X212.396 Y171.869 E341.84416
G1 X211.445 Y172.635 E341.88478
G1 X210.057 Y173.327 E341.93636
G1 X208.906 Y173.495 E341.97505
G1 X88.098 Y173.523 E345.99314
G1 X87.663 Y173.437 E346.00789
G1 X87.656 Y173.592 E346.01305
G1 X87.37 Y174.954 E346.05934
G1 X86.626 Y176.36 E346.11225
G1 X85.446 Y177.542 E346.1678
G1 X83.664 Y178.414 E346.23378
G1 X82.184 Y178.538 E346.28318
G1 X80.758 Y178.321 E346.33115
G1 X79.394 Y177.923 E346.37841
G1 X77.998 Y177.097 E346.43236
G1 X76.452 Y175.552 E346.50506
G1 X75.623 Y174.228 E346.55702
G1 X75.019 Y172.175 E346.62819
G1 X74.91 Y170.341 E346.6893
G1 X75.603 Y167.965 E346.77162
G1 X76.51 Y166.495 E346.82907
G1 X77.751 Y165.452 E346.88299
G1 X78.388 Y165.077 E346.90757
G1 X79.969 Y164.547 E346.96303
G1 X81.277 Y164.582 E347.00655
G1 X82.638 Y164.886 E347.05293
G1 X83.112 Y165.126 E347.0706
G1 X83.1 Y117.752 E348.64627
G1 X83.402 Y116.285 E348.69609
G1 X84.112 Y114.994 E348.74509
G1 X84.604 Y114.377 E348.77134
G1 X85.555 Y113.611 E348.81195
G1 X86.943 Y112.919 E348.86354
G0 F3600 X87.063 Y113.306
G1 F1800 X88.152 Y113.147 E348.90014
G1 X208.829 Y113.123 E352.91387
G1 X210.2 Y113.405 E352.96043
G1 X211.38 Y114.048 E353.00512
G1 X211.963 Y114.513 E353.02993
G1 X212.673 Y115.394 E353.06756
G1 X213.317 Y116.686 E353.11558
G1 X213.476 Y117.775 E353.15218
G1 X213.5 Y168.452 E354.8377
G1 X213.218 Y169.823 E354.88426
G1 X212.575 Y171.003 E354.92895
G1 X212.11 Y171.586 E354.95376
G1 X211.229 Y172.296 E354.99139
G1 X209.937 Y172.94 E355.0394
G1 X208.848 Y173.099 E355.07601
G1 X88.098 Y173.123 E359.09217
G1 X87.245 Y172.936 E359.12121
G1 X87.265 Y173.51 E359.14032
G1 X86.991 Y174.814 E359.18464
G1 X86.3 Y176.12 E359.23378
G1 X85.209 Y177.213 E359.28514
G1 X83.557 Y178.021 E359.34631
G1 X82.198 Y178.135 E359.39167
G1 X80.87 Y177.937 E359.43633
G1 X79.554 Y177.553 E359.48192
G1 X78.246 Y176.779 E359.53247
G1 X76.766 Y175.3 E359.60206
G1 X75.992 Y174.064 E359.65057
G1 X75.415 Y172.103 E359.71856
G1 X75.313 Y170.387 E359.77573
G1 X75.972 Y168.128 E359.854
G1 X76.817 Y166.759 E359.90751
G1 X77.954 Y165.797 E359.95704
G1 X78.557 Y165.442 E359.98032
G1 X80.028 Y164.949 E360.03192
G1 X81.231 Y164.981 E360.07194
G1 X82.551 Y165.276 E360.11693
G1 X83.512 Y165.801 E360.15335
G1 X83.5 Y117.794 E361.75007
G1 X83.782 Y116.423 E361.79662
G1 X84.425 Y115.243 E361.84132
G1 X84.89 Y114.66 E361.86612
G1 X85.771 Y113.95 E361.90376
G1 X87.063 Y113.306 E361.95177
G0 F3600 X87.183 Y113.693
G1 F1800 X88.21 Y113.543 E361.98629
G1 X208.787 Y113.523 E365.9967
G1 X210.062 Y113.785 E366.03999
G1 X211.131 Y114.361 E366.08038
G1 X211.678 Y114.797 E366.10364
G1 X212.336 Y115.614 E366.13854
G1 X212.93 Y116.806 E366.18283
G1 X213.08 Y117.833 E366.21735
G1 X213.1 Y168.41 E367.89955
G1 X212.838 Y169.685 E367.94284
G1 X212.262 Y170.754 E367.98323
G1 X211.826 Y171.301 E368.0065
G1 X211.009 Y171.959 E368.04139
G1 X209.817 Y172.553 E368.08568
G1 X208.79 Y172.703 E368.1202
G1 X88.143 Y172.723 E372.13294
G1 X86.827 Y172.434 E372.17775
G1 X86.863 Y173.474 E372.21236
G1 X86.611 Y174.677 E372.25324
G1 X85.974 Y175.88 E372.29852
G1 X84.972 Y176.884 E372.3457
G1 X83.45 Y177.628 E372.40204
G1 X82.21 Y177.732 E372.44343
G1 X80.982 Y177.553 E372.48471
G1 X79.714 Y177.183 E372.52864
G1 X78.494 Y176.461 E372.57579
G1 X77.08 Y175.048 E372.64228
G1 X76.361 Y173.9 E372.68733
G1 X75.811 Y172.031 E372.75213
G1 X75.716 Y170.433 E372.80537
G1 X76.341 Y168.291 E372.87959
G1 X77.124 Y167.022 E372.92918
G1 X78.157 Y166.142 E372.97432
G1 X78.726 Y165.807 E372.99628
G1 X80.087 Y165.351 E373.04402
G1 X81.185 Y165.38 E373.08055
G1 X82.407 Y165.653 E373.1222
G1 X83.319 Y166.151 E373.15676
G1 X83.912 Y166.647 E373.18247
G1 X83.9 Y117.836 E374.80593
G1 X84.162 Y116.561 E374.84922
G1 X84.738 Y115.492 E374.88961
G1 X85.174 Y114.945 E374.91288
G1 X85.991 Y114.287 E374.94777
G1 X87.183 Y113.693 E374.99206
G0 F3600 X87.303 Y114.08
G1 F1800 X88.268 Y113.939 E375.0245
G1 X208.746 Y113.923 E379.03161
G1 X209.924 Y114.165 E379.07161
G1 X210.941 Y114.713 E379.11004
G1 X211.391 Y115.079 E379.12933
G1 X211.999 Y115.834 E379.16157
G1 X212.543 Y116.926 E379.20215
G1 X212.684 Y117.891 E379.23458
G1 X212.7 Y168.369 E380.91349
G1 X212.458 Y169.547 E380.95349
G1 X211.91 Y170.564 E380.99191
G1 X211.544 Y171.014 E381.0112
G1 X210.789 Y171.622 E381.04345
G1 X209.697 Y172.166 E381.08402
G1 X208.732 Y172.307 E381.11646
G1 X88.188 Y172.323 E385.12577
G1 X87.05 Y172.073 E385.16452
G1 X86.15 Y171.591 E385.19848
G1 X86.42 Y172.261 E385.2225
G1 X86.461 Y173.438 E385.26168
G1 X86.23 Y174.543 E385.29922
G1 X85.65 Y175.638 E385.34044
G1 X84.735 Y176.555 E385.38352
G1 X83.343 Y177.235 E385.43505
G1 X82.22 Y177.329 E385.47253
G1 X81.094 Y177.169 E385.51036
G1 X79.874 Y176.813 E385.55263
G1 X78.742 Y176.143 E385.59638
G1 X77.394 Y174.796 E385.65976
G1 X76.73 Y173.736 E385.70136
G1 X76.207 Y171.959 E385.76297
G1 X76.119 Y170.479 E385.81228
G1 X76.71 Y168.454 E385.88245
G1 X77.431 Y167.286 E385.9281
G1 X78.36 Y166.487 E385.96885
G1 X78.895 Y166.172 E385.9895
G1 X80.146 Y165.753 E386.03338
G1 X81.139 Y165.779 E386.06642
G1 X82.263 Y166.03 E386.10473
G1 X83.091 Y166.482 E386.1361
G1 X83.736 Y167.022 E386.16408
G1 X84.312 Y167.834 E386.19719
G1 X84.3 Y117.877 E387.85877
G1 X84.542 Y116.699 E387.89877
G1 X85.09 Y115.682 E387.93719
G1 X85.456 Y115.232 E387.95649
G1 X86.211 Y114.624 E387.98873
G1 X87.303 Y114.08 E388.0293
G0 F3600 X87.423 Y114.467
G1 F1800 X88.326 Y114.335 E388.05966
G1 X208.705 Y114.323 E392.06348
G1 X209.786 Y114.545 E392.10018
G1 X210.694 Y115.028 E392.13439
G1 X211.079 Y115.33 E392.15067
G1 X211.662 Y116.054 E392.18158
G1 X212.156 Y117.046 E392.21844
G1 X212.288 Y117.949 E392.24879
G1 X212.3 Y168.328 E393.92441
G1 X212.078 Y169.409 E393.96111
G1 X211.595 Y170.317 E393.99532
G1 X211.293 Y170.702 E394.01159
G1 X210.569 Y171.285 E394.04251
G1 X209.577 Y171.779 E394.07937
G1 X208.674 Y171.911 E394.10972
G1 X88.233 Y171.923 E398.11561
G1 X87.19 Y171.694 E398.15112
G1 X86.267 Y171.2 E398.18594
G1 X85.898 Y170.893 E398.20191
G1 X85.339 Y170.198 E398.23157
G1 X84.844 Y169.199 E398.26865
G1 X84.712 Y168.297 E398.29897
G1 X84.7 Y117.918 E399.97459
G1 X84.922 Y116.837 E400.01129
G1 X85.405 Y115.929 E400.0455
G1 X85.707 Y115.544 E400.06177
G1 X86.431 Y114.961 E400.09269
G1 X87.423 Y114.467 E400.12955
G1 F1500 E393.62955
G0 F3600 X81.093 Y166.178
G1 F1500 E400.12955
G1 F1800 X82.119 Y166.407 E400.16451
G1 X82.867 Y166.815 E400.19285
G1 X83.438 Y167.294 E400.21764
G1 X84.151 Y168.298 E400.2586
G1 X84.573 Y169.599 E400.30409
G1 X84.858 Y170.23 E400.32712
G1 X85.577 Y171.241 E400.36838
G1 X86.022 Y172.345 E400.40797
G1 X86.059 Y173.403 E400.44318
G1 X85.849 Y174.409 E400.47736
G1 X85.326 Y175.396 E400.51451
G1 X84.497 Y176.227 E400.55355
G1 X83.237 Y176.842 E400.60019
G1 X82.229 Y176.926 E400.63383
G1 X81.206 Y176.785 E400.66818
G1 X80.034 Y176.443 E400.70878
G1 X78.99 Y175.825 E400.74913
G1 X77.708 Y174.544 E400.80941
G1 X77.099 Y173.572 E400.84756
G1 X76.603 Y171.887 E400.90598
G1 X76.522 Y170.525 E400.95136
G1 X77.079 Y168.617 E401.01747
G1 X77.738 Y167.549 E401.05921
G1 X78.563 Y166.832 E401.09557
G1 X79.064 Y166.537 E401.1149
G1 X80.205 Y166.155 E401.15493
G1 X81.093 Y166.178 E401.18447
G0 F3600 X81.047 Y166.577
G1 F1800 X81.977 Y166.785 E401.21617
G1 X82.641 Y167.147 E401.24132
G1 X83.14 Y167.566 E401.26299
G1 X83.79 Y168.481 E401.30032
G1 X84.201 Y169.747 E401.34459
G1 X84.509 Y170.43 E401.36951
G1 X85.224 Y171.435 E401.41053
G1 X85.624 Y172.428 E401.44614
G1 X85.657 Y173.368 E401.47742
G1 X85.468 Y174.275 E401.50824
G1 X85.001 Y175.156 E401.5414
G1 X84.263 Y175.896 E401.57616
G1 X83.129 Y176.449 E401.61813
G1 X82.236 Y176.524 E401.64793
G1 X81.318 Y176.401 E401.67874
G1 X80.194 Y176.073 E401.71768
G1 X79.238 Y175.507 E401.75463
G1 X78.022 Y174.292 E401.81181
G1 X77.468 Y173.408 E401.84651
G1 X76.999 Y171.815 E401.90174
G1 X76.925 Y170.571 E401.94319
G1 X77.448 Y168.78 E402.00524
G1 X78.046 Y167.811 E402.04312
G1 X78.825 Y167.134 E402.07744
G1 X79.23 Y166.903 E402.09295
G1 X80.264 Y166.557 E402.12922
G1 X81.047 Y166.577 E402.15527
G1 F1500 E395.65527
G0 F3600 X85.108 Y168.239
G1 F1500 E402.15527
G1 F1800 X85.1 Y117.959 E403.82759
G1 X85.302 Y116.973 E403.86106
G1 X85.726 Y116.168 E403.89132
G1 X85.958 Y115.856 E403.90425
G1 X86.651 Y115.298 E403.93385
G1 X87.543 Y114.854 E403.96699
G1 X88.384 Y114.731 E403.99526
G1 X208.664 Y114.723 E407.99579
G1 X209.65 Y114.925 E408.02926
G1 X210.455 Y115.349 E408.05952
G1 X210.767 Y115.581 E408.07245
G1 X211.325 Y116.274 E408.10205
G1 X211.769 Y117.166 E408.13519
G1 X211.892 Y118.007 E408.16346
G1 X211.9 Y168.287 E409.83578
G1 X211.698 Y169.273 E409.86925
G1 X211.274 Y170.078 E409.89951
G1 X211.042 Y170.39 E409.91244
G1 X210.349 Y170.948 E409.94204
G1 X209.457 Y171.392 E409.97518
G1 X208.616 Y171.515 E410.00345
G1 X88.278 Y171.523 E414.0059
G1 X87.33 Y171.315 E414.03818
G1 X86.456 Y170.847 E414.07116
G1 X86.21 Y170.642 E414.08181
G1 X85.677 Y169.979 E414.1101
G1 X85.231 Y169.08 E414.14348
G1 X85.108 Y168.239 E414.17175
G0 F3600 X85.504 Y168.181
G1 F1800 X85.5 Y118 E415.84078
G1 X85.682 Y117.11 E415.87099
G1 X86.08 Y116.355 E415.89938
G1 X86.249 Y116.135 E415.90861
G1 X86.867 Y115.637 E415.935
G1 X87.663 Y115.241 E415.96457
G1 X88.442 Y115.127 E415.99076
G1 X208.623 Y115.123 E419.988
G1 X209.513 Y115.305 E420.01821
G1 X210.268 Y115.703 E420.0466
G1 X210.488 Y115.872 E420.05582
G1 X210.986 Y116.49 E420.08222
G1 X211.382 Y117.286 E420.11179
G1 X211.496 Y118.065 E420.13798
G1 X211.5 Y168.246 E421.807
G1 X211.318 Y169.136 E421.83722
G1 X210.92 Y169.891 E421.86561
G1 X210.751 Y170.111 E421.87483
G1 X210.133 Y170.609 E421.90123
G1 X209.337 Y171.005 E421.9308
G1 X208.558 Y171.119 E421.95699
G1 X88.323 Y171.123 E425.95602
G1 X87.47 Y170.936 E425.98506
G1 X86.645 Y170.494 E426.01619
G1 X86.522 Y170.391 E426.02153
G1 X86.015 Y169.76 E426.04845
G1 X85.618 Y168.96 E426.07816
G1 X85.504 Y168.181 E426.10434
G0 F3600 X85.9 Y168.123
G1 F1800 X85.9 Y118.041 E427.77008
G1 X86.063 Y117.245 E427.7971
G1 X86.434 Y116.541 E427.82357
G1 X86.537 Y116.416 E427.82895
G1 X87.083 Y115.976 E427.85228
G1 X87.783 Y115.628 E427.87828
G1 X88.5 Y115.523 E427.90238
G1 X208.582 Y115.523 E431.89632
G1 X209.378 Y115.686 E431.92335
G1 X210.082 Y116.057 E431.94982
G1 X210.207 Y116.16 E431.9552
G1 X210.647 Y116.706 E431.97853
G1 X210.995 Y117.406 E432.00453
G1 X211.1 Y118.123 E432.02863
G1 X211.1 Y168.205 E433.69436
G1 X210.937 Y169.001 E433.72139
G1 X210.566 Y169.705 E433.74785
G1 X210.463 Y169.83 E433.75324
G1 X209.917 Y170.27 E433.77656
G1 X209.217 Y170.618 E433.80256
G1 X208.5 Y170.723 E433.82667
G1 X88.368 Y170.723 E437.82227
G1 X87.61 Y170.557 E437.84808
G1 X86.834 Y170.141 E437.87737
G1 X86.354 Y169.543 E437.90287
G1 X86.005 Y168.84 E437.92898
G1 X85.9 Y168.123 E437.95308
G0 F3600 X86.3 Y168.123
G1 F1800 X86.3 Y118.082 E439.61745
G1 X86.444 Y117.38 E439.64128
G1 X86.788 Y116.727 E439.66583
G1 X87.299 Y116.315 E439.68766
G1 X87.905 Y116.014 E439.71017
G1 X88.5 Y115.923 E439.73019
G1 X208.541 Y115.923 E443.72277
G1 X209.243 Y116.067 E443.7466
G1 X209.896 Y116.411 E443.77115
G1 X210.308 Y116.922 E443.79298
G1 X210.609 Y117.528 E443.81549
G1 X210.7 Y118.123 E443.83551
G1 X210.7 Y168.164 E445.49988
G1 X210.556 Y168.866 E445.52371
G1 X210.212 Y169.519 E445.54826
G1 X209.701 Y169.931 E445.57009
G1 X209.095 Y170.232 E445.5926
G1 X208.5 Y170.323 E445.61262
G1 X88.413 Y170.323 E449.60673
G1 X87.747 Y170.177 E449.6294
G1 X87.097 Y169.828 E449.65394
G1 X86.692 Y169.324 E449.67545
G1 X86.391 Y168.718 E449.69795
G1 X86.3 Y168.123 E449.71797
G0 F3600 X86.7 Y168.123
G1 F1800 X86.7 Y118.123 E451.38098
G1 X86.824 Y117.517 E451.40155
G1 X87.105 Y116.985 E451.42156
G1 X87.477 Y116.673 E451.43771
G1 X88.026 Y116.4 E451.45811
G1 X88.5 Y116.323 E451.47408
G1 X208.5 Y116.323 E455.46529
G1 X209.106 Y116.447 E455.48587
G1 X209.638 Y116.728 E455.50588
G1 X209.95 Y117.1 E455.52203
G1 X210.223 Y117.649 E455.54242
G1 X210.3 Y118.123 E455.55839
G1 X210.3 Y168.123 E457.2214
G1 X210.176 Y168.729 E457.24197
G1 X209.895 Y169.261 E457.26198
G1 X209.523 Y169.573 E457.27813
G1 X208.974 Y169.846 E457.29852
G1 X208.5 Y169.923 E457.31449
G1 X88.458 Y169.923 E461.30711
G1 X87.884 Y169.797 E461.32665
G1 X87.359 Y169.515 E461.34648
G1 X87.05 Y169.146 E461.36248
G1 X86.777 Y168.597 E461.38288
G1 X86.7 Y168.123 E461.39885
G0 F3600 X87.1 Y168.123
G1 F1800 X87.1 Y118.123 E463.06185
G1 X87.178 Y117.704 E463.07603
G1 X87.423 Y117.24 E463.09348
G1 X87.655 Y117.031 E463.10387
G1 X88.149 Y116.785 E463.12222
G1 X88.5 Y116.723 E463.13408
G1 X208.5 Y116.723 E467.12529
G1 X208.919 Y116.801 E467.13947
G1 X209.383 Y117.046 E467.15692
G1 X209.592 Y117.278 E467.16731
G1 X209.838 Y117.772 E467.18566
G1 X209.9 Y118.123 E467.19752
G1 X209.9 Y168.123 E468.86052
G1 X209.822 Y168.542 E468.8747
G1 X209.577 Y169.006 E468.89215
G1 X209.345 Y169.215 E468.90254
G1 X208.851 Y169.461 E468.92089
G1 X208.5 Y169.523 E468.93275
G1 X88.458 Y169.523 E472.92536
G1 X87.977 Y169.408 E472.94181
G1 X87.617 Y169.2 E472.95564
G1 X87.408 Y168.968 E472.96602
G1 X87.162 Y168.474 E472.98438
G1 X87.1 Y168.123 E472.99623
G0 F3600 X87.5 Y168.123
G1 F1800 X87.5 Y118.123 E474.65924
G1 X87.57 Y117.785 E474.67072
G1 X87.707 Y117.522 E474.68058
G1 X87.845 Y117.383 E474.6871
G1 X88.227 Y117.177 E474.70153
G1 X88.5 Y117.123 E474.71079
G1 X208.5 Y117.123 E478.70201
G1 X208.838 Y117.193 E478.71349
G1 X209.101 Y117.33 E478.72335
G1 X209.24 Y117.468 E478.72986
G1 X209.446 Y117.85 E478.7443
G1 X209.5 Y118.123 E478.75355
G1 X209.5 Y168.123 E480.41656
G1 X209.43 Y168.461 E480.42804
G1 X209.293 Y168.724 E480.43791
G1 X209.155 Y168.863 E480.44442
G1 X208.773 Y169.069 E480.45885
G1 X208.5 Y169.123 E480.46811
G1 X88.5 Y169.123 E484.45933
G1 X88.162 Y169.053 E484.47081
G1 X87.899 Y168.916 E484.48067
G1 X87.76 Y168.778 E484.48719
G1 X87.554 Y168.396 E484.50162
G1 X87.5 Y168.123 E484.51088
G0 F3600 X88.3 Y168.123
G1 F1800 X88.3 Y118.123 E486.17388
G1 X88.339 Y118.004 E486.17805
G1 X88.5 Y117.923 E486.18404
G1 X208.5 Y117.923 E490.17526
G1 X208.619 Y117.962 E490.17942
G1 X208.7 Y118.123 E490.18542
G1 X208.7 Y168.123 E491.84842
G1 X208.661 Y168.242 E491.85259
G1 X208.5 Y168.323 E491.85858
G1 X88.5 Y168.323 E495.8498
G1 X88.381 Y168.284 E495.85397
G1 X88.3 Y168.123 E495.85996
G0 F3600 X87.943 Y168.303
G1 F1800 X88.104 Y168.573 E495.87042
G1 X88.256 Y168.664 E495.87631
G1 X88.5 Y168.723 E495.88466
G1 X208.5 Y168.723 E499.87587
G1 X208.68 Y168.68 E499.88203
G1 X208.95 Y168.519 E499.89248
G1 X209.041 Y168.367 E499.89838
G1 X209.1 Y168.123 E499.90673
G1 X209.1 Y118.123 E501.56973
G1 X209.057 Y117.943 E501.57589
G1 X208.896 Y117.673 E501.58634
G1 X208.744 Y117.582 E501.59224
G1 X208.5 Y117.523 E501.60059
G1 X88.5 Y117.523 E505.5918
G1 X88.32 Y117.566 E505.59796
G1 X88.05 Y117.727 E505.60841
G1 X87.959 Y117.879 E505.6143
G1 X87.9 Y118.123 E505.62265
G1 X87.9 Y168.123 E507.28566
G1 X87.943 Y168.303 E507.29182
G1 F1500 E500.79182
G0 F3600 X87.835 Y168.303
G0 X83.429 Y168.664
G1 F1500 E507.29182
G1 F1800 X83.83 Y169.899 E507.335
G1 X84.159 Y170.628 E507.3616
G1 X84.871 Y171.629 E507.40246
G1 X85.226 Y172.511 E507.43408
G1 X85.255 Y173.333 E507.46144
G1 X85.087 Y174.138 E507.48879
G1 X84.674 Y174.918 E507.51815
G1 X84.029 Y175.565 E507.54853
G1 X83.021 Y176.056 E507.58582
G1 X82.245 Y176.121 E507.61173
G1 X81.43 Y176.017 E507.63905
G1 X80.354 Y175.703 E507.67633
G1 X79.486 Y175.189 E507.70988
G1 X78.336 Y174.04 E507.76395
G1 X77.837 Y173.244 E507.7952
G1 X77.395 Y171.743 E507.84724
G1 X77.328 Y170.617 E507.88476
G1 X77.817 Y168.943 E507.94277
G1 X78.354 Y168.073 E507.97677
G1 X79.087 Y167.436 E508.00907
G1 X79.357 Y167.282 E508.01941
G1 X80.323 Y166.959 E508.05329
G1 X81.001 Y166.976 E508.07584
G1 X81.833 Y167.162 E508.1042
G1 X82.416 Y167.48 E508.12629
G1 X82.842 Y167.838 E508.14479
G1 X83.429 Y168.664 E508.1785
G0 F3600 X83.069 Y168.848
G1 F1800 X83.46 Y170.053 E508.22063
G1 X83.81 Y170.828 E508.24892
G1 X84.518 Y171.823 E508.28953
G1 X84.828 Y172.594 E508.31717
G1 X84.853 Y173.298 E508.3406
G1 X84.706 Y174.004 E508.36459
G1 X84.349 Y174.678 E508.38995
G1 X83.795 Y175.234 E508.41606
G1 X82.913 Y175.663 E508.44868
G1 X82.251 Y175.719 E508.47078
G1 X81.542 Y175.633 E508.49453
G1 X80.514 Y175.333 E508.53015
G1 X79.734 Y174.871 E508.5603
G1 X78.651 Y173.789 E508.61122
G1 X78.205 Y173.078 E508.63914
G1 X77.791 Y171.671 E508.68792
G1 X77.731 Y170.663 E508.7215
G1 X78.186 Y169.106 E508.77545
G1 X78.662 Y168.335 E508.80559
G1 X79.349 Y167.738 E508.83586
G1 X79.484 Y167.661 E508.84103
G1 X80.382 Y167.361 E508.87252
G1 X80.955 Y167.375 E508.89159
G1 X81.689 Y167.539 E508.9166
G1 X82.224 Y167.831 E508.93687
G1 X82.545 Y168.11 E508.95102
G1 X83.069 Y168.848 E508.98112
G0 F3600 X82.709 Y169.032
G1 F1800 X83.089 Y170.204 E509.0221
G1 X83.351 Y170.785 E509.0433
G1 X83.606 Y171.232 E509.06042
G1 X84.165 Y172.017 E509.09247
G1 X84.43 Y172.677 E509.11612
G1 X84.451 Y173.264 E509.13566
G1 X84.325 Y173.87 E509.15625
G1 X84.025 Y174.436 E509.17755
G1 X83.559 Y174.903 E509.19949
G1 X82.805 Y175.27 E509.22739
G1 X82.254 Y175.317 E509.24578
G1 X81.654 Y175.249 E509.26586
G1 X80.674 Y174.963 E509.29982
G1 X79.982 Y174.553 E509.32657
G1 X78.966 Y173.538 E509.37434
G1 X78.573 Y172.912 E509.39892
G1 X78.187 Y171.599 E509.44444
G1 X78.134 Y170.709 E509.47409
G1 X78.555 Y169.269 E509.52399
G1 X78.97 Y168.597 E509.55026
G1 X79.611 Y168.04 E509.57851
G1 X80.441 Y167.763 E509.60761
G1 X80.909 Y167.774 E509.62318
G1 X81.544 Y167.916 E509.64482
G1 X81.972 Y168.142 E509.66092
G1 X82.219 Y168.342 E509.67149
G1 X82.709 Y169.032 E509.69964
G0 F3600 X82.349 Y169.216
G1 F1800 X82.721 Y170.363 E509.73974
G1 X82.989 Y170.957 E509.76142
G1 X83.272 Y171.453 E509.78041
G1 X83.812 Y172.211 E509.81136
G1 X84.033 Y172.762 E509.83111
G1 X84.059 Y173.183 E509.84514
G1 X83.944 Y173.736 E509.86392
G1 X83.7 Y174.196 E509.88124
G1 X83.325 Y174.572 E509.89891
G1 X82.696 Y174.878 E509.92217
G1 X82.295 Y174.919 E509.93558
G1 X81.766 Y174.865 E509.95326
G1 X80.834 Y174.593 E509.98556
G1 X80.23 Y174.235 E510.00891
G1 X79.281 Y173.287 E510.05352
G1 X78.941 Y172.746 E510.07477
G1 X78.583 Y171.527 E510.11703
G1 X78.537 Y170.755 E510.14275
G1 X78.924 Y169.432 E510.1886
G1 X79.278 Y168.859 E510.211
G1 X79.813 Y168.394 E510.23458
G1 X80.501 Y168.164 E510.25871
G1 X80.822 Y168.164 E510.26938
G1 X81.402 Y168.294 E510.28915
G1 X81.785 Y168.496 E510.30355
G1 X81.924 Y168.618 E510.30971
G1 X82.349 Y169.216 E510.33411
G0 F3600 X81.989 Y169.4
G1 F1800 X82.35 Y170.513 E510.37302
G1 X82.629 Y171.133 E510.39564
G1 X82.938 Y171.674 E510.41636
G1 X83.486 Y172.443 E510.44777
G1 X83.635 Y172.8 E510.46063
G1 X83.665 Y173.113 E510.47109
G1 X83.586 Y173.558 E510.48612
G1 X83.401 Y173.93 E510.49994
G1 X83.15 Y174.212 E510.5125
G1 X82.584 Y174.487 E510.53343
G1 X82.329 Y174.52 E510.54198
G1 X81.878 Y174.481 E510.55704
G1 X80.992 Y174.222 E510.58774
G1 X80.479 Y173.919 E510.60755
G1 X79.596 Y173.036 E510.64909
G1 X79.309 Y172.58 E510.66701
G1 X78.979 Y171.455 E510.706
G1 X78.94 Y170.801 E510.72779
G1 X79.293 Y169.595 E510.76959
G1 X79.586 Y169.121 E510.78812
G1 X80.015 Y168.748 E510.80703
G1 X80.565 Y168.564 E510.82632
G1 X80.746 Y168.557 E510.83234
G1 X81.215 Y168.648 E510.84823
G1 X81.598 Y168.85 E510.86263
G1 X81.989 Y169.4 E510.88508
G0 F3600 X81.608 Y169.523
G1 F1800 X81.975 Y170.655 E510.92466
G1 X82.269 Y171.309 E510.94851
G1 X82.602 Y171.892 E510.97084
G1 X83.125 Y172.615 E511.00052
G1 X83.239 Y172.855 E511.00936
G1 X83.268 Y173.063 E511.01634
G1 X83.228 Y173.38 E511.02697
G1 X83.043 Y173.752 E511.04079
G1 X82.866 Y173.93 E511.04913
G1 X82.515 Y174.093 E511.06201
G1 X82.355 Y174.121 E511.06741
G1 X81.99 Y174.097 E511.07958
G1 X81.104 Y173.838 E511.11028
G1 X80.762 Y173.636 E511.12349
G1 X79.879 Y172.753 E511.16502
G1 X79.693 Y172.467 E511.17637
G1 X79.363 Y171.342 E511.21536
G1 X79.344 Y170.846 E511.23187
G1 X79.662 Y169.758 E511.26957
G1 X79.926 Y169.331 E511.28627
G1 X80.265 Y169.06 E511.30071
G1 X80.67 Y168.95 E511.31466
G1 X81.139 Y169.041 E511.33055
G1 X81.327 Y169.158 E511.33792
G1 X81.608 Y169.523 E511.35324
G0 F3600 X80.913 Y169.893
G1 F1800 X80.983 Y170.206 E511.36391
G1 X81.229 Y170.945 E511.38981
G1 X81.553 Y171.669 E511.41619
G1 X81.931 Y172.329 E511.44149
G1 X82.477 Y173.084 E511.47248
G1 X82.441 Y173.241 E511.47784
G1 X82.346 Y173.322 E511.48199
G1 X82.214 Y173.329 E511.48639
G1 X81.328 Y173.07 E511.51709
G1 X80.445 Y172.187 E511.55862
G1 X80.131 Y171.116 E511.59574
G1 X80.131 Y171.004 E511.59947
G1 X80.43 Y169.982 E511.63489
G1 X80.573 Y169.799 E511.64261
G1 X80.683 Y169.74 E511.64676
G1 X80.807 Y169.758 E511.65093
G1 X80.913 Y169.893 E511.65664
G0 F3600 X81.228 Y169.646
G1 F1800 X81.604 Y170.805 E511.69716
G1 X81.909 Y171.485 E511.72195
G1 X82.269 Y172.115 E511.74609
G1 X82.801 Y172.85 E511.77626
G1 X82.871 Y173.013 E511.78216
G1 X82.831 Y173.33 E511.79279
G1 X82.701 Y173.545 E511.80115
G1 X82.606 Y173.626 E511.8053
G1 X82.367 Y173.721 E511.81385
G1 X82.102 Y173.713 E511.82267
G1 X81.216 Y173.454 E511.85337
G1 X81.045 Y173.353 E511.85998
G1 X80.162 Y172.47 E511.90151
G1 X80.061 Y172.3 E511.90809
G1 X79.747 Y171.229 E511.94521
G1 X79.728 Y170.958 E511.95425
G1 X80.046 Y169.87 E511.99195
G1 X80.258 Y169.553 E512.00463
G1 X80.494 Y169.388 E512.01421
G1 X80.74 Y169.344 E512.02252
G1 X81.03 Y169.426 E512.03254
G1 X81.228 Y169.646 E512.04239
G1 F1500 E505.54239
G0 F3600 X80.678 Y170.558
G1 F1500 E512.04239
G1 F1800 X80.853 Y171.084 E512.06083
G1 X80.86 Y171.103 E512.0615
G1 X81.187 Y171.833 E512.0881
G1 X81.197 Y171.85 E512.08876
G1 X81.595 Y172.544 E512.11537
G1 X81.605 Y172.561 E512.11602
G1 X81.762 Y172.78 E512.12499
G1 X81.536 Y172.714 E512.13282
G1 X80.801 Y171.979 E512.16739
G1 X80.531 Y171.06 E512.19925
G1 X80.678 Y170.558 E512.21665
G1 F1500 E505.71665
;MESH:manette_front-Body_(Meshed).stl(1)
G0 F3600 X88.924 Y85.366
G0 X88.924 Y84.277
G0 X207.5 Y83.7
;TYPE:WALL-INNER
G1 F1500 E512.21665
G1 F1800 X207.5 Y35.7 E513.81313
G1 X89.5 Y35.7 E517.73783
G1 X89.5 Y83.7 E519.33431
G1 X207.5 Y83.7 E523.25901
G0 F3600 X207.9 Y84.1
G1 F1800 X207.9 Y35.3 E524.88211
G1 X89.1 Y35.3 E528.83341
G1 X89.1 Y84.1 E530.4565
G1 X207.9 Y84.1 E534.40781
G0 F3600 X208.3 Y84.5
;TYPE:WALL-OUTER
G1 F1800 X208.3 Y34.9 E536.05751
G1 X88.7 Y34.9 E540.03542
G1 X88.7 Y84.5 E541.68513
G1 X208.3 Y84.5 E545.66304
G0 F3600 X208.3 Y84.3
G0 X207.62 Y83.821
G0 X207.12 Y83.32
;TYPE:SKIN
G1 F1800 X89.88 Y83.32 E549.56246
G1 X89.88 Y36.08 E551.13366
G1 X207.12 Y36.08 E555.03308
G1 X207.12 Y83.32 E556.60429
G0 F3600 X206.552 Y36.28
G1 F1800 X206.92 Y36.649 E556.62162
G0 F3600 X206.92 Y37.214
G1 F1800 X205.986 Y36.28 E556.66556
G0 F3600 X205.42 Y36.28
G1 F1800 X206.92 Y37.78 E556.73611
G0 F3600 X206.92 Y38.346
G1 F1800 X204.854 Y36.28 E556.83329
G0 F3600 X204.289 Y36.28
G1 F1800 X206.92 Y38.911 E556.95705
G0 F3600 X206.92 Y39.477
G1 F1800 X203.723 Y36.28 E557.10742
G0 F3600 X203.157 Y36.28
G1 F1800 X206.92 Y40.043 E557.28442
G0 F3600 X206.92 Y40.608
G1 F1800 X202.592 Y36.28 E557.488
G0 F3600 X202.026 Y36.28
G1 F1800 X206.92 Y41.174 E557.7182
G0 F3600 X206.92 Y41.74
G1 F1800 X201.46 Y36.28 E557.97502
G0 F3600 X200.895 Y36.28
G1 F1800 X206.92 Y42.305 E558.25842
G0 F3600 X206.92 Y42.871
G1 F1800 X200.329 Y36.28 E558.56844
G0 F3600 X199.763 Y36.28
G1 F1800 X206.92 Y43.437 E558.90508
G0 F3600 X206.92 Y44.003
G1 F1800 X199.198 Y36.28 E559.26832
G0 F3600 X198.632 Y36.28
G1 F1800 X206.92 Y44.568 E559.65816
G0 F3600 X206.92 Y45.134
G1 F1800 X198.066 Y36.28 E560.07463
G0 F3600 X197.501 Y36.28
G1 F1800 X206.92 Y45.7 E560.51769
G0 F3600 X206.92 Y46.265
G1 F1800 X196.935 Y36.28 E560.98736
G0 F3600 X196.369 Y36.28
G1 F1800 X206.92 Y46.831 E561.48364
G0 F3600 X206.92 Y47.397
G1 F1800 X195.804 Y36.28 E562.00653
G0 F3600 X195.238 Y36.28
G1 F1800 X206.92 Y47.962 E562.55602
G0 F3600 X206.92 Y48.528
G1 F1800 X194.672 Y36.28 E563.13212
G0 F3600 X194.106 Y36.28
G1 F1800 X206.92 Y49.094 E563.73486
G0 F3600 X206.92 Y49.659
G1 F1800 X193.541 Y36.28 E564.36416
G0 F3600 X192.975 Y36.28
G1 F1800 X206.92 Y50.225 E565.02009
G0 F3600 X206.92 Y50.791
G1 F1800 X192.409 Y36.28 E565.70265
G0 F3600 X191.844 Y36.28
G1 F1800 X206.92 Y51.356 E566.41177
G0 F3600 X206.92 Y51.922
G1 F1800 X191.278 Y36.28 E567.14753
G0 F3600 X190.712 Y36.28
G1 F1800 X206.92 Y52.488 E567.9099
G0 F3600 X206.92 Y53.054
G1 F1800 X190.147 Y36.28 E568.69888
G0 F3600 X189.581 Y36.28
G1 F1800 X206.92 Y53.619 E569.51445
G0 F3600 X206.92 Y54.185
G1 F1800 X189.015 Y36.28 E570.35664
G0 F3600 X188.45 Y36.28
G1 F1800 X206.92 Y54.751 E571.22544
G0 F3600 X206.92 Y55.316
G1 F1800 X187.884 Y36.28 E572.12084
G0 F3600 X187.318 Y36.28
G1 F1800 X206.92 Y55.882 E573.04285
G0 F3600 X206.92 Y56.448
G1 F1800 X186.753 Y36.28 E573.99147
G0 F3600 X186.187 Y36.28
G1 F1800 X206.92 Y57.013 E574.96669
G0 F3600 X206.92 Y57.579
G1 F1800 X185.621 Y36.28 E575.96853
G0 F3600 X185.056 Y36.28
G1 F1800 X206.92 Y58.145 E576.99697
G0 F3600 X206.92 Y58.71
G1 F1800 X184.49 Y36.28 E578.052
G0 F3600 X183.924 Y36.28
G1 F1800 X206.92 Y59.276 E579.13367
G0 F3600 X206.92 Y59.842
G1 F1800 X183.358 Y36.28 E580.24195
G0 F3600 X182.793 Y36.28
G1 F1800 X206.92 Y60.407 E581.37681
G0 F3600 X206.92 Y60.973
G1 F1800 X182.227 Y36.28 E582.53829
G0 F3600 X181.661 Y36.28
G1 F1800 X206.92 Y61.539 E583.7264
G0 F3600 X206.92 Y62.104
G1 F1800 X181.096 Y36.28 E584.94108
G0 F3600 X180.53 Y36.28
G1 F1800 X206.92 Y62.67 E586.18239
G0 F3600 X206.92 Y63.236
G1 F1800 X179.964 Y36.28 E587.45031
G0 F3600 X179.399 Y36.28
G1 F1800 X206.92 Y63.802 E588.74484
G0 F3600 X206.92 Y64.367
G1 F1800 X178.833 Y36.28 E590.06597
G0 F3600 X178.267 Y36.28
G1 F1800 X206.92 Y64.933 E591.41372
G0 F3600 X206.92 Y65.499
G1 F1800 X177.702 Y36.28 E592.78806
G0 F3600 X177.136 Y36.28
G1 F1800 X206.92 Y66.064 E594.18901
G0 F3600 X206.92 Y66.63
G1 F1800 X176.57 Y36.28 E595.61658
G0 F3600 X176.005 Y36.28
G1 F1800 X206.92 Y67.196 E597.07075
G0 F3600 X206.92 Y67.761
G1 F1800 X175.439 Y36.28 E598.55152
G0 F3600 X174.873 Y36.28
G1 F1800 X206.92 Y68.327 E600.05892
G0 F3600 X206.92 Y68.893
G1 F1800 X174.307 Y36.28 E601.59293
G0 F3600 X173.742 Y36.28
G1 F1800 X206.92 Y69.458 E603.15352
G0 F3600 X206.92 Y70.024
G1 F1800 X173.176 Y36.28 E604.74074
G0 F3600 X172.61 Y36.28
G1 F1800 X206.92 Y70.59 E606.35457
G0 F3600 X206.92 Y71.155
G1 F1800 X172.045 Y36.28 E607.99499
G0 F3600 X171.479 Y36.28
G1 F1800 X206.92 Y71.721 E609.66202
G0 F3600 X206.92 Y72.287
G1 F1800 X170.913 Y36.28 E611.35568
G0 F3600 X170.348 Y36.28
G1 F1800 X206.92 Y72.853 E613.07594
G0 F3600 X206.92 Y73.418
G1 F1800 X169.782 Y36.28 E614.8228
G0 F3600 X169.216 Y36.28
G1 F1800 X206.92 Y73.984 E616.59628
G0 F3600 X206.92 Y74.55
G1 F1800 X168.651 Y36.28 E618.39636
G0 F3600 X168.085 Y36.28
G1 F1800 X206.92 Y75.115 E620.22304
G0 F3600 X206.92 Y75.681
G1 F1800 X167.519 Y36.28 E622.07634
G0 F3600 X166.954 Y36.28
G1 F1800 X206.92 Y76.247 E623.95624
G0 F3600 X206.92 Y76.812
G1 F1800 X166.388 Y36.28 E625.86274
G0 F3600 X165.822 Y36.28
G1 F1800 X206.92 Y77.378 E627.79587
G0 F3600 X206.92 Y77.944
G1 F1800 X165.257 Y36.28 E629.75559
G0 F3600 X164.691 Y36.28
G1 F1800 X206.92 Y78.509 E631.74191
G0 F3600 X206.92 Y79.075
G1 F1800 X164.125 Y36.28 E633.75486
G0 F3600 X163.559 Y36.28
G1 F1800 X206.92 Y79.641 E635.79443
G0 F3600 X206.92 Y80.206
G1 F1800 X162.994 Y36.28 E637.86057
G0 F3600 X162.428 Y36.28
G1 F1800 X206.92 Y80.772 E639.95334
G0 F3600 X206.92 Y81.338
G1 F1800 X161.862 Y36.28 E642.07273
G0 F3600 X161.297 Y36.28
G1 F1800 X206.92 Y81.903 E644.2187
G0 F3600 X206.92 Y82.469
G1 F1800 X160.731 Y36.28 E646.39128
G0 F3600 X160.165 Y36.28
G1 F1800 X206.92 Y83.035 E648.5905
G0 F3600 X206.439 Y83.12
G1 F1800 X159.6 Y36.28 E650.79368
G0 F3600 X159.034 Y36.28
G1 F1800 X205.873 Y83.12 E652.99687
G0 F3600 X205.308 Y83.12
G1 F1800 X158.468 Y36.28 E655.20008
G0 F3600 X157.903 Y36.28
G1 F1800 X204.742 Y83.12 E657.40327
G0 F3600 X204.176 Y83.12
G1 F1800 X157.337 Y36.28 E659.60645
G0 F3600 X156.771 Y36.28
G1 F1800 X203.611 Y83.12 E661.80966
G0 F3600 X203.045 Y83.12
G1 F1800 X156.206 Y36.28 E664.01285
G0 F3600 X155.64 Y36.28
G1 F1800 X202.479 Y83.12 E666.21603
G0 F3600 X201.914 Y83.12
G1 F1800 X155.074 Y36.28 E668.41924
G0 F3600 X154.508 Y36.28
G1 F1800 X201.348 Y83.12 E670.62245
G0 F3600 X200.782 Y83.12
G1 F1800 X153.943 Y36.28 E672.82564
G0 F3600 X153.377 Y36.28
G1 F1800 X200.217 Y83.12 E675.02885
G0 F3600 X199.651 Y83.12
G1 F1800 X152.811 Y36.28 E677.23206
G0 F3600 X152.246 Y36.28
G1 F1800 X199.085 Y83.12 E679.43525
G0 F3600 X198.52 Y83.12
G1 F1800 X151.68 Y36.28 E681.63846
G0 F3600 X151.114 Y36.28
G1 F1800 X197.954 Y83.12 E683.84167
G0 F3600 X197.388 Y83.12
G1 F1800 X150.549 Y36.28 E686.04485
G0 F3600 X149.983 Y36.28
G1 F1800 X196.822 Y83.12 E688.24804
G0 F3600 X196.257 Y83.12
G1 F1800 X149.417 Y36.28 E690.45125
G0 F3600 X148.852 Y36.28
G1 F1800 X195.691 Y83.12 E692.65444
G0 F3600 X195.125 Y83.12
G1 F1800 X148.286 Y36.28 E694.85762
G0 F3600 X147.72 Y36.28
G1 F1800 X194.56 Y83.12 E697.06083
G0 F3600 X193.994 Y83.12
G1 F1800 X147.155 Y36.28 E699.26402
G0 F3600 X146.589 Y36.28
G1 F1800 X193.428 Y83.12 E701.46721
G0 F3600 X192.863 Y83.12
G1 F1800 X146.023 Y36.28 E703.67042
G0 F3600 X145.458 Y36.28
G1 F1800 X192.297 Y83.12 E705.8736
G0 F3600 X191.731 Y83.12
G1 F1800 X144.892 Y36.28 E708.07679
G0 F3600 X144.326 Y36.28
G1 F1800 X191.166 Y83.12 E710.28
G0 F3600 X190.6 Y83.12
G1 F1800 X143.76 Y36.28 E712.48321
G0 F3600 X143.195 Y36.28
G1 F1800 X190.034 Y83.12 E714.6864
G0 F3600 X189.469 Y83.12
G1 F1800 X142.629 Y36.28 E716.88961
G0 F3600 X142.063 Y36.28
G1 F1800 X188.903 Y83.12 E719.09282
G0 F3600 X188.337 Y83.12
G1 F1800 X141.498 Y36.28 E721.296
G0 F3600 X140.932 Y36.28
G1 F1800 X187.771 Y83.12 E723.49919
G0 F3600 X187.206 Y83.12
G1 F1800 X140.366 Y36.28 E725.7024
G0 F3600 X139.801 Y36.28
G1 F1800 X186.64 Y83.12 E727.90559
G0 F3600 X186.074 Y83.12
G1 F1800 X139.235 Y36.28 E730.10877
G0 F3600 X138.669 Y36.28
G1 F1800 X185.509 Y83.12 E732.31198
G0 F3600 X184.943 Y83.12
G1 F1800 X138.104 Y36.28 E734.51517
G0 F3600 X137.538 Y36.28
G1 F1800 X184.377 Y83.12 E736.71835
G0 F3600 X183.812 Y83.12
G1 F1800 X136.972 Y36.28 E738.92156
G0 F3600 X136.407 Y36.28
G1 F1800 X183.246 Y83.12 E741.12475
G0 F3600 X182.68 Y83.12
G1 F1800 X135.841 Y36.28 E743.32794
G0 F3600 X135.275 Y36.28
G1 F1800 X182.115 Y83.12 E745.53115
G0 F3600 X181.549 Y83.12
G1 F1800 X134.709 Y36.28 E747.73436
G0 F3600 X134.144 Y36.28
G1 F1800 X180.983 Y83.12 E749.93754
G0 F3600 X180.418 Y83.12
G1 F1800 X133.578 Y36.28 E752.14075
G0 F3600 X133.012 Y36.28
G1 F1800 X179.852 Y83.12 E754.34396
G0 F3600 X179.286 Y83.12
G1 F1800 X132.447 Y36.28 E756.54715
G0 F3600 X131.881 Y36.28
G1 F1800 X178.721 Y83.12 E758.75036
G0 F3600 X178.155 Y83.12
G1 F1800 X131.315 Y36.28 E760.95357
G0 F3600 X130.75 Y36.28
G1 F1800 X177.589 Y83.12 E763.15676
G0 F3600 X177.023 Y83.12
G1 F1800 X130.184 Y36.28 E765.35994
G0 F3600 X129.618 Y36.28
G1 F1800 X176.458 Y83.12 E767.56315
G0 F3600 X175.892 Y83.12
G1 F1800 X129.053 Y36.28 E769.76634
G0 F3600 X128.487 Y36.28
G1 F1800 X175.326 Y83.12 E771.96953
G0 F3600 X174.761 Y83.12
G1 F1800 X127.921 Y36.28 E774.17274
G0 F3600 X127.356 Y36.28
G1 F1800 X174.195 Y83.12 E776.37592
G0 F3600 X173.629 Y83.12
G1 F1800 X126.79 Y36.28 E778.57911
G0 F3600 X126.224 Y36.28
G1 F1800 X173.064 Y83.12 E780.78232
G0 F3600 X172.498 Y83.12
G1 F1800 X125.659 Y36.28 E782.98551
G0 F3600 X125.093 Y36.28
G1 F1800 X171.932 Y83.12 E785.18869
G0 F3600 X171.367 Y83.12
G1 F1800 X124.527 Y36.28 E787.3919
G0 F3600 X123.961 Y36.28
G1 F1800 X170.801 Y83.12 E789.59511
G0 F3600 X170.235 Y83.12
G1 F1800 X123.396 Y36.28 E791.7983
G0 F3600 X122.83 Y36.28
G1 F1800 X169.67 Y83.12 E794.00151
G0 F3600 X169.104 Y83.12
G1 F1800 X122.264 Y36.28 E796.20472
G0 F3600 X121.699 Y36.28
G1 F1800 X168.538 Y83.12 E798.40791
G0 F3600 X167.973 Y83.12
G1 F1800 X121.133 Y36.28 E800.61112
G0 F3600 X120.567 Y36.28
G1 F1800 X167.407 Y83.12 E802.81433
G0 F3600 X166.841 Y83.12
G1 F1800 X120.002 Y36.28 E805.01751
G0 F3600 X119.436 Y36.28
G1 F1800 X166.275 Y83.12 E807.2207
G0 F3600 X165.71 Y83.12
G1 F1800 X118.87 Y36.28 E809.42391
G0 F3600 X118.305 Y36.28
G1 F1800 X165.144 Y83.12 E811.62709
G0 F3600 X164.578 Y83.12
G1 F1800 X117.739 Y36.28 E813.83028
G0 F3600 X117.173 Y36.28
G1 F1800 X164.013 Y83.12 E816.03349
G0 F3600 X163.447 Y83.12
G1 F1800 X116.608 Y36.28 E818.23668
G0 F3600 X116.042 Y36.28
G1 F1800 X162.881 Y83.12 E820.43986
G0 F3600 X162.316 Y83.12
G1 F1800 X115.476 Y36.28 E822.64307
G0 F3600 X114.911 Y36.28
G1 F1800 X161.75 Y83.12 E824.84626
G0 F3600 X161.184 Y83.12
G1 F1800 X114.345 Y36.28 E827.04945
G0 F3600 X113.779 Y36.28
G1 F1800 X160.619 Y83.12 E829.25266
G0 F3600 X160.053 Y83.12
G1 F1800 X113.213 Y36.28 E831.45587
G0 F3600 X112.648 Y36.28
G1 F1800 X159.487 Y83.12 E833.65905
G0 F3600 X158.922 Y83.12
G1 F1800 X112.082 Y36.28 E835.86226
G0 F3600 X111.516 Y36.28
G1 F1800 X158.356 Y83.12 E838.06547
G0 F3600 X157.79 Y83.12
G1 F1800 X110.951 Y36.28 E840.26866
G0 F3600 X110.385 Y36.28
G1 F1800 X157.224 Y83.12 E842.47185
G0 F3600 X156.659 Y83.12
G1 F1800 X109.819 Y36.28 E844.67506
G0 F3600 X109.254 Y36.28
G1 F1800 X156.093 Y83.12 E846.87824
G0 F3600 X155.527 Y83.12
G1 F1800 X108.688 Y36.28 E849.08143
G0 F3600 X108.122 Y36.28
G1 F1800 X154.962 Y83.12 E851.28464
G0 F3600 X154.396 Y83.12
G1 F1800 X107.557 Y36.28 E853.48783
G0 F3600 X106.991 Y36.28
G1 F1800 X153.83 Y83.12 E855.69101
G0 F3600 X153.265 Y83.12
G1 F1800 X106.425 Y36.28 E857.89422
G0 F3600 X105.86 Y36.28
G1 F1800 X152.699 Y83.12 E860.09741
G0 F3600 X152.133 Y83.12
G1 F1800 X105.294 Y36.28 E862.3006
G0 F3600 X104.728 Y36.28
G1 F1800 X151.568 Y83.12 E864.50381
G0 F3600 X151.002 Y83.12
G1 F1800 X104.162 Y36.28 E866.70702
G0 F3600 X103.597 Y36.28
G1 F1800 X150.436 Y83.12 E868.9102
G0 F3600 X149.871 Y83.12
G1 F1800 X103.031 Y36.28 E871.11341
G0 F3600 X102.465 Y36.28
G1 F1800 X149.305 Y83.12 E873.31662
G0 F3600 X148.739 Y83.12
G1 F1800 X101.9 Y36.28 E875.51981
G0 F3600 X101.334 Y36.28
G1 F1800 X148.174 Y83.12 E877.72302
G0 F3600 X147.608 Y83.12
G1 F1800 X100.768 Y36.28 E879.92623
G0 F3600 X100.203 Y36.28
G1 F1800 X147.042 Y83.12 E882.12941
G0 F3600 X146.476 Y83.12
G1 F1800 X99.637 Y36.28 E884.3326
G0 F3600 X99.071 Y36.28
G1 F1800 X145.911 Y83.12 E886.53581
G0 F3600 X145.345 Y83.12
G1 F1800 X98.506 Y36.28 E888.739
G0 F3600 X97.94 Y36.28
G1 F1800 X144.779 Y83.12 E890.94218
G0 F3600 X144.214 Y83.12
G1 F1800 X97.374 Y36.28 E893.14539
G0 F3600 X96.809 Y36.28
G1 F1800 X143.648 Y83.12 E895.34858
G0 F3600 X143.082 Y83.12
G1 F1800 X96.243 Y36.28 E897.55177
G0 F3600 X95.677 Y36.28
G1 F1800 X142.517 Y83.12 E899.75498
G0 F3600 X141.951 Y83.12
G1 F1800 X95.112 Y36.28 E901.95816
G0 F3600 X94.546 Y36.28
G1 F1800 X141.385 Y83.12 E904.16135
G0 F3600 X140.82 Y83.12
G1 F1800 X93.98 Y36.28 E906.36456
G0 F3600 X93.414 Y36.28
G1 F1800 X140.254 Y83.12 E908.56777
G0 F3600 X139.688 Y83.12
G1 F1800 X92.849 Y36.28 E910.77096
G0 F3600 X92.283 Y36.28
G1 F1800 X139.123 Y83.12 E912.97417
G0 F3600 X138.557 Y83.12
G1 F1800 X91.717 Y36.28 E915.17738
G0 F3600 X91.152 Y36.28
G1 F1800 X137.991 Y83.12 E917.38056
G0 F3600 X137.425 Y83.12
G1 F1800 X90.586 Y36.28 E919.58375
G0 F3600 X90.08 Y36.34
G1 F1800 X136.86 Y83.12 E921.78414
G0 F3600 X136.294 Y83.12
G1 F1800 X90.08 Y36.905 E923.95793
G0 F3600 X90.08 Y37.471
G1 F1800 X135.728 Y83.12 E926.10509
G0 F3600 X135.163 Y83.12
G1 F1800 X90.08 Y38.037 E928.22566
G0 F3600 X90.08 Y38.602
G1 F1800 X134.597 Y83.12 E930.31962
G0 F3600 X134.031 Y83.12
G1 F1800 X90.08 Y39.168 E932.38697
G0 F3600 X90.08 Y39.734
G1 F1800 X133.466 Y83.12 E934.42771
G0 F3600 X132.9 Y83.12
G1 F1800 X90.08 Y40.299 E936.44186
G0 F3600 X90.08 Y40.865
G1 F1800 X132.334 Y83.12 E938.42938
G0 F3600 X131.769 Y83.12
G1 F1800 X90.08 Y41.431 E940.3903
G0 F3600 X90.08 Y41.996
G1 F1800 X131.203 Y83.12 E942.32463
G0 F3600 X130.637 Y83.12
G1 F1800 X90.08 Y42.562 E944.23233
G0 F3600 X90.08 Y43.128
G1 F1800 X130.072 Y83.12 E946.11343
G0 F3600 X129.506 Y83.12
G1 F1800 X90.08 Y43.694 E947.9679
G0 F3600 X90.08 Y44.259
G1 F1800 X128.94 Y83.12 E949.79578
G0 F3600 X128.375 Y83.12
G1 F1800 X90.08 Y44.825 E951.59706
G0 F3600 X90.08 Y45.391
G1 F1800 X127.809 Y83.12 E953.37172
G0 F3600 X127.243 Y83.12
G1 F1800 X90.08 Y45.956 E955.11978
G0 F3600 X90.08 Y46.522
G1 F1800 X126.677 Y83.12 E956.84121
G0 F3600 X126.112 Y83.12
G1 F1800 X90.08 Y47.088 E958.53605
G0 F3600 X90.08 Y47.653
G1 F1800 X125.546 Y83.12 E960.20428
G0 F3600 X124.98 Y83.12
G1 F1800 X90.08 Y48.219 E961.84589
G0 F3600 X90.08 Y48.785
G1 F1800 X124.415 Y83.12 E963.46091
G0 F3600 X123.849 Y83.12
G1 F1800 X90.08 Y49.35 E965.04932
G0 F3600 X90.08 Y49.916
G1 F1800 X123.283 Y83.12 E966.61111
G0 F3600 X122.718 Y83.12
G1 F1800 X90.08 Y50.482 E968.1463
G0 F3600 X90.08 Y51.047
G1 F1800 X122.152 Y83.12 E969.65489
G0 F3600 X121.586 Y83.12
G1 F1800 X90.08 Y51.613 E971.13686
G0 F3600 X90.08 Y52.179
G1 F1800 X121.021 Y83.12 E972.59223
G0 F3600 X120.455 Y83.12
G1 F1800 X90.08 Y52.745 E974.02098
G0 F3600 X90.08 Y53.31
G1 F1800 X119.889 Y83.12 E975.42313
G0 F3600 X119.324 Y83.12
G1 F1800 X90.08 Y53.876 E976.79868
G0 F3600 X90.08 Y54.442
G1 F1800 X118.758 Y83.12 E978.1476
G0 F3600 X118.192 Y83.12
G1 F1800 X90.08 Y55.007 E979.46993
G0 F3600 X90.08 Y55.573
G1 F1800 X117.627 Y83.12 E980.76565
G0 F3600 X117.061 Y83.12
G1 F1800 X90.08 Y56.139 E982.03476
G0 F3600 X90.08 Y56.704
G1 F1800 X116.495 Y83.12 E983.27726
G0 F3600 X115.929 Y83.12
G1 F1800 X90.08 Y57.27 E984.49314
G0 F3600 X90.08 Y57.836
G1 F1800 X115.364 Y83.12 E985.68242
G0 F3600 X114.798 Y83.12
G1 F1800 X90.08 Y58.401 E986.84511
G0 F3600 X90.08 Y58.967
G1 F1800 X114.232 Y83.12 E987.98117
G0 F3600 X113.667 Y83.12
G1 F1800 X90.08 Y59.533 E989.09063
G0 F3600 X90.08 Y60.098
G1 F1800 X113.101 Y83.12 E990.17349
G0 F3600 X112.535 Y83.12
G1 F1800 X90.08 Y60.664 E991.22973
G0 F3600 X90.08 Y61.23
G1 F1800 X111.97 Y83.12 E992.25936
G0 F3600 X111.404 Y83.12
G1 F1800 X90.08 Y61.795 E993.2624
G0 F3600 X90.08 Y62.361
G1 F1800 X110.838 Y83.12 E994.23882
G0 F3600 X110.273 Y83.12
G1 F1800 X90.08 Y62.927 E995.18864
G0 F3600 X90.08 Y63.493
G1 F1800 X109.707 Y83.12 E996.11183
G0 F3600 X109.141 Y83.12
G1 F1800 X90.08 Y64.058 E997.00842
G0 F3600 X90.08 Y64.624
G1 F1800 X108.576 Y83.12 E997.87842
G0 F3600 X108.01 Y83.12
G1 F1800 X90.08 Y65.19 E998.72179
G0 F3600 X90.08 Y65.755
G1 F1800 X107.444 Y83.12 E999.53856
G0 F3600 X106.878 Y83.12
G1 F1800 X90.08 Y66.321 E1000.32871
G0 F3600 X90.08 Y66.887
G1 F1800 X106.313 Y83.12 E1001.09226
G0 F3600 X105.747 Y83.12
G1 F1800 X90.08 Y67.452 E1001.82922
G0 F3600 X90.08 Y68.018
G1 F1800 X105.181 Y83.12 E1002.53954
G0 F3600 X104.616 Y83.12
G1 F1800 X90.08 Y68.584 E1003.22327
G0 F3600 X90.08 Y69.149
G1 F1800 X104.05 Y83.12 E1003.8804
G0 F3600 X103.484 Y83.12
G1 F1800 X90.08 Y69.715 E1004.51091
G0 F3600 X90.08 Y70.281
G1 F1800 X102.919 Y83.12 E1005.11482
G0 F3600 X102.353 Y83.12
G1 F1800 X90.08 Y70.846 E1005.69212
G0 F3600 X90.08 Y71.412
G1 F1800 X101.787 Y83.12 E1006.24281
G0 F3600 X101.222 Y83.12
G1 F1800 X90.08 Y71.978 E1006.76689
G0 F3600 X90.08 Y72.543
G1 F1800 X100.656 Y83.12 E1007.26438
G0 F3600 X100.09 Y83.12
G1 F1800 X90.08 Y73.109 E1007.73524
G0 F3600 X90.08 Y73.675
G1 F1800 X99.525 Y83.12 E1008.17951
G0 F3600 X98.959 Y83.12
G1 F1800 X90.08 Y74.241 E1008.59715
G0 F3600 X90.08 Y74.806
G1 F1800 X98.393 Y83.12 E1008.98819
G0 F3600 X97.828 Y83.12
G1 F1800 X90.08 Y75.372 E1009.35263
G0 F3600 X90.08 Y75.938
G1 F1800 X97.262 Y83.12 E1009.69045
G0 F3600 X96.696 Y83.12
G1 F1800 X90.08 Y76.503 E1010.00167
G0 F3600 X90.08 Y77.069
G1 F1800 X96.13 Y83.12 E1010.28627
G0 F3600 X95.565 Y83.12
G1 F1800 X90.08 Y77.635 E1010.54427
G0 F3600 X90.08 Y78.2
G1 F1800 X94.999 Y83.12 E1010.77566
G0 F3600 X94.433 Y83.12
G1 F1800 X90.08 Y78.766 E1010.98044
G0 F3600 X90.08 Y79.332
G1 F1800 X93.868 Y83.12 E1011.15862
G0 F3600 X93.302 Y83.12
G1 F1800 X90.08 Y79.897 E1011.31019
G0 F3600 X90.08 Y80.463
G1 F1800 X92.736 Y83.12 E1011.43515
G0 F3600 X92.171 Y83.12
G1 F1800 X90.08 Y81.029 E1011.5335
G0 F3600 X90.08 Y81.594
G1 F1800 X91.605 Y83.12 E1011.60525
G0 F3600 X91.039 Y83.12
G1 F1800 X90.08 Y82.16 E1011.65039
G0 F3600 X90.08 Y82.726
G1 F1800 X90.474 Y83.12 E1011.66892
G1 F1500 E1005.16892
;MESH:manette_front-Body_(Meshed).stl
G0 F3600 X207.5 Y84.271
G0 X207.5 Y85.366
G0 X207.5 Y117.458
G0 X207.5 Y118.553
G0 X207.5 Y167.12
;TYPE:WALL-INNER
G1 F1500 E1011.66892
G1 F1800 X207.5 Y119.12 E1013.26541
G1 X89.5 Y119.12 E1017.1901
G1 X89.5 Y167.12 E1018.78659
G1 X207.5 Y167.12 E1022.71128
G0 F3600 X207.9 Y167.52
G1 F1800 X207.9 Y118.72 E1024.33438
G1 X89.1 Y118.72 E1028.28568
G1 X89.1 Y167.52 E1029.90878
G1 X207.9 Y167.52 E1033.86008
G0 F3600 X208.3 Y167.92
;TYPE:WALL-OUTER
G1 F1800 X208.3 Y118.32 E1035.50978
G1 X88.7 Y118.32 E1039.4877
G1 X88.7 Y167.92 E1041.1374
G1 X208.3 Y167.92 E1045.11531
G0 F3600 X208.3 Y167.72
G0 X207.62 Y167.243
G0 X207.12 Y166.74
;TYPE:SKIN
G1 F1800 X89.88 Y166.74 E1049.01473
G1 X89.88 Y119.5 E1050.58594
G1 X207.12 Y119.5 E1054.48536
G1 X207.12 Y166.74 E1056.05657
G0 F3600 X206.816 Y119.7
G1 F1800 X206.92 Y119.804 E1056.06146
G0 F3600 X206.92 Y120.37
G1 F1800 X206.25 Y119.7 E1056.09297
G0 F3600 X205.685 Y119.7
G1 F1800 X206.92 Y120.936 E1056.15109
G0 F3600 X206.92 Y121.501
G1 F1800 X205.119 Y119.7 E1056.2358
G0 F3600 X204.553 Y119.7
G1 F1800 X206.92 Y122.067 E1056.34714
G0 F3600 X206.92 Y122.633
G1 F1800 X203.988 Y119.7 E1056.48507
G0 F3600 X203.422 Y119.7
G1 F1800 X206.92 Y123.199 E1056.64963
G0 F3600 X206.92 Y123.764
G1 F1800 X202.856 Y119.7 E1056.84079
G0 F3600 X202.291 Y119.7
G1 F1800 X206.92 Y124.33 E1057.05855
G0 F3600 X206.92 Y124.896
G1 F1800 X201.725 Y119.7 E1057.30293
G0 F3600 X201.159 Y119.7
G1 F1800 X206.92 Y125.461 E1057.57391
G0 F3600 X206.92 Y126.027
G1 F1800 X200.593 Y119.7 E1057.87151
G0 F3600 X200.028 Y119.7
G1 F1800 X206.92 Y126.593 E1058.19571
G0 F3600 X206.92 Y127.158
G1 F1800 X199.462 Y119.7 E1058.54651
G0 F3600 X198.896 Y119.7
G1 F1800 X206.92 Y127.724 E1058.92394
G0 F3600 X206.92 Y128.29
G1 F1800 X198.331 Y119.7 E1059.32796
G0 F3600 X197.765 Y119.7
G1 F1800 X206.92 Y128.855 E1059.75858
G0 F3600 X206.92 Y129.421
G1 F1800 X197.199 Y119.7 E1060.21583
G0 F3600 X196.634 Y119.7
G1 F1800 X206.92 Y129.987 E1060.69968
G0 F3600 X206.92 Y130.552
G1 F1800 X196.068 Y119.7 E1061.21012
G0 F3600 X195.502 Y119.7
G1 F1800 X206.92 Y131.118 E1061.74719
G0 F3600 X206.92 Y131.684
G1 F1800 X194.937 Y119.7 E1062.31085
G0 F3600 X194.371 Y119.7
G1 F1800 X206.92 Y132.249 E1062.90112
G0 F3600 X206.92 Y132.815
G1 F1800 X193.805 Y119.7 E1063.51801
G0 F3600 X193.24 Y119.7
G1 F1800 X206.92 Y133.381 E1064.1615
G0 F3600 X206.92 Y133.947
G1 F1800 X192.674 Y119.7 E1064.83161
G0 F3600 X192.108 Y119.7
G1 F1800 X206.92 Y134.512 E1065.52832
G0 F3600 X206.92 Y135.078
G1 F1800 X191.542 Y119.7 E1066.25166
G0 F3600 X190.977 Y119.7
G1 F1800 X206.92 Y135.644 E1067.00159
G0 F3600 X206.92 Y136.209
G1 F1800 X190.411 Y119.7 E1067.77812
G0 F3600 X189.845 Y119.7
G1 F1800 X206.92 Y136.775 E1068.58128
G0 F3600 X206.92 Y137.341
G1 F1800 X189.28 Y119.7 E1069.41103
G0 F3600 X188.714 Y119.7
G1 F1800 X206.92 Y137.906 E1070.26739
G0 F3600 X206.92 Y138.472
G1 F1800 X188.148 Y119.7 E1071.15036
G0 F3600 X187.583 Y119.7
G1 F1800 X206.92 Y139.038 E1072.05994
G0 F3600 X206.92 Y139.603
G1 F1800 X187.017 Y119.7 E1072.99612
G0 F3600 X186.451 Y119.7
G1 F1800 X206.92 Y140.169 E1073.95892
G0 F3600 X206.92 Y140.735
G1 F1800 X185.886 Y119.7 E1074.94831
G0 F3600 X185.32 Y119.7
G1 F1800 X206.92 Y141.3 E1075.96431
G0 F3600 X206.92 Y141.866
G1 F1800 X184.754 Y119.7 E1077.00693
G0 F3600 X184.189 Y119.7
G1 F1800 X206.92 Y142.432 E1078.07615
G0 F3600 X206.92 Y142.997
G1 F1800 X183.623 Y119.7 E1079.17197
G0 F3600 X183.057 Y119.7
G1 F1800 X206.92 Y143.563 E1080.29442
G0 F3600 X206.92 Y144.129
G1 F1800 X182.492 Y119.7 E1081.44346
G0 F3600 X181.926 Y119.7
G1 F1800 X206.92 Y144.695 E1082.61912
G0 F3600 X206.92 Y145.26
G1 F1800 X181.36 Y119.7 E1083.82139
G0 F3600 X180.794 Y119.7
G1 F1800 X206.92 Y145.826 E1085.05027
G0 F3600 X206.92 Y146.392
G1 F1800 X180.229 Y119.7 E1086.30576
G0 F3600 X179.663 Y119.7
G1 F1800 X206.92 Y146.957 E1087.58784
G0 F3600 X206.92 Y147.523
G1 F1800 X179.097 Y119.7 E1088.89655
G0 F3600 X178.532 Y119.7
G1 F1800 X206.92 Y148.089 E1090.23186
G0 F3600 X206.92 Y148.654
G1 F1800 X177.966 Y119.7 E1091.59377
G0 F3600 X177.4 Y119.7
G1 F1800 X206.92 Y149.22 E1092.9823
G0 F3600 X206.92 Y149.786
G1 F1800 X176.835 Y119.7 E1094.39743
G0 F3600 X176.269 Y119.7
G1 F1800 X206.92 Y150.351 E1095.83916
G0 F3600 X206.92 Y150.917
G1 F1800 X175.703 Y119.7 E1097.30751
G0 F3600 X175.138 Y119.7
G1 F1800 X206.92 Y151.483 E1098.80246
G0 F3600 X206.92 Y152.048
G1 F1800 X174.572 Y119.7 E1100.32401
G0 F3600 X174.006 Y119.7
G1 F1800 X206.92 Y152.614 E1101.87219
G0 F3600 X206.92 Y153.18
G1 F1800 X173.441 Y119.7 E1103.44696
G0 F3600 X172.875 Y119.7
G1 F1800 X206.92 Y153.746 E1105.04835
G0 F3600 X206.92 Y154.311
G1 F1800 X172.309 Y119.7 E1106.67635
G0 F3600 X171.744 Y119.7
G1 F1800 X206.92 Y154.877 E1108.33094
G0 F3600 X206.92 Y155.443
G1 F1800 X171.178 Y119.7 E1110.01216
G0 F3600 X170.612 Y119.7
G1 F1800 X206.92 Y156.008 E1111.71998
G0 F3600 X206.92 Y156.574
G1 F1800 X170.046 Y119.7 E1113.45442
G0 F3600 X169.481 Y119.7
G1 F1800 X206.92 Y157.14 E1115.21546
G0 F3600 X206.92 Y157.705
G1 F1800 X168.915 Y119.7 E1117.0031
G0 F3600 X168.349 Y119.7
G1 F1800 X206.92 Y158.271 E1118.81736
G0 F3600 X206.92 Y158.837
G1 F1800 X167.784 Y119.7 E1120.65822
G0 F3600 X167.218 Y119.7
G1 F1800 X206.92 Y159.402 E1122.52568
G0 F3600 X206.92 Y159.968
G1 F1800 X166.652 Y119.7 E1124.41976
G0 F3600 X166.087 Y119.7
G1 F1800 X206.92 Y160.534 E1126.34045
G0 F3600 X206.92 Y161.099
G1 F1800 X165.521 Y119.7 E1128.28773
G0 F3600 X164.955 Y119.7
G1 F1800 X206.92 Y161.665 E1130.26163
G0 F3600 X206.92 Y162.231
G1 F1800 X164.39 Y119.7 E1132.26214
G0 F3600 X163.824 Y119.7
G1 F1800 X206.92 Y162.796 E1134.28924
G0 F3600 X206.92 Y163.362
G1 F1800 X163.258 Y119.7 E1136.34297
G0 F3600 X162.693 Y119.7
G1 F1800 X206.92 Y163.928 E1138.42329
G0 F3600 X206.92 Y164.494
G1 F1800 X162.127 Y119.7 E1140.53024
G0 F3600 X161.561 Y119.7
G1 F1800 X206.92 Y165.059 E1142.66379
G0 F3600 X206.92 Y165.625
G1 F1800 X160.995 Y119.7 E1144.82396
G0 F3600 X160.43 Y119.7
G1 F1800 X206.92 Y166.191 E1147.01073
G0 F3600 X206.704 Y166.54
G1 F1800 X159.864 Y119.7 E1149.21394
G0 F3600 X159.298 Y119.7
G1 F1800 X206.138 Y166.54 E1151.41715
G0 F3600 X205.572 Y166.54
G1 F1800 X158.733 Y119.7 E1153.62034
G0 F3600 X158.167 Y119.7
G1 F1800 X205.007 Y166.54 E1155.82355
G0 F3600 X204.441 Y166.54
G1 F1800 X157.601 Y119.7 E1158.02676
G0 F3600 X157.036 Y119.7
G1 F1800 X203.875 Y166.54 E1160.22995
G0 F3600 X203.309 Y166.54
G1 F1800 X156.47 Y119.7 E1162.43313
G0 F3600 X155.904 Y119.7
G1 F1800 X202.744 Y166.54 E1164.63634
G0 F3600 X202.178 Y166.54
G1 F1800 X155.339 Y119.7 E1166.83953
G0 F3600 X154.773 Y119.7
G1 F1800 X201.612 Y166.54 E1169.04271
G0 F3600 X201.047 Y166.54
G1 F1800 X154.207 Y119.7 E1171.24592
G0 F3600 X153.642 Y119.7
G1 F1800 X200.481 Y166.54 E1173.44911
G0 F3600 X199.915 Y166.54
G1 F1800 X153.076 Y119.7 E1175.6523
G0 F3600 X152.51 Y119.7
G1 F1800 X199.35 Y166.54 E1177.85551
G0 F3600 X198.784 Y166.54
G1 F1800 X151.945 Y119.7 E1180.05869
G0 F3600 X151.379 Y119.7
G1 F1800 X198.218 Y166.54 E1182.26188
G0 F3600 X197.653 Y166.54
G1 F1800 X150.813 Y119.7 E1184.46509
G0 F3600 X150.247 Y119.7
G1 F1800 X197.087 Y166.54 E1186.6683
G0 F3600 X196.521 Y166.54
G1 F1800 X149.682 Y119.7 E1188.87149
G0 F3600 X149.116 Y119.7
G1 F1800 X195.956 Y166.54 E1191.0747
G0 F3600 X195.39 Y166.54
G1 F1800 X148.55 Y119.7 E1193.27791
G0 F3600 X147.985 Y119.7
G1 F1800 X194.824 Y166.54 E1195.48109
G0 F3600 X194.258 Y166.54
G1 F1800 X147.419 Y119.7 E1197.68428
G0 F3600 X146.853 Y119.7
G1 F1800 X193.693 Y166.54 E1199.88749
G0 F3600 X193.127 Y166.54
G1 F1800 X146.288 Y119.7 E1202.09068
G0 F3600 X145.722 Y119.7
G1 F1800 X192.561 Y166.54 E1204.29386
G0 F3600 X191.996 Y166.54
G1 F1800 X145.156 Y119.7 E1206.49707
G0 F3600 X144.591 Y119.7
G1 F1800 X191.43 Y166.54 E1208.70026
G0 F3600 X190.864 Y166.54
G1 F1800 X144.025 Y119.7 E1210.90345
G0 F3600 X143.459 Y119.7
G1 F1800 X190.299 Y166.54 E1213.10666
G0 F3600 X189.733 Y166.54
G1 F1800 X142.894 Y119.7 E1215.30984
G0 F3600 X142.328 Y119.7
G1 F1800 X189.167 Y166.54 E1217.51303
G0 F3600 X188.602 Y166.54
G1 F1800 X141.762 Y119.7 E1219.71624
G0 F3600 X141.196 Y119.7
G1 F1800 X188.036 Y166.54 E1221.91945
G0 F3600 X187.47 Y166.54
G1 F1800 X140.631 Y119.7 E1224.12264
G0 F3600 X140.065 Y119.7
G1 F1800 X186.905 Y166.54 E1226.32585
G0 F3600 X186.339 Y166.54
G1 F1800 X139.499 Y119.7 E1228.52906
G0 F3600 X138.934 Y119.7
G1 F1800 X185.773 Y166.54 E1230.73224
G0 F3600 X185.208 Y166.54
G1 F1800 X138.368 Y119.7 E1232.93545
G0 F3600 X137.802 Y119.7
G1 F1800 X184.642 Y166.54 E1235.13866
G0 F3600 X184.076 Y166.54
G1 F1800 X137.237 Y119.7 E1237.34185
G0 F3600 X136.671 Y119.7
G1 F1800 X183.51 Y166.54 E1239.54503
G0 F3600 X182.945 Y166.54
G1 F1800 X136.105 Y119.7 E1241.74824
G0 F3600 X135.54 Y119.7
G1 F1800 X182.379 Y166.54 E1243.95143
G0 F3600 X181.813 Y166.54
G1 F1800 X134.974 Y119.7 E1246.15462
G0 F3600 X134.408 Y119.7
G1 F1800 X181.248 Y166.54 E1248.35783
G0 F3600 X180.682 Y166.54
G1 F1800 X133.843 Y119.7 E1250.56101
G0 F3600 X133.277 Y119.7
G1 F1800 X180.116 Y166.54 E1252.7642
G0 F3600 X179.551 Y166.54
G1 F1800 X132.711 Y119.7 E1254.96741
G0 F3600 X132.146 Y119.7
G1 F1800 X178.985 Y166.54 E1257.1706
G0 F3600 X178.419 Y166.54
G1 F1800 X131.58 Y119.7 E1259.37378
G0 F3600 X131.014 Y119.7
G1 F1800 X177.854 Y166.54 E1261.57699
G0 F3600 X177.288 Y166.54
G1 F1800 X130.448 Y119.7 E1263.7802
G0 F3600 X129.883 Y119.7
G1 F1800 X176.722 Y166.54 E1265.98339
G0 F3600 X176.157 Y166.54
G1 F1800 X129.317 Y119.7 E1268.1866
G0 F3600 X128.751 Y119.7
G1 F1800 X175.591 Y166.54 E1270.38981
G0 F3600 X175.025 Y166.54
G1 F1800 X128.186 Y119.7 E1272.593
G0 F3600 X127.62 Y119.7
G1 F1800 X174.46 Y166.54 E1274.79621
G0 F3600 X173.894 Y166.54
G1 F1800 X127.054 Y119.7 E1276.99942
G0 F3600 X126.489 Y119.7
G1 F1800 X173.328 Y166.54 E1279.2026
G0 F3600 X172.762 Y166.54
G1 F1800 X125.923 Y119.7 E1281.40579
G0 F3600 X125.357 Y119.7
G1 F1800 X172.197 Y166.54 E1283.609
G0 F3600 X171.631 Y166.54
G1 F1800 X124.792 Y119.7 E1285.81219
G0 F3600 X124.226 Y119.7
G1 F1800 X171.065 Y166.54 E1288.01537
G0 F3600 X170.5 Y166.54
G1 F1800 X123.66 Y119.7 E1290.21858
G0 F3600 X123.095 Y119.7
G1 F1800 X169.934 Y166.54 E1292.42177
G0 F3600 X169.368 Y166.54
G1 F1800 X122.529 Y119.7 E1294.62496
G0 F3600 X121.963 Y119.7
G1 F1800 X168.803 Y166.54 E1296.82817
G0 F3600 X168.237 Y166.54
G1 F1800 X121.398 Y119.7 E1299.03135
G0 F3600 X120.832 Y119.7
G1 F1800 X167.671 Y166.54 E1301.23454
G0 F3600 X167.106 Y166.54
G1 F1800 X120.266 Y119.7 E1303.43775
G0 F3600 X119.7 Y119.7
G1 F1800 X166.54 Y166.54 E1305.64096
G0 F3600 X165.974 Y166.54
G1 F1800 X119.135 Y119.7 E1307.84414
G0 F3600 X118.569 Y119.7
G1 F1800 X165.409 Y166.54 E1310.04735
G0 F3600 X164.843 Y166.54
G1 F1800 X118.003 Y119.7 E1312.25056
G0 F3600 X117.438 Y119.7
G1 F1800 X164.277 Y166.54 E1314.45375
G0 F3600 X163.711 Y166.54
G1 F1800 X116.872 Y119.7 E1316.65694
G0 F3600 X116.306 Y119.7
G1 F1800 X163.146 Y166.54 E1318.86015
G0 F3600 X162.58 Y166.54
G1 F1800 X115.741 Y119.7 E1321.06333
G0 F3600 X115.175 Y119.7
G1 F1800 X162.014 Y166.54 E1323.26652
G0 F3600 X161.449 Y166.54
G1 F1800 X114.609 Y119.7 E1325.46973
G0 F3600 X114.044 Y119.7
G1 F1800 X160.883 Y166.54 E1327.67292
G0 F3600 X160.317 Y166.54
G1 F1800 X113.478 Y119.7 E1329.8761
G0 F3600 X112.912 Y119.7
G1 F1800 X159.752 Y166.54 E1332.07931
G0 F3600 X159.186 Y166.54
G1 F1800 X112.347 Y119.7 E1334.2825
G0 F3600 X111.781 Y119.7
G1 F1800 X158.62 Y166.54 E1336.48569
G0 F3600 X158.055 Y166.54
G1 F1800 X111.215 Y119.7 E1338.6889
G0 F3600 X110.649 Y119.7
G1 F1800 X157.489 Y166.54 E1340.89211
G0 F3600 X156.923 Y166.54
G1 F1800 X110.084 Y119.7 E1343.09529
G0 F3600 X109.518 Y119.7
G1 F1800 X156.358 Y166.54 E1345.2985
G0 F3600 X155.792 Y166.54
G1 F1800 X108.952 Y119.7 E1347.50171
G0 F3600 X108.387 Y119.7
G1 F1800 X155.226 Y166.54 E1349.7049
G0 F3600 X154.661 Y166.54
G1 F1800 X107.821 Y119.7 E1351.90811
G0 F3600 X107.255 Y119.7
G1 F1800 X154.095 Y166.54 E1354.11132
G0 F3600 X153.529 Y166.54
G1 F1800 X106.69 Y119.7 E1356.31451
G0 F3600 X106.124 Y119.7
G1 F1800 X152.963 Y166.54 E1358.51769
G0 F3600 X152.398 Y166.54
G1 F1800 X105.558 Y119.7 E1360.7209
G0 F3600 X104.993 Y119.7
G1 F1800 X151.832 Y166.54 E1362.92409
G0 F3600 X151.266 Y166.54
G1 F1800 X104.427 Y119.7 E1365.12728
G0 F3600 X103.861 Y119.7
G1 F1800 X150.701 Y166.54 E1367.33049
G0 F3600 X150.135 Y166.54
G1 F1800 X103.296 Y119.7 E1369.53367
G0 F3600 X102.73 Y119.7
G1 F1800 X149.569 Y166.54 E1371.73686
G0 F3600 X149.004 Y166.54
G1 F1800 X102.164 Y119.7 E1373.94007
G0 F3600 X101.599 Y119.7
G1 F1800 X148.438 Y166.54 E1376.14325
G0 F3600 X147.872 Y166.54
G1 F1800 X101.033 Y119.7 E1378.34644
G0 F3600 X100.467 Y119.7
G1 F1800 X147.307 Y166.54 E1380.54965
G0 F3600 X146.741 Y166.54
G1 F1800 X99.901 Y119.7 E1382.75286
G0 F3600 X99.336 Y119.7
G1 F1800 X146.175 Y166.54 E1384.95605
G0 F3600 X145.61 Y166.54
G1 F1800 X98.77 Y119.7 E1387.15926
G0 F3600 X98.204 Y119.7
G1 F1800 X145.044 Y166.54 E1389.36247
G0 F3600 X144.478 Y166.54
G1 F1800 X97.639 Y119.7 E1391.56565
G0 F3600 X97.073 Y119.7
G1 F1800 X143.912 Y166.54 E1393.76884
G0 F3600 X143.347 Y166.54
G1 F1800 X96.507 Y119.7 E1395.97205
G0 F3600 X95.942 Y119.7
G1 F1800 X142.781 Y166.54 E1398.17524
G0 F3600 X142.215 Y166.54
G1 F1800 X95.376 Y119.7 E1400.37842
G0 F3600 X94.81 Y119.7
G1 F1800 X141.65 Y166.54 E1402.58163
G0 F3600 X141.084 Y166.54
G1 F1800 X94.245 Y119.7 E1404.78482
G0 F3600 X93.679 Y119.7
G1 F1800 X140.518 Y166.54 E1406.98801
G0 F3600 X139.953 Y166.54
G1 F1800 X93.113 Y119.7 E1409.19122
G0 F3600 X92.548 Y119.7
G1 F1800 X139.387 Y166.54 E1411.3944
G0 F3600 X138.821 Y166.54
G1 F1800 X91.982 Y119.7 E1413.59759
G0 F3600 X91.416 Y119.7
G1 F1800 X138.256 Y166.54 E1415.8008
G0 F3600 X137.69 Y166.54
G1 F1800 X90.85 Y119.7 E1418.00401
G0 F3600 X90.285 Y119.7
G1 F1800 X137.124 Y166.54 E1420.2072
G0 F3600 X136.559 Y166.54
G1 F1800 X90.08 Y120.061 E1422.39343
G0 F3600 X90.08 Y120.627
G1 F1800 X135.993 Y166.54 E1424.55303
G0 F3600 X135.427 Y166.54
G1 F1800 X90.08 Y121.192 E1426.68604
G0 F3600 X90.08 Y121.758
G1 F1800 X134.862 Y166.54 E1428.79245
G0 F3600 X134.296 Y166.54
G1 F1800 X90.08 Y122.324 E1430.87223
G0 F3600 X90.08 Y122.89
G1 F1800 X133.73 Y166.54 E1432.92539
G0 F3600 X133.164 Y166.54
G1 F1800 X90.08 Y123.455 E1434.95196
G0 F3600 X90.08 Y124.021
G1 F1800 X132.599 Y166.54 E1436.95192
G0 F3600 X132.033 Y166.54
G1 F1800 X90.08 Y124.587 E1438.92526
G0 F3600 X90.08 Y125.152
G1 F1800 X131.467 Y166.54 E1440.872
G0 F3600 X130.902 Y166.54
G1 F1800 X90.08 Y125.718 E1442.79214
G0 F3600 X90.08 Y126.284
G1 F1800 X130.336 Y166.54 E1444.68566
G0 F3600 X129.77 Y166.54
G1 F1800 X90.08 Y126.849 E1446.55258
G0 F3600 X90.08 Y127.415
G1 F1800 X129.205 Y166.54 E1448.3929
G0 F3600 X128.639 Y166.54
G1 F1800 X90.08 Y127.981 E1450.2066
G0 F3600 X90.08 Y128.546
G1 F1800 X128.073 Y166.54 E1451.9937
G0 F3600 X127.508 Y166.54
G1 F1800 X90.08 Y129.112 E1453.7542
G0 F3600 X90.08 Y129.678
G1 F1800 X126.942 Y166.54 E1455.48807
G0 F3600 X126.376 Y166.54
G1 F1800 X90.08 Y130.243 E1457.19535
G0 F3600 X90.08 Y130.809
G1 F1800 X125.811 Y166.54 E1458.87602
G0 F3600 X125.245 Y166.54
G1 F1800 X90.08 Y131.375 E1460.53008
G0 F3600 X90.08 Y131.94
G1 F1800 X124.679 Y166.54 E1462.15753
G0 F3600 X124.114 Y166.54
G1 F1800 X90.08 Y132.506 E1463.75839
G0 F3600 X90.08 Y133.072
G1 F1800 X123.548 Y166.54 E1465.33262
G0 F3600 X122.982 Y166.54
G1 F1800 X90.08 Y133.638 E1466.88023
G0 F3600 X90.08 Y134.203
G1 F1800 X122.416 Y166.54 E1468.40124
G0 F3600 X121.851 Y166.54
G1 F1800 X90.08 Y134.769 E1469.89565
G0 F3600 X90.08 Y135.335
G1 F1800 X121.285 Y166.54 E1471.36344
G0 F3600 X120.719 Y166.54
G1 F1800 X90.08 Y135.9 E1472.80462
G0 F3600 X90.08 Y136.466
G1 F1800 X120.154 Y166.54 E1474.21921
G0 F3600 X119.588 Y166.54
G1 F1800 X90.08 Y137.032 E1475.60718
G0 F3600 X90.08 Y137.597
G1 F1800 X119.022 Y166.54 E1476.96855
G0 F3600 X118.457 Y166.54
G1 F1800 X90.08 Y138.163 E1478.30331
G0 F3600 X90.08 Y138.729
G1 F1800 X117.891 Y166.54 E1479.61146
G0 F3600 X117.325 Y166.54
G1 F1800 X90.08 Y139.294 E1480.893
G0 F3600 X90.08 Y139.86
G1 F1800 X116.76 Y166.54 E1482.14795
G0 F3600 X116.194 Y166.54
G1 F1800 X90.08 Y140.426 E1483.37627
G0 F3600 X90.08 Y140.991
G1 F1800 X115.628 Y166.54 E1484.57799
G0 F3600 X115.063 Y166.54
G1 F1800 X90.08 Y141.557 E1485.75312
G0 F3600 X90.08 Y142.123
G1 F1800 X114.497 Y166.54 E1486.90162
G0 F3600 X113.931 Y166.54
G1 F1800 X90.08 Y142.688 E1488.02352
G0 F3600 X90.08 Y143.254
G1 F1800 X113.365 Y166.54 E1489.1188
G0 F3600 X112.8 Y166.54
G1 F1800 X90.08 Y143.82 E1490.18748
G0 F3600 X90.08 Y144.386
G1 F1800 X112.234 Y166.54 E1491.22953
G0 F3600 X111.668 Y166.54
G1 F1800 X90.08 Y144.951 E1492.24499
G0 F3600 X90.08 Y145.517
G1 F1800 X111.103 Y166.54 E1493.23385
G0 F3600 X110.537 Y166.54
G1 F1800 X90.08 Y146.083 E1494.19608
G0 F3600 X90.08 Y146.648
G1 F1800 X109.971 Y166.54 E1495.13172
G0 F3600 X109.406 Y166.54
G1 F1800 X90.08 Y147.214 E1496.04075
G0 F3600 X90.08 Y147.78
G1 F1800 X108.84 Y166.54 E1496.92317
G0 F3600 X108.274 Y166.54
G1 F1800 X90.08 Y148.345 E1497.77898
G0 F3600 X90.08 Y148.911
G1 F1800 X107.709 Y166.54 E1498.60819
G0 F3600 X107.143 Y166.54
G1 F1800 X90.08 Y149.477 E1499.41078
G0 F3600 X90.08 Y150.042
G1 F1800 X106.577 Y166.54 E1500.18678
G0 F3600 X106.012 Y166.54
G1 F1800 X90.08 Y150.608 E1500.93617
G0 F3600 X90.08 Y151.174
G1 F1800 X105.446 Y166.54 E1501.65894
G0 F3600 X104.88 Y166.54
G1 F1800 X90.08 Y151.739 E1502.35511
G0 F3600 X90.08 Y152.305
G1 F1800 X104.315 Y166.54 E1503.02468
G0 F3600 X103.749 Y166.54
G1 F1800 X90.08 Y152.871 E1503.66763
G0 F3600 X90.08 Y153.437
G1 F1800 X103.183 Y166.54 E1504.28395
G0 F3600 X102.617 Y166.54
G1 F1800 X90.08 Y154.002 E1504.87368
G0 F3600 X90.08 Y154.568
G1 F1800 X102.052 Y166.54 E1505.4368
G0 F3600 X101.486 Y166.54
G1 F1800 X90.08 Y155.134 E1505.97331
G0 F3600 X90.08 Y155.699
G1 F1800 X100.92 Y166.54 E1506.48321
G0 F3600 X100.355 Y166.54
G1 F1800 X90.08 Y156.265 E1506.96651
G0 F3600 X90.08 Y156.831
G1 F1800 X99.789 Y166.54 E1507.4232
G0 F3600 X99.223 Y166.54
G1 F1800 X90.08 Y157.396 E1507.85328
G0 F3600 X90.08 Y157.962
G1 F1800 X98.658 Y166.54 E1508.25676
G0 F3600 X98.092 Y166.54
G1 F1800 X90.08 Y158.528 E1508.63362
G0 F3600 X90.08 Y159.093
G1 F1800 X97.526 Y166.54 E1508.98388
G0 F3600 X96.961 Y166.54
G1 F1800 X90.08 Y159.659 E1509.30754
G0 F3600 X90.08 Y160.225
G1 F1800 X96.395 Y166.54 E1509.60458
G0 F3600 X95.829 Y166.54
G1 F1800 X90.08 Y160.79 E1509.87502
G0 F3600 X90.08 Y161.356
G1 F1800 X95.264 Y166.54 E1510.11886
G0 F3600 X94.698 Y166.54
G1 F1800 X90.08 Y161.922 E1510.33608
G0 F3600 X90.08 Y162.487
G1 F1800 X94.132 Y166.54 E1510.52669
G0 F3600 X93.566 Y166.54
G1 F1800 X90.08 Y163.053 E1510.69069
G0 F3600 X90.08 Y163.619
G1 F1800 X93.001 Y166.54 E1510.82808
G0 F3600 X92.435 Y166.54
G1 F1800 X90.08 Y164.185 E1510.93885
G0 F3600 X90.08 Y164.75
G1 F1800 X91.869 Y166.54 E1511.02303
G0 F3600 X91.304 Y166.54
G1 F1800 X90.08 Y165.316 E1511.0806
G0 F3600 X90.08 Y165.882
G1 F1800 X90.738 Y166.54 E1511.11155
G0 F3600 X90.172 Y166.54
G1 F1800 X90.08 Y166.447 E1511.1159
G1 F1500 E1504.6159
;MESH:NONMESH
G0 F600 X90.08 Y166.447 Z0.8
G0 F3600 X88.924 Y118.547
G0 X88.924 Y117.458
G0 X82.075 Y31.531
;TIME_ELAPSED:1549.292145
;LAYER:1
M106 S255
;TYPE:SUPPORT
G1 F1500 E1511.1159
G1 F2700 X82.724 Y30.842 E1511.21035
G1 X83.609 Y30.596 E1511.302
G1 X84.496 Y30.842 E1511.39385
G1 X85.145 Y31.53 E1511.48822
G1 X85.392 Y32.386 E1511.57712
G1 X85.36 Y32.529 E1511.59174
G1 X85.401 Y32.655 E1511.60496
G1 X85.481 Y32.717 E1511.61506
G1 X85.808 Y32.81 E1511.64898
G1 X86.457 Y33.495 E1511.74313
G1 X86.707 Y34.35 E1511.83202
G1 X86.461 Y35.235 E1511.92367
G1 X85.811 Y35.881 E1512.01511
G1 X84.925 Y36.132 E1512.107
G1 X84.074 Y35.882 E1512.1955
G1 X83.39 Y35.194 E1512.2923
G1 X83.141 Y34.349 E1512.3802
G1 X83.18 Y34.194 E1512.39615
G1 X83.139 Y34.065 E1512.40965
G1 X83.061 Y34.004 E1512.41953
G1 X82.761 Y33.917 E1512.4507
G1 X82.074 Y33.23 E1512.54765
G1 X81.825 Y32.381 E1512.63593
G1 X82.075 Y31.531 E1512.72433
G1 F1500 E1506.22433
G0 F5400 X86.953 Y31.123
G1 F1500 E1512.72433
G1 F2700 X87.199 Y30.275 E1512.81244
G1 X87.848 Y29.586 E1512.90688
G1 X88.735 Y29.34 E1512.99873
G1 X89.62 Y29.586 E1513.09038
G1 X90.269 Y30.275 E1513.18483
G1 X90.519 Y31.129 E1513.27361
G1 X90.269 Y32.011 E1513.36509
G1 X89.623 Y32.661 E1513.45653
G1 X88.738 Y32.908 E1513.54821
G1 X87.886 Y32.658 E1513.63681
G1 X87.202 Y31.974 E1513.73332
G1 X86.953 Y31.123 E1513.8218
G1 F1500 E1507.3218
G0 F5400 X82.708 Y85.356
G1 F1500 E1513.8218
G1 F2700 X83.592 Y85.602 E1513.91336
G1 X84.241 Y86.291 E1514.0078
G1 X84.491 Y87.146 E1514.09669
G1 X84.245 Y88.027 E1514.18795
G1 X83.595 Y88.677 E1514.27968
G1 X82.714 Y88.924 E1514.37097
G1 X81.858 Y88.674 E1514.45995
G1 X81.174 Y87.99 E1514.55647
G1 X80.925 Y87.141 E1514.64475
G1 X81.175 Y86.291 E1514.73316
G1 X81.824 Y85.602 E1514.82761
G1 X82.708 Y85.356 E1514.91916
G1 F1500 E1508.41916
G0 F5400 X85.231 Y87.423
G1 F1500 E1514.91916
G1 F2700 X85.88 Y86.738 E1515.01332
G1 X86.764 Y86.488 E1515.10498
G1 X87.648 Y86.738 E1515.19665
G1 X88.297 Y87.423 E1515.2908
G1 X88.547 Y88.278 E1515.37969
G1 X88.301 Y89.163 E1515.47134
G1 X87.651 Y89.809 E1515.56278
G1 X86.769 Y90.059 E1515.65426
G1 X85.914 Y89.81 E1515.74311
G1 X85.23 Y89.122 E1515.83991
G1 X84.981 Y88.275 E1515.928
G1 X85.231 Y87.423 E1516.0166
G1 F1500 E1509.5166
G0 F5400 X90.105 Y88.275
G1 F1500 E1516.0166
G1 F2700 X90.355 Y87.423 E1516.1052
G1 X91.004 Y86.738 E1516.19935
G1 X91.888 Y86.488 E1516.29102
G1 X92.772 Y86.738 E1516.38268
G1 X93.421 Y87.423 E1516.47684
G1 X93.671 Y88.278 E1516.56572
G1 X93.425 Y89.163 E1516.65738
G1 X92.775 Y89.809 E1516.74882
G1 X91.889 Y90.06 E1516.8407
G1 X91.038 Y89.81 E1516.9292
G1 X90.354 Y89.122 E1517.02601
G1 X90.105 Y88.275 E1517.1141
G1 F1500 E1510.6141
G0 F5400 X88.755 Y112.76
G1 F1500 E1517.1141
G1 F2700 X89.64 Y113.01 E1517.20586
G1 X90.289 Y113.695 E1517.30001
G1 X90.539 Y114.55 E1517.3889
G1 X90.289 Y115.435 E1517.48066
G1 X89.643 Y116.081 E1517.57182
G1 X88.757 Y116.332 E1517.6637
G1 X87.906 Y116.082 E1517.7522
G1 X87.222 Y115.394 E1517.84901
G1 X86.973 Y114.547 E1517.9371
G1 X87.219 Y113.695 E1518.02558
G1 X87.868 Y113.01 E1518.11974
G1 X88.755 Y112.76 E1518.21169
G1 F1500 E1511.71169
G0 F5400 X85.657 Y115.682
G1 F1500 E1518.21169
G1 F2700 X85.741 Y115.771 E1518.2239
G1 X86.089 Y116.812 E1518.33342
G1 X85.887 Y117.766 E1518.43072
G1 X85.264 Y118.414 E1518.52042
G1 X84.349 Y118.627 E1518.61416
G1 X83.432 Y118.299 E1518.71133
G1 X82.653 Y117.499 E1518.82275
G1 X82.636 Y117.462 E1518.82681
G1 X82.118 Y116.942 E1518.90005
G1 X81.869 Y116.093 E1518.98833
G1 X82.119 Y115.243 E1519.07674
G1 X82.768 Y114.554 E1519.17118
G1 X83.651 Y114.304 E1519.26275
G1 X84.544 Y114.559 E1519.35542
G1 X84.934 Y114.915 E1519.40811
G1 X85.657 Y115.682 E1519.51328
G1 F1500 E1513.01328
G0 F5400 X83.255 Y169.209
G1 F1500 E1519.51328
G1 F2700 X84.282 Y169.447 E1519.61847
G1 X85.001 Y170.119 E1519.71667
G1 X85.265 Y170.961 E1519.80472
G1 X84.963 Y171.853 E1519.89868
G1 X84.214 Y172.518 E1519.99862
G1 X83.014 Y172.836 E1520.12249
G1 X82.833 Y172.801 E1520.14089
G1 X82.456 Y172.843 E1520.17874
G1 X81.606 Y172.594 E1520.26712
G1 X80.918 Y171.906 E1520.3642
G1 X80.669 Y171.059 E1520.45229
G1 X80.919 Y170.207 E1520.54089
G1 X81.568 Y169.522 E1520.63504
G1 X82.447 Y169.274 E1520.72617
G1 X82.854 Y169.284 E1520.7668
G1 X83.255 Y169.209 E1520.8075
G1 F1500 E1514.3075
G0 F5400 X87.139 Y170.847
G1 F1500 E1520.8075
G1 F2700 X87.788 Y170.158 E1520.90195
G1 X88.672 Y169.912 E1520.9935
G1 X89.556 Y170.158 E1521.08506
G1 X90.205 Y170.847 E1521.17951
G1 X90.455 Y171.702 E1521.26839
G1 X90.209 Y172.583 E1521.35966
G1 X89.559 Y173.233 E1521.45138
G1 X88.678 Y173.48 E1521.54268
G1 X87.822 Y173.23 E1521.63166
G1 X87.138 Y172.546 E1521.72818
G1 X86.889 Y171.697 E1521.81646
G1 X87.139 Y170.847 E1521.90487
G1 F1500 E1515.40487
G0 F5400 X204.281 Y171.695
G1 F1500 E1521.90487
G1 F2700 X204.527 Y170.847 E1521.99297
G1 X205.176 Y170.158 E1522.08741
G1 X206.063 Y169.912 E1522.17926
G1 X206.948 Y170.158 E1522.27091
G1 X207.597 Y170.847 E1522.36536
G1 X207.847 Y171.701 E1522.45415
G1 X207.597 Y172.583 E1522.54562
G1 X206.951 Y173.233 E1522.63706
G1 X206.066 Y173.48 E1522.72874
G1 X205.214 Y173.23 E1522.81734
G1 X204.53 Y172.546 E1522.91386
G1 X204.281 Y171.695 E1523.00233
G1 F1500 E1516.50233
G0 F5400 X208.709 Y171.697
G1 F1500 E1523.00233
G1 F2700 X208.959 Y170.847 E1523.09074
G1 X209.608 Y170.158 E1523.18518
G1 X210.492 Y169.912 E1523.27674
G1 X211.376 Y170.158 E1523.3683
G1 X212.025 Y170.847 E1523.46274
G1 X212.275 Y171.702 E1523.55163
G1 X212.029 Y172.583 E1523.6429
G1 X211.379 Y173.233 E1523.73462
G1 X210.494 Y173.48 E1523.8263
G1 X209.642 Y173.23 E1523.9149
G1 X208.958 Y172.546 E1524.01142
G1 X208.709 Y171.697 E1524.0997
G1 F1500 E1517.5997
G0 F5400 X209.109 Y169.068
G0 X212.342 Y119.532
G1 F1500 E1524.0997
G1 F2700 X211.486 Y119.282 E1524.18868
G1 X210.802 Y118.598 E1524.2852
G1 X210.553 Y117.749 E1524.37348
G1 X210.803 Y116.899 E1524.46189
G1 X211.452 Y116.21 E1524.55633
G1 X212.336 Y115.96 E1524.648
G1 X213.22 Y116.21 E1524.73966
G1 X213.869 Y116.899 E1524.83411
G1 X214.12 Y117.75 E1524.92264
G1 X213.873 Y118.635 E1525.01432
G1 X213.223 Y119.285 E1525.10604
G1 X212.342 Y119.532 E1525.19734
G1 F1500 E1518.69734
G0 F5400 X208.726 Y115.895
G1 F1500 E1525.19734
G1 F2700 X208.539 Y116.081 E1525.22365
G1 X207.653 Y116.332 E1525.31554
G1 X206.802 Y116.082 E1525.40404
G1 X206.118 Y115.394 E1525.50084
G1 X205.869 Y114.547 E1525.58893
G1 X206.119 Y113.695 E1525.67753
G1 X206.768 Y113.01 E1525.77168
G1 X207.652 Y112.76 E1525.86335
G1 X208.536 Y113.01 E1525.95501
G1 X209.185 Y113.695 E1526.04917
G1 X209.435 Y114.55 E1526.13805
G1 X209.189 Y115.435 E1526.22971
G1 X208.726 Y115.895 E1526.29483
G1 F1500 E1519.79483
G0 F5400 X210.513 Y90.059
G1 F1500 E1526.29483
G1 F2700 X209.662 Y89.81 E1526.3833
G1 X208.974 Y89.122 E1526.48039
G1 X208.725 Y88.275 E1526.56848
G1 X208.975 Y87.423 E1526.65708
G1 X209.624 Y86.738 E1526.75123
G1 X210.509 Y86.488 E1526.84299
G1 X211.396 Y86.738 E1526.93495
G1 X212.045 Y87.423 E1527.0291
G1 X212.292 Y88.277 E1527.11781
G1 X212.045 Y89.163 E1527.20958
G1 X211.395 Y89.809 E1527.30102
G1 X210.513 Y90.059 E1527.3925
G1 F1500 E1520.8925
G0 F5400 X207.601 Y89.163
G1 F1500 E1527.3925
G1 F2700 X206.951 Y89.809 E1527.48394
G1 X206.065 Y90.06 E1527.57582
G1 X205.214 Y89.81 E1527.66432
G1 X204.53 Y89.122 E1527.76112
G1 X204.281 Y88.275 E1527.84921
G1 X204.531 Y87.423 E1527.93781
G1 X205.18 Y86.738 E1528.03197
G1 X206.064 Y86.488 E1528.12363
G1 X206.948 Y86.738 E1528.2153
G1 X207.597 Y87.423 E1528.30945
G1 X207.847 Y88.278 E1528.39834
G1 X207.601 Y89.163 E1528.48999
G1 F1500 E1521.98999
G0 F5400 X209.153 Y85.354
G0 X212.077 Y37.159
G1 F1500 E1528.48999
G1 F2700 X211.226 Y36.91 E1528.57846
G1 X210.538 Y36.222 E1528.67555
G1 X210.289 Y35.371 E1528.76402
G1 X210.777 Y33.682 E1528.93944
G1 X211.457 Y32.888 E1529.04375
G1 X212.371 Y32.574 E1529.14018
G1 X213.246 Y32.817 E1529.2308
G1 X213.872 Y33.557 E1529.32751
G1 X214.101 Y34.527 E1529.42696
G1 X213.613 Y36.259 E1529.60651
G1 X212.959 Y36.909 E1529.69851
G1 X212.077 Y37.159 E1529.78998
G1 F1500 E1523.28998
G0 F5400 X208.539 Y32.661
G1 F1500 E1529.78998
G1 F2700 X207.654 Y32.908 E1529.88166
G1 X206.802 Y32.658 E1529.97026
G1 X206.118 Y31.974 E1530.06678
G1 X205.869 Y31.125 E1530.15506
G1 X206.119 Y30.275 E1530.24347
G1 X206.768 Y29.586 E1530.33791
G1 X207.652 Y29.34 E1530.42947
G1 X208.536 Y29.586 E1530.52103
G1 X209.185 Y30.275 E1530.61547
G1 X209.435 Y31.13 E1530.70436
G1 X209.189 Y32.011 E1530.79563
G1 X208.539 Y32.661 E1530.88735
G1 F1500 E1524.38735
;MESH:manette_front-Body_(Meshed).stl(1)
G0 F5400 X208.076 Y34.036
G0 X208.076 Y35.125
G0 X207.5 Y83.7
;TYPE:WALL-INNER
G1 F1500 E1530.88735
G1 F2700 X207.5 Y35.7 E1535.67681
G1 X89.5 Y35.7 E1547.4509
G1 X89.5 Y83.7 E1552.24036
G1 X207.5 Y83.7 E1564.01444
G0 F5400 X207.9 Y84.1
G1 F2700 X207.9 Y35.3 E1568.88373
G1 X89.1 Y35.3 E1580.73764
G1 X89.1 Y84.1 E1585.60692
G1 X207.9 Y84.1 E1597.46084
G0 F5400 X208.3 Y84.5
;TYPE:WALL-OUTER
G1 F1800 X208.3 Y34.9 E1602.40994
G1 X88.7 Y34.9 E1614.34368
G1 X88.7 Y84.5 E1619.29279
G1 X208.3 Y84.5 E1631.22653
G0 F5400 X208.3 Y84.3
G0 X207.62 Y83.821
G0 X207.12 Y83.32
;TYPE:SKIN
G1 F1800 X89.88 Y83.32 E1642.92478
G1 X89.88 Y36.08 E1647.63841
G1 X207.12 Y36.08 E1659.33666
G1 X207.12 Y83.32 E1664.05029
G0 F5400 X206.511 Y83.12
G1 F1800 X206.92 Y82.711 E1664.108
G0 F5400 X206.92 Y82.145
G1 F1800 X205.945 Y83.12 E1664.24559
G0 F5400 X205.379 Y83.12
G1 F1800 X206.92 Y81.58 E1664.46297
G0 F5400 X206.92 Y81.014
G1 F1800 X204.813 Y83.12 E1664.76022
G0 F5400 X204.248 Y83.12
G1 F1800 X206.92 Y80.448 E1665.13726
G0 F5400 X206.92 Y79.883
G1 F1800 X203.682 Y83.12 E1665.59411
G0 F5400 X203.116 Y83.12
G1 F1800 X206.92 Y79.317 E1666.13083
G0 F5400 X206.92 Y78.751
G1 F1800 X202.551 Y83.12 E1666.74734
G0 F5400 X201.985 Y83.12
G1 F1800 X206.92 Y78.186 E1667.44365
G0 F5400 X206.92 Y77.62
G1 F1800 X201.419 Y83.12 E1668.21983
G0 F5400 X200.854 Y83.12
G1 F1800 X206.92 Y77.054 E1669.07581
G0 F5400 X206.92 Y76.488
G1 F1800 X200.288 Y83.12 E1670.01165
G0 F5400 X199.722 Y83.12
G1 F1800 X206.92 Y75.923 E1671.0273
G0 F5400 X206.92 Y75.357
G1 F1800 X199.157 Y83.12 E1672.12274
G0 F5400 X198.591 Y83.12
G1 F1800 X206.92 Y74.791 E1673.29805
G0 F5400 X206.92 Y74.226
G1 F1800 X198.025 Y83.12 E1674.55317
G0 F5400 X197.46 Y83.12
G1 F1800 X206.92 Y73.66 E1675.88807
G0 F5400 X206.92 Y73.094
G1 F1800 X196.894 Y83.12 E1677.30285
G0 F5400 X196.328 Y83.12
G1 F1800 X206.92 Y72.529 E1678.79743
G0 F5400 X206.92 Y71.963
G1 F1800 X195.763 Y83.12 E1680.3718
G0 F5400 X195.197 Y83.12
G1 F1800 X206.92 Y71.397 E1682.02604
G0 F5400 X206.92 Y70.832
G1 F1800 X194.631 Y83.12 E1683.76008
G0 F5400 X194.065 Y83.12
G1 F1800 X206.92 Y70.266 E1685.57399
G0 F5400 X206.92 Y69.7
G1 F1800 X193.5 Y83.12 E1687.4677
G0 F5400 X192.934 Y83.12
G1 F1800 X206.92 Y69.135 E1689.4412
G0 F5400 X206.92 Y68.569
G1 F1800 X192.368 Y83.12 E1691.49458
G0 F5400 X191.803 Y83.12
G1 F1800 X206.92 Y68.003 E1693.62775
G0 F5400 X206.92 Y67.437
G1 F1800 X191.237 Y83.12 E1695.84079
G0 F5400 X190.671 Y83.12
G1 F1800 X206.92 Y66.872 E1698.13363
G0 F5400 X206.92 Y66.306
G1 F1800 X190.106 Y83.12 E1700.50626
G0 F5400 X189.54 Y83.12
G1 F1800 X206.92 Y65.74 E1702.95877
G0 F5400 X206.92 Y65.175
G1 F1800 X188.974 Y83.12 E1705.49107
G0 F5400 X188.409 Y83.12
G1 F1800 X206.92 Y64.609 E1708.10318
G0 F5400 X206.92 Y64.043
G1 F1800 X187.843 Y83.12 E1710.79515
G0 F5400 X187.277 Y83.12
G1 F1800 X206.92 Y63.478 E1713.56692
G0 F5400 X206.92 Y62.912
G1 F1800 X186.712 Y83.12 E1716.41848
G0 F5400 X186.146 Y83.12
G1 F1800 X206.92 Y62.346 E1719.34992
G0 F5400 X206.92 Y61.781
G1 F1800 X185.58 Y83.12 E1722.36115
G0 F5400 X185.014 Y83.12
G1 F1800 X206.92 Y61.215 E1725.45225
G0 F5400 X206.92 Y60.649
G1 F1800 X184.449 Y83.12 E1728.62316
G0 F5400 X183.883 Y83.12
G1 F1800 X206.92 Y60.084 E1731.87385
G0 F5400 X206.92 Y59.518
G1 F1800 X183.317 Y83.12 E1735.20442
G0 F5400 X182.752 Y83.12
G1 F1800 X206.92 Y58.952 E1738.61479
G0 F5400 X206.92 Y58.387
G1 F1800 X182.186 Y83.12 E1742.10495
G0 F5400 X181.62 Y83.12
G1 F1800 X206.92 Y57.821 E1745.67498
G0 F5400 X206.92 Y57.255
G1 F1800 X181.055 Y83.12 E1749.32482
G0 F5400 X180.489 Y83.12
G1 F1800 X206.92 Y56.689 E1753.05452
G0 F5400 X206.92 Y56.124
G1 F1800 X179.923 Y83.12 E1756.86401
G0 F5400 X179.358 Y83.12
G1 F1800 X206.92 Y55.558 E1760.75331
G0 F5400 X206.92 Y54.992
G1 F1800 X178.792 Y83.12 E1764.72247
G0 F5400 X178.226 Y83.12
G1 F1800 X206.92 Y54.427 E1768.77144
G0 F5400 X206.92 Y53.861
G1 F1800 X177.661 Y83.12 E1772.9002
G0 F5400 X177.095 Y83.12
G1 F1800 X206.92 Y53.295 E1777.10883
G0 F5400 X206.92 Y52.73
G1 F1800 X176.529 Y83.12 E1781.39726
G0 F5400 X175.964 Y83.12
G1 F1800 X206.92 Y52.164 E1785.76548
G0 F5400 X206.92 Y51.598
G1 F1800 X175.398 Y83.12 E1790.21358
G0 F5400 X174.832 Y83.12
G1 F1800 X206.92 Y51.033 E1794.74147
G0 F5400 X206.92 Y50.467
G1 F1800 X174.266 Y83.12 E1799.34923
G0 F5400 X173.701 Y83.12
G1 F1800 X206.92 Y49.901 E1804.03679
G0 F5400 X206.92 Y49.336
G1 F1800 X173.135 Y83.12 E1808.80415
G0 F5400 X172.569 Y83.12
G1 F1800 X206.92 Y48.77 E1813.65137
G0 F5400 X206.92 Y48.204
G1 F1800 X172.004 Y83.12 E1818.5784
G0 F5400 X171.438 Y83.12
G1 F1800 X206.92 Y47.638 E1823.58529
G0 F5400 X206.92 Y47.073
G1 F1800 X170.872 Y83.12 E1828.67198
G0 F5400 X170.307 Y83.12
G1 F1800 X206.92 Y46.507 E1833.83847
G0 F5400 X206.92 Y45.941
G1 F1800 X169.741 Y83.12 E1839.08483
G0 F5400 X169.175 Y83.12
G1 F1800 X206.92 Y45.376 E1844.41099
G0 F5400 X206.92 Y44.81
G1 F1800 X168.61 Y83.12 E1849.81694
G0 F5400 X168.044 Y83.12
G1 F1800 X206.92 Y44.244 E1855.30277
G0 F5400 X206.92 Y43.679
G1 F1800 X167.478 Y83.12 E1860.86839
G0 F5400 X166.913 Y83.12
G1 F1800 X206.92 Y43.113 E1866.51381
G0 F5400 X206.92 Y42.547
G1 F1800 X166.347 Y83.12 E1872.2391
G0 F5400 X165.781 Y83.12
G1 F1800 X206.92 Y41.982 E1878.04418
G0 F5400 X206.92 Y41.416
G1 F1800 X165.215 Y83.12 E1883.92914
G0 F5400 X164.65 Y83.12
G1 F1800 X206.92 Y40.85 E1889.89389
G0 F5400 X206.92 Y40.285
G1 F1800 X164.084 Y83.12 E1895.93845
G0 F5400 X163.518 Y83.12
G1 F1800 X206.92 Y39.719 E1902.06287
G0 F5400 X206.92 Y39.153
G1 F1800 X162.953 Y83.12 E1908.26708
G0 F5400 X162.387 Y83.12
G1 F1800 X206.92 Y38.588 E1914.5511
G0 F5400 X206.92 Y38.022
G1 F1800 X161.821 Y83.12 E1920.91499
G0 F5400 X161.256 Y83.12
G1 F1800 X206.92 Y37.456 E1927.35867
G0 F5400 X206.92 Y36.89
G1 F1800 X160.69 Y83.12 E1933.88222
G0 F5400 X160.124 Y83.12
G1 F1800 X206.92 Y36.325 E1940.48557
G0 F5400 X206.4 Y36.28
G1 F1800 X159.559 Y83.12 E1947.09527
G0 F5400 X158.993 Y83.12
G1 F1800 X205.834 Y36.28 E1953.70497
G0 F5400 X205.268 Y36.28
G1 F1800 X158.427 Y83.12 E1960.31468
G0 F5400 X157.862 Y83.12
G1 F1800 X204.702 Y36.28 E1966.9243
G0 F5400 X204.137 Y36.28
G1 F1800 X157.296 Y83.12 E1973.53401
G0 F5400 X156.73 Y83.12
G1 F1800 X203.571 Y36.28 E1980.14371
G0 F5400 X203.005 Y36.28
G1 F1800 X156.165 Y83.12 E1986.75334
G0 F5400 X155.599 Y83.12
G1 F1800 X202.44 Y36.28 E1993.36304
G0 F5400 X201.874 Y36.28
G1 F1800 X155.033 Y83.12 E1999.97274
G0 F5400 X154.467 Y83.12
G1 F1800 X201.308 Y36.28 E2006.58244
G0 F5400 X200.743 Y36.28
G1 F1800 X153.902 Y83.12 E2013.19214
G0 F5400 X153.336 Y83.12
G1 F1800 X200.177 Y36.28 E2019.80184
G0 F5400 X199.611 Y36.28
G1 F1800 X152.77 Y83.12 E2026.41154
G0 F5400 X152.205 Y83.12
G1 F1800 X199.046 Y36.28 E2033.02124
G0 F5400 X198.48 Y36.28
G1 F1800 X151.639 Y83.12 E2039.63094
G0 F5400 X151.073 Y83.12
G1 F1800 X197.914 Y36.28 E2046.24064
G0 F5400 X197.349 Y36.28
G1 F1800 X150.508 Y83.12 E2052.85034
G0 F5400 X149.942 Y83.12
G1 F1800 X196.783 Y36.28 E2059.46004
G0 F5400 X196.217 Y36.28
G1 F1800 X149.376 Y83.12 E2066.06974
G0 F5400 X148.811 Y83.12
G1 F1800 X195.651 Y36.28 E2072.67937
G0 F5400 X195.086 Y36.28
G1 F1800 X148.245 Y83.12 E2079.28907
G0 F5400 X147.679 Y83.12
G1 F1800 X194.52 Y36.28 E2085.89877
G0 F5400 X193.954 Y36.28
G1 F1800 X147.114 Y83.12 E2092.5084
G0 F5400 X146.548 Y83.12
G1 F1800 X193.389 Y36.28 E2099.1181
G0 F5400 X192.823 Y36.28
G1 F1800 X145.982 Y83.12 E2105.7278
G0 F5400 X145.417 Y83.12
G1 F1800 X192.257 Y36.28 E2112.33743
G0 F5400 X191.692 Y36.28
G1 F1800 X144.851 Y83.12 E2118.94713
G0 F5400 X144.285 Y83.12
G1 F1800 X191.126 Y36.28 E2125.55684
G0 F5400 X190.56 Y36.28
G1 F1800 X143.719 Y83.12 E2132.16654
G0 F5400 X143.154 Y83.12
G1 F1800 X189.995 Y36.28 E2138.77624
G0 F5400 X189.429 Y36.28
G1 F1800 X142.588 Y83.12 E2145.38594
G0 F5400 X142.022 Y83.12
G1 F1800 X188.863 Y36.28 E2151.99564
G0 F5400 X188.298 Y36.28
G1 F1800 X141.457 Y83.12 E2158.60534
G0 F5400 X140.891 Y83.12
G1 F1800 X187.732 Y36.28 E2165.21504
G0 F5400 X187.166 Y36.28
G1 F1800 X140.325 Y83.12 E2171.82474
G0 F5400 X139.76 Y83.12
G1 F1800 X186.601 Y36.28 E2178.43444
G0 F5400 X186.035 Y36.28
G1 F1800 X139.194 Y83.12 E2185.04414
G0 F5400 X138.628 Y83.12
G1 F1800 X185.469 Y36.28 E2191.65384
G0 F5400 X184.903 Y36.28
G1 F1800 X138.063 Y83.12 E2198.26347
G0 F5400 X137.497 Y83.12
G1 F1800 X184.338 Y36.28 E2204.87317
G0 F5400 X183.772 Y36.28
G1 F1800 X136.931 Y83.12 E2211.48287
G0 F5400 X136.366 Y83.12
G1 F1800 X183.206 Y36.28 E2218.0925
G0 F5400 X182.641 Y36.28
G1 F1800 X135.8 Y83.12 E2224.7022
G0 F5400 X135.234 Y83.12
G1 F1800 X182.075 Y36.28 E2231.3119
G0 F5400 X181.509 Y36.28
G1 F1800 X134.668 Y83.12 E2237.9216
G0 F5400 X134.103 Y83.12
G1 F1800 X180.944 Y36.28 E2244.5313
G0 F5400 X180.378 Y36.28
G1 F1800 X133.537 Y83.12 E2251.141
G0 F5400 X132.971 Y83.12
G1 F1800 X179.812 Y36.28 E2257.75071
G0 F5400 X179.247 Y36.28
G1 F1800 X132.406 Y83.12 E2264.36041
G0 F5400 X131.84 Y83.12
G1 F1800 X178.681 Y36.28 E2270.97011
G0 F5400 X178.115 Y36.28
G1 F1800 X131.274 Y83.12 E2277.57981
G0 F5400 X130.709 Y83.12
G1 F1800 X177.55 Y36.28 E2284.18951
G0 F5400 X176.984 Y36.28
G1 F1800 X130.143 Y83.12 E2290.79921
G0 F5400 X129.577 Y83.12
G1 F1800 X176.418 Y36.28 E2297.40891
G0 F5400 X175.853 Y36.28
G1 F1800 X129.012 Y83.12 E2304.01861
G0 F5400 X128.446 Y83.12
G1 F1800 X175.287 Y36.28 E2310.62831
G0 F5400 X174.721 Y36.28
G1 F1800 X127.88 Y83.12 E2317.23801
G0 F5400 X127.315 Y83.12
G1 F1800 X174.155 Y36.28 E2323.84764
G0 F5400 X173.59 Y36.28
G1 F1800 X126.749 Y83.12 E2330.45734
G0 F5400 X126.183 Y83.12
G1 F1800 X173.024 Y36.28 E2337.06704
G0 F5400 X172.458 Y36.28
G1 F1800 X125.618 Y83.12 E2343.67667
G0 F5400 X125.052 Y83.12
G1 F1800 X171.893 Y36.28 E2350.28637
G0 F5400 X171.327 Y36.28
G1 F1800 X124.486 Y83.12 E2356.89607
G0 F5400 X123.92 Y83.12
G1 F1800 X170.761 Y36.28 E2363.50577
G0 F5400 X170.196 Y36.28
G1 F1800 X123.355 Y83.12 E2370.11547
G0 F5400 X122.789 Y83.12
G1 F1800 X169.63 Y36.28 E2376.72517
G0 F5400 X169.064 Y36.28
G1 F1800 X122.223 Y83.12 E2383.33487
G0 F5400 X121.658 Y83.12
G1 F1800 X168.499 Y36.28 E2389.94457
G0 F5400 X167.933 Y36.28
G1 F1800 X121.092 Y83.12 E2396.55428
G0 F5400 X120.526 Y83.12
G1 F1800 X167.367 Y36.28 E2403.16398
G0 F5400 X166.802 Y36.28
G1 F1800 X119.961 Y83.12 E2409.77368
G0 F5400 X119.395 Y83.12
G1 F1800 X166.236 Y36.28 E2416.38338
G0 F5400 X165.67 Y36.28
G1 F1800 X118.829 Y83.12 E2422.99308
G0 F5400 X118.264 Y83.12
G1 F1800 X165.104 Y36.28 E2429.60271
G0 F5400 X164.539 Y36.28
G1 F1800 X117.698 Y83.12 E2436.21241
G0 F5400 X117.132 Y83.12
G1 F1800 X163.973 Y36.28 E2442.82211
G0 F5400 X163.407 Y36.28
G1 F1800 X116.567 Y83.12 E2449.43174
G0 F5400 X116.001 Y83.12
G1 F1800 X162.842 Y36.28 E2456.04144
G0 F5400 X162.276 Y36.28
G1 F1800 X115.435 Y83.12 E2462.65114
G0 F5400 X114.869 Y83.12
G1 F1800 X161.71 Y36.28 E2469.26084
G0 F5400 X161.145 Y36.28
G1 F1800 X114.304 Y83.12 E2475.87054
G0 F5400 X113.738 Y83.12
G1 F1800 X160.579 Y36.28 E2482.48024
G0 F5400 X160.013 Y36.28
G1 F1800 X113.172 Y83.12 E2489.08994
G0 F5400 X112.607 Y83.12
G1 F1800 X159.448 Y36.28 E2495.69964
G0 F5400 X158.882 Y36.28
G1 F1800 X112.041 Y83.12 E2502.30934
G0 F5400 X111.475 Y83.12
G1 F1800 X158.316 Y36.28 E2508.91904
G0 F5400 X157.751 Y36.28
G1 F1800 X110.91 Y83.12 E2515.52874
G0 F5400 X110.344 Y83.12
G1 F1800 X157.185 Y36.28 E2522.13844
G0 F5400 X156.619 Y36.28
G1 F1800 X109.778 Y83.12 E2528.74814
G0 F5400 X109.213 Y83.12
G1 F1800 X156.054 Y36.28 E2535.35785
G0 F5400 X155.488 Y36.28
G1 F1800 X108.647 Y83.12 E2541.96755
G0 F5400 X108.081 Y83.12
G1 F1800 X154.922 Y36.28 E2548.57725
G0 F5400 X154.356 Y36.28
G1 F1800 X107.516 Y83.12 E2555.18688
G0 F5400 X106.95 Y83.12
G1 F1800 X153.791 Y36.28 E2561.79658
G0 F5400 X153.225 Y36.28
G1 F1800 X106.384 Y83.12 E2568.40628
G0 F5400 X105.819 Y83.12
G1 F1800 X152.659 Y36.28 E2575.01591
G0 F5400 X152.094 Y36.28
G1 F1800 X105.253 Y83.12 E2581.62561
G0 F5400 X104.687 Y83.12
G1 F1800 X151.528 Y36.28 E2588.23531
G0 F5400 X150.962 Y36.28
G1 F1800 X104.121 Y83.12 E2594.84501
G0 F5400 X103.556 Y83.12
G1 F1800 X150.397 Y36.28 E2601.45471
G0 F5400 X149.831 Y36.28
G1 F1800 X102.99 Y83.12 E2608.06441
G0 F5400 X102.424 Y83.12
G1 F1800 X149.265 Y36.28 E2614.67411
G0 F5400 X148.7 Y36.28
G1 F1800 X101.859 Y83.12 E2621.28381
G0 F5400 X101.293 Y83.12
G1 F1800 X148.134 Y36.28 E2627.89351
G0 F5400 X147.568 Y36.28
G1 F1800 X100.727 Y83.12 E2634.50321
G0 F5400 X100.162 Y83.12
G1 F1800 X147.003 Y36.28 E2641.11291
G0 F5400 X146.437 Y36.28
G1 F1800 X99.596 Y83.12 E2647.72261
G0 F5400 X99.03 Y83.12
G1 F1800 X145.871 Y36.28 E2654.33231
G0 F5400 X145.305 Y36.28
G1 F1800 X98.465 Y83.12 E2660.94194
G0 F5400 X97.899 Y83.12
G1 F1800 X144.74 Y36.28 E2667.55164
G0 F5400 X144.174 Y36.28
G1 F1800 X97.333 Y83.12 E2674.16134
G0 F5400 X96.768 Y83.12
G1 F1800 X143.608 Y36.28 E2680.77097
G0 F5400 X143.043 Y36.28
G1 F1800 X96.202 Y83.12 E2687.38068
G0 F5400 X95.636 Y83.12
G1 F1800 X142.477 Y36.28 E2693.99038
G0 F5400 X141.911 Y36.28
G1 F1800 X95.071 Y83.12 E2700.60001
G0 F5400 X94.505 Y83.12
G1 F1800 X141.346 Y36.28 E2707.20971
G0 F5400 X140.78 Y36.28
G1 F1800 X93.939 Y83.12 E2713.81941
G0 F5400 X93.373 Y83.12
G1 F1800 X140.214 Y36.28 E2720.42911
G0 F5400 X139.649 Y36.28
G1 F1800 X92.808 Y83.12 E2727.03881
G0 F5400 X92.242 Y83.12
G1 F1800 X139.083 Y36.28 E2733.64851
G0 F5400 X138.517 Y36.28
G1 F1800 X91.676 Y83.12 E2740.25821
G0 F5400 X91.111 Y83.12
G1 F1800 X137.952 Y36.28 E2746.86791
G0 F5400 X137.386 Y36.28
G1 F1800 X90.545 Y83.12 E2753.47761
G0 F5400 X90.08 Y83.02
G1 F1800 X136.82 Y36.28 E2760.07313
G0 F5400 X136.255 Y36.28
G1 F1800 X90.08 Y82.454 E2766.58885
G0 F5400 X90.08 Y81.889
G1 F1800 X135.689 Y36.28 E2773.02477
G0 F5400 X135.123 Y36.28
G1 F1800 X90.08 Y81.323 E2779.38083
G0 F5400 X90.08 Y80.757
G1 F1800 X134.557 Y36.28 E2785.65701
G0 F5400 X133.992 Y36.28
G1 F1800 X90.08 Y80.192 E2791.85347
G0 F5400 X90.08 Y79.626
G1 F1800 X133.426 Y36.28 E2797.97006
G0 F5400 X132.86 Y36.28
G1 F1800 X90.08 Y79.06 E2804.00678
G0 F5400 X90.08 Y78.495
G1 F1800 X132.295 Y36.28 E2809.96377
G0 F5400 X131.729 Y36.28
G1 F1800 X90.08 Y77.929 E2815.84089
G0 F5400 X90.08 Y77.363
G1 F1800 X131.163 Y36.28 E2821.63815
G0 F5400 X130.598 Y36.28
G1 F1800 X90.08 Y76.797 E2827.35561
G0 F5400 X90.08 Y76.232
G1 F1800 X130.032 Y36.28 E2832.99326
G0 F5400 X129.466 Y36.28
G1 F1800 X90.08 Y75.666 E2838.55105
G0 F5400 X90.08 Y75.1
G1 F1800 X128.901 Y36.28 E2844.02905
G0 F5400 X128.335 Y36.28
G1 F1800 X90.08 Y74.535 E2849.42724
G0 F5400 X90.08 Y73.969
G1 F1800 X127.769 Y36.28 E2854.74557
G0 F5400 X127.204 Y36.28
G1 F1800 X90.08 Y73.403 E2859.98409
G0 F5400 X90.08 Y72.838
G1 F1800 X126.638 Y36.28 E2865.14282
G0 F5400 X126.072 Y36.28
G1 F1800 X90.08 Y72.272 E2870.22168
G0 F5400 X90.08 Y71.706
G1 F1800 X125.507 Y36.28 E2875.22074
G0 F5400 X124.941 Y36.28
G1 F1800 X90.08 Y71.141 E2880.14001
G0 F5400 X90.08 Y70.575
G1 F1800 X124.375 Y36.28 E2884.9794
G0 F5400 X123.809 Y36.28
G1 F1800 X90.08 Y70.009 E2889.73893
G0 F5400 X90.08 Y69.444
G1 F1800 X123.244 Y36.28 E2894.41873
G0 F5400 X122.678 Y36.28
G1 F1800 X90.08 Y68.878 E2899.01866
G0 F5400 X90.08 Y68.312
G1 F1800 X122.112 Y36.28 E2903.53872
G0 F5400 X121.547 Y36.28
G1 F1800 X90.08 Y67.746 E2907.97898
G0 F5400 X90.08 Y67.181
G1 F1800 X120.981 Y36.28 E2912.33945
G0 F5400 X120.415 Y36.28
G1 F1800 X90.08 Y66.615 E2916.62004
G0 F5400 X90.08 Y66.049
G1 F1800 X119.85 Y36.28 E2920.82084
G0 F5400 X119.284 Y36.28
G1 F1800 X90.08 Y65.484 E2924.94184
G0 F5400 X90.08 Y64.918
G1 F1800 X118.718 Y36.28 E2928.98297
G0 F5400 X118.153 Y36.28
G1 F1800 X90.08 Y64.352 E2932.9443
G0 F5400 X90.08 Y63.787
G1 F1800 X117.587 Y36.28 E2936.82584
G0 F5400 X117.021 Y36.28
G1 F1800 X90.08 Y63.221 E2940.6275
G0 F5400 X90.08 Y62.655
G1 F1800 X116.456 Y36.28 E2944.34937
G0 F5400 X115.89 Y36.28
G1 F1800 X90.08 Y62.09 E2947.99144
G0 F5400 X90.08 Y61.524
G1 F1800 X115.324 Y36.28 E2951.55364
G0 F5400 X114.758 Y36.28
G1 F1800 X90.08 Y60.958 E2955.03598
G0 F5400 X90.08 Y60.393
G1 F1800 X114.193 Y36.28 E2958.43858
G0 F5400 X113.627 Y36.28
G1 F1800 X90.08 Y59.827 E2961.76132
G0 F5400 X90.08 Y59.261
G1 F1800 X113.061 Y36.28 E2965.00418
G0 F5400 X112.496 Y36.28
G1 F1800 X90.08 Y58.696 E2968.16732
G0 F5400 X90.08 Y58.13
G1 F1800 X111.93 Y36.28 E2971.25059
G0 F5400 X111.364 Y36.28
G1 F1800 X90.08 Y57.564 E2974.254
G0 F5400 X90.08 Y56.998
G1 F1800 X110.799 Y36.28 E2977.1776
G0 F5400 X110.233 Y36.28
G1 F1800 X90.08 Y56.433 E2980.02141
G0 F5400 X90.08 Y55.867
G1 F1800 X109.667 Y36.28 E2982.78534
G0 F5400 X109.102 Y36.28
G1 F1800 X90.08 Y55.301 E2985.46948
G0 F5400 X90.08 Y54.736
G1 F1800 X108.536 Y36.28 E2988.07382
G0 F5400 X107.97 Y36.28
G1 F1800 X90.08 Y54.17 E2990.5983
G0 F5400 X90.08 Y53.604
G1 F1800 X107.405 Y36.28 E2993.04297
G0 F5400 X106.839 Y36.28
G1 F1800 X90.08 Y53.039 E2995.40785
G0 F5400 X90.08 Y52.473
G1 F1800 X106.273 Y36.28 E2997.69285
G0 F5400 X105.708 Y36.28
G1 F1800 X90.08 Y51.907 E2999.89806
G0 F5400 X90.08 Y51.342
G1 F1800 X105.142 Y36.28 E3002.02347
G0 F5400 X104.576 Y36.28
G1 F1800 X90.08 Y50.776 E3004.06902
G0 F5400 X90.08 Y50.21
G1 F1800 X104.01 Y36.28 E3006.03469
G0 F5400 X103.445 Y36.28
G1 F1800 X90.08 Y49.645 E3007.92064
G0 F5400 X90.08 Y49.079
G1 F1800 X102.879 Y36.28 E3009.72671
G0 F5400 X102.313 Y36.28
G1 F1800 X90.08 Y48.513 E3011.45292
G0 F5400 X90.08 Y47.947
G1 F1800 X101.748 Y36.28 E3013.09933
G0 F5400 X101.182 Y36.28
G1 F1800 X90.08 Y47.382 E3014.66594
G0 F5400 X90.08 Y46.816
G1 F1800 X100.616 Y36.28 E3016.15269
G0 F5400 X100.051 Y36.28
G1 F1800 X90.08 Y46.25 E3017.55963
G0 F5400 X90.08 Y45.685
G1 F1800 X99.485 Y36.28 E3018.88678
G0 F5400 X98.919 Y36.28
G1 F1800 X90.08 Y45.119 E3020.13406
G0 F5400 X90.08 Y44.553
G1 F1800 X98.354 Y36.28 E3021.30154
G0 F5400 X97.788 Y36.28
G1 F1800 X90.08 Y43.988 E3022.38922
G0 F5400 X90.08 Y43.422
G1 F1800 X97.222 Y36.28 E3023.39703
G0 F5400 X96.657 Y36.28
G1 F1800 X90.08 Y42.856 E3024.32505
G0 F5400 X90.08 Y42.291
G1 F1800 X96.091 Y36.28 E3025.17327
G0 F5400 X95.525 Y36.28
G1 F1800 X90.08 Y41.725 E3025.94161
G0 F5400 X90.08 Y41.159
G1 F1800 X94.959 Y36.28 E3026.63009
G0 F5400 X94.394 Y36.28
G1 F1800 X90.08 Y40.594 E3027.23885
G0 F5400 X90.08 Y40.028
G1 F1800 X93.828 Y36.28 E3027.76773
G0 F5400 X93.262 Y36.28
G1 F1800 X90.08 Y39.462 E3028.21674
G0 F5400 X90.08 Y38.897
G1 F1800 X92.697 Y36.28 E3028.58603
G0 F5400 X92.131 Y36.28
G1 F1800 X90.08 Y38.331 E3028.87545
G0 F5400 X90.08 Y37.765
G1 F1800 X91.565 Y36.28 E3029.085
G0 F5400 X91 Y36.28
G1 F1800 X90.08 Y37.199 E3029.21475
G0 F5400 X90.08 Y36.634
G1 F1800 X90.434 Y36.28 E3029.2647
G1 F1500 E3022.7647
;MESH:manette_front-Body_(Meshed).stl
G0 F5400 X207.5 Y84.271
G0 X207.5 Y85.366
G0 X207.5 Y117.458
G0 X207.5 Y118.553
G0 X207.5 Y167.12
;TYPE:WALL-INNER
G1 F1500 E3029.2647
G1 F2700 X207.5 Y119.12 E3034.05416
G1 X89.5 Y119.12 E3045.82825
G1 X89.5 Y167.12 E3050.61771
G1 X207.5 Y167.12 E3062.3918
G0 F5400 X207.9 Y167.52
G1 F2700 X207.9 Y118.72 E3067.26108
G1 X89.1 Y118.72 E3079.11499
G1 X89.1 Y167.52 E3083.98428
G1 X207.9 Y167.52 E3095.83819
G0 F5400 X208.3 Y167.92
;TYPE:WALL-OUTER
G1 F1800 X208.3 Y118.32 E3100.7873
G1 X88.7 Y118.32 E3112.72103
G1 X88.7 Y167.92 E3117.67014
G1 X208.3 Y167.92 E3129.60388
G0 F5400 X208.3 Y167.72
G0 X207.62 Y167.243
G0 X207.12 Y166.74
;TYPE:SKIN
G1 F1800 X89.88 Y166.74 E3141.30213
G1 X89.88 Y119.5 E3146.01576
G1 X207.12 Y119.5 E3157.71401
G1 X207.12 Y166.74 E3162.42764
G0 F5400 X206.812 Y166.54
G1 F1800 X206.92 Y166.432 E3162.44288
G0 F5400 X206.92 Y165.867
G1 F1800 X206.247 Y166.54 E3162.53785
G0 F5400 X205.681 Y166.54
G1 F1800 X206.92 Y165.301 E3162.71268
G0 F5400 X206.92 Y164.735
G1 F1800 X205.115 Y166.54 E3162.96739
G0 F5400 X204.55 Y166.54
G1 F1800 X206.92 Y164.17 E3163.30182
G0 F5400 X206.92 Y163.604
G1 F1800 X203.984 Y166.54 E3163.71612
G0 F5400 X203.418 Y166.54
G1 F1800 X206.92 Y163.038 E3164.21029
G0 F5400 X206.92 Y162.473
G1 F1800 X202.853 Y166.54 E3164.78419
G0 F5400 X202.287 Y166.54
G1 F1800 X206.92 Y161.907 E3165.43796
G0 F5400 X206.92 Y161.341
G1 F1800 X201.721 Y166.54 E3166.17159
G0 F5400 X201.156 Y166.54
G1 F1800 X206.92 Y160.776 E3166.98495
G0 F5400 X206.92 Y160.21
G1 F1800 X200.59 Y166.54 E3167.87819
G0 F5400 X200.024 Y166.54
G1 F1800 X206.92 Y159.644 E3168.85129
G0 F5400 X206.92 Y159.079
G1 F1800 X199.459 Y166.54 E3169.90411
G0 F5400 X198.893 Y166.54
G1 F1800 X206.92 Y158.513 E3171.03681
G0 F5400 X206.92 Y157.947
G1 F1800 X198.327 Y166.54 E3172.24938
G0 F5400 X197.762 Y166.54
G1 F1800 X206.92 Y157.381 E3173.54174
G0 F5400 X206.92 Y156.816
G1 F1800 X197.196 Y166.54 E3174.9139
G0 F5400 X196.63 Y166.54
G1 F1800 X206.92 Y156.25 E3176.36593
G0 F5400 X206.92 Y155.684
G1 F1800 X196.064 Y166.54 E3177.89783
G0 F5400 X195.499 Y166.54
G1 F1800 X206.92 Y155.119 E3179.50946
G0 F5400 X206.92 Y154.553
G1 F1800 X194.933 Y166.54 E3181.20095
G0 F5400 X194.367 Y166.54
G1 F1800 X206.92 Y153.987 E3182.97231
G0 F5400 X206.92 Y153.422
G1 F1800 X193.802 Y166.54 E3184.82341
G0 F5400 X193.236 Y166.54
G1 F1800 X206.92 Y152.856 E3186.75437
G0 F5400 X206.92 Y152.29
G1 F1800 X192.67 Y166.54 E3188.7652
G0 F5400 X192.105 Y166.54
G1 F1800 X206.92 Y151.725 E3190.85575
G0 F5400 X206.92 Y151.159
G1 F1800 X191.539 Y166.54 E3193.02618
G0 F5400 X190.973 Y166.54
G1 F1800 X206.92 Y150.593 E3195.27647
G0 F5400 X206.92 Y150.028
G1 F1800 X190.408 Y166.54 E3197.60649
G0 F5400 X189.842 Y166.54
G1 F1800 X206.92 Y149.462 E3200.01638
G0 F5400 X206.92 Y148.896
G1 F1800 X189.276 Y166.54 E3202.50614
G0 F5400 X188.711 Y166.54
G1 F1800 X206.92 Y148.33 E3205.0757
G0 F5400 X206.92 Y147.765
G1 F1800 X188.145 Y166.54 E3207.72505
G0 F5400 X187.579 Y166.54
G1 F1800 X206.92 Y147.199 E3210.45428
G0 F5400 X206.92 Y146.633
G1 F1800 X187.013 Y166.54 E3213.26337
G0 F5400 X186.448 Y166.54
G1 F1800 X206.92 Y146.068 E3216.15219
G0 F5400 X206.92 Y145.502
G1 F1800 X185.882 Y166.54 E3219.12088
G0 F5400 X185.316 Y166.54
G1 F1800 X206.92 Y144.936 E3222.16944
G0 F5400 X206.92 Y144.371
G1 F1800 X184.751 Y166.54 E3225.29772
G0 F5400 X184.185 Y166.54
G1 F1800 X206.92 Y143.805 E3228.50588
G0 F5400 X206.92 Y143.239
G1 F1800 X183.619 Y166.54 E3231.7939
G0 F5400 X183.054 Y166.54
G1 F1800 X206.92 Y142.674 E3235.16165
G0 F5400 X206.92 Y142.108
G1 F1800 X182.488 Y166.54 E3238.60927
G0 F5400 X181.922 Y166.54
G1 F1800 X206.92 Y141.542 E3242.13676
G0 F5400 X206.92 Y140.977
G1 F1800 X181.357 Y166.54 E3245.74397
G0 F5400 X180.791 Y166.54
G1 F1800 X206.92 Y140.411 E3249.43106
G0 F5400 X206.92 Y139.845
G1 F1800 X180.225 Y166.54 E3253.19801
G0 F5400 X179.66 Y166.54
G1 F1800 X206.92 Y139.28 E3257.04469
G0 F5400 X206.92 Y138.714
G1 F1800 X179.094 Y166.54 E3260.97124
G0 F5400 X178.528 Y166.54
G1 F1800 X206.92 Y138.148 E3264.97766
G0 F5400 X206.92 Y137.582
G1 F1800 X177.963 Y166.54 E3269.06387
G0 F5400 X177.397 Y166.54
G1 F1800 X206.92 Y137.017 E3273.22989
G0 F5400 X206.92 Y136.451
G1 F1800 X176.831 Y166.54 E3277.47577
G0 F5400 X176.265 Y166.54
G1 F1800 X206.92 Y135.885 E3281.80152
G0 F5400 X206.92 Y135.32
G1 F1800 X175.7 Y166.54 E3286.207
G0 F5400 X175.134 Y166.54
G1 F1800 X206.92 Y134.754 E3290.69235
G0 F5400 X206.92 Y134.188
G1 F1800 X174.568 Y166.54 E3295.25757
G0 F5400 X174.003 Y166.54
G1 F1800 X206.92 Y133.623 E3299.90251
G0 F5400 X206.92 Y133.057
G1 F1800 X173.437 Y166.54 E3304.62732
G0 F5400 X172.871 Y166.54
G1 F1800 X206.92 Y132.491 E3309.43201
G0 F5400 X206.92 Y131.926
G1 F1800 X172.306 Y166.54 E3314.31642
G0 F5400 X171.74 Y166.54
G1 F1800 X206.92 Y131.36 E3319.28069
G0 F5400 X206.92 Y130.794
G1 F1800 X171.174 Y166.54 E3324.32484
G0 F5400 X170.609 Y166.54
G1 F1800 X206.92 Y130.229 E3329.44871
G0 F5400 X206.92 Y129.663
G1 F1800 X170.043 Y166.54 E3334.65246
G0 F5400 X169.477 Y166.54
G1 F1800 X206.92 Y129.097 E3339.93607
G0 F5400 X206.92 Y128.532
G1 F1800 X168.912 Y166.54 E3345.29941
G0 F5400 X168.346 Y166.54
G1 F1800 X206.92 Y127.966 E3350.74262
G0 F5400 X206.92 Y127.4
G1 F1800 X167.78 Y166.54 E3356.26569
G0 F5400 X167.214 Y166.54
G1 F1800 X206.92 Y126.834 E3361.86864
G0 F5400 X206.92 Y126.269
G1 F1800 X166.649 Y166.54 E3367.55131
G0 F5400 X166.083 Y166.54
G1 F1800 X206.92 Y125.703 E3373.31385
G0 F5400 X206.92 Y125.137
G1 F1800 X165.517 Y166.54 E3379.15626
G0 F5400 X164.952 Y166.54
G1 F1800 X206.92 Y124.572 E3385.0784
G0 F5400 X206.92 Y124.006
G1 F1800 X164.386 Y166.54 E3391.08041
G0 F5400 X163.82 Y166.54
G1 F1800 X206.92 Y123.44 E3397.16228
G0 F5400 X206.92 Y122.875
G1 F1800 X163.255 Y166.54 E3403.32389
G0 F5400 X162.689 Y166.54
G1 F1800 X206.92 Y122.309 E3409.56536
G0 F5400 X206.92 Y121.743
G1 F1800 X162.123 Y166.54 E3415.8867
G0 F5400 X161.558 Y166.54
G1 F1800 X206.92 Y121.178 E3422.28777
G0 F5400 X206.92 Y120.612
G1 F1800 X160.992 Y166.54 E3428.76871
G0 F5400 X160.426 Y166.54
G1 F1800 X206.92 Y120.046 E3435.32951
G0 F5400 X206.701 Y119.7
G1 F1800 X159.861 Y166.54 E3441.93914
G0 F5400 X159.295 Y166.54
G1 F1800 X206.135 Y119.7 E3448.54877
G0 F5400 X205.569 Y119.7
G1 F1800 X158.729 Y166.54 E3455.1584
G0 F5400 X158.164 Y166.54
G1 F1800 X205.004 Y119.7 E3461.76803
G0 F5400 X204.438 Y119.7
G1 F1800 X157.598 Y166.54 E3468.37766
G0 F5400 X157.032 Y166.54
G1 F1800 X203.872 Y119.7 E3474.98729
G0 F5400 X203.307 Y119.7
G1 F1800 X156.466 Y166.54 E3481.59699
G0 F5400 X155.901 Y166.54
G1 F1800 X202.741 Y119.7 E3488.20662
G0 F5400 X202.175 Y119.7
G1 F1800 X155.335 Y166.54 E3494.81625
G0 F5400 X154.769 Y166.54
G1 F1800 X201.61 Y119.7 E3501.42595
G0 F5400 X201.044 Y119.7
G1 F1800 X154.204 Y166.54 E3508.03558
G0 F5400 X153.638 Y166.54
G1 F1800 X200.478 Y119.7 E3514.64521
G0 F5400 X199.913 Y119.7
G1 F1800 X153.072 Y166.54 E3521.25491
G0 F5400 X152.507 Y166.54
G1 F1800 X199.347 Y119.7 E3527.86454
G0 F5400 X198.781 Y119.7
G1 F1800 X151.941 Y166.54 E3534.47417
G0 F5400 X151.375 Y166.54
G1 F1800 X198.215 Y119.7 E3541.0838
G0 F5400 X197.65 Y119.7
G1 F1800 X150.81 Y166.54 E3547.69343
G0 F5400 X150.244 Y166.54
G1 F1800 X197.084 Y119.7 E3554.30306
G0 F5400 X196.518 Y119.7
G1 F1800 X149.678 Y166.54 E3560.91269
G0 F5400 X149.113 Y166.54
G1 F1800 X195.953 Y119.7 E3567.52232
G0 F5400 X195.387 Y119.7
G1 F1800 X148.547 Y166.54 E3574.13195
G0 F5400 X147.981 Y166.54
G1 F1800 X194.821 Y119.7 E3580.74158
G0 F5400 X194.256 Y119.7
G1 F1800 X147.416 Y166.54 E3587.35121
G0 F5400 X146.85 Y166.54
G1 F1800 X193.69 Y119.7 E3593.96084
G0 F5400 X193.124 Y119.7
G1 F1800 X146.284 Y166.54 E3600.57047
G0 F5400 X145.718 Y166.54
G1 F1800 X192.559 Y119.7 E3607.18017
G0 F5400 X191.993 Y119.7
G1 F1800 X145.153 Y166.54 E3613.7898
G0 F5400 X144.587 Y166.54
G1 F1800 X191.427 Y119.7 E3620.39943
G0 F5400 X190.862 Y119.7
G1 F1800 X144.021 Y166.54 E3627.00913
G0 F5400 X143.456 Y166.54
G1 F1800 X190.296 Y119.7 E3633.61876
G0 F5400 X189.73 Y119.7
G1 F1800 X142.89 Y166.54 E3640.22839
G0 F5400 X142.324 Y166.54
G1 F1800 X189.164 Y119.7 E3646.83802
G0 F5400 X188.599 Y119.7
G1 F1800 X141.759 Y166.54 E3653.44765
G0 F5400 X141.193 Y166.54
G1 F1800 X188.033 Y119.7 E3660.05728
G0 F5400 X187.467 Y119.7
G1 F1800 X140.627 Y166.54 E3666.66691
G0 F5400 X140.062 Y166.54
G1 F1800 X186.902 Y119.7 E3673.27654
G0 F5400 X186.336 Y119.7
G1 F1800 X139.496 Y166.54 E3679.88617
G0 F5400 X138.93 Y166.54
G1 F1800 X185.77 Y119.7 E3686.4958
G0 F5400 X185.205 Y119.7
G1 F1800 X138.365 Y166.54 E3693.10543
G0 F5400 X137.799 Y166.54
G1 F1800 X184.639 Y119.7 E3699.71506
G0 F5400 X184.073 Y119.7
G1 F1800 X137.233 Y166.54 E3706.32469
G0 F5400 X136.667 Y166.54
G1 F1800 X183.508 Y119.7 E3712.93439
G0 F5400 X182.942 Y119.7
G1 F1800 X136.102 Y166.54 E3719.54402
G0 F5400 X135.536 Y166.54
G1 F1800 X182.376 Y119.7 E3726.15365
G0 F5400 X181.811 Y119.7
G1 F1800 X134.97 Y166.54 E3732.76335
G0 F5400 X134.405 Y166.54
G1 F1800 X181.245 Y119.7 E3739.37298
G0 F5400 X180.679 Y119.7
G1 F1800 X133.839 Y166.54 E3745.98261
G0 F5400 X133.273 Y166.54
G1 F1800 X180.114 Y119.7 E3752.59231
G0 F5400 X179.548 Y119.7
G1 F1800 X132.708 Y166.54 E3759.20194
G0 F5400 X132.142 Y166.54
G1 F1800 X178.982 Y119.7 E3765.81157
G0 F5400 X178.416 Y119.7
G1 F1800 X131.576 Y166.54 E3772.4212
G0 F5400 X131.011 Y166.54
G1 F1800 X177.851 Y119.7 E3779.03083
G0 F5400 X177.285 Y119.7
G1 F1800 X130.445 Y166.54 E3785.64046
G0 F5400 X129.879 Y166.54
G1 F1800 X176.719 Y119.7 E3792.25009
G0 F5400 X176.154 Y119.7
G1 F1800 X129.314 Y166.54 E3798.85972
G0 F5400 X128.748 Y166.54
G1 F1800 X175.588 Y119.7 E3805.46935
G0 F5400 X175.022 Y119.7
G1 F1800 X128.182 Y166.54 E3812.07898
G0 F5400 X127.617 Y166.54
G1 F1800 X174.457 Y119.7 E3818.68861
G0 F5400 X173.891 Y119.7
G1 F1800 X127.051 Y166.54 E3825.29824
G0 F5400 X126.485 Y166.54
G1 F1800 X173.325 Y119.7 E3831.90787
G0 F5400 X172.76 Y119.7
G1 F1800 X125.919 Y166.54 E3838.51757
G0 F5400 X125.354 Y166.54
G1 F1800 X172.194 Y119.7 E3845.1272
G0 F5400 X171.628 Y119.7
G1 F1800 X124.788 Y166.54 E3851.73683
G0 F5400 X124.222 Y166.54
G1 F1800 X171.063 Y119.7 E3858.34654
G0 F5400 X170.497 Y119.7
G1 F1800 X123.657 Y166.54 E3864.95617
G0 F5400 X123.091 Y166.54
G1 F1800 X169.931 Y119.7 E3871.5658
G0 F5400 X169.366 Y119.7
G1 F1800 X122.525 Y166.54 E3878.1755
G0 F5400 X121.96 Y166.54
G1 F1800 X168.8 Y119.7 E3884.78513
G0 F5400 X168.234 Y119.7
G1 F1800 X121.394 Y166.54 E3891.39476
G0 F5400 X120.828 Y166.54
G1 F1800 X167.668 Y119.7 E3898.00439
G0 F5400 X167.103 Y119.7
G1 F1800 X120.263 Y166.54 E3904.61402
G0 F5400 X119.697 Y166.54
G1 F1800 X166.537 Y119.7 E3911.22365
G0 F5400 X165.971 Y119.7
G1 F1800 X119.131 Y166.54 E3917.83328
G0 F5400 X118.566 Y166.54
G1 F1800 X165.406 Y119.7 E3924.44291
G0 F5400 X164.84 Y119.7
G1 F1800 X118 Y166.54 E3931.05254
G0 F5400 X117.434 Y166.54
G1 F1800 X164.274 Y119.7 E3937.66217
G0 F5400 X163.709 Y119.7
G1 F1800 X116.868 Y166.54 E3944.27187
G0 F5400 X116.303 Y166.54
G1 F1800 X163.143 Y119.7 E3950.8815
G0 F5400 X162.577 Y119.7
G1 F1800 X115.737 Y166.54 E3957.49113
G0 F5400 X115.171 Y166.54
G1 F1800 X162.012 Y119.7 E3964.10083
G0 F5400 X161.446 Y119.7
G1 F1800 X114.606 Y166.54 E3970.71046
G0 F5400 X114.04 Y166.54
G1 F1800 X160.88 Y119.7 E3977.32009
G0 F5400 X160.315 Y119.7
G1 F1800 X113.474 Y166.54 E3983.92979
G0 F5400 X112.909 Y166.54
G1 F1800 X159.749 Y119.7 E3990.53942
G0 F5400 X159.183 Y119.7
G1 F1800 X112.343 Y166.54 E3997.14905
G0 F5400 X111.777 Y166.54
G1 F1800 X158.617 Y119.7 E4003.75868
G0 F5400 X158.052 Y119.7
G1 F1800 X111.212 Y166.54 E4010.36831
G0 F5400 X110.646 Y166.54
G1 F1800 X157.486 Y119.7 E4016.97794
G0 F5400 X156.92 Y119.7
G1 F1800 X110.08 Y166.54 E4023.58757
G0 F5400 X109.515 Y166.54
G1 F1800 X156.355 Y119.7 E4030.1972
G0 F5400 X155.789 Y119.7
G1 F1800 X108.949 Y166.54 E4036.80683
G0 F5400 X108.383 Y166.54
G1 F1800 X155.223 Y119.7 E4043.41646
G0 F5400 X154.658 Y119.7
G1 F1800 X107.818 Y166.54 E4050.02609
G0 F5400 X107.252 Y166.54
G1 F1800 X154.092 Y119.7 E4056.63572
G0 F5400 X153.526 Y119.7
G1 F1800 X106.686 Y166.54 E4063.24535
G0 F5400 X106.12 Y166.54
G1 F1800 X152.961 Y119.7 E4069.85505
G0 F5400 X152.395 Y119.7
G1 F1800 X105.555 Y166.54 E4076.46468
G0 F5400 X104.989 Y166.54
G1 F1800 X151.829 Y119.7 E4083.07431
G0 F5400 X151.264 Y119.7
G1 F1800 X104.423 Y166.54 E4089.68401
G0 F5400 X103.858 Y166.54
G1 F1800 X150.698 Y119.7 E4096.29364
G0 F5400 X150.132 Y119.7
G1 F1800 X103.292 Y166.54 E4102.90327
G0 F5400 X102.726 Y166.54
G1 F1800 X149.567 Y119.7 E4109.51297
G0 F5400 X149.001 Y119.7
G1 F1800 X102.161 Y166.54 E4116.1226
G0 F5400 X101.595 Y166.54
G1 F1800 X148.435 Y119.7 E4122.73223
G0 F5400 X147.869 Y119.7
G1 F1800 X101.029 Y166.54 E4129.34186
G0 F5400 X100.464 Y166.54
G1 F1800 X147.304 Y119.7 E4135.95149
G0 F5400 X146.738 Y119.7
G1 F1800 X99.898 Y166.54 E4142.56112
G0 F5400 X99.332 Y166.54
G1 F1800 X146.172 Y119.7 E4149.17075
G0 F5400 X145.607 Y119.7
G1 F1800 X98.767 Y166.54 E4155.78038
G0 F5400 X98.201 Y166.54
G1 F1800 X145.041 Y119.7 E4162.39001
G0 F5400 X144.475 Y119.7
G92 E0
G1 F1800 X97.635 Y166.54 E6.60963
G0 F5400 X97.069 Y166.54
G1 F1800 X143.91 Y119.7 E13.21933
G0 F5400 X143.344 Y119.7
G1 F1800 X96.504 Y166.54 E19.82896
G0 F5400 X95.938 Y166.54
G1 F1800 X142.778 Y119.7 E26.43859
G0 F5400 X142.213 Y119.7
G1 F1800 X95.372 Y166.54 E33.04829
G0 F5400 X94.807 Y166.54
G1 F1800 X141.647 Y119.7 E39.65792
G0 F5400 X141.081 Y119.7
G1 F1800 X94.241 Y166.54 E46.26755
G0 F5400 X93.675 Y166.54
G1 F1800 X140.516 Y119.7 E52.87725
G0 F5400 X139.95 Y119.7
G1 F1800 X93.11 Y166.54 E59.48688
G0 F5400 X92.544 Y166.54
G1 F1800 X139.384 Y119.7 E66.09651
G0 F5400 X138.818 Y119.7
G1 F1800 X91.978 Y166.54 E72.70614
G0 F5400 X91.413 Y166.54
G1 F1800 X138.253 Y119.7 E79.31577
G0 F5400 X137.687 Y119.7
G1 F1800 X90.847 Y166.54 E85.9254
G0 F5400 X90.281 Y166.54
G1 F1800 X137.121 Y119.7 E92.53503
G0 F5400 X136.556 Y119.7
G1 F1800 X90.08 Y166.175 E99.09323
G0 F5400 X90.08 Y165.609
G1 F1800 X135.99 Y119.7 E105.57155
G0 F5400 X135.424 Y119.7
G1 F1800 X90.08 Y165.044 E111.97008
G0 F5400 X90.08 Y164.478
G1 F1800 X134.859 Y119.7 E118.28881
G0 F5400 X134.293 Y119.7
G1 F1800 X90.08 Y163.912 E124.52767
G0 F5400 X90.08 Y163.347
G1 F1800 X133.727 Y119.7 E130.68674
G0 F5400 X133.162 Y119.7
G1 F1800 X90.08 Y162.781 E136.766
G0 F5400 X90.08 Y162.215
G1 F1800 X132.596 Y119.7 E142.7654
G0 F5400 X132.03 Y119.7
G1 F1800 X90.08 Y161.65 E148.685
G0 F5400 X90.08 Y161.084
G1 F1800 X131.465 Y119.7 E154.5248
G0 F5400 X130.899 Y119.7
G1 F1800 X90.08 Y160.518 E160.28473
G0 F5400 X90.08 Y159.953
G1 F1800 X130.333 Y119.7 E165.96486
G0 F5400 X129.768 Y119.7
G1 F1800 X90.08 Y159.387 E171.56519
G0 F5400 X90.08 Y158.821
G1 F1800 X129.202 Y119.7 E177.08566
G0 F5400 X128.636 Y119.7
G1 F1800 X90.08 Y158.255 E182.52626
G0 F5400 X90.08 Y157.69
G1 F1800 X128.07 Y119.7 E187.88706
G0 F5400 X127.505 Y119.7
G1 F1800 X90.08 Y157.124 E193.16806
G0 F5400 X90.08 Y156.558
G1 F1800 X126.939 Y119.7 E198.36919
G0 F5400 X126.373 Y119.7
G1 F1800 X90.08 Y155.993 E203.49053
G0 F5400 X90.08 Y155.427
G1 F1800 X125.808 Y119.7 E208.53206
G0 F5400 X125.242 Y119.7
G1 F1800 X90.08 Y154.861 E213.49373
G0 F5400 X90.08 Y154.296
G1 F1800 X124.676 Y119.7 E218.3756
G0 F5400 X124.111 Y119.7
G1 F1800 X90.08 Y153.73 E223.17767
G0 F5400 X90.08 Y153.164
G1 F1800 X123.545 Y119.7 E227.89987
G0 F5400 X122.979 Y119.7
G1 F1800 X90.08 Y152.599 E232.54228
G0 F5400 X90.08 Y152.033
G1 F1800 X122.414 Y119.7 E237.10488
G0 F5400 X121.848 Y119.7
G1 F1800 X90.08 Y151.467 E241.58762
G0 F5400 X90.08 Y150.902
G1 F1800 X121.282 Y119.7 E245.99056
G0 F5400 X120.717 Y119.7
G1 F1800 X90.08 Y150.336 E250.3137
G0 F5400 X90.08 Y149.77
G1 F1800 X120.151 Y119.7 E254.55697
G0 F5400 X119.585 Y119.7
G1 F1800 X90.08 Y149.204 E258.72038
G0 F5400 X90.08 Y148.639
G1 F1800 X119.02 Y119.7 E262.80405
G0 F5400 X118.454 Y119.7
G1 F1800 X90.08 Y148.073 E266.80786
G0 F5400 X90.08 Y147.507
G1 F1800 X117.888 Y119.7 E270.7318
G0 F5400 X117.322 Y119.7
G1 F1800 X90.08 Y146.942 E274.57594
G0 F5400 X90.08 Y146.376
G1 F1800 X116.757 Y119.7 E278.34028
G0 F5400 X116.191 Y119.7
G1 F1800 X90.08 Y145.81 E282.02475
G0 F5400 X90.08 Y145.245
G1 F1800 X115.625 Y119.7 E285.62943
G0 F5400 X115.06 Y119.7
G1 F1800 X90.08 Y144.679 E289.15431
G0 F5400 X90.08 Y144.113
G1 F1800 X114.494 Y119.7 E292.59932
G0 F5400 X113.928 Y119.7
G1 F1800 X90.08 Y143.548 E295.96453
G0 F5400 X90.08 Y142.982
G1 F1800 X113.363 Y119.7 E299.24994
G0 F5400 X112.797 Y119.7
G1 F1800 X90.08 Y142.416 E302.45548
G0 F5400 X90.08 Y141.851
G1 F1800 X112.231 Y119.7 E305.58123
G0 F5400 X111.666 Y119.7
G1 F1800 X90.08 Y141.285 E308.62717
G0 F5400 X90.08 Y140.719
G1 F1800 X111.1 Y119.7 E311.59325
G0 F5400 X110.534 Y119.7
G1 F1800 X90.08 Y140.154 E314.47953
G0 F5400 X90.08 Y139.588
G1 F1800 X109.969 Y119.7 E317.28602
G0 F5400 X109.403 Y119.7
G1 F1800 X90.08 Y139.022 E320.01263
G0 F5400 X90.08 Y138.456
G1 F1800 X108.837 Y119.7 E322.65937
G0 F5400 X108.271 Y119.7
G1 F1800 X90.08 Y137.891 E325.22632
G0 F5400 X90.08 Y137.325
G1 F1800 X107.706 Y119.7 E327.71347
G0 F5400 X107.14 Y119.7
G1 F1800 X90.08 Y136.759 E330.12075
G0 F5400 X90.08 Y136.194
G1 F1800 X106.574 Y119.7 E332.44823
G0 F5400 X106.009 Y119.7
G1 F1800 X90.08 Y135.628 E334.69591
G0 F5400 X90.08 Y135.062
G1 F1800 X105.443 Y119.7 E336.86373
G0 F5400 X104.877 Y119.7
G1 F1800 X90.08 Y134.497 E338.95175
G0 F5400 X90.08 Y133.931
G1 F1800 X104.312 Y119.7 E340.95996
G0 F5400 X103.746 Y119.7
G1 F1800 X90.08 Y133.365 E342.88831
G0 F5400 X90.08 Y132.8
G1 F1800 X103.18 Y119.7 E344.73686
G0 F5400 X102.615 Y119.7
G1 F1800 X90.08 Y132.234 E346.50562
G0 F5400 X90.08 Y131.668
G1 F1800 X102.049 Y119.7 E348.1945
G0 F5400 X101.483 Y119.7
G1 F1800 X90.08 Y131.103 E349.80359
G0 F5400 X90.08 Y130.537
G1 F1800 X100.918 Y119.7 E351.33288
G0 F5400 X100.352 Y119.7
G1 F1800 X90.08 Y129.971 E352.7823
G0 F5400 X90.08 Y129.405
G1 F1800 X99.786 Y119.7 E354.15185
G0 F5400 X99.221 Y119.7
G1 F1800 X90.08 Y128.84 E355.44167
G0 F5400 X90.08 Y128.274
G1 F1800 X98.655 Y119.7 E356.65163
G0 F5400 X98.089 Y119.7
G1 F1800 X90.08 Y127.708 E357.78171
G0 F5400 X90.08 Y127.143
G1 F1800 X97.523 Y119.7 E358.832
G0 F5400 X96.958 Y119.7
G1 F1800 X90.08 Y126.577 E359.80249
G0 F5400 X90.08 Y126.011
G1 F1800 X96.392 Y119.7 E360.69311
G0 F5400 X95.826 Y119.7
G1 F1800 X90.08 Y125.446 E361.50393
G0 F5400 X90.08 Y124.88
G1 F1800 X95.261 Y119.7 E362.23496
G0 F5400 X94.695 Y119.7
G1 F1800 X90.08 Y124.314 E362.88611
G0 F5400 X90.08 Y123.749
G1 F1800 X94.129 Y119.7 E363.45747
G0 F5400 X93.564 Y119.7
G1 F1800 X90.08 Y123.183 E363.94903
G0 F5400 X90.08 Y122.617
G1 F1800 X92.998 Y119.7 E364.36072
G0 F5400 X92.432 Y119.7
G1 F1800 X90.08 Y122.052 E364.69261
G0 F5400 X90.08 Y121.486
G1 F1800 X91.867 Y119.7 E364.94471
G0 F5400 X91.301 Y119.7
G1 F1800 X90.08 Y120.92 E365.11693
G0 F5400 X90.08 Y120.355
G1 F1800 X90.735 Y119.7 E365.20936
G0 F5400 X90.17 Y119.7
G1 F1800 X90.08 Y119.789 E365.22199
G1 F1500 E358.72199
;MESH:NONMESH
G0 F600 X90.08 Y119.789 Z1.4
G0 F5400 X88.924 Y118.547
G0 X88.924 Y117.458
G0 X82.195 Y31.599
;TIME_ELAPSED:2571.567177
;LAYER:2
;TYPE:SUPPORT
G1 F1500 E365.22199
G1 F3600 X82.796 Y30.962 E365.30938
G1 X83.683 Y30.713 E365.4013
G1 X84.649 Y30.965 E365.50092
G1 X85.284 Y31.588 E365.58968
G1 X85.53 Y32.374 E365.67186
G1 X85.446 Y32.662 E365.70179
G1 X85.468 Y32.792 E365.71495
G1 X85.555 Y32.876 E365.72701
G1 X85.74 Y32.931 E365.74627
G1 X86.337 Y33.563 E365.83302
G1 X86.567 Y34.354 E365.91521
G1 X86.341 Y35.163 E365.99903
G1 X85.739 Y35.761 E366.08369
G1 X84.925 Y35.992 E366.16812
G1 X84.142 Y35.762 E366.24955
G1 X83.51 Y35.13 E366.33873
G1 X83.292 Y34.384 E366.41628
G1 X83.194 Y34.262 E366.4319
G1 X83.003 Y34.189 E366.4523
G1 X82.315 Y33.443 E366.55356
G1 X82.194 Y33.162 E366.58409
G1 X81.965 Y32.381 E366.6653
G1 X82.195 Y31.599 E366.74663
G1 F1500 E360.24663
G0 F7200 X87.093 Y31.123
G1 F1500 E366.74663
G1 F3600 X87.319 Y30.343 E366.82766
G1 X87.92 Y29.706 E366.91504
G1 X88.735 Y29.48 E366.99943
G1 X89.548 Y29.706 E367.08363
G1 X90.149 Y30.343 E367.17102
G1 X90.379 Y31.13 E367.25283
G1 X90.149 Y31.943 E367.33713
G1 X89.551 Y32.541 E367.42152
G1 X88.738 Y32.768 E367.50574
G1 X87.954 Y32.538 E367.58727
G1 X87.322 Y31.906 E367.67645
G1 X87.093 Y31.123 E367.75785
G1 F1500 E361.25785
G0 F7200 X82.987 Y85.089
G1 F1500 E367.75785
G1 F3600 X83.82 Y85.288 E367.8433
G1 X84.399 Y85.934 E367.92986
G1 X84.581 Y86.785 E368.0167
G1 X84.279 Y87.719 E368.11464
G1 X84.158 Y87.853 E368.13266
G1 X84.12 Y87.96 E368.14399
G1 X83.527 Y88.557 E368.22795
G1 X82.714 Y88.784 E368.31217
G1 X81.926 Y88.554 E368.39408
G1 X81.294 Y87.922 E368.48326
G1 X81.065 Y87.141 E368.56447
G1 X81.295 Y86.358 E368.6459
G1 X81.437 Y86.14 E368.67186
G1 X82.107 Y85.397 E368.77169
G1 X82.987 Y85.089 E368.86472
G1 F1500 E362.36472
G0 F7200 X85.441 Y87.395
G1 F1500 E368.86472
G1 F3600 X85.977 Y86.825 E368.94279
G1 X87.112 Y86.494 E369.06076
G1 X88.03 Y86.692 E369.15446
G1 X88.67 Y87.303 E369.24275
G1 X88.886 Y88.084 E369.32361
G1 X88.587 Y88.934 E369.41351
G1 X87.836 Y89.619 E369.51494
G1 X86.77 Y89.919 E369.62544
G1 X85.982 Y89.69 E369.70731
G1 X85.35 Y89.058 E369.7965
G1 X85.121 Y88.276 E369.8778
G1 X85.351 Y87.491 E369.95942
G1 X85.441 Y87.395 E369.97255
G1 F1500 E363.47255
G0 F7200 X90.245 Y88.276
G1 F1500 E369.97255
G1 F3600 X90.475 Y87.491 E370.05417
G1 X91.072 Y86.858 E370.14099
G1 X91.888 Y86.628 E370.22559
G1 X92.704 Y86.858 E370.31018
G1 X93.301 Y87.491 E370.397
G1 X93.531 Y88.282 E370.4792
G1 X93.305 Y89.091 E370.56301
G1 X92.703 Y89.689 E370.64768
G1 X91.889 Y89.92 E370.7321
G1 X91.106 Y89.69 E370.81353
G1 X90.474 Y89.058 E370.90271
G1 X90.245 Y88.276 E370.98402
G1 F1500 E364.48402
G0 F7200 X88.755 Y112.9
G1 F1500 E370.98402
G1 F3600 X89.568 Y113.13 E371.06833
G1 X90.169 Y113.763 E371.15542
G1 X90.399 Y114.553 E371.23752
G1 X90.169 Y115.363 E371.32154
G1 X89.571 Y115.961 E371.40592
G1 X88.757 Y116.192 E371.49035
G1 X87.974 Y115.962 E371.57178
G1 X87.342 Y115.33 E371.66096
G1 X87.113 Y114.547 E371.74236
G1 X87.339 Y113.763 E371.82377
G1 X87.94 Y113.13 E371.91087
G1 X88.755 Y112.9 E371.99537
G1 F1500 E365.49537
G0 F7200 X85.634 Y115.509
G1 F1500 E371.99537
G1 F3600 X85.825 Y115.738 E372.02512
G1 X85.96 Y116.275 E372.08037
G1 X85.999 Y116.345 E372.08837
G1 X86.309 Y117.242 E372.18306
G1 X86.128 Y118.109 E372.27144
G1 X85.547 Y118.701 E372.3542
G1 X84.69 Y118.888 E372.44173
G1 X83.835 Y118.583 E372.5323
G1 X82.97 Y117.702 E372.6555
G1 X82.922 Y117.562 E372.67027
G1 X82.238 Y116.875 E372.767
G1 X82.009 Y116.092 E372.8484
G1 X82.239 Y115.307 E372.93002
G1 X82.836 Y114.674 E373.01684
G1 X83.652 Y114.444 E373.10143
G1 X84.469 Y114.674 E373.18612
G1 X84.657 Y114.865 E373.21286
G1 X85.241 Y115.039 E373.27367
G1 X85.634 Y115.509 E373.3348
G1 F1500 E366.8348
G0 F7200 X83.722 Y168.869
G1 F1500 E373.3348
G1 F3600 X84.55 Y169.079 E373.42003
G1 X85.119 Y169.733 E373.50653
G1 X85.28 Y170.46 E373.58083
G1 X85.559 Y171.22 E373.66161
G1 X85.355 Y172.051 E373.74699
G1 X84.744 Y172.627 E373.83077
G1 X83.851 Y172.809 E373.92171
G1 X83.304 Y172.638 E373.97889
G1 X82.866 Y172.59 E374.02286
G1 X82.458 Y172.704 E374.06513
G1 X81.67 Y172.474 E374.14704
G1 X81.038 Y171.842 E374.23622
G1 X80.809 Y171.06 E374.31752
G1 X81.039 Y170.275 E374.39914
G1 X81.64 Y169.642 E374.48624
G1 X82.452 Y169.412 E374.57045
G1 X82.558 Y169.432 E374.58121
G1 X82.691 Y169.377 E374.59557
G1 X82.872 Y169.172 E374.62286
G1 X83.722 Y168.869 E374.7129
G1 F1500 E368.2129
G0 F7200 X87.259 Y170.915
G1 F1500 E374.7129
G1 F3600 X87.856 Y170.278 E374.80001
G1 X88.672 Y170.052 E374.8845
G1 X89.488 Y170.278 E374.96898
G1 X90.085 Y170.914 E375.05602
G1 X90.315 Y171.702 E375.13793
G1 X90.089 Y172.515 E375.22213
G1 X89.491 Y173.113 E375.30651
G1 X88.678 Y173.34 E375.39074
G1 X87.89 Y173.11 E375.47264
G1 X87.258 Y172.478 E375.56183
G1 X87.029 Y171.697 E375.64303
G1 X87.259 Y170.915 E375.72437
G1 F1500 E369.22437
G0 F7200 X204.421 Y171.695
G1 F1500 E375.72437
G1 F3600 X204.647 Y170.915 E375.8054
G1 X205.248 Y170.278 E375.89278
G1 X206.063 Y170.052 E375.97717
G1 X206.876 Y170.278 E376.06137
G1 X207.477 Y170.915 E376.14875
G1 X207.707 Y171.702 E376.23057
G1 X207.477 Y172.515 E376.31487
G1 X206.879 Y173.113 E376.39926
G1 X206.066 Y173.34 E376.48348
G1 X205.282 Y173.11 E376.565
G1 X204.65 Y172.478 E376.65419
G1 X204.421 Y171.695 E376.73559
G1 F1500 E370.23559
G0 F7200 X208.849 Y171.697
G1 F1500 E376.73559
G1 F3600 X209.079 Y170.915 E376.81692
G1 X209.717 Y170.237 E376.90981
G1 X210.841 Y169.899 E377.02693
G1 X211.762 Y170.092 E377.12082
G1 X212.385 Y170.698 E377.20754
G1 X212.598 Y171.484 E377.2888
G1 X212.299 Y172.342 E377.37946
G1 X211.591 Y172.988 E377.47509
G1 X211.308 Y173.113 E377.50596
G1 X210.498 Y173.34 E377.5899
G1 X209.71 Y173.11 E377.67181
G1 X209.078 Y172.478 E377.76099
G1 X208.849 Y171.697 E377.8422
G1 F1500 E371.3422
G0 F7200 X209.096 Y169.331
G0 X212.317 Y119.435
G1 F1500 E377.8422
G1 F3600 X211.53 Y119.206 E377.92398
G1 X210.895 Y118.567 E378.01387
G1 X210.673 Y117.786 E378.09488
G1 X211.016 Y116.638 E378.21444
G1 X211.646 Y115.9 E378.31126
G1 X212.487 Y115.606 E378.40015
G1 X213.29 Y115.829 E378.48331
G1 X213.868 Y116.52 E378.5732
G1 X214.077 Y117.419 E378.66529
G1 X213.749 Y118.579 E378.78557
G1 X213.13 Y119.202 E378.87321
G1 X212.317 Y119.435 E378.95759
G1 F1500 E372.45759
G0 F7200 X208.667 Y115.762
G1 F1500 E378.95759
G1 F3609 X208.467 Y115.961 E378.98567
G1 F3600 X207.653 Y116.192 E379.0701
G1 X206.87 Y115.962 E379.15153
G1 X206.238 Y115.33 E379.24071
G1 X206.009 Y114.548 E379.32202
G1 X206.239 Y113.763 E379.40364
G1 X206.836 Y113.13 E379.49046
G1 X207.652 Y112.9 E379.57505
G1 X208.468 Y113.13 E379.65965
G1 X209.065 Y113.763 E379.74647
G1 X209.295 Y114.554 E379.82866
G1 X209.069 Y115.363 E379.91247
G1 F3609 X208.667 Y115.762 E379.96885
G1 F1500 E373.46885
G0 F7200 X210.513 Y89.919
G1 F1500 E379.96885
G1 F3600 X209.726 Y89.69 E380.05063
G1 X209.094 Y89.058 E380.13981
G1 X208.865 Y88.276 E380.22112
G1 X209.095 Y87.491 E380.30274
G1 X209.741 Y86.812 E380.39625
G1 X210.862 Y86.471 E380.51317
G1 X211.778 Y86.664 E380.60657
G1 X212.401 Y87.27 E380.6933
G1 X212.614 Y88.059 E380.77484
G1 X212.311 Y88.914 E380.86535
G1 X211.607 Y89.564 E380.96096
G1 X211.405 Y89.625 E380.98201
G1 X211.327 Y89.689 E380.99208
G1 X210.513 Y89.919 E381.07648
G1 F1500 E374.57648
G0 F7200 X207.481 Y89.091
G1 F1500 E381.07648
G1 F3600 X206.879 Y89.689 E381.16115
G1 X206.065 Y89.92 E381.24558
G1 X205.282 Y89.69 E381.32701
G1 X204.65 Y89.058 E381.41619
G1 X204.421 Y88.276 E381.49749
G1 X204.651 Y87.491 E381.57911
G1 X205.248 Y86.858 E381.66593
G1 X206.064 Y86.628 E381.75053
G1 X206.88 Y86.858 E381.83512
G1 X207.477 Y87.491 E381.92194
G1 X207.707 Y88.282 E382.00414
G1 X207.481 Y89.091 E382.08795
G1 F1500 E375.58795
G0 F7200 X209.153 Y85.354
G0 X212.077 Y37.019
G1 F1500 E382.08795
G1 F3600 X211.29 Y36.79 E382.16973
G1 X210.658 Y36.158 E382.25892
G1 X210.429 Y35.371 E382.3407
G1 X211.045 Y33.229 E382.56309
G1 X211.674 Y32.487 E382.66015
G1 X212.519 Y32.194 E382.74939
G1 X213.322 Y32.416 E382.83252
G1 X213.899 Y33.108 E382.92242
G1 X214.105 Y34.007 E383.01445
G1 X213.493 Y36.191 E383.24076
G1 X212.891 Y36.789 E383.32543
G1 X212.077 Y37.019 E383.40983
G1 F1500 E376.90983
G0 F7200 X208.468 Y32.541
G1 F1500 E383.40983
G1 F3600 X207.654 Y32.768 E383.49415
G1 X206.87 Y32.538 E383.57568
G1 X206.238 Y31.906 E383.66486
G1 X206.009 Y31.125 E383.74607
G1 X206.239 Y30.343 E383.8274
G1 X206.836 Y29.706 E383.91451
G1 X207.652 Y29.48 E383.999
G1 X208.468 Y29.706 E384.08348
G1 X209.065 Y30.343 E384.1706
G1 X209.296 Y31.13 E384.25244
G1 X209.069 Y31.943 E384.33666
G1 X208.468 Y32.541 E384.42126
G1 F1500 E377.92126
;MESH:manette_front-Body_(Meshed).stl(1)
G0 F7200 X208.076 Y34.036
G0 X208.076 Y35.125
G0 X207.5 Y83.7
;TYPE:WALL-INNER
G1 F1500 E384.42126
G1 F3600 X207.5 Y35.7 E389.21072
G1 X89.5 Y35.7 E400.9848
G1 X89.5 Y83.7 E405.77426
G1 X207.5 Y83.7 E417.54835
G0 F7200 X207.9 Y84.1
G1 F3600 X207.9 Y35.3 E422.41763
G1 X89.1 Y35.3 E434.27155
G1 X89.1 Y84.1 E439.14083
G1 X207.9 Y84.1 E450.99474
G0 F7200 X208.3 Y84.5
;TYPE:WALL-OUTER
G1 F1800 X208.3 Y34.9 E455.94385
G1 X88.7 Y34.9 E467.87759
G1 X88.7 Y84.5 E472.8267
G1 X208.3 Y84.5 E484.76043
G0 F7200 X208.3 Y84.3
G0 X207.62 Y83.821
G0 X207.12 Y83.32
;TYPE:SKIN
G1 F1800 X89.88 Y83.32 E496.45869
G1 X89.88 Y36.08 E501.17231
G1 X207.12 Y36.08 E512.87057
G1 X207.12 Y83.32 E517.58419
G0 F7200 X206.552 Y36.28
G1 F1800 X206.92 Y36.649 E517.63619
G0 F7200 X206.92 Y37.214
G1 F1800 X205.986 Y36.28 E517.76799
G0 F7200 X205.42 Y36.28
G1 F1800 X206.92 Y37.78 E517.97966
G0 F7200 X206.92 Y38.346
G1 F1800 X204.854 Y36.28 E518.27119
G0 F7200 X204.289 Y36.28
G1 F1800 X206.92 Y38.911 E518.64245
G0 F7200 X206.92 Y39.477
G1 F1800 X203.723 Y36.28 E519.09359
G0 F7200 X203.157 Y36.28
G1 F1800 X206.92 Y40.043 E519.62459
G0 F7200 X206.92 Y40.608
G1 F1800 X202.592 Y36.28 E520.23531
G0 F7200 X202.026 Y36.28
G1 F1800 X206.92 Y41.174 E520.92591
G0 F7200 X206.92 Y41.74
G1 F1800 X201.46 Y36.28 E521.69637
G0 F7200 X200.895 Y36.28
G1 F1800 X206.92 Y42.305 E522.54657
G0 F7200 X206.92 Y42.871
G1 F1800 X200.329 Y36.28 E523.47663
G0 F7200 X199.763 Y36.28
G1 F1800 X206.92 Y43.437 E524.48656
G0 F7200 X206.92 Y44.003
G1 F1800 X199.198 Y36.28 E525.57629
G0 F7200 X198.632 Y36.28
G1 F1800 X206.92 Y44.568 E526.74581
G0 F7200 X206.92 Y45.134
G1 F1800 X198.066 Y36.28 E527.99521
G0 F7200 X197.501 Y36.28
G1 F1800 X206.92 Y45.7 E529.3244
G0 F7200 X206.92 Y46.265
G1 F1800 X196.935 Y36.28 E530.73339
G0 F7200 X196.369 Y36.28
G1 F1800 X206.92 Y46.831 E532.22225
G0 F7200 X206.92 Y47.397
G1 F1800 X195.804 Y36.28 E533.79091
G0 F7200 X195.238 Y36.28
G1 F1800 X206.92 Y47.962 E535.43937
G0 F7200 X206.92 Y48.528
G1 F1800 X194.672 Y36.28 E537.16769
G0 F7200 X194.106 Y36.28
G1 F1800 X206.92 Y49.094 E538.97589
G0 F7200 X206.92 Y49.659
G1 F1800 X193.541 Y36.28 E540.86381
G0 F7200 X192.975 Y36.28
G1 F1800 X206.92 Y50.225 E542.8316
G0 F7200 X206.92 Y50.791
G1 F1800 X192.409 Y36.28 E544.87926
G0 F7200 X191.844 Y36.28
G1 F1800 X206.92 Y51.356 E547.00664
G0 F7200 X206.92 Y51.922
G1 F1800 X191.278 Y36.28 E549.2139
G0 F7200 X190.712 Y36.28
G1 F1800 X206.92 Y52.488 E551.50102
G0 F7200 X206.92 Y53.054
G1 F1800 X190.147 Y36.28 E553.86794
G0 F7200 X189.581 Y36.28
G1 F1800 X206.92 Y53.619 E556.31466
G0 F7200 X206.92 Y54.185
G1 F1800 X189.015 Y36.28 E558.84125
G0 F7200 X188.45 Y36.28
G1 F1800 X206.92 Y54.751 E561.44764
G0 F7200 X206.92 Y55.316
G1 F1800 X187.884 Y36.28 E564.13383
G0 F7200 X187.318 Y36.28
G1 F1800 X206.92 Y55.882 E566.89988
G0 F7200 X206.92 Y56.448
G1 F1800 X186.753 Y36.28 E569.74573
G0 F7200 X186.187 Y36.28
G1 F1800 X206.92 Y57.013 E572.67138
G0 F7200 X206.92 Y57.579
G1 F1800 X185.621 Y36.28 E575.6769
G0 F7200 X185.056 Y36.28
G1 F1800 X206.92 Y58.145 E578.76222
G0 F7200 X206.92 Y58.71
G1 F1800 X184.49 Y36.28 E581.92733
G0 F7200 X183.924 Y36.28
G1 F1800 X206.92 Y59.276 E585.17232
G0 F7200 X206.92 Y59.842
G1 F1800 X183.358 Y36.28 E588.49717
G0 F7200 X182.793 Y36.28
G1 F1800 X206.92 Y60.407 E591.90175
G0 F7200 X206.92 Y60.973
G1 F1800 X182.227 Y36.28 E595.3862
G0 F7200 X181.661 Y36.28
G1 F1800 X206.92 Y61.539 E598.95052
G0 F7200 X206.92 Y62.104
G1 F1800 X181.096 Y36.28 E602.59456
G0 F7200 X180.53 Y36.28
G1 F1800 X206.92 Y62.67 E606.31848
G0 F7200 X206.92 Y63.236
G1 F1800 X179.964 Y36.28 E610.12226
G0 F7200 X179.399 Y36.28
G1 F1800 X206.92 Y63.802 E614.00584
G0 F7200 X206.92 Y64.367
G1 F1800 X178.833 Y36.28 E617.96922
G0 F7200 X178.267 Y36.28
G1 F1800 X206.92 Y64.933 E622.01247
G0 F7200 X206.92 Y65.499
G1 F1800 X177.702 Y36.28 E626.13551
G0 F7200 X177.136 Y36.28
G1 F1800 X206.92 Y66.064 E630.33836
G0 F7200 X206.92 Y66.63
G1 F1800 X176.57 Y36.28 E634.62107
G0 F7200 X176.005 Y36.28
G1 F1800 X206.92 Y67.196 E638.98358
G0 F7200 X206.92 Y67.761
G1 F1800 X175.439 Y36.28 E643.42589
G0 F7200 X174.873 Y36.28
G1 F1800 X206.92 Y68.327 E647.94807
G0 F7200 X206.92 Y68.893
G1 F1800 X174.307 Y36.28 E652.55011
G0 F7200 X173.742 Y36.28
G1 F1800 X206.92 Y69.458 E657.23189
G0 F7200 X206.92 Y70.024
G1 F1800 X173.176 Y36.28 E661.99353
G0 F7200 X172.61 Y36.28
G1 F1800 X206.92 Y70.59 E666.83504
G0 F7200 X206.92 Y71.155
G1 F1800 X172.045 Y36.28 E671.75628
G0 F7200 X171.479 Y36.28
G1 F1800 X206.92 Y71.721 E676.75739
G0 F7200 X206.92 Y72.287
G1 F1800 X170.913 Y36.28 E681.83837
G0 F7200 X170.348 Y36.28
G1 F1800 X206.92 Y72.853 E686.99914
G0 F7200 X206.92 Y73.418
G1 F1800 X169.782 Y36.28 E692.23971
G0 F7200 X169.216 Y36.28
G1 F1800 X206.92 Y73.984 E697.56016
G0 F7200 X206.92 Y74.55
G1 F1800 X168.651 Y36.28 E702.9604
G0 F7200 X168.085 Y36.28
G1 F1800 X206.92 Y75.115 E708.44043
G0 F7200 X206.92 Y75.681
G1 F1800 X167.519 Y36.28 E714.00034
G0 F7200 X166.954 Y36.28
G1 F1800 X206.92 Y76.247 E719.64005
G0 F7200 X206.92 Y76.812
G1 F1800 X166.388 Y36.28 E725.35955
G0 F7200 X165.822 Y36.28
G1 F1800 X206.92 Y77.378 E731.15892
G0 F7200 X206.92 Y77.944
G1 F1800 X165.257 Y36.28 E737.03809
G0 F7200 X164.691 Y36.28
G1 F1800 X206.92 Y78.509 E742.99706
G0 F7200 X206.92 Y79.075
G1 F1800 X164.125 Y36.28 E749.0359
G0 F7200 X163.559 Y36.28
G1 F1800 X206.92 Y79.641 E755.1546
G0 F7200 X206.92 Y80.206
G1 F1800 X162.994 Y36.28 E761.35303
G0 F7200 X162.428 Y36.28
G1 F1800 X206.92 Y80.772 E767.63134
G0 F7200 X206.92 Y81.338
G1 F1800 X161.862 Y36.28 E773.98951
G0 F7200 X161.297 Y36.28
G1 F1800 X206.92 Y81.903 E780.4274
G0 F7200 X206.92 Y82.469
G1 F1800 X160.731 Y36.28 E786.94517
G0 F7200 X160.165 Y36.28
G1 F1800 X206.92 Y83.035 E793.54281
G0 F7200 X206.439 Y83.12
G1 F1800 X159.6 Y36.28 E800.15237
G0 F7200 X159.034 Y36.28
G1 F1800 X205.873 Y83.12 E806.76193
G0 F7200 X205.308 Y83.12
G1 F1800 X158.468 Y36.28 E813.37156
G0 F7200 X157.903 Y36.28
G1 F1800 X204.742 Y83.12 E819.98112
G0 F7200 X204.176 Y83.12
G1 F1800 X157.337 Y36.28 E826.59067
G0 F7200 X156.771 Y36.28
G1 F1800 X203.611 Y83.12 E833.2003
G0 F7200 X203.045 Y83.12
G1 F1800 X156.206 Y36.28 E839.80986
G0 F7200 X155.64 Y36.28
G1 F1800 X202.479 Y83.12 E846.41942
G0 F7200 X201.914 Y83.12
G1 F1800 X155.074 Y36.28 E853.02905
G0 F7200 X154.508 Y36.28
G1 F1800 X201.348 Y83.12 E859.63868
G0 F7200 X200.782 Y83.12
G1 F1800 X153.943 Y36.28 E866.24824
G0 F7200 X153.377 Y36.28
G1 F1800 X200.217 Y83.12 E872.85787
G0 F7200 X199.651 Y83.12
G1 F1800 X152.811 Y36.28 E879.4675
G0 F7200 X152.246 Y36.28
G1 F1800 X199.085 Y83.12 E886.07706
G0 F7200 X198.52 Y83.12
G1 F1800 X151.68 Y36.28 E892.68669
G0 F7200 X151.114 Y36.28
G1 F1800 X197.954 Y83.12 E899.29632
G0 F7200 X197.388 Y83.12
G1 F1800 X150.549 Y36.28 E905.90588
G0 F7200 X149.983 Y36.28
G1 F1800 X196.822 Y83.12 E912.51544
G0 F7200 X196.257 Y83.12
G1 F1800 X149.417 Y36.28 E919.12507
G0 F7200 X148.852 Y36.28
G1 F1800 X195.691 Y83.12 E925.73463
G0 F7200 X195.125 Y83.12
G1 F1800 X148.286 Y36.28 E932.34419
G0 F7200 X147.72 Y36.28
G1 F1800 X194.56 Y83.12 E938.95382
G0 F7200 X193.994 Y83.12
G1 F1800 X147.155 Y36.28 E945.56338
G0 F7200 X146.589 Y36.28
G1 F1800 X193.428 Y83.12 E952.17294
G0 F7200 X192.863 Y83.12
G1 F1800 X146.023 Y36.28 E958.78257
G0 F7200 X145.458 Y36.28
G1 F1800 X192.297 Y83.12 E965.39213
G0 F7200 X191.731 Y83.12
G1 F1800 X144.892 Y36.28 E972.00169
G0 F7200 X144.326 Y36.28
G1 F1800 X191.166 Y83.12 E978.61132
G0 F7200 X190.6 Y83.12
G1 F1800 X143.76 Y36.28 E985.22095
G0 F7200 X143.195 Y36.28
G1 F1800 X190.034 Y83.12 E991.83051
G0 F7200 X189.469 Y83.12
G1 F1800 X142.629 Y36.28 E998.44014
G0 F7200 X142.063 Y36.28
G1 F1800 X188.903 Y83.12 E1005.04977
G0 F7200 X188.337 Y83.12
G1 F1800 X141.498 Y36.28 E1011.65933
G0 F7200 X140.932 Y36.28
G1 F1800 X187.771 Y83.12 E1018.26889
G0 F7200 X187.206 Y83.12
G1 F1800 X140.366 Y36.28 E1024.87852
G0 F7200 X139.801 Y36.28
G1 F1800 X186.64 Y83.12 E1031.48807
G0 F7200 X186.074 Y83.12
G1 F1800 X139.235 Y36.28 E1038.09763
G0 F7200 X138.669 Y36.28
G1 F1800 X185.509 Y83.12 E1044.70726
G0 F7200 X184.943 Y83.12
G1 F1800 X138.104 Y36.28 E1051.31682
G0 F7200 X137.538 Y36.28
G1 F1800 X184.377 Y83.12 E1057.92638
G0 F7200 X183.812 Y83.12
G1 F1800 X136.972 Y36.28 E1064.53601
G0 F7200 X136.407 Y36.28
G1 F1800 X183.246 Y83.12 E1071.14557
G0 F7200 X182.68 Y83.12
G1 F1800 X135.841 Y36.28 E1077.75513
G0 F7200 X135.275 Y36.28
G1 F1800 X182.115 Y83.12 E1084.36476
G0 F7200 X181.549 Y83.12
G1 F1800 X134.709 Y36.28 E1090.97439
G0 F7200 X134.144 Y36.28
G1 F1800 X180.983 Y83.12 E1097.58395
G0 F7200 X180.418 Y83.12
G1 F1800 X133.578 Y36.28 E1104.19358
G0 F7200 X133.012 Y36.28
G1 F1800 X179.852 Y83.12 E1110.80321
G0 F7200 X179.286 Y83.12
G1 F1800 X132.447 Y36.28 E1117.41277
G0 F7200 X131.881 Y36.28
G1 F1800 X178.721 Y83.12 E1124.0224
G0 F7200 X178.155 Y83.12
G1 F1800 X131.315 Y36.28 E1130.63203
G0 F7200 X130.75 Y36.28
G1 F1800 X177.589 Y83.12 E1137.24159
G0 F7200 X177.023 Y83.12
G1 F1800 X130.184 Y36.28 E1143.85115
G0 F7200 X129.618 Y36.28
G1 F1800 X176.458 Y83.12 E1150.46078
G0 F7200 X175.892 Y83.12
G1 F1800 X129.053 Y36.28 E1157.07034
G0 F7200 X128.487 Y36.28
G1 F1800 X175.326 Y83.12 E1163.6799
G0 F7200 X174.761 Y83.12
G1 F1800 X127.921 Y36.28 E1170.28953
G0 F7200 X127.356 Y36.28
G1 F1800 X174.195 Y83.12 E1176.89909
G0 F7200 X173.629 Y83.12
G1 F1800 X126.79 Y36.28 E1183.50865
G0 F7200 X126.224 Y36.28
G1 F1800 X173.064 Y83.12 E1190.11828
G0 F7200 X172.498 Y83.12
G1 F1800 X125.659 Y36.28 E1196.72784
G0 F7200 X125.093 Y36.28
G1 F1800 X171.932 Y83.12 E1203.3374
G0 F7200 X171.367 Y83.12
G1 F1800 X124.527 Y36.28 E1209.94703
G0 F7200 X123.961 Y36.28
G1 F1800 X170.801 Y83.12 E1216.55666
G0 F7200 X170.235 Y83.12
G1 F1800 X123.396 Y36.28 E1223.16622
G0 F7200 X122.83 Y36.28
G1 F1800 X169.67 Y83.12 E1229.77585
G0 F7200 X169.104 Y83.12
G1 F1800 X122.264 Y36.28 E1236.38548
G0 F7200 X121.699 Y36.28
G1 F1800 X168.538 Y83.12 E1242.99503
G0 F7200 X167.973 Y83.12
G1 F1800 X121.133 Y36.28 E1249.60466
G0 F7200 X120.567 Y36.28
G1 F1800 X167.407 Y83.12 E1256.21429
G0 F7200 X166.841 Y83.12
G1 F1800 X120.002 Y36.28 E1262.82385
G0 F7200 X119.436 Y36.28
G1 F1800 X166.275 Y83.12 E1269.43341
G0 F7200 X165.71 Y83.12
G1 F1800 X118.87 Y36.28 E1276.04304
G0 F7200 X118.305 Y36.28
G1 F1800 X165.144 Y83.12 E1282.6526
G0 F7200 X164.578 Y83.12
G1 F1800 X117.739 Y36.28 E1289.26216
G0 F7200 X117.173 Y36.28
G1 F1800 X164.013 Y83.12 E1295.87179
G0 F7200 X163.447 Y83.12
G1 F1800 X116.608 Y36.28 E1302.48135
G0 F7200 X116.042 Y36.28
G1 F1800 X162.881 Y83.12 E1309.09091
G0 F7200 X162.316 Y83.12
G1 F1800 X115.476 Y36.28 E1315.70054
G0 F7200 X114.911 Y36.28
G1 F1800 X161.75 Y83.12 E1322.3101
G0 F7200 X161.184 Y83.12
G1 F1800 X114.345 Y36.28 E1328.91966
G0 F7200 X113.779 Y36.28
G1 F1800 X160.619 Y83.12 E1335.52929
G0 F7200 X160.053 Y83.12
G1 F1800 X113.213 Y36.28 E1342.13892
G0 F7200 X112.648 Y36.28
G1 F1800 X159.487 Y83.12 E1348.74848
G0 F7200 X158.922 Y83.12
G1 F1800 X112.082 Y36.28 E1355.35811
G0 F7200 X111.516 Y36.28
G1 F1800 X158.356 Y83.12 E1361.96774
G0 F7200 X157.79 Y83.12
G1 F1800 X110.951 Y36.28 E1368.5773
G0 F7200 X110.385 Y36.28
G1 F1800 X157.224 Y83.12 E1375.18686
G0 F7200 X156.659 Y83.12
G1 F1800 X109.819 Y36.28 E1381.79649
G0 F7200 X109.254 Y36.28
G1 F1800 X156.093 Y83.12 E1388.40605
G0 F7200 X155.527 Y83.12
G1 F1800 X108.688 Y36.28 E1395.01561
G0 F7200 X108.122 Y36.28
G1 F1800 X154.962 Y83.12 E1401.62524
G0 F7200 X154.396 Y83.12
G1 F1800 X107.557 Y36.28 E1408.2348
G0 F7200 X106.991 Y36.28
G1 F1800 X153.83 Y83.12 E1414.84436
G0 F7200 X153.265 Y83.12
G1 F1800 X106.425 Y36.28 E1421.45399
G0 F7200 X105.86 Y36.28
G1 F1800 X152.699 Y83.12 E1428.06355
G0 F7200 X152.133 Y83.12
G1 F1800 X105.294 Y36.28 E1434.6731
G0 F7200 X104.728 Y36.28
G1 F1800 X151.568 Y83.12 E1441.28273
G0 F7200 X151.002 Y83.12
G1 F1800 X104.162 Y36.28 E1447.89236
G0 F7200 X103.597 Y36.28
G1 F1800 X150.436 Y83.12 E1454.50192
G0 F7200 X149.871 Y83.12
G1 F1800 X103.031 Y36.28 E1461.11155
G0 F7200 X102.465 Y36.28
G1 F1800 X149.305 Y83.12 E1467.72118
G0 F7200 X148.739 Y83.12
G1 F1800 X101.9 Y36.28 E1474.33074
G0 F7200 X101.334 Y36.28
G1 F1800 X148.174 Y83.12 E1480.94037
G0 F7200 X147.608 Y83.12
G1 F1800 X100.768 Y36.28 E1487.55
G0 F7200 X100.203 Y36.28
G1 F1800 X147.042 Y83.12 E1494.15956
G0 F7200 X146.476 Y83.12
G1 F1800 X99.637 Y36.28 E1500.76912
G0 F7200 X99.071 Y36.28
G1 F1800 X145.911 Y83.12 E1507.37875
G0 F7200 X145.345 Y83.12
G1 F1800 X98.506 Y36.28 E1513.98831
G0 F7200 X97.94 Y36.28
G1 F1800 X144.779 Y83.12 E1520.59787
G0 F7200 X144.214 Y83.12
G1 F1800 X97.374 Y36.28 E1527.2075
G0 F7200 X96.809 Y36.28
G1 F1800 X143.648 Y83.12 E1533.81706
G0 F7200 X143.082 Y83.12
G1 F1800 X96.243 Y36.28 E1540.42662
G0 F7200 X95.677 Y36.28
G1 F1800 X142.517 Y83.12 E1547.03625
G0 F7200 X141.951 Y83.12
G1 F1800 X95.112 Y36.28 E1553.64581
G0 F7200 X94.546 Y36.28
G1 F1800 X141.385 Y83.12 E1560.25537
G0 F7200 X140.82 Y83.12
G1 F1800 X93.98 Y36.28 E1566.865
G0 F7200 X93.414 Y36.28
G1 F1800 X140.254 Y83.12 E1573.47463
G0 F7200 X139.688 Y83.12
G1 F1800 X92.849 Y36.28 E1580.08419
G0 F7200 X92.283 Y36.28
G1 F1800 X139.123 Y83.12 E1586.69382
G0 F7200 X138.557 Y83.12
G1 F1800 X91.717 Y36.28 E1593.30345
G0 F7200 X91.152 Y36.28
G1 F1800 X137.991 Y83.12 E1599.91301
G0 F7200 X137.425 Y83.12
G1 F1800 X90.586 Y36.28 E1606.52257
G0 F7200 X90.08 Y36.34
G1 F1800 X136.86 Y83.12 E1613.12373
G0 F7200 X136.294 Y83.12
G1 F1800 X90.08 Y36.905 E1619.6451
G0 F7200 X90.08 Y37.471
G1 F1800 X135.728 Y83.12 E1626.08659
G0 F7200 X135.163 Y83.12
G1 F1800 X90.08 Y38.037 E1632.44829
G0 F7200 X90.08 Y38.602
G1 F1800 X134.597 Y83.12 E1638.73019
G0 F7200 X134.031 Y83.12
G1 F1800 X90.08 Y39.168 E1644.93222
G0 F7200 X90.08 Y39.734
G1 F1800 X133.466 Y83.12 E1651.05445
G0 F7200 X132.9 Y83.12
G1 F1800 X90.08 Y40.299 E1657.09689
G0 F7200 X90.08 Y40.865
G1 F1800 X132.334 Y83.12 E1663.05946
G0 F7200 X131.769 Y83.12
G1 F1800 X90.08 Y41.431 E1668.94222
G0 F7200 X90.08 Y41.996
G1 F1800 X131.203 Y83.12 E1674.74519
G0 F7200 X130.637 Y83.12
G1 F1800 X90.08 Y42.562 E1680.4683
G0 F7200 X90.08 Y43.128
G1 F1800 X130.072 Y83.12 E1686.1116
G0 F7200 X129.506 Y83.12
G1 F1800 X90.08 Y43.694 E1691.67503
G0 F7200 X90.08 Y44.259
G1 F1800 X128.94 Y83.12 E1697.15867
G0 F7200 X128.375 Y83.12
G1 F1800 X90.08 Y44.825 E1702.56251
G0 F7200 X90.08 Y45.391
G1 F1800 X127.809 Y83.12 E1707.88648
G0 F7200 X127.243 Y83.12
G1 F1800 X90.08 Y45.956 E1713.13065
G0 F7200 X90.08 Y46.522
G1 F1800 X126.677 Y83.12 E1718.29495
G0 F7200 X126.112 Y83.12
G1 F1800 X90.08 Y47.088 E1723.37946
G0 F7200 X90.08 Y47.653
G1 F1800 X125.546 Y83.12 E1728.38416
G0 F7200 X124.98 Y83.12
G1 F1800 X90.08 Y48.219 E1733.309
G0 F7200 X90.08 Y48.785
G1 F1800 X124.415 Y83.12 E1738.15404
G0 F7200 X123.849 Y83.12
G1 F1800 X90.08 Y49.35 E1742.91928
G0 F7200 X90.08 Y49.916
G1 F1800 X123.283 Y83.12 E1747.60465
G0 F7200 X122.718 Y83.12
G1 F1800 X90.08 Y50.482 E1752.21023
G0 F7200 X90.08 Y51.047
G1 F1800 X122.152 Y83.12 E1756.736
G0 F7200 X121.586 Y83.12
G1 F1800 X90.08 Y51.613 E1761.18191
G0 F7200 X90.08 Y52.179
G1 F1800 X121.021 Y83.12 E1765.54802
G0 F7200 X120.455 Y83.12
G1 F1800 X90.08 Y52.745 E1769.83426
G0 F7200 X90.08 Y53.31
G1 F1800 X119.889 Y83.12 E1774.0407
G0 F7200 X119.324 Y83.12
G1 F1800 X90.08 Y53.876 E1778.16735
G0 F7200 X90.08 Y54.442
G1 F1800 X118.758 Y83.12 E1782.21412
G0 F7200 X118.192 Y83.12
G1 F1800 X90.08 Y55.007 E1786.1811
G0 F7200 X90.08 Y55.573
G1 F1800 X117.627 Y83.12 E1790.06828
G0 F7200 X117.061 Y83.12
G1 F1800 X90.08 Y56.139 E1793.87559
G0 F7200 X90.08 Y56.704
G1 F1800 X116.495 Y83.12 E1797.6031
G0 F7200 X115.929 Y83.12
G1 F1800 X90.08 Y57.27 E1801.25075
G0 F7200 X90.08 Y57.836
G1 F1800 X115.364 Y83.12 E1804.81859
G0 F7200 X114.798 Y83.12
G1 F1800 X90.08 Y58.401 E1808.30664
G0 F7200 X90.08 Y58.967
G1 F1800 X114.232 Y83.12 E1811.71482
G0 F7200 X113.667 Y83.12
G1 F1800 X90.08 Y59.533 E1815.0432
G0 F7200 X90.08 Y60.098
G1 F1800 X113.101 Y83.12 E1818.29178
G0 F7200 X112.535 Y83.12
G1 F1800 X90.08 Y60.664 E1821.46049
G0 F7200 X90.08 Y61.23
G1 F1800 X111.97 Y83.12 E1824.54941
G0 F7200 X111.404 Y83.12
G1 F1800 X90.08 Y61.795 E1827.55853
G0 F7200 X90.08 Y62.361
G1 F1800 X110.838 Y83.12 E1830.48778
G0 F7200 X110.273 Y83.12
G1 F1800 X90.08 Y62.927 E1833.33723
G0 F7200 X90.08 Y63.493
G1 F1800 X109.707 Y83.12 E1836.10681
G0 F7200 X109.141 Y83.12
G1 F1800 X90.08 Y64.058 E1838.79659
G0 F7200 X90.08 Y64.624
G1 F1800 X108.576 Y83.12 E1841.40658
G0 F7200 X108.01 Y83.12
G1 F1800 X90.08 Y65.19 E1843.93669
G0 F7200 X90.08 Y65.755
G1 F1800 X107.444 Y83.12 E1846.38701
G0 F7200 X106.878 Y83.12
G1 F1800 X90.08 Y66.321 E1848.75746
G0 F7200 X90.08 Y66.887
G1 F1800 X106.313 Y83.12 E1851.04811
G0 F7200 X105.747 Y83.12
G1 F1800 X90.08 Y67.452 E1853.25897
G0 F7200 X90.08 Y68.018
G1 F1800 X105.181 Y83.12 E1855.38995
G0 F7200 X104.616 Y83.12
G1 F1800 X90.08 Y68.584 E1857.44114
G0 F7200 X90.08 Y69.149
G1 F1800 X104.05 Y83.12 E1859.41253
G0 F7200 X103.484 Y83.12
G1 F1800 X90.08 Y69.715 E1861.30405
G0 F7200 X90.08 Y70.281
G1 F1800 X102.919 Y83.12 E1863.11577
G0 F7200 X102.353 Y83.12
G1 F1800 X90.08 Y70.846 E1864.84769
G0 F7200 X90.08 Y71.412
G1 F1800 X101.787 Y83.12 E1866.49975
G0 F7200 X101.222 Y83.12
G1 F1800 X90.08 Y71.978 E1868.072
G0 F7200 X90.08 Y72.543
G1 F1800 X100.656 Y83.12 E1869.56446
G0 F7200 X100.09 Y83.12
G1 F1800 X90.08 Y73.109 E1870.97705
G0 F7200 X90.08 Y73.675
G1 F1800 X99.525 Y83.12 E1872.30984
G0 F7200 X98.959 Y83.12
G1 F1800 X90.08 Y74.241 E1873.56277
G0 F7200 X90.08 Y74.806
G1 F1800 X98.393 Y83.12 E1874.73589
G0 F7200 X97.828 Y83.12
G1 F1800 X90.08 Y75.372 E1875.82922
G0 F7200 X90.08 Y75.938
G1 F1800 X97.262 Y83.12 E1876.84267
G0 F7200 X96.696 Y83.12
G1 F1800 X90.08 Y76.503 E1877.77633
G0 F7200 X90.08 Y77.069
G1 F1800 X96.13 Y83.12 E1878.63012
G0 F7200 X95.565 Y83.12
G1 F1800 X90.08 Y77.635 E1879.40412
G0 F7200 X90.08 Y78.2
G1 F1800 X94.999 Y83.12 E1880.09831
G0 F7200 X94.433 Y83.12
G1 F1800 X90.08 Y78.766 E1880.71264
G0 F7200 X90.08 Y79.332
G1 F1800 X93.868 Y83.12 E1881.24717
G0 F7200 X93.302 Y83.12
G1 F1800 X90.08 Y79.897 E1881.7019
G0 F7200 X90.08 Y80.463
G1 F1800 X92.736 Y83.12 E1882.07676
G0 F7200 X92.171 Y83.12
G1 F1800 X90.08 Y81.029 E1882.37182
G0 F7200 X90.08 Y81.594
G1 F1800 X91.605 Y83.12 E1882.58708
G0 F7200 X91.039 Y83.12
G1 F1800 X90.08 Y82.16 E1882.72248
G0 F7200 X90.08 Y82.726
G1 F1800 X90.474 Y83.12 E1882.77808
G1 F1500 E1876.27808
;MESH:manette_front-Body_(Meshed).stl
G0 F7200 X207.5 Y84.271
G0 X207.5 Y85.366
G0 X207.5 Y117.458
G0 X207.5 Y118.553
G0 X207.5 Y167.12
;TYPE:WALL-INNER
G1 F1500 E1882.77808
G1 F3600 X207.5 Y119.12 E1887.56754
G1 X89.5 Y119.12 E1899.34162
G1 X89.5 Y167.12 E1904.13108
G1 X207.5 Y167.12 E1915.90517
G0 F7200 X207.9 Y167.52
G1 F3600 X207.9 Y118.72 E1920.77446
G1 X89.1 Y118.72 E1932.62837
G1 X89.1 Y167.52 E1937.49765
G1 X207.9 Y167.52 E1949.35156
G0 F7200 X208.3 Y167.92
;TYPE:WALL-OUTER
G1 F1800 X208.3 Y118.32 E1954.30067
G1 X88.7 Y118.32 E1966.23441
G1 X88.7 Y167.92 E1971.18352
G1 X208.3 Y167.92 E1983.11725
G0 F7200 X208.3 Y167.72
G0 X207.62 Y167.243
G0 X207.12 Y166.74
;TYPE:SKIN
G1 F1800 X89.88 Y166.74 E1994.81551
G1 X89.88 Y119.5 E1999.52913
G1 X207.12 Y119.5 E2011.22739
G1 X207.12 Y166.74 E2015.94101
G0 F7200 X206.816 Y119.7
G1 F1800 X206.92 Y119.804 E2015.95569
G0 F7200 X206.92 Y120.37
G1 F1800 X206.25 Y119.7 E2016.05023
G0 F7200 X205.685 Y119.7
G1 F1800 X206.92 Y120.936 E2016.22458
G0 F7200 X206.92 Y121.501
G1 F1800 X205.119 Y119.7 E2016.47872
G0 F7200 X204.553 Y119.7
G1 F1800 X206.92 Y122.067 E2016.81273
G0 F7200 X206.92 Y122.633
G1 F1800 X203.988 Y119.7 E2017.22653
G0 F7200 X203.422 Y119.7
G1 F1800 X206.92 Y123.199 E2017.72021
G0 F7200 X206.92 Y123.764
G1 F1800 X202.856 Y119.7 E2018.29368
G0 F7200 X202.291 Y119.7
G1 F1800 X206.92 Y124.33 E2018.94696
G0 F7200 X206.92 Y124.896
G1 F1800 X201.725 Y119.7 E2019.6801
G0 F7200 X201.159 Y119.7
G1 F1800 X206.92 Y125.461 E2020.49304
G0 F7200 X206.92 Y126.027
G1 F1800 X200.593 Y119.7 E2021.38585
G0 F7200 X200.028 Y119.7
G1 F1800 X206.92 Y126.593 E2022.35845
G0 F7200 X206.92 Y127.158
G1 F1800 X199.462 Y119.7 E2023.41086
G0 F7200 X198.896 Y119.7
G1 F1800 X206.92 Y127.724 E2024.54313
G0 F7200 X206.92 Y128.29
G1 F1800 X198.331 Y119.7 E2025.7552
G0 F7200 X197.765 Y119.7
G1 F1800 X206.92 Y128.855 E2027.04707
G0 F7200 X206.92 Y129.421
G1 F1800 X197.199 Y119.7 E2028.41881
G0 F7200 X196.634 Y119.7
G1 F1800 X206.92 Y129.987 E2029.87034
G0 F7200 X206.92 Y130.552
G1 F1800 X196.068 Y119.7 E2031.40168
G0 F7200 X195.502 Y119.7
G1 F1800 X206.92 Y131.118 E2033.01288
G0 F7200 X206.92 Y131.684
G1 F1800 X194.937 Y119.7 E2034.70388
G0 F7200 X194.371 Y119.7
G1 F1800 X206.92 Y132.249 E2036.47468
G0 F7200 X206.92 Y132.815
G1 F1800 X193.805 Y119.7 E2038.32535
G0 F7200 X193.24 Y119.7
G1 F1800 X206.92 Y133.381 E2040.25582
G0 F7200 X206.92 Y133.947
G1 F1800 X192.674 Y119.7 E2042.26615
G0 F7200 X192.108 Y119.7
G1 F1800 X206.92 Y134.512 E2044.35629
G0 F7200 X206.92 Y135.078
G1 F1800 X191.542 Y119.7 E2046.52629
G0 F7200 X190.977 Y119.7
G1 F1800 X206.92 Y135.644 E2048.77609
G0 F7200 X206.92 Y136.209
G1 F1800 X190.411 Y119.7 E2051.10569
G0 F7200 X189.845 Y119.7
G1 F1800 X206.92 Y136.775 E2053.51515
G0 F7200 X206.92 Y137.341
G1 F1800 X189.28 Y119.7 E2056.00442
G0 F7200 X188.714 Y119.7
G1 F1800 X206.92 Y137.906 E2058.57348
G0 F7200 X206.92 Y138.472
G1 F1800 X188.148 Y119.7 E2061.22241
G0 F7200 X187.583 Y119.7
G1 F1800 X206.92 Y139.038 E2063.95114
G0 F7200 X206.92 Y139.603
G1 F1800 X187.017 Y119.7 E2066.75967
G0 F7200 X186.451 Y119.7
G1 F1800 X206.92 Y140.169 E2069.64807
G0 F7200 X206.92 Y140.735
G1 F1800 X185.886 Y119.7 E2072.61626
G0 F7200 X185.32 Y119.7
G1 F1800 X206.92 Y141.3 E2075.66426
G0 F7200 X206.92 Y141.866
G1 F1800 X184.754 Y119.7 E2078.79212
G0 F7200 X184.189 Y119.7
G1 F1800 X206.92 Y142.432 E2081.99978
G0 F7200 X206.92 Y142.997
G1 F1800 X183.623 Y119.7 E2085.28724
G0 F7200 X183.057 Y119.7
G1 F1800 X206.92 Y143.563 E2088.65456
G0 F7200 X206.92 Y144.129
G1 F1800 X182.492 Y119.7 E2092.10169
G0 F7200 X181.926 Y119.7
G1 F1800 X206.92 Y144.695 E2095.62868
G0 F7200 X206.92 Y145.26
G1 F1800 X181.36 Y119.7 E2099.23548
G0 F7200 X180.794 Y119.7
G1 F1800 X206.92 Y145.826 E2102.92214
G0 F7200 X206.92 Y146.392
G1 F1800 X180.229 Y119.7 E2106.6886
G0 F7200 X179.663 Y119.7
G1 F1800 X206.92 Y146.957 E2110.53485
G0 F7200 X206.92 Y147.523
G1 F1800 X179.097 Y119.7 E2114.46098
G0 F7200 X178.532 Y119.7
G1 F1800 X206.92 Y148.089 E2118.4669
G0 F7200 X206.92 Y148.654
G1 F1800 X177.966 Y119.7 E2122.55262
G0 F7200 X177.4 Y119.7
G1 F1800 X206.92 Y149.22 E2126.71822
G0 F7200 X206.92 Y149.786
G1 F1800 X176.835 Y119.7 E2130.9636
G0 F7200 X176.269 Y119.7
G1 F1800 X206.92 Y150.351 E2135.28879
G0 F7200 X206.92 Y150.917
G1 F1800 X175.703 Y119.7 E2139.69385
G0 F7200 X175.138 Y119.7
G1 F1800 X206.92 Y151.483 E2144.1787
G0 F7200 X206.92 Y152.048
G1 F1800 X174.572 Y119.7 E2148.74335
G0 F7200 X174.006 Y119.7
G1 F1800 X206.92 Y152.614 E2153.38787
G0 F7200 X206.92 Y153.18
G1 F1800 X173.441 Y119.7 E2158.11219
G0 F7200 X172.875 Y119.7
G1 F1800 X206.92 Y153.746 E2162.91638
G0 F7200 X206.92 Y154.311
G1 F1800 X172.309 Y119.7 E2167.80037
G0 F7200 X171.744 Y119.7
G1 F1800 X206.92 Y154.877 E2172.76415
G0 F7200 X206.92 Y155.443
G1 F1800 X171.178 Y119.7 E2177.8078
G0 F7200 X170.612 Y119.7
G1 F1800 X206.92 Y156.008 E2182.93126
G0 F7200 X206.92 Y156.574
G1 F1800 X170.046 Y119.7 E2188.13458
G0 F7200 X169.481 Y119.7
G1 F1800 X206.92 Y157.14 E2193.41769
G0 F7200 X206.92 Y157.705
G1 F1800 X168.915 Y119.7 E2198.78061
G0 F7200 X168.349 Y119.7
G1 F1800 X206.92 Y158.271 E2204.22339
G0 F7200 X206.92 Y158.837
G1 F1800 X167.784 Y119.7 E2209.74598
G0 F7200 X167.218 Y119.7
G1 F1800 X206.92 Y159.402 E2215.34836
G0 F7200 X206.92 Y159.968
G1 F1800 X166.652 Y119.7 E2221.03061
G0 F7200 X166.087 Y119.7
G1 F1800 X206.92 Y160.534 E2226.79266
G0 F7200 X206.92 Y161.099
G1 F1800 X165.521 Y119.7 E2232.6345
G0 F7200 X164.955 Y119.7
G1 F1800 X206.92 Y161.665 E2238.55622
G0 F7200 X206.92 Y162.231
G1 F1800 X164.39 Y119.7 E2244.55773
G0 F7200 X163.824 Y119.7
G1 F1800 X206.92 Y162.796 E2250.63904
G0 F7200 X206.92 Y163.362
G1 F1800 X163.258 Y119.7 E2256.80022
G0 F7200 X162.693 Y119.7
G1 F1800 X206.92 Y163.928 E2263.0412
G0 F7200 X206.92 Y164.494
G1 F1800 X162.127 Y119.7 E2269.36205
G0 F7200 X161.561 Y119.7
G1 F1800 X206.92 Y165.059 E2275.76269
G0 F7200 X206.92 Y165.625
G1 F1800 X160.995 Y119.7 E2282.2432
G0 F7200 X160.43 Y119.7
G1 F1800 X206.92 Y166.191 E2288.80352
G0 F7200 X206.704 Y166.54
G1 F1800 X159.864 Y119.7 E2295.41315
G0 F7200 X159.298 Y119.7
G1 F1800 X206.138 Y166.54 E2302.02278
G0 F7200 X205.572 Y166.54
G1 F1800 X158.733 Y119.7 E2308.63233
G0 F7200 X158.167 Y119.7
G1 F1800 X205.007 Y166.54 E2315.24196
G0 F7200 X204.441 Y166.54
G1 F1800 X157.601 Y119.7 E2321.85159
G0 F7200 X157.036 Y119.7
G1 F1800 X203.875 Y166.54 E2328.46115
G0 F7200 X203.309 Y166.54
G1 F1800 X156.47 Y119.7 E2335.07071
G0 F7200 X155.904 Y119.7
G1 F1800 X202.744 Y166.54 E2341.68034
G0 F7200 X202.178 Y166.54
G1 F1800 X155.339 Y119.7 E2348.2899
G0 F7200 X154.773 Y119.7
G1 F1800 X201.612 Y166.54 E2354.89946
G0 F7200 X201.047 Y166.54
G1 F1800 X154.207 Y119.7 E2361.50909
G0 F7200 X153.642 Y119.7
G1 F1800 X200.481 Y166.54 E2368.11865
G0 F7200 X199.915 Y166.54
G1 F1800 X153.076 Y119.7 E2374.72821
G0 F7200 X152.51 Y119.7
G1 F1800 X199.35 Y166.54 E2381.33784
G0 F7200 X198.784 Y166.54
G1 F1800 X151.945 Y119.7 E2387.9474
G0 F7200 X151.379 Y119.7
G1 F1800 X198.218 Y166.54 E2394.55696
G0 F7200 X197.653 Y166.54
G1 F1800 X150.813 Y119.7 E2401.16659
G0 F7200 X150.247 Y119.7
G1 F1800 X197.087 Y166.54 E2407.77622
G0 F7200 X196.521 Y166.54
G1 F1800 X149.682 Y119.7 E2414.38578
G0 F7200 X149.116 Y119.7
G1 F1800 X195.956 Y166.54 E2420.99541
G0 F7200 X195.39 Y166.54
G1 F1800 X148.55 Y119.7 E2427.60504
G0 F7200 X147.985 Y119.7
G1 F1800 X194.824 Y166.54 E2434.2146
G0 F7200 X194.258 Y166.54
G1 F1800 X147.419 Y119.7 E2440.82416
G0 F7200 X146.853 Y119.7
G1 F1800 X193.693 Y166.54 E2447.43379
G0 F7200 X193.127 Y166.54
G1 F1800 X146.288 Y119.7 E2454.04335
G0 F7200 X145.722 Y119.7
G1 F1800 X192.561 Y166.54 E2460.65291
G0 F7200 X191.996 Y166.54
G1 F1800 X145.156 Y119.7 E2467.26254
G0 F7200 X144.591 Y119.7
G1 F1800 X191.43 Y166.54 E2473.8721
G0 F7200 X190.864 Y166.54
G1 F1800 X144.025 Y119.7 E2480.48166
G0 F7200 X143.459 Y119.7
G1 F1800 X190.299 Y166.54 E2487.09129
G0 F7200 X189.733 Y166.54
G1 F1800 X142.894 Y119.7 E2493.70085
G0 F7200 X142.328 Y119.7
G1 F1800 X189.167 Y166.54 E2500.3104
G0 F7200 X188.602 Y166.54
G1 F1800 X141.762 Y119.7 E2506.92003
G0 F7200 X141.196 Y119.7
G1 F1800 X188.036 Y166.54 E2513.52966
G0 F7200 X187.47 Y166.54
G1 F1800 X140.631 Y119.7 E2520.13922
G0 F7200 X140.065 Y119.7
G1 F1800 X186.905 Y166.54 E2526.74885
G0 F7200 X186.339 Y166.54
G1 F1800 X139.499 Y119.7 E2533.35848
G0 F7200 X138.934 Y119.7
G1 F1800 X185.773 Y166.54 E2539.96804
G0 F7200 X185.208 Y166.54
G1 F1800 X138.368 Y119.7 E2546.57767
G0 F7200 X137.802 Y119.7
G1 F1800 X184.642 Y166.54 E2553.1873
G0 F7200 X184.076 Y166.54
G1 F1800 X137.237 Y119.7 E2559.79686
G0 F7200 X136.671 Y119.7
G1 F1800 X183.51 Y166.54 E2566.40642
G0 F7200 X182.945 Y166.54
G1 F1800 X136.105 Y119.7 E2573.01605
G0 F7200 X135.54 Y119.7
G1 F1800 X182.379 Y166.54 E2579.62561
G0 F7200 X181.813 Y166.54
G1 F1800 X134.974 Y119.7 E2586.23517
G0 F7200 X134.408 Y119.7
G1 F1800 X181.248 Y166.54 E2592.8448
G0 F7200 X180.682 Y166.54
G1 F1800 X133.843 Y119.7 E2599.45436
G0 F7200 X133.277 Y119.7
G1 F1800 X180.116 Y166.54 E2606.06392
G0 F7200 X179.551 Y166.54
G1 F1800 X132.711 Y119.7 E2612.67355
G0 F7200 X132.146 Y119.7
G1 F1800 X178.985 Y166.54 E2619.28311
G0 F7200 X178.419 Y166.54
G1 F1800 X131.58 Y119.7 E2625.89267
G0 F7200 X131.014 Y119.7
G1 F1800 X177.854 Y166.54 E2632.5023
G0 F7200 X177.288 Y166.54
G1 F1800 X130.448 Y119.7 E2639.11193
G0 F7200 X129.883 Y119.7
G1 F1800 X176.722 Y166.54 E2645.72149
G0 F7200 X176.157 Y166.54
G1 F1800 X129.317 Y119.7 E2652.33112
G0 F7200 X128.751 Y119.7
G1 F1800 X175.591 Y166.54 E2658.94075
G0 F7200 X175.025 Y166.54
G1 F1800 X128.186 Y119.7 E2665.55031
G0 F7200 X127.62 Y119.7
G1 F1800 X174.46 Y166.54 E2672.15994
G0 F7200 X173.894 Y166.54
G1 F1800 X127.054 Y119.7 E2678.76957
G0 F7200 X126.489 Y119.7
G1 F1800 X173.328 Y166.54 E2685.37913
G0 F7200 X172.762 Y166.54
G1 F1800 X125.923 Y119.7 E2691.98869
G0 F7200 X125.357 Y119.7
G1 F1800 X172.197 Y166.54 E2698.59832
G0 F7200 X171.631 Y166.54
G1 F1800 X124.792 Y119.7 E2705.20788
G0 F7200 X124.226 Y119.7
G1 F1800 X171.065 Y166.54 E2711.81744
G0 F7200 X170.5 Y166.54
G1 F1800 X123.66 Y119.7 E2718.42707
G0 F7200 X123.095 Y119.7
G1 F1800 X169.934 Y166.54 E2725.03662
G0 F7200 X169.368 Y166.54
G1 F1800 X122.529 Y119.7 E2731.64618
G0 F7200 X121.963 Y119.7
G1 F1800 X168.803 Y166.54 E2738.25581
G0 F7200 X168.237 Y166.54
G1 F1800 X121.398 Y119.7 E2744.86537
G0 F7200 X120.832 Y119.7
G1 F1800 X167.671 Y166.54 E2751.47493
G0 F7200 X167.106 Y166.54
G1 F1800 X120.266 Y119.7 E2758.08456
G0 F7200 X119.7 Y119.7
G1 F1800 X166.54 Y166.54 E2764.69419
G0 F7200 X165.974 Y166.54
G1 F1800 X119.135 Y119.7 E2771.30375
G0 F7200 X118.569 Y119.7
G1 F1800 X165.409 Y166.54 E2777.91338
G0 F7200 X164.843 Y166.54
G1 F1800 X118.003 Y119.7 E2784.52301
G0 F7200 X117.438 Y119.7
G1 F1800 X164.277 Y166.54 E2791.13257
G0 F7200 X163.711 Y166.54
G1 F1800 X116.872 Y119.7 E2797.74213
G0 F7200 X116.306 Y119.7
G1 F1800 X163.146 Y166.54 E2804.35176
G0 F7200 X162.58 Y166.54
G1 F1800 X115.741 Y119.7 E2810.96132
G0 F7200 X115.175 Y119.7
G1 F1800 X162.014 Y166.54 E2817.57088
G0 F7200 X161.449 Y166.54
G1 F1800 X114.609 Y119.7 E2824.18051
G0 F7200 X114.044 Y119.7
G1 F1800 X160.883 Y166.54 E2830.79007
G0 F7200 X160.317 Y166.54
G1 F1800 X113.478 Y119.7 E2837.39963
G0 F7200 X112.912 Y119.7
G1 F1800 X159.752 Y166.54 E2844.00926
G0 F7200 X159.186 Y166.54
G1 F1800 X112.347 Y119.7 E2850.61882
G0 F7200 X111.781 Y119.7
G1 F1800 X158.62 Y166.54 E2857.22838
G0 F7200 X158.055 Y166.54
G1 F1800 X111.215 Y119.7 E2863.83801
G0 F7200 X110.649 Y119.7
G1 F1800 X157.489 Y166.54 E2870.44764
G0 F7200 X156.923 Y166.54
G1 F1800 X110.084 Y119.7 E2877.0572
G0 F7200 X109.518 Y119.7
G1 F1800 X156.358 Y166.54 E2883.66683
G0 F7200 X155.792 Y166.54
G1 F1800 X108.952 Y119.7 E2890.27646
G0 F7200 X108.387 Y119.7
G1 F1800 X155.226 Y166.54 E2896.88602
G0 F7200 X154.661 Y166.54
G1 F1800 X107.821 Y119.7 E2903.49565
G0 F7200 X107.255 Y119.7
G1 F1800 X154.095 Y166.54 E2910.10528
G0 F7200 X153.529 Y166.54
G1 F1800 X106.69 Y119.7 E2916.71484
G0 F7200 X106.124 Y119.7
G1 F1800 X152.963 Y166.54 E2923.32439
G0 F7200 X152.398 Y166.54
G1 F1800 X105.558 Y119.7 E2929.93402
G0 F7200 X104.993 Y119.7
G1 F1800 X151.832 Y166.54 E2936.54358
G0 F7200 X151.266 Y166.54
G1 F1800 X104.427 Y119.7 E2943.15314
G0 F7200 X103.861 Y119.7
G1 F1800 X150.701 Y166.54 E2949.76277
G0 F7200 X150.135 Y166.54
G1 F1800 X103.296 Y119.7 E2956.37233
G0 F7200 X102.73 Y119.7
G1 F1800 X149.569 Y166.54 E2962.98189
G0 F7200 X149.004 Y166.54
G1 F1800 X102.164 Y119.7 E2969.59152
G0 F7200 X101.599 Y119.7
G1 F1800 X148.438 Y166.54 E2976.20108
G0 F7200 X147.872 Y166.54
G1 F1800 X101.033 Y119.7 E2982.81064
G0 F7200 X100.467 Y119.7
G1 F1800 X147.307 Y166.54 E2989.42027
G0 F7200 X146.741 Y166.54
G1 F1800 X99.901 Y119.7 E2996.0299
G0 F7200 X99.336 Y119.7
G1 F1800 X146.175 Y166.54 E3002.63946
G0 F7200 X145.61 Y166.54
G1 F1800 X98.77 Y119.7 E3009.24909
G0 F7200 X98.204 Y119.7
G1 F1800 X145.044 Y166.54 E3015.85872
G0 F7200 X144.478 Y166.54
G1 F1800 X97.639 Y119.7 E3022.46828
G0 F7200 X97.073 Y119.7
G1 F1800 X143.912 Y166.54 E3029.07784
G0 F7200 X143.347 Y166.54
G1 F1800 X96.507 Y119.7 E3035.68747
G0 F7200 X95.942 Y119.7
G1 F1800 X142.781 Y166.54 E3042.29703
G0 F7200 X142.215 Y166.54
G1 F1800 X95.376 Y119.7 E3048.90659
G0 F7200 X94.81 Y119.7
G1 F1800 X141.65 Y166.54 E3055.51622
G0 F7200 X141.084 Y166.54
G1 F1800 X94.245 Y119.7 E3062.12578
G0 F7200 X93.679 Y119.7
G1 F1800 X140.518 Y166.54 E3068.73534
G0 F7200 X139.953 Y166.54
G1 F1800 X93.113 Y119.7 E3075.34497
G0 F7200 X92.548 Y119.7
G1 F1800 X139.387 Y166.54 E3081.95453
G0 F7200 X138.821 Y166.54
G1 F1800 X91.982 Y119.7 E3088.56409
G0 F7200 X91.416 Y119.7
G1 F1800 X138.256 Y166.54 E3095.17372
G0 F7200 X137.69 Y166.54
G1 F1800 X90.85 Y119.7 E3101.78335
G0 F7200 X90.285 Y119.7
G1 F1800 X137.124 Y166.54 E3108.39291
G0 F7200 X136.559 Y166.54
G1 F1800 X90.08 Y120.061 E3114.95159
G0 F7200 X90.08 Y120.627
G1 F1800 X135.993 Y166.54 E3121.43041
G0 F7200 X135.427 Y166.54
G1 F1800 X90.08 Y121.192 E3127.82944
G0 F7200 X90.08 Y121.758
G1 F1800 X134.862 Y166.54 E3134.14866
G0 F7200 X134.296 Y166.54
G1 F1800 X90.08 Y122.324 E3140.38802
G0 F7200 X90.08 Y122.89
G1 F1800 X133.73 Y166.54 E3146.5475
G0 F7200 X133.164 Y166.54
G1 F1800 X90.08 Y123.455 E3152.62719
G0 F7200 X90.08 Y124.021
G1 F1800 X132.599 Y166.54 E3158.62708
G0 F7200 X132.033 Y166.54
G1 F1800 X90.08 Y124.587 E3164.5471
G0 F7200 X90.08 Y125.152
G1 F1800 X131.467 Y166.54 E3170.38733
G0 F7200 X130.902 Y166.54
G1 F1800 X90.08 Y125.718 E3176.14775
G0 F7200 X90.08 Y126.284
G1 F1800 X130.336 Y166.54 E3181.82831
G0 F7200 X129.77 Y166.54
G1 F1800 X90.08 Y126.849 E3187.42907
G0 F7200 X90.08 Y127.415
G1 F1800 X129.205 Y166.54 E3192.95003
G0 F7200 X128.639 Y166.54
G1 F1800 X90.08 Y127.981 E3198.39112
G0 F7200 X90.08 Y128.546
G1 F1800 X128.073 Y166.54 E3203.75241
G0 F7200 X127.508 Y166.54
G1 F1800 X90.08 Y129.112 E3209.03391
G0 F7200 X90.08 Y129.678
G1 F1800 X126.942 Y166.54 E3214.23553
G0 F7200 X126.376 Y166.54
G1 F1800 X90.08 Y130.243 E3219.35736
G0 F7200 X90.08 Y130.809
G1 F1800 X125.811 Y166.54 E3224.39939
G0 F7200 X125.245 Y166.54
G1 F1800 X90.08 Y131.375 E3229.36155
G0 F7200 X90.08 Y131.94
G1 F1800 X124.679 Y166.54 E3234.24391
G0 F7200 X124.114 Y166.54
G1 F1800 X90.08 Y132.506 E3239.04648
G0 F7200 X90.08 Y133.072
G1 F1800 X123.548 Y166.54 E3243.76918
G0 F7200 X122.982 Y166.54
G1 F1800 X90.08 Y133.638 E3248.412
G0 F7200 X90.08 Y134.203
G1 F1800 X122.416 Y166.54 E3252.97503
G0 F7200 X121.851 Y166.54
G1 F1800 X90.08 Y134.769 E3257.45826
G0 F7200 X90.08 Y135.335
G1 F1800 X121.285 Y166.54 E3261.86163
G0 F7200 X120.719 Y166.54
G1 F1800 X90.08 Y135.9 E3266.18519
G0 F7200 X90.08 Y136.466
G1 F1800 X120.154 Y166.54 E3270.42896
G0 F7200 X119.588 Y166.54
G1 F1800 X90.08 Y137.032 E3274.59286
G0 F7200 X90.08 Y137.597
G1 F1800 X119.022 Y166.54 E3278.67695
G0 F7200 X118.457 Y166.54
G1 F1800 X90.08 Y138.163 E3282.68126
G0 F7200 X90.08 Y138.729
G1 F1800 X117.891 Y166.54 E3286.60569
G0 F7200 X117.325 Y166.54
G1 F1800 X90.08 Y139.294 E3290.45032
G0 F7200 X90.08 Y139.86
G1 F1800 X116.76 Y166.54 E3294.21516
G0 F7200 X116.194 Y166.54
G1 F1800 X90.08 Y140.426 E3297.90013
G0 F7200 X90.08 Y140.991
G1 F1800 X115.628 Y166.54 E3301.5053
G0 F7200 X115.063 Y166.54
G1 F1800 X90.08 Y141.557 E3305.03067
G0 F7200 X90.08 Y142.123
G1 F1800 X114.497 Y166.54 E3308.47617
G0 F7200 X113.931 Y166.54
G1 F1800 X90.08 Y142.688 E3311.84187
G0 F7200 X90.08 Y143.254
G1 F1800 X113.365 Y166.54 E3315.12771
G0 F7200 X112.8 Y166.54
G1 F1800 X90.08 Y143.82 E3318.33375
G0 F7200 X90.08 Y144.386
G1 F1800 X112.234 Y166.54 E3321.45992
G0 F7200 X111.668 Y166.54
G1 F1800 X90.08 Y144.951 E3324.50629
G0 F7200 X90.08 Y145.517
G1 F1800 X111.103 Y166.54 E3327.47286
G0 F7200 X110.537 Y166.54
G1 F1800 X90.08 Y146.083 E3330.35956
G0 F7200 X90.08 Y146.648
G1 F1800 X109.971 Y166.54 E3333.16647
G0 F7200 X109.406 Y166.54
G1 F1800 X90.08 Y147.214 E3335.89358
G0 F7200 X90.08 Y147.78
G1 F1800 X108.84 Y166.54 E3338.54081
G0 F7200 X108.274 Y166.54
G1 F1800 X90.08 Y148.345 E3341.10825
G0 F7200 X90.08 Y148.911
G1 F1800 X107.709 Y166.54 E3343.5959
G0 F7200 X107.143 Y166.54
G1 F1800 X90.08 Y149.477 E3346.00367
G0 F7200 X90.08 Y150.042
G1 F1800 X106.577 Y166.54 E3348.33165
G0 F7200 X106.012 Y166.54
G1 F1800 X90.08 Y150.608 E3350.57982
G0 F7200 X90.08 Y151.174
G1 F1800 X105.446 Y166.54 E3352.74813
G0 F7200 X104.88 Y166.54
G1 F1800 X90.08 Y151.739 E3354.83664
G0 F7200 X90.08 Y152.305
G1 F1800 X104.315 Y166.54 E3356.84535
G0 F7200 X103.749 Y166.54
G1 F1800 X90.08 Y152.871 E3358.7742
G0 F7200 X90.08 Y153.437
G1 F1800 X103.183 Y166.54 E3360.62317
G0 F7200 X102.617 Y166.54
G1 F1800 X90.08 Y154.002 E3362.39235
G0 F7200 X90.08 Y154.568
G1 F1800 X102.052 Y166.54 E3364.08173
G0 F7200 X101.486 Y166.54
G1 F1800 X90.08 Y155.134 E3365.69124
G0 F7200 X90.08 Y155.699
G1 F1800 X100.92 Y166.54 E3367.22095
G0 F7200 X100.355 Y166.54
G1 F1800 X90.08 Y156.265 E3368.67086
G0 F7200 X90.08 Y156.831
G1 F1800 X99.789 Y166.54 E3370.04091
G0 F7200 X99.223 Y166.54
G1 F1800 X90.08 Y157.396 E3371.33115
G0 F7200 X90.08 Y157.962
G1 F1800 X98.658 Y166.54 E3372.5416
G0 F7200 X98.092 Y166.54
G1 F1800 X90.08 Y158.528 E3373.67218
G0 F7200 X90.08 Y159.093
G1 F1800 X97.526 Y166.54 E3374.72296
G0 F7200 X96.961 Y166.54
G1 F1800 X90.08 Y159.659 E3375.69395
G0 F7200 X90.08 Y160.225
G1 F1800 X96.395 Y166.54 E3376.58506
G0 F7200 X95.829 Y166.54
G1 F1800 X90.08 Y160.79 E3377.39638
G0 F7200 X90.08 Y161.356
G1 F1800 X95.264 Y166.54 E3378.1279
G0 F7200 X94.698 Y166.54
G1 F1800 X90.08 Y161.922 E3378.77955
G0 F7200 X90.08 Y162.487
G1 F1800 X94.132 Y166.54 E3379.3514
G0 F7200 X93.566 Y166.54
G1 F1800 X90.08 Y163.053 E3379.84338
G0 F7200 X90.08 Y163.619
G1 F1800 X93.001 Y166.54 E3380.25557
G0 F7200 X92.435 Y166.54
G1 F1800 X90.08 Y164.185 E3380.58788
G0 F7200 X90.08 Y164.75
G1 F1800 X91.869 Y166.54 E3380.8404
G0 F7200 X91.304 Y166.54
G1 F1800 X90.08 Y165.316 E3381.01312
G0 F7200 X90.08 Y165.882
G1 F1800 X90.738 Y166.54 E3381.10597
G0 F7200 X90.172 Y166.54
G1 F1800 X90.08 Y166.447 E3381.11902
G1 F1500 E3374.61902
;MESH:NONMESH
G0 F600 X90.08 Y166.447 Z2
G0 F7200 X88.924 Y118.547
G0 X88.924 Y117.458
G0 X82.315 Y31.667
;TIME_ELAPSED:3585.150150
;LAYER:3
;TYPE:SUPPORT
G1 F1500 E3381.11902
G1 F3600 X82.864 Y31.086 E3381.19878
G1 X83.63 Y30.868 E3381.27825
G1 X83.939 Y30.861 E3381.30909
G1 X85.008 Y31.145 E3381.41945
G1 X85.66 Y31.746 E3381.50793
G1 X85.917 Y32.461 E3381.58375
G1 X85.841 Y32.712 E3381.60991
G1 X85.869 Y32.853 E3381.62426
G1 X86.468 Y33.463 E3381.70956
G1 X86.659 Y34.189 E3381.78447
G1 X86.401 Y34.978 E3381.8673
G1 X85.729 Y35.625 E3381.96038
G1 X84.926 Y35.851 E3382.04361
G1 X84.21 Y35.638 E3382.11815
G1 X83.63 Y35.062 E3382.19971
G1 X83.521 Y34.702 E3382.23724
G1 X83.292 Y34.569 E3382.26367
G1 X82.656 Y33.868 E3382.35811
G1 X82.378 Y33.18 E3382.43215
G1 X82.319 Y33.098 E3382.44223
G1 X82.105 Y32.379 E3382.51708
G1 X82.315 Y31.667 E3382.59115
G1 F1500 E3376.09115
G0 F7200 X87.233 Y31.125
G1 F1500 E3382.59115
G1 F3600 X87.443 Y30.41 E3382.66551
G1 X87.988 Y29.826 E3382.74522
G1 X88.735 Y29.62 E3382.82253
G1 X89.48 Y29.826 E3382.89966
G1 X90.029 Y30.411 E3382.97971
G1 X90.239 Y31.129 E3383.05435
G1 X90.029 Y31.871 E3383.1313
G1 X89.483 Y32.421 E3383.20863
G1 X88.738 Y32.628 E3383.28578
G1 X88.022 Y32.418 E3383.36023
G1 X87.442 Y31.838 E3383.44208
G1 X87.233 Y31.125 E3383.51621
G1 F1500 E3377.01621
G0 F7200 X83.293 Y84.781
G1 F1500 E3383.51621
G1 F3600 X84.065 Y84.957 E3383.59522
G1 X84.591 Y85.549 E3383.67424
G1 X84.753 Y86.328 E3383.75363
G1 X84.471 Y87.195 E3383.8446
G1 X84.041 Y87.787 E3383.91761
G1 X84.005 Y87.887 E3383.92821
G1 X83.455 Y88.437 E3384.00582
G1 X82.714 Y88.644 E3384.08259
G1 X81.994 Y88.434 E3384.15743
G1 X81.418 Y87.854 E3384.23899
G1 X81.205 Y87.139 E3384.31343
G1 X81.415 Y86.424 E3384.38779
G1 X81.686 Y86.067 E3384.43251
G1 X81.845 Y85.777 E3384.46551
G1 X82.487 Y85.072 E3384.56065
G1 X83.293 Y84.781 E3384.64616
G1 F1500 E3378.14616
G0 F7200 X85.831 Y87.178
G1 F1500 E3384.64616
G1 F3600 X86.02 Y86.978 E3384.67361
G1 X86.475 Y86.818 E3384.72174
G1 X86.546 Y86.758 E3384.73101
G1 X87.613 Y86.442 E3384.84205
G1 X88.463 Y86.617 E3384.92864
G1 X89.054 Y87.179 E3385.01002
G1 X89.25 Y87.888 E3385.08342
G1 X88.972 Y88.665 E3385.16576
G1 X88.311 Y89.264 E3385.25477
G1 X87.571 Y89.528 E3385.33316
G1 X87.515 Y89.569 E3385.34009
G1 X86.77 Y89.779 E3385.41732
G1 X86.05 Y89.566 E3385.49224
G1 X85.47 Y88.99 E3385.5738
G1 X85.261 Y88.276 E3385.64804
G1 X85.471 Y87.559 E3385.72258
G1 X85.831 Y87.178 E3385.77489
G1 F1500 E3379.27489
G0 F7200 X90.385 Y88.276
G1 F1500 E3385.77489
G1 F3600 X90.595 Y87.559 E3385.84943
G1 X91.144 Y86.978 E3385.92919
G1 X91.888 Y86.768 E3386.00633
G1 X92.632 Y86.978 E3386.08347
G1 X93.181 Y87.559 E3386.16323
G1 X93.391 Y88.278 E3386.23797
G1 X93.181 Y89.023 E3386.3152
G1 X92.635 Y89.569 E3386.39225
G1 X91.89 Y89.779 E3386.46948
G1 X91.174 Y89.566 E3386.54402
G1 X90.594 Y88.99 E3386.62558
G1 X90.385 Y88.276 E3386.69981
G1 F1500 E3380.19981
G0 F7200 X88.755 Y113.04
G1 F1500 E3386.69981
G1 F3600 X89.5 Y113.25 E3386.77705
G1 X90.049 Y113.831 E3386.85681
G1 X90.259 Y114.55 E3386.93155
G1 X90.049 Y115.295 E3387.00878
G1 X89.499 Y115.841 E3387.08611
G1 X88.758 Y116.051 E3387.16296
G1 X88.042 Y115.838 E3387.23749
G1 X87.462 Y115.262 E3387.31906
G1 X87.253 Y114.548 E3387.39329
G1 X87.463 Y113.831 E3387.46784
G1 X88.008 Y113.25 E3387.54732
G1 X88.755 Y113.04 E3387.62475
G1 F1500 E3381.12475
G0 F7200 X85.728 Y115.296
G1 F1500 E3387.62475
G1 F3600 X85.942 Y116.15 E3387.7126
G1 X85.916 Y116.309 E3387.72867
G1 X85.965 Y116.42 E3387.74078
G1 X86.347 Y116.799 E3387.79447
G1 X86.631 Y117.573 E3387.87674
G1 X86.454 Y118.335 E3387.95479
G1 X85.896 Y118.863 E3388.03144
G1 X85.077 Y119.029 E3388.11483
G1 X84.249 Y118.752 E3388.20195
G1 X84.015 Y118.595 E3388.23006
G1 X83.432 Y118.009 E3388.31254
G1 X83.071 Y117.597 E3388.3672
G1 X82.998 Y117.446 E3388.38394
G1 X82.358 Y116.806 E3388.47425
G1 X82.149 Y116.092 E3388.54848
G1 X82.359 Y115.375 E3388.62303
G1 X82.908 Y114.794 E3388.70279
G1 X83.648 Y114.585 E3388.77951
G1 X83.781 Y114.616 E3388.79314
G1 X84.45 Y114.399 E3388.86332
G1 X85.19 Y114.633 E3388.94076
G1 X85.728 Y115.296 E3389.02595
G1 F1500 E3382.52595
G0 F7200 X83.967 Y168.529
G1 F1500 E3389.02595
G1 F3600 X84.729 Y168.719 E3389.10431
G1 X85.243 Y169.32 E3389.18322
G1 X85.417 Y170.127 E3389.26559
G1 X85.344 Y170.414 E3389.29514
G1 X85.381 Y170.517 E3389.30606
G1 X85.6 Y170.736 E3389.33697
G1 X85.883 Y171.501 E3389.41835
G1 X85.703 Y172.258 E3389.49599
G1 X85.141 Y172.783 E3389.57273
G1 X84.313 Y172.949 E3389.65699
G1 X83.477 Y172.671 E3389.7449
G1 X83.353 Y172.566 E3389.76111
G1 X83.091 Y172.489 E3389.78836
G1 X82.504 Y172.647 E3389.84902
G1 X81.78 Y172.423 E3389.92464
G1 X81.17 Y171.803 E3390.01142
G1 X80.949 Y171.059 E3390.08887
G1 X81.159 Y170.343 E3390.16332
G1 X81.708 Y169.762 E3390.24308
G1 X82.566 Y169.518 E3390.33208
G1 X83.189 Y168.811 E3390.42611
G1 X83.967 Y168.529 E3390.50868
G1 F1500 E3384.00868
G0 F7200 X87.379 Y170.983
G1 F1500 E3390.50868
G1 F3600 X87.944 Y170.382 E3390.59099
G1 X88.714 Y170.164 E3390.67084
G1 X89.469 Y170.367 E3390.74885
G1 X90.021 Y170.947 E3390.82874
G1 X90.227 Y171.663 E3390.90308
G1 X90.006 Y172.421 E3390.98187
G1 X89.424 Y172.989 E3391.06301
G1 X88.677 Y173.2 E3391.14046
G1 X87.958 Y172.99 E3391.2152
G1 X87.378 Y172.41 E3391.29705
G1 X87.169 Y171.697 E3391.37118
G1 X87.379 Y170.983 E3391.44544
G1 F1500 E3384.94544
G0 F7200 X204.561 Y171.697
G1 F1500 E3391.44544
G1 F3600 X204.771 Y170.982 E3391.5198
G1 X205.316 Y170.398 E3391.5995
G1 X206.063 Y170.192 E3391.67682
G1 X206.808 Y170.398 E3391.75395
G1 X207.357 Y170.983 E3391.834
G1 X207.567 Y171.701 E3391.90864
G1 X207.357 Y172.443 E3391.98559
G1 X206.811 Y172.993 E3392.06292
G1 X206.066 Y173.2 E3392.14007
G1 X205.35 Y172.99 E3392.21452
G1 X204.77 Y172.41 E3392.29637
G1 X204.561 Y171.697 E3392.3705
G1 F1500 E3385.8705
G0 F7200 X208.989 Y171.697
G1 F1500 E3392.3705
G1 F3600 X209.199 Y170.983 E3392.44476
G1 X209.75 Y170.396 E3392.5251
G1 X210.181 Y170.234 E3392.57104
G1 X210.271 Y170.148 E3392.58346
G1 X211.329 Y169.835 E3392.69355
G1 X212.175 Y170.013 E3392.77981
G1 X212.765 Y170.571 E3392.86084
G1 X212.958 Y171.283 E3392.93445
G1 X212.68 Y172.061 E3393.01689
G1 X212.011 Y172.668 E3393.10702
G1 X211.314 Y172.933 E3393.18142
G1 X211.242 Y172.988 E3393.19046
G1 X210.494 Y173.199 E3393.26801
G1 X209.778 Y172.99 E3393.34244
G1 X209.198 Y172.41 E3393.42428
G1 X208.989 Y171.697 E3393.49842
G1 F1500 E3386.99842
G0 F7200 X212.069 Y119.739
G1 F1500 E3393.49842
G1 F3600 X211.336 Y119.552 E3393.5739
G1 X210.789 Y118.956 E3393.65462
G1 X210.615 Y118.155 E3393.73641
G1 X211.005 Y116.945 E3393.86326
G1 X211.089 Y116.844 E3393.87637
G1 X211.284 Y116.189 E3393.94456
G1 X211.867 Y115.495 E3394.035
G1 X212.631 Y115.226 E3394.11582
G1 X213.366 Y115.432 E3394.19198
G1 X213.899 Y116.068 E3394.27478
G1 X214.085 Y116.902 E3394.36004
G1 X213.63 Y118.505 E3394.52631
G1 X213.52 Y118.647 E3394.54423
G1 X213.471 Y118.791 E3394.55941
G1 X212.85 Y119.456 E3394.65019
G1 X212.069 Y119.739 E3394.73308
G1 F1500 E3388.23308
G0 F7200 X208.652 Y116.057
G1 F1500 E3394.73308
G1 F3600 X207.874 Y116.236 E3394.81274
G1 X207.064 Y115.972 E3394.89774
G1 X206.358 Y115.262 E3394.99765
G1 X206.149 Y114.548 E3395.07188
G1 X206.359 Y113.831 E3395.14643
G1 X206.908 Y113.25 E3395.22619
G1 X207.651 Y113.04 E3395.30323
G1 X208.421 Y113.258 E3395.38308
G1 X209.117 Y113.979 E3395.48308
G1 X209.379 Y114.754 E3395.56471
G1 X209.194 Y115.525 E3395.64382
G1 X208.652 Y116.057 E3395.7196
G1 F1500 E3389.2196
G0 F7200 X210.514 Y89.779
G1 F1500 E3395.7196
G1 F3600 X209.794 Y89.566 E3395.79452
G1 X209.218 Y88.99 E3395.8758
G1 X209.005 Y88.275 E3395.95024
G1 X209.215 Y87.559 E3396.02469
G1 X209.77 Y86.972 E3396.1053
G1 X210.202 Y86.808 E3396.15141
G1 X210.289 Y86.72 E3396.16375
G1 X211.349 Y86.403 E3396.27415
G1 X212.195 Y86.577 E3396.36033
G1 X212.781 Y87.139 E3396.44134
G1 X212.974 Y87.847 E3396.51457
G1 X212.696 Y88.629 E3396.59738
G1 X212.03 Y89.233 E3396.68709
G1 X211.332 Y89.505 E3396.76184
G1 X211.256 Y89.57 E3396.77182
G1 X210.514 Y89.779 E3396.84874
G1 F1500 E3390.34874
G0 F7200 X207.391 Y88.911
G1 F1500 E3396.84874
G1 F3600 X207.361 Y89.019 E3396.85992
G1 X206.811 Y89.569 E3396.93753
G1 X206.066 Y89.779 E3397.01476
G1 X205.35 Y89.566 E3397.0893
G1 X204.77 Y88.99 E3397.17086
G1 X204.561 Y88.276 E3397.2451
G1 X204.771 Y87.559 E3397.31964
G1 X205.32 Y86.978 E3397.3994
G1 X206.064 Y86.768 E3397.47654
G1 X206.808 Y86.978 E3397.55368
G1 X207.357 Y87.559 E3397.63344
G1 X207.567 Y88.278 E3397.70818
G1 X207.391 Y88.911 E3397.77373
G1 F1500 E3391.27373
G0 F7200 X209.153 Y85.354
G0 X212.078 Y36.879
G1 F1500 E3397.77373
G1 F3600 X211.358 Y36.666 E3397.84865
G1 X210.782 Y36.09 E3397.92993
G1 X210.569 Y35.371 E3398.00476
G1 X210.779 Y34.658 E3398.07892
G1 X210.953 Y34.449 E3398.10606
G1 X210.915 Y34.142 E3398.13692
G1 X211.309 Y32.777 E3398.27869
G1 X211.894 Y32.079 E3398.36956
G1 X212.659 Y31.814 E3398.45034
G1 X213.394 Y32.017 E3398.52642
G1 X213.927 Y32.655 E3398.60938
G1 X214.113 Y33.49 E3398.69474
G1 X213.72 Y34.889 E3398.83973
G1 X213.54 Y35.111 E3398.86825
G1 X213.579 Y35.379 E3398.89527
G1 X213.369 Y36.119 E3398.97202
G1 X212.819 Y36.669 E3399.04964
G1 X212.078 Y36.879 E3399.12648
G1 F1500 E3392.62648
G0 F7200 X208.651 Y32.637
G1 F1500 E3399.12648
G1 F3600 X207.874 Y32.816 E3399.20604
G1 X207.065 Y32.549 E3399.29105
G1 X206.358 Y31.839 E3399.39103
G1 X206.149 Y31.125 E3399.46526
G1 X206.359 Y30.411 E3399.53952
G1 X206.908 Y29.826 E3399.61957
G1 X207.651 Y29.617 E3399.69658
G1 X208.421 Y29.838 E3399.77652
G1 X209.117 Y30.555 E3399.87622
G1 X209.379 Y31.33 E3399.95785
G1 X209.194 Y32.101 E3400.03697
G1 X208.651 Y32.637 E3400.1131
G1 F1500 E3393.6131
;MESH:manette_front-Body_(Meshed).stl(1)
G0 F7200 X208.076 Y34.036
G0 X208.076 Y35.125
G0 X207.5 Y83.7
;TYPE:WALL-INNER
G1 F1500 E3400.1131
G1 F3600 X207.5 Y35.7 E3404.90256
G1 X89.5 Y35.7 E3416.67665
G1 X89.5 Y83.7 E3421.4661
G1 X207.5 Y83.7 E3433.24019
G0 F7200 X207.9 Y84.1
G1 F3600 X207.9 Y35.3 E3438.10948
G1 X89.1 Y35.3 E3449.96339
G1 X89.1 Y84.1 E3454.83267
G1 X207.9 Y84.1 E3466.68658
G0 F7200 X208.3 Y84.5
;TYPE:WALL-OUTER
G1 F1800 X208.3 Y34.9 E3471.63569
G1 X88.7 Y34.9 E3483.56943
G1 X88.7 Y84.5 E3488.51854
G1 X208.3 Y84.5 E3500.45227
G0 F7200 X208.3 Y84.3
G0 X207.62 Y83.821
G0 X207.12 Y83.32
;TYPE:SKIN
G1 F1800 X89.88 Y83.32 E3512.15053
G1 X89.88 Y36.08 E3516.86415
G1 X207.12 Y36.08 E3528.56241
G1 X207.12 Y83.32 E3533.27604
G0 F7200 X206.511 Y83.12
G1 F1800 X206.92 Y82.711 E3533.33375
G0 F7200 X206.92 Y82.145
G1 F1800 X205.945 Y83.12 E3533.47133
G0 F7200 X205.379 Y83.12
G1 F1800 X206.92 Y81.58 E3533.68871
G0 F7200 X206.92 Y81.014
G1 F1800 X204.813 Y83.12 E3533.98596
G0 F7200 X204.248 Y83.12
G1 F1800 X206.92 Y80.448 E3534.36301
G0 F7200 X206.92 Y79.883
G1 F1800 X203.682 Y83.12 E3534.81986
G0 F7200 X203.116 Y83.12
G1 F1800 X206.92 Y79.317 E3535.35657
G0 F7200 X206.92 Y78.751
G1 F1800 X202.551 Y83.12 E3535.97309
G0 F7200 X201.985 Y83.12
G1 F1800 X206.92 Y78.186 E3536.6694
G0 F7200 X206.92 Y77.62
G1 F1800 X201.419 Y83.12 E3537.44558
G0 F7200 X200.854 Y83.12
G1 F1800 X206.92 Y77.054 E3538.30156
G0 F7200 X206.92 Y76.488
G1 F1800 X200.288 Y83.12 E3539.2374
G0 F7200 X199.722 Y83.12
G1 F1800 X206.92 Y75.923 E3540.25305
G0 F7200 X206.92 Y75.357
G1 F1800 X199.157 Y83.12 E3541.34849
G0 F7200 X198.591 Y83.12
G1 F1800 X206.92 Y74.791 E3542.5238
G0 F7200 X206.92 Y74.226
G1 F1800 X198.025 Y83.12 E3543.77891
G0 F7200 X197.46 Y83.12
G1 F1800 X206.92 Y73.66 E3545.11382
G0 F7200 X206.92 Y73.094
G1 F1800 X196.894 Y83.12 E3546.5286
G0 F7200 X196.328 Y83.12
G1 F1800 X206.92 Y72.529 E3548.02317
G0 F7200 X206.92 Y71.963
G1 F1800 X195.763 Y83.12 E3549.59755
G0 F7200 X195.197 Y83.12
G1 F1800 X206.92 Y71.397 E3551.25179
G0 F7200 X206.92 Y70.832
G1 F1800 X194.631 Y83.12 E3552.98583
G0 F7200 X194.065 Y83.12
G1 F1800 X206.92 Y70.266 E3554.79974
G0 F7200 X206.92 Y69.7
G1 F1800 X193.5 Y83.12 E3556.69344
G0 F7200 X192.934 Y83.12
G1 F1800 X206.92 Y69.135 E3558.66695
G0 F7200 X206.92 Y68.569
G1 F1800 X192.368 Y83.12 E3560.72032
G0 F7200 X191.803 Y83.12
G1 F1800 X206.92 Y68.003 E3562.85349
G0 F7200 X206.92 Y67.437
G1 F1800 X191.237 Y83.12 E3565.06654
G0 F7200 X190.671 Y83.12
G1 F1800 X206.92 Y66.872 E3567.35937
G0 F7200 X206.92 Y66.306
G1 F1800 X190.106 Y83.12 E3569.73201
G0 F7200 X189.54 Y83.12
G1 F1800 X206.92 Y65.74 E3572.18452
G0 F7200 X206.92 Y65.175
G1 F1800 X188.974 Y83.12 E3574.71682
G0 F7200 X188.409 Y83.12
G1 F1800 X206.92 Y64.609 E3577.32892
G0 F7200 X206.92 Y64.043
G1 F1800 X187.843 Y83.12 E3580.02089
G0 F7200 X187.277 Y83.12
G1 F1800 X206.92 Y63.478 E3582.79266
G0 F7200 X206.92 Y62.912
G1 F1800 X186.712 Y83.12 E3585.64423
G0 F7200 X186.146 Y83.12
G1 F1800 X206.92 Y62.346 E3588.57567
G0 F7200 X206.92 Y61.781
G1 F1800 X185.58 Y83.12 E3591.5869
G0 F7200 X185.014 Y83.12
G1 F1800 X206.92 Y61.215 E3594.678
G0 F7200 X206.92 Y60.649
G1 F1800 X184.449 Y83.12 E3597.8489
G0 F7200 X183.883 Y83.12
G1 F1800 X206.92 Y60.084 E3601.0996
G0 F7200 X206.92 Y59.518
G1 F1800 X183.317 Y83.12 E3604.43017
G0 F7200 X182.752 Y83.12
G1 F1800 X206.92 Y58.952 E3607.84054
G0 F7200 X206.92 Y58.387
G1 F1800 X182.186 Y83.12 E3611.3307
G0 F7200 X181.62 Y83.12
G1 F1800 X206.92 Y57.821 E3614.90073
G0 F7200 X206.92 Y57.255
G1 F1800 X181.055 Y83.12 E3618.55056
G0 F7200 X180.489 Y83.12
G1 F1800 X206.92 Y56.689 E3622.28026
G0 F7200 X206.92 Y56.124
G1 F1800 X179.923 Y83.12 E3626.08976
G0 F7200 X179.358 Y83.12
G1 F1800 X206.92 Y55.558 E3629.97906
G0 F7200 X206.92 Y54.992
G1 F1800 X178.792 Y83.12 E3633.94822
G0 F7200 X178.226 Y83.12
G1 F1800 X206.92 Y54.427 E3637.99718
G0 F7200 X206.92 Y53.861
G1 F1800 X177.661 Y83.12 E3642.12594
G0 F7200 X177.095 Y83.12
G1 F1800 X206.92 Y53.295 E3646.33457
G0 F7200 X206.92 Y52.73
G1 F1800 X176.529 Y83.12 E3650.623
G0 F7200 X175.964 Y83.12
G1 F1800 X206.92 Y52.164 E3654.99123
G0 F7200 X206.92 Y51.598
G1 F1800 X175.398 Y83.12 E3659.43932
G0 F7200 X174.832 Y83.12
G1 F1800 X206.92 Y51.033 E3663.96722
G0 F7200 X206.92 Y50.467
G1 F1800 X174.266 Y83.12 E3668.57498
G0 F7200 X173.701 Y83.12
G1 F1800 X206.92 Y49.901 E3673.26254
G0 F7200 X206.92 Y49.336
G1 F1800 X173.135 Y83.12 E3678.0299
G0 F7200 X172.569 Y83.12
G1 F1800 X206.92 Y48.77 E3682.87712
G0 F7200 X206.92 Y48.204
G1 F1800 X172.004 Y83.12 E3687.80415
G0 F7200 X171.438 Y83.12
G1 F1800 X206.92 Y47.638 E3692.81104
G0 F7200 X206.92 Y47.073
G1 F1800 X170.872 Y83.12 E3697.89773
G0 F7200 X170.307 Y83.12
G1 F1800 X206.92 Y46.507 E3703.06422
G0 F7200 X206.92 Y45.941
G1 F1800 X169.741 Y83.12 E3708.31058
G0 F7200 X169.175 Y83.12
G1 F1800 X206.92 Y45.376 E3713.63674
G0 F7200 X206.92 Y44.81
G1 F1800 X168.61 Y83.12 E3719.04269
G0 F7200 X168.044 Y83.12
G1 F1800 X206.92 Y44.244 E3724.52852
G0 F7200 X206.92 Y43.679
G1 F1800 X167.478 Y83.12 E3730.09414
G0 F7200 X166.913 Y83.12
G1 F1800 X206.92 Y43.113 E3735.73956
G0 F7200 X206.92 Y42.547
G1 F1800 X166.347 Y83.12 E3741.46485
G0 F7200 X165.781 Y83.12
G1 F1800 X206.92 Y41.982 E3747.26993
G0 F7200 X206.92 Y41.416
G1 F1800 X165.215 Y83.12 E3753.15489
G0 F7200 X164.65 Y83.12
G1 F1800 X206.92 Y40.85 E3759.11964
G0 F7200 X206.92 Y40.285
G1 F1800 X164.084 Y83.12 E3765.16419
G0 F7200 X163.518 Y83.12
G1 F1800 X206.92 Y39.719 E3771.28861
G0 F7200 X206.92 Y39.153
G1 F1800 X162.953 Y83.12 E3777.49283
G0 F7200 X162.387 Y83.12
G1 F1800 X206.92 Y38.588 E3783.77685
G0 F7200 X206.92 Y38.022
G1 F1800 X161.821 Y83.12 E3790.14073
G0 F7200 X161.256 Y83.12
G1 F1800 X206.92 Y37.456 E3796.58442
G0 F7200 X206.92 Y36.89
G1 F1800 X160.69 Y83.12 E3803.10797
G0 F7200 X160.124 Y83.12
G1 F1800 X206.92 Y36.325 E3809.71132
G0 F7200 X206.4 Y36.28
G1 F1800 X159.559 Y83.12 E3816.32102
G0 F7200 X158.993 Y83.12
G1 F1800 X205.834 Y36.28 E3822.93072
G0 F7200 X205.268 Y36.28
G1 F1800 X158.427 Y83.12 E3829.54042
G0 F7200 X157.862 Y83.12
G1 F1800 X204.702 Y36.28 E3836.15005
G0 F7200 X204.137 Y36.28
G1 F1800 X157.296 Y83.12 E3842.75975
G0 F7200 X156.73 Y83.12
G1 F1800 X203.571 Y36.28 E3849.36945
G0 F7200 X203.005 Y36.28
G1 F1800 X156.165 Y83.12 E3855.97908
G0 F7200 X155.599 Y83.12
G1 F1800 X202.44 Y36.28 E3862.58878
G0 F7200 X201.874 Y36.28
G1 F1800 X155.033 Y83.12 E3869.19848
G0 F7200 X154.467 Y83.12
G1 F1800 X201.308 Y36.28 E3875.80819
G0 F7200 X200.743 Y36.28
G1 F1800 X153.902 Y83.12 E3882.41789
G0 F7200 X153.336 Y83.12
G1 F1800 X200.177 Y36.28 E3889.02759
G0 F7200 X199.611 Y36.28
G1 F1800 X152.77 Y83.12 E3895.63729
G0 F7200 X152.205 Y83.12
G1 F1800 X199.046 Y36.28 E3902.24699
G0 F7200 X198.48 Y36.28
G1 F1800 X151.639 Y83.12 E3908.85669
G0 F7200 X151.073 Y83.12
G1 F1800 X197.914 Y36.28 E3915.46639
G0 F7200 X197.349 Y36.28
G1 F1800 X150.508 Y83.12 E3922.07609
G0 F7200 X149.942 Y83.12
G1 F1800 X196.783 Y36.28 E3928.68579
G0 F7200 X196.217 Y36.28
G1 F1800 X149.376 Y83.12 E3935.29549
G0 F7200 X148.811 Y83.12
G1 F1800 X195.651 Y36.28 E3941.90512
G0 F7200 X195.086 Y36.28
G1 F1800 X148.245 Y83.12 E3948.51482
G0 F7200 X147.679 Y83.12
G1 F1800 X194.52 Y36.28 E3955.12452
G0 F7200 X193.954 Y36.28
G1 F1800 X147.114 Y83.12 E3961.73415
G0 F7200 X146.548 Y83.12
G1 F1800 X193.389 Y36.28 E3968.34385
G0 F7200 X192.823 Y36.28
G1 F1800 X145.982 Y83.12 E3974.95355
G0 F7200 X145.417 Y83.12
G1 F1800 X192.257 Y36.28 E3981.56318
G0 F7200 X191.692 Y36.28
G1 F1800 X144.851 Y83.12 E3988.17288
G0 F7200 X144.285 Y83.12
G1 F1800 X191.126 Y36.28 E3994.78258
G0 F7200 X190.56 Y36.28
G1 F1800 X143.719 Y83.12 E4001.39228
G0 F7200 X143.154 Y83.12
G1 F1800 X189.995 Y36.28 E4008.00198
G0 F7200 X189.429 Y36.28
G1 F1800 X142.588 Y83.12 E4014.61168
G0 F7200 X142.022 Y83.12
G1 F1800 X188.863 Y36.28 E4021.22139
G0 F7200 X188.298 Y36.28
G1 F1800 X141.457 Y83.12 E4027.83109
G0 F7200 X140.891 Y83.12
G1 F1800 X187.732 Y36.28 E4034.44079
G0 F7200 X187.166 Y36.28
G1 F1800 X140.325 Y83.12 E4041.05049
G0 F7200 X139.76 Y83.12
G1 F1800 X186.601 Y36.28 E4047.66019
G0 F7200 X186.035 Y36.28
G1 F1800 X139.194 Y83.12 E4054.26989
G0 F7200 X138.628 Y83.12
G1 F1800 X185.469 Y36.28 E4060.87959
G0 F7200 X184.903 Y36.28
G1 F1800 X138.063 Y83.12 E4067.48922
G0 F7200 X137.497 Y83.12
G1 F1800 X184.338 Y36.28 E4074.09892
G0 F7200 X183.772 Y36.28
G1 F1800 X136.931 Y83.12 E4080.70862
G0 F7200 X136.366 Y83.12
G1 F1800 X183.206 Y36.28 E4087.31825
G0 F7200 X182.641 Y36.28
G1 F1800 X135.8 Y83.12 E4093.92795
G0 F7200 X135.234 Y83.12
G1 F1800 X182.075 Y36.28 E4100.53765
G0 F7200 X181.509 Y36.28
G1 F1800 X134.668 Y83.12 E4107.14735
G0 F7200 X134.103 Y83.12
G1 F1800 X180.944 Y36.28 E4113.75705
G0 F7200 X180.378 Y36.28
G1 F1800 X133.537 Y83.12 E4120.36675
G0 F7200 X132.971 Y83.12
G1 F1800 X179.812 Y36.28 E4126.97645
G0 F7200 X179.247 Y36.28
G1 F1800 X132.406 Y83.12 E4133.58615
G0 F7200 X131.84 Y83.12
G1 F1800 X178.681 Y36.28 E4140.19585
G0 F7200 X178.115 Y36.28
G1 F1800 X131.274 Y83.12 E4146.80555
G0 F7200 X130.709 Y83.12
G1 F1800 X177.55 Y36.28 E4153.41525
G0 F7200 X176.984 Y36.28
G1 F1800 X130.143 Y83.12 E4160.02496
G0 F7200 X129.577 Y83.12
G92 E0
G1 F1800 X176.418 Y36.28 E6.6097
G0 F7200 X175.853 Y36.28
G1 F1800 X129.012 Y83.12 E13.2194
G0 F7200 X128.446 Y83.12
G1 F1800 X175.287 Y36.28 E19.8291
G0 F7200 X174.721 Y36.28
G1 F1800 X127.88 Y83.12 E26.4388
G0 F7200 X127.315 Y83.12
G1 F1800 X174.155 Y36.28 E33.04843
G0 F7200 X173.59 Y36.28
G1 F1800 X126.749 Y83.12 E39.65813
G0 F7200 X126.183 Y83.12
G1 F1800 X173.024 Y36.28 E46.26783
G0 F7200 X172.458 Y36.28
G1 F1800 X125.618 Y83.12 E52.87746
G0 F7200 X125.052 Y83.12
G1 F1800 X171.893 Y36.28 E59.48716
G0 F7200 X171.327 Y36.28
G1 F1800 X124.486 Y83.12 E66.09686
G0 F7200 X123.92 Y83.12
G1 F1800 X170.761 Y36.28 E72.70656
G0 F7200 X170.196 Y36.28
G1 F1800 X123.355 Y83.12 E79.31627
G0 F7200 X122.789 Y83.12
G1 F1800 X169.63 Y36.28 E85.92597
G0 F7200 X169.064 Y36.28
G1 F1800 X122.223 Y83.12 E92.53567
G0 F7200 X121.658 Y83.12
G1 F1800 X168.499 Y36.28 E99.14537
G0 F7200 X167.933 Y36.28
G1 F1800 X121.092 Y83.12 E105.75507
G0 F7200 X120.526 Y83.12
G1 F1800 X167.367 Y36.28 E112.36477
G0 F7200 X166.802 Y36.28
G1 F1800 X119.961 Y83.12 E118.97447
G0 F7200 X119.395 Y83.12
G1 F1800 X166.236 Y36.28 E125.58417
G0 F7200 X165.67 Y36.28
G1 F1800 X118.829 Y83.12 E132.19387
G0 F7200 X118.264 Y83.12
G1 F1800 X165.104 Y36.28 E138.8035
G0 F7200 X164.539 Y36.28
G1 F1800 X117.698 Y83.12 E145.4132
G0 F7200 X117.132 Y83.12
G1 F1800 X163.973 Y36.28 E152.0229
G0 F7200 X163.407 Y36.28
G1 F1800 X116.567 Y83.12 E158.63253
G0 F7200 X116.001 Y83.12
G1 F1800 X162.842 Y36.28 E165.24223
G0 F7200 X162.276 Y36.28
G1 F1800 X115.435 Y83.12 E171.85193
G0 F7200 X114.869 Y83.12
G1 F1800 X161.71 Y36.28 E178.46163
G0 F7200 X161.145 Y36.28
G1 F1800 X114.304 Y83.12 E185.07133
G0 F7200 X113.738 Y83.12
G1 F1800 X160.579 Y36.28 E191.68103
G0 F7200 X160.013 Y36.28
G1 F1800 X113.172 Y83.12 E198.29073
G0 F7200 X112.607 Y83.12
G1 F1800 X159.448 Y36.28 E204.90043
G0 F7200 X158.882 Y36.28
G1 F1800 X112.041 Y83.12 E211.51013
G0 F7200 X111.475 Y83.12
G1 F1800 X158.316 Y36.28 E218.11984
G0 F7200 X157.751 Y36.28
G1 F1800 X110.91 Y83.12 E224.72954
G0 F7200 X110.344 Y83.12
G1 F1800 X157.185 Y36.28 E231.33924
G0 F7200 X156.619 Y36.28
G1 F1800 X109.778 Y83.12 E237.94894
G0 F7200 X109.213 Y83.12
G1 F1800 X156.054 Y36.28 E244.55864
G0 F7200 X155.488 Y36.28
G1 F1800 X108.647 Y83.12 E251.16834
G0 F7200 X108.081 Y83.12
G1 F1800 X154.922 Y36.28 E257.77804
G0 F7200 X154.356 Y36.28
G1 F1800 X107.516 Y83.12 E264.38767
G0 F7200 X106.95 Y83.12
G1 F1800 X153.791 Y36.28 E270.99737
G0 F7200 X153.225 Y36.28
G1 F1800 X106.384 Y83.12 E277.60707
G0 F7200 X105.819 Y83.12
G1 F1800 X152.659 Y36.28 E284.2167
G0 F7200 X152.094 Y36.28
G1 F1800 X105.253 Y83.12 E290.8264
G0 F7200 X104.687 Y83.12
G1 F1800 X151.528 Y36.28 E297.4361
G0 F7200 X150.962 Y36.28
G1 F1800 X104.121 Y83.12 E304.0458
G0 F7200 X103.556 Y83.12
G1 F1800 X150.397 Y36.28 E310.6555
G0 F7200 X149.831 Y36.28
G1 F1800 X102.99 Y83.12 E317.2652
G0 F7200 X102.424 Y83.12
G1 F1800 X149.265 Y36.28 E323.8749
G0 F7200 X148.7 Y36.28
G1 F1800 X101.859 Y83.12 E330.4846
G0 F7200 X101.293 Y83.12
G1 F1800 X148.134 Y36.28 E337.0943
G0 F7200 X147.568 Y36.28
G1 F1800 X100.727 Y83.12 E343.704
G0 F7200 X100.162 Y83.12
G1 F1800 X147.003 Y36.28 E350.3137
G0 F7200 X146.437 Y36.28
G1 F1800 X99.596 Y83.12 E356.92341
G0 F7200 X99.03 Y83.12
G1 F1800 X145.871 Y36.28 E363.53311
G0 F7200 X145.305 Y36.28
G1 F1800 X98.465 Y83.12 E370.14274
G0 F7200 X97.899 Y83.12
G1 F1800 X144.74 Y36.28 E376.75244
G0 F7200 X144.174 Y36.28
G1 F1800 X97.333 Y83.12 E383.36214
G0 F7200 X96.768 Y83.12
G1 F1800 X143.608 Y36.28 E389.97177
G0 F7200 X143.043 Y36.28
G1 F1800 X96.202 Y83.12 E396.58147
G0 F7200 X95.636 Y83.12
G1 F1800 X142.477 Y36.28 E403.19117
G0 F7200 X141.911 Y36.28
G1 F1800 X95.071 Y83.12 E409.8008
G0 F7200 X94.505 Y83.12
G1 F1800 X141.346 Y36.28 E416.4105
G0 F7200 X140.78 Y36.28
G1 F1800 X93.939 Y83.12 E423.0202
G0 F7200 X93.373 Y83.12
G1 F1800 X140.214 Y36.28 E429.6299
G0 F7200 X139.649 Y36.28
G1 F1800 X92.808 Y83.12 E436.2396
G0 F7200 X92.242 Y83.12
G1 F1800 X139.083 Y36.28 E442.8493
G0 F7200 X138.517 Y36.28
G1 F1800 X91.676 Y83.12 E449.459
G0 F7200 X91.111 Y83.12
G1 F1800 X137.952 Y36.28 E456.0687
G0 F7200 X137.386 Y36.28
G1 F1800 X90.545 Y83.12 E462.6784
G0 F7200 X90.08 Y83.02
G1 F1800 X136.82 Y36.28 E469.27392
G0 F7200 X136.255 Y36.28
G1 F1800 X90.08 Y82.454 E475.78964
G0 F7200 X90.08 Y81.889
G1 F1800 X135.689 Y36.28 E482.22556
G0 F7200 X135.123 Y36.28
G1 F1800 X90.08 Y81.323 E488.58162
G0 F7200 X90.08 Y80.757
G1 F1800 X134.557 Y36.28 E494.8578
G0 F7200 X133.992 Y36.28
G1 F1800 X90.08 Y80.192 E501.05426
G0 F7200 X90.08 Y79.626
G1 F1800 X133.426 Y36.28 E507.17085
G0 F7200 X132.86 Y36.28
G1 F1800 X90.08 Y79.06 E513.20757
G0 F7200 X90.08 Y78.495
G1 F1800 X132.295 Y36.28 E519.16456
G0 F7200 X131.729 Y36.28
G1 F1800 X90.08 Y77.929 E525.04169
G0 F7200 X90.08 Y77.363
G1 F1800 X131.163 Y36.28 E530.83894
G0 F7200 X130.598 Y36.28
G1 F1800 X90.08 Y76.797 E536.5564
G0 F7200 X90.08 Y76.232
G1 F1800 X130.032 Y36.28 E542.19406
G0 F7200 X129.466 Y36.28
G1 F1800 X90.08 Y75.666 E547.75185
G0 F7200 X90.08 Y75.1
G1 F1800 X128.901 Y36.28 E553.22984
G0 F7200 X128.335 Y36.28
G1 F1800 X90.08 Y74.535 E558.62803
G0 F7200 X90.08 Y73.969
G1 F1800 X127.769 Y36.28 E563.94636
G0 F7200 X127.204 Y36.28
G1 F1800 X90.08 Y73.403 E569.18488
G0 F7200 X90.08 Y72.838
G1 F1800 X126.638 Y36.28 E574.34361
G0 F7200 X126.072 Y36.28
G1 F1800 X90.08 Y72.272 E579.42247
G0 F7200 X90.08 Y71.706
G1 F1800 X125.507 Y36.28 E584.42154
G0 F7200 X124.941 Y36.28
G1 F1800 X90.08 Y71.141 E589.3408
G0 F7200 X90.08 Y70.575
G1 F1800 X124.375 Y36.28 E594.18019
G0 F7200 X123.809 Y36.28
G1 F1800 X90.08 Y70.009 E598.93972
G0 F7200 X90.08 Y69.444
G1 F1800 X123.244 Y36.28 E603.61952
G0 F7200 X122.678 Y36.28
G1 F1800 X90.08 Y68.878 E608.21945
G0 F7200 X90.08 Y68.312
G1 F1800 X122.112 Y36.28 E612.73951
G0 F7200 X121.547 Y36.28
G1 F1800 X90.08 Y67.746 E617.17977
G0 F7200 X90.08 Y67.181
G1 F1800 X120.981 Y36.28 E621.54024
G0 F7200 X120.415 Y36.28
G1 F1800 X90.08 Y66.615 E625.82083
G0 F7200 X90.08 Y66.049
G1 F1800 X119.85 Y36.28 E630.02163
G0 F7200 X119.284 Y36.28
G1 F1800 X90.08 Y65.484 E634.14263
G0 F7200 X90.08 Y64.918
G1 F1800 X118.718 Y36.28 E638.18376
G0 F7200 X118.153 Y36.28
G1 F1800 X90.08 Y64.352 E642.1451
G0 F7200 X90.08 Y63.787
G1 F1800 X117.587 Y36.28 E646.02663
G0 F7200 X117.021 Y36.28
G1 F1800 X90.08 Y63.221 E649.8283
G0 F7200 X90.08 Y62.655
G1 F1800 X116.456 Y36.28 E653.55016
G0 F7200 X115.89 Y36.28
G1 F1800 X90.08 Y62.09 E657.19223
G0 F7200 X90.08 Y61.524
G1 F1800 X115.324 Y36.28 E660.75444
G0 F7200 X114.758 Y36.28
G1 F1800 X90.08 Y60.958 E664.23677
G0 F7200 X90.08 Y60.393
G1 F1800 X114.193 Y36.28 E667.63937
G0 F7200 X113.627 Y36.28
G1 F1800 X90.08 Y59.827 E670.96211
G0 F7200 X90.08 Y59.261
G1 F1800 X113.061 Y36.28 E674.20498
G0 F7200 X112.496 Y36.28
G1 F1800 X90.08 Y58.696 E677.36812
G0 F7200 X90.08 Y58.13
G1 F1800 X111.93 Y36.28 E680.45139
G0 F7200 X111.364 Y36.28
G1 F1800 X90.08 Y57.564 E683.45479
G0 F7200 X90.08 Y56.998
G1 F1800 X110.799 Y36.28 E686.37839
G0 F7200 X110.233 Y36.28
G1 F1800 X90.08 Y56.433 E689.2222
G0 F7200 X90.08 Y55.867
G1 F1800 X109.667 Y36.28 E691.98614
G0 F7200 X109.102 Y36.28
G1 F1800 X90.08 Y55.301 E694.67028
G0 F7200 X90.08 Y54.736
G1 F1800 X108.536 Y36.28 E697.27462
G0 F7200 X107.97 Y36.28
G1 F1800 X90.08 Y54.17 E699.79909
G0 F7200 X90.08 Y53.604
G1 F1800 X107.405 Y36.28 E702.24376
G0 F7200 X106.839 Y36.28
G1 F1800 X90.08 Y53.039 E704.60864
G0 F7200 X90.08 Y52.473
G1 F1800 X106.273 Y36.28 E706.89365
G0 F7200 X105.708 Y36.28
G1 F1800 X90.08 Y51.907 E709.09886
G0 F7200 X90.08 Y51.342
G1 F1800 X105.142 Y36.28 E711.22427
G0 F7200 X104.576 Y36.28
G1 F1800 X90.08 Y50.776 E713.26981
G0 F7200 X90.08 Y50.21
G1 F1800 X104.01 Y36.28 E715.23548
G0 F7200 X103.445 Y36.28
G1 F1800 X90.08 Y49.645 E717.12143
G0 F7200 X90.08 Y49.079
G1 F1800 X102.879 Y36.28 E718.92751
G0 F7200 X102.313 Y36.28
G1 F1800 X90.08 Y48.513 E720.65371
G0 F7200 X90.08 Y47.947
G1 F1800 X101.748 Y36.28 E722.30012
G0 F7200 X101.182 Y36.28
G1 F1800 X90.08 Y47.382 E723.86674
G0 F7200 X90.08 Y46.816
G1 F1800 X100.616 Y36.28 E725.35348
G0 F7200 X100.051 Y36.28
G1 F1800 X90.08 Y46.25 E726.76042
G0 F7200 X90.08 Y45.685
G1 F1800 X99.485 Y36.28 E728.08757
G0 F7200 X98.919 Y36.28
G1 F1800 X90.08 Y45.119 E729.33485
G0 F7200 X90.08 Y44.553
G1 F1800 X98.354 Y36.28 E730.50233
G0 F7200 X97.788 Y36.28
G1 F1800 X90.08 Y43.988 E731.59001
G0 F7200 X90.08 Y43.422
G1 F1800 X97.222 Y36.28 E732.59783
G0 F7200 X96.657 Y36.28
G1 F1800 X90.08 Y42.856 E733.52584
G0 F7200 X90.08 Y42.291
G1 F1800 X96.091 Y36.28 E734.37406
G0 F7200 X95.525 Y36.28
G1 F1800 X90.08 Y41.725 E735.14241
G0 F7200 X90.08 Y41.159
G1 F1800 X94.959 Y36.28 E735.83089
G0 F7200 X94.394 Y36.28
G1 F1800 X90.08 Y40.594 E736.43964
G0 F7200 X90.08 Y40.028
G1 F1800 X93.828 Y36.28 E736.96852
G0 F7200 X93.262 Y36.28
G1 F1800 X90.08 Y39.462 E737.41754
G0 F7200 X90.08 Y38.897
G1 F1800 X92.697 Y36.28 E737.78682
G0 F7200 X92.131 Y36.28
G1 F1800 X90.08 Y38.331 E738.07624
G0 F7200 X90.08 Y37.765
G1 F1800 X91.565 Y36.28 E738.28579
G0 F7200 X91 Y36.28
G1 F1800 X90.08 Y37.199 E738.41554
G0 F7200 X90.08 Y36.634
G1 F1800 X90.434 Y36.28 E738.4655
G1 F1500 E731.9655
;MESH:manette_front-Body_(Meshed).stl
G0 F7200 X207.5 Y84.271
G0 X207.5 Y85.366
G0 X207.5 Y117.458
G0 X207.5 Y118.553
G0 X207.5 Y167.12
;TYPE:WALL-INNER
G1 F1500 E738.4655
G1 F3600 X207.5 Y119.12 E743.25495
G1 X89.5 Y119.12 E755.02904
G1 X89.5 Y167.12 E759.8185
G1 X207.5 Y167.12 E771.59259
G0 F7200 X207.9 Y167.52
G1 F3600 X207.9 Y118.72 E776.46187
G1 X89.1 Y118.72 E788.31579
G1 X89.1 Y167.52 E793.18507
G1 X207.9 Y167.52 E805.03898
G0 F7200 X208.3 Y167.92
;TYPE:WALL-OUTER
G1 F1800 X208.3 Y118.32 E809.98809
G1 X88.7 Y118.32 E821.92183
G1 X88.7 Y167.92 E826.87093
G1 X208.3 Y167.92 E838.80467
G0 F7200 X208.3 Y167.72
G0 X207.62 Y167.243
G0 X207.12 Y166.74
;TYPE:SKIN
G1 F1800 X89.88 Y166.74 E850.50293
G1 X89.88 Y119.5 E855.21655
G1 X207.12 Y119.5 E866.91481
G1 X207.12 Y166.74 E871.62843
G0 F7200 X206.812 Y166.54
G1 F1800 X206.92 Y166.432 E871.64367
G0 F7200 X206.92 Y165.867
G1 F1800 X206.247 Y166.54 E871.73864
G0 F7200 X205.681 Y166.54
G1 F1800 X206.92 Y165.301 E871.91348
G0 F7200 X206.92 Y164.735
G1 F1800 X205.115 Y166.54 E872.16818
G0 F7200 X204.55 Y166.54
G1 F1800 X206.92 Y164.17 E872.50261
G0 F7200 X206.92 Y163.604
G1 F1800 X203.984 Y166.54 E872.91692
G0 F7200 X203.418 Y166.54
G1 F1800 X206.92 Y163.038 E873.41109
G0 F7200 X206.92 Y162.473
G1 F1800 X202.853 Y166.54 E873.98498
G0 F7200 X202.287 Y166.54
G1 F1800 X206.92 Y161.907 E874.63875
G0 F7200 X206.92 Y161.341
G1 F1800 X201.721 Y166.54 E875.37238
G0 F7200 X201.156 Y166.54
G1 F1800 X206.92 Y160.776 E876.18575
G0 F7200 X206.92 Y160.21
G1 F1800 X200.59 Y166.54 E877.07898
G0 F7200 X200.024 Y166.54
G1 F1800 X206.92 Y159.644 E878.05208
G0 F7200 X206.92 Y159.079
G1 F1800 X199.459 Y166.54 E879.10491
G0 F7200 X198.893 Y166.54
G1 F1800 X206.92 Y158.513 E880.2376
G0 F7200 X206.92 Y157.947
G1 F1800 X198.327 Y166.54 E881.45017
G0 F7200 X197.762 Y166.54
G1 F1800 X206.92 Y157.381 E882.74253
G0 F7200 X206.92 Y156.816
G1 F1800 X197.196 Y166.54 E884.11469
G0 F7200 X196.63 Y166.54
G1 F1800 X206.92 Y156.25 E885.56672
G0 F7200 X206.92 Y155.684
G1 F1800 X196.064 Y166.54 E887.09862
G0 F7200 X195.499 Y166.54
G1 F1800 X206.92 Y155.119 E888.71025
G0 F7200 X206.92 Y154.553
G1 F1800 X194.933 Y166.54 E890.40174
G0 F7200 X194.367 Y166.54
G1 F1800 X206.92 Y153.987 E892.17311
G0 F7200 X206.92 Y153.422
G1 F1800 X193.802 Y166.54 E894.0242
G0 F7200 X193.236 Y166.54
G1 F1800 X206.92 Y152.856 E895.95516
G0 F7200 X206.92 Y152.29
G1 F1800 X192.67 Y166.54 E897.96599
G0 F7200 X192.105 Y166.54
G1 F1800 X206.92 Y151.725 E900.05654
G0 F7200 X206.92 Y151.159
G1 F1800 X191.539 Y166.54 E902.22697
G0 F7200 X190.973 Y166.54
G1 F1800 X206.92 Y150.593 E904.47726
G0 F7200 X206.92 Y150.028
G1 F1800 X190.408 Y166.54 E906.80729
G0 F7200 X189.842 Y166.54
G1 F1800 X206.92 Y149.462 E909.21718
G0 F7200 X206.92 Y148.896
G1 F1800 X189.276 Y166.54 E911.70693
G0 F7200 X188.711 Y166.54
G1 F1800 X206.92 Y148.33 E914.27649
G0 F7200 X206.92 Y147.765
G1 F1800 X188.145 Y166.54 E916.92585
G0 F7200 X187.579 Y166.54
G1 F1800 X206.92 Y147.199 E919.65507
G0 F7200 X206.92 Y146.633
G1 F1800 X187.013 Y166.54 E922.46416
G0 F7200 X186.448 Y166.54
G1 F1800 X206.92 Y146.068 E925.35298
G0 F7200 X206.92 Y145.502
G1 F1800 X185.882 Y166.54 E928.32167
G0 F7200 X185.316 Y166.54
G1 F1800 X206.92 Y144.936 E931.37023
G0 F7200 X206.92 Y144.371
G1 F1800 X184.751 Y166.54 E934.49852
G0 F7200 X184.185 Y166.54
G1 F1800 X206.92 Y143.805 E937.70667
G0 F7200 X206.92 Y143.239
G1 F1800 X183.619 Y166.54 E940.99469
G0 F7200 X183.054 Y166.54
G1 F1800 X206.92 Y142.674 E944.36244
G0 F7200 X206.92 Y142.108
G1 F1800 X182.488 Y166.54 E947.81006
G0 F7200 X181.922 Y166.54
G1 F1800 X206.92 Y141.542 E951.33755
G0 F7200 X206.92 Y140.977
G1 F1800 X181.357 Y166.54 E954.94477
G0 F7200 X180.791 Y166.54
G1 F1800 X206.92 Y140.411 E958.63185
G0 F7200 X206.92 Y139.845
G1 F1800 X180.225 Y166.54 E962.3988
G0 F7200 X179.66 Y166.54
G1 F1800 X206.92 Y139.28 E966.24548
G0 F7200 X206.92 Y138.714
G1 F1800 X179.094 Y166.54 E970.17203
G0 F7200 X178.528 Y166.54
G1 F1800 X206.92 Y138.148 E974.17845
G0 F7200 X206.92 Y137.582
G1 F1800 X177.963 Y166.54 E978.26467
G0 F7200 X177.397 Y166.54
G1 F1800 X206.92 Y137.017 E982.43068
G0 F7200 X206.92 Y136.451
G1 F1800 X176.831 Y166.54 E986.67656
G0 F7200 X176.265 Y166.54
G1 F1800 X206.92 Y135.885 E991.00232
G0 F7200 X206.92 Y135.32
G1 F1800 X175.7 Y166.54 E995.40779
G0 F7200 X175.134 Y166.54
G1 F1800 X206.92 Y134.754 E999.89314
G0 F7200 X206.92 Y134.188
G1 F1800 X174.568 Y166.54 E1004.45836
G0 F7200 X174.003 Y166.54
G1 F1800 X206.92 Y133.623 E1009.1033
G0 F7200 X206.92 Y133.057
G1 F1800 X173.437 Y166.54 E1013.82812
G0 F7200 X172.871 Y166.54
G1 F1800 X206.92 Y132.491 E1018.6328
G0 F7200 X206.92 Y131.926
G1 F1800 X172.306 Y166.54 E1023.51721
G0 F7200 X171.74 Y166.54
G1 F1800 X206.92 Y131.36 E1028.48149
G0 F7200 X206.92 Y130.794
G1 F1800 X171.174 Y166.54 E1033.52563
G0 F7200 X170.609 Y166.54
G1 F1800 X206.92 Y130.229 E1038.64951
G0 F7200 X206.92 Y129.663
G1 F1800 X170.043 Y166.54 E1043.85325
G0 F7200 X169.477 Y166.54
G1 F1800 X206.92 Y129.097 E1049.13686
G0 F7200 X206.92 Y128.532
G1 F1800 X168.912 Y166.54 E1054.5002
G0 F7200 X168.346 Y166.54
G1 F1800 X206.92 Y127.966 E1059.94341
G0 F7200 X206.92 Y127.4
G1 F1800 X167.78 Y166.54 E1065.46649
G0 F7200 X167.214 Y166.54
G1 F1800 X206.92 Y126.834 E1071.06943
G0 F7200 X206.92 Y126.269
G1 F1800 X166.649 Y166.54 E1076.7521
G0 F7200 X166.083 Y166.54
G1 F1800 X206.92 Y125.703 E1082.51465
G0 F7200 X206.92 Y125.137
G1 F1800 X165.517 Y166.54 E1088.35706
G0 F7200 X164.952 Y166.54
G1 F1800 X206.92 Y124.572 E1094.27919
G0 F7200 X206.92 Y124.006
G1 F1800 X164.386 Y166.54 E1100.2812
G0 F7200 X163.82 Y166.54
G1 F1800 X206.92 Y123.44 E1106.36308
G0 F7200 X206.92 Y122.875
G1 F1800 X163.255 Y166.54 E1112.52468
G0 F7200 X162.689 Y166.54
G1 F1800 X206.92 Y122.309 E1118.76615
G0 F7200 X206.92 Y121.743
G1 F1800 X162.123 Y166.54 E1125.08749
G0 F7200 X161.558 Y166.54
G1 F1800 X206.92 Y121.178 E1131.48856
G0 F7200 X206.92 Y120.612
G1 F1800 X160.992 Y166.54 E1137.9695
G0 F7200 X160.426 Y166.54
G1 F1800 X206.92 Y120.046 E1144.5303
G0 F7200 X206.701 Y119.7
G1 F1800 X159.861 Y166.54 E1151.13993
G0 F7200 X159.295 Y166.54
G1 F1800 X206.135 Y119.7 E1157.74956
G0 F7200 X205.569 Y119.7
G1 F1800 X158.729 Y166.54 E1164.35919
G0 F7200 X158.164 Y166.54
G1 F1800 X205.004 Y119.7 E1170.96882
G0 F7200 X204.438 Y119.7
G1 F1800 X157.598 Y166.54 E1177.57845
G0 F7200 X157.032 Y166.54
G1 F1800 X203.872 Y119.7 E1184.18808
G0 F7200 X203.307 Y119.7
G1 F1800 X156.466 Y166.54 E1190.79778
G0 F7200 X155.901 Y166.54
G1 F1800 X202.741 Y119.7 E1197.40741
G0 F7200 X202.175 Y119.7
G1 F1800 X155.335 Y166.54 E1204.01704
G0 F7200 X154.769 Y166.54
G1 F1800 X201.61 Y119.7 E1210.62674
G0 F7200 X201.044 Y119.7
G1 F1800 X154.204 Y166.54 E1217.23637
G0 F7200 X153.638 Y166.54
G1 F1800 X200.478 Y119.7 E1223.846
G0 F7200 X199.913 Y119.7
G1 F1800 X153.072 Y166.54 E1230.4557
G0 F7200 X152.507 Y166.54
G1 F1800 X199.347 Y119.7 E1237.06533
G0 F7200 X198.781 Y119.7
G1 F1800 X151.941 Y166.54 E1243.67496
G0 F7200 X151.375 Y166.54
G1 F1800 X198.215 Y119.7 E1250.28459
G0 F7200 X197.65 Y119.7
G1 F1800 X150.81 Y166.54 E1256.89422
G0 F7200 X150.244 Y166.54
G1 F1800 X197.084 Y119.7 E1263.50385
G0 F7200 X196.518 Y119.7
G1 F1800 X149.678 Y166.54 E1270.11348
G0 F7200 X149.113 Y166.54
G1 F1800 X195.953 Y119.7 E1276.72311
G0 F7200 X195.387 Y119.7
G1 F1800 X148.547 Y166.54 E1283.33274
G0 F7200 X147.981 Y166.54
G1 F1800 X194.821 Y119.7 E1289.94237
G0 F7200 X194.256 Y119.7
G1 F1800 X147.416 Y166.54 E1296.552
G0 F7200 X146.85 Y166.54
G1 F1800 X193.69 Y119.7 E1303.16163
G0 F7200 X193.124 Y119.7
G1 F1800 X146.284 Y166.54 E1309.77126
G0 F7200 X145.718 Y166.54
G1 F1800 X192.559 Y119.7 E1316.38097
G0 F7200 X191.993 Y119.7
G1 F1800 X145.153 Y166.54 E1322.9906
G0 F7200 X144.587 Y166.54
G1 F1800 X191.427 Y119.7 E1329.60023
G0 F7200 X190.862 Y119.7
G1 F1800 X144.021 Y166.54 E1336.20993
G0 F7200 X143.456 Y166.54
G1 F1800 X190.296 Y119.7 E1342.81956
G0 F7200 X189.73 Y119.7
G1 F1800 X142.89 Y166.54 E1349.42919
G0 F7200 X142.324 Y166.54
G1 F1800 X189.164 Y119.7 E1356.03882
G0 F7200 X188.599 Y119.7
G1 F1800 X141.759 Y166.54 E1362.64845
G0 F7200 X141.193 Y166.54
G1 F1800 X188.033 Y119.7 E1369.25808
G0 F7200 X187.467 Y119.7
G1 F1800 X140.627 Y166.54 E1375.86771
G0 F7200 X140.062 Y166.54
G1 F1800 X186.902 Y119.7 E1382.47734
G0 F7200 X186.336 Y119.7
G1 F1800 X139.496 Y166.54 E1389.08697
G0 F7200 X138.93 Y166.54
G1 F1800 X185.77 Y119.7 E1395.6966
G0 F7200 X185.205 Y119.7
G1 F1800 X138.365 Y166.54 E1402.30623
G0 F7200 X137.799 Y166.54
G1 F1800 X184.639 Y119.7 E1408.91586
G0 F7200 X184.073 Y119.7
G1 F1800 X137.233 Y166.54 E1415.52549
G0 F7200 X136.667 Y166.54
G1 F1800 X183.508 Y119.7 E1422.13519
G0 F7200 X182.942 Y119.7
G1 F1800 X136.102 Y166.54 E1428.74482
G0 F7200 X135.536 Y166.54
G1 F1800 X182.376 Y119.7 E1435.35445
G0 F7200 X181.811 Y119.7
G1 F1800 X134.97 Y166.54 E1441.96415
G0 F7200 X134.405 Y166.54
G1 F1800 X181.245 Y119.7 E1448.57378
G0 F7200 X180.679 Y119.7
G1 F1800 X133.839 Y166.54 E1455.18341
G0 F7200 X133.273 Y166.54
G1 F1800 X180.114 Y119.7 E1461.79311
G0 F7200 X179.548 Y119.7
G1 F1800 X132.708 Y166.54 E1468.40274
G0 F7200 X132.142 Y166.54
G1 F1800 X178.982 Y119.7 E1475.01237
G0 F7200 X178.416 Y119.7
G1 F1800 X131.576 Y166.54 E1481.622
G0 F7200 X131.011 Y166.54
G1 F1800 X177.851 Y119.7 E1488.23163
G0 F7200 X177.285 Y119.7
G1 F1800 X130.445 Y166.54 E1494.84126
G0 F7200 X129.879 Y166.54
G1 F1800 X176.719 Y119.7 E1501.45089
G0 F7200 X176.154 Y119.7
G1 F1800 X129.314 Y166.54 E1508.06052
G0 F7200 X128.748 Y166.54
G1 F1800 X175.588 Y119.7 E1514.67015
G0 F7200 X175.022 Y119.7
G1 F1800 X128.182 Y166.54 E1521.27978
G0 F7200 X127.617 Y166.54
G1 F1800 X174.457 Y119.7 E1527.88941
G0 F7200 X173.891 Y119.7
G1 F1800 X127.051 Y166.54 E1534.49904
G0 F7200 X126.485 Y166.54
G1 F1800 X173.325 Y119.7 E1541.10867
G0 F7200 X172.76 Y119.7
G1 F1800 X125.919 Y166.54 E1547.71837
G0 F7200 X125.354 Y166.54
G1 F1800 X172.194 Y119.7 E1554.328
G0 F7200 X171.628 Y119.7
G1 F1800 X124.788 Y166.54 E1560.93763
G0 F7200 X124.222 Y166.54
G1 F1800 X171.063 Y119.7 E1567.54733
G0 F7200 X170.497 Y119.7
G1 F1800 X123.657 Y166.54 E1574.15696
G0 F7200 X123.091 Y166.54
G1 F1800 X169.931 Y119.7 E1580.76659
G0 F7200 X169.366 Y119.7
G1 F1800 X122.525 Y166.54 E1587.37629
G0 F7200 X121.96 Y166.54
G1 F1800 X168.8 Y119.7 E1593.98592
G0 F7200 X168.234 Y119.7
G1 F1800 X121.394 Y166.54 E1600.59555
G0 F7200 X120.828 Y166.54
G1 F1800 X167.668 Y119.7 E1607.20518
G0 F7200 X167.103 Y119.7
G1 F1800 X120.263 Y166.54 E1613.81481
G0 F7200 X119.697 Y166.54
G1 F1800 X166.537 Y119.7 E1620.42444
G0 F7200 X165.971 Y119.7
G1 F1800 X119.131 Y166.54 E1627.03407
G0 F7200 X118.566 Y166.54
G1 F1800 X165.406 Y119.7 E1633.6437
G0 F7200 X164.84 Y119.7
G1 F1800 X118 Y166.54 E1640.25333
G0 F7200 X117.434 Y166.54
G1 F1800 X164.274 Y119.7 E1646.86296
G0 F7200 X163.709 Y119.7
G1 F1800 X116.868 Y166.54 E1653.47266
G0 F7200 X116.303 Y166.54
G1 F1800 X163.143 Y119.7 E1660.08229
G0 F7200 X162.577 Y119.7
G1 F1800 X115.737 Y166.54 E1666.69192
G0 F7200 X115.171 Y166.54
G1 F1800 X162.012 Y119.7 E1673.30162
G0 F7200 X161.446 Y119.7
G1 F1800 X114.606 Y166.54 E1679.91125
G0 F7200 X114.04 Y166.54
G1 F1800 X160.88 Y119.7 E1686.52088
G0 F7200 X160.315 Y119.7
G1 F1800 X113.474 Y166.54 E1693.13058
G0 F7200 X112.909 Y166.54
G1 F1800 X159.749 Y119.7 E1699.74021
G0 F7200 X159.183 Y119.7
G1 F1800 X112.343 Y166.54 E1706.34984
G0 F7200 X111.777 Y166.54
G1 F1800 X158.617 Y119.7 E1712.95947
G0 F7200 X158.052 Y119.7
G1 F1800 X111.212 Y166.54 E1719.5691
G0 F7200 X110.646 Y166.54
G1 F1800 X157.486 Y119.7 E1726.17873
G0 F7200 X156.92 Y119.7
G1 F1800 X110.08 Y166.54 E1732.78836
G0 F7200 X109.515 Y166.54
G1 F1800 X156.355 Y119.7 E1739.39799
G0 F7200 X155.789 Y119.7
G1 F1800 X108.949 Y166.54 E1746.00762
G0 F7200 X108.383 Y166.54
G1 F1800 X155.223 Y119.7 E1752.61725
G0 F7200 X154.658 Y119.7
G1 F1800 X107.818 Y166.54 E1759.22688
G0 F7200 X107.252 Y166.54
G1 F1800 X154.092 Y119.7 E1765.83651
G0 F7200 X153.526 Y119.7
G1 F1800 X106.686 Y166.54 E1772.44614
G0 F7200 X106.12 Y166.54
G1 F1800 X152.961 Y119.7 E1779.05584
G0 F7200 X152.395 Y119.7
G1 F1800 X105.555 Y166.54 E1785.66547
G0 F7200 X104.989 Y166.54
G1 F1800 X151.829 Y119.7 E1792.2751
G0 F7200 X151.264 Y119.7
G1 F1800 X104.423 Y166.54 E1798.8848
G0 F7200 X103.858 Y166.54
G1 F1800 X150.698 Y119.7 E1805.49443
G0 F7200 X150.132 Y119.7
G1 F1800 X103.292 Y166.54 E1812.10406
G0 F7200 X102.726 Y166.54
G1 F1800 X149.567 Y119.7 E1818.71376
G0 F7200 X149.001 Y119.7
G1 F1800 X102.161 Y166.54 E1825.32339
G0 F7200 X101.595 Y166.54
G1 F1800 X148.435 Y119.7 E1831.93302
G0 F7200 X147.869 Y119.7
G1 F1800 X101.029 Y166.54 E1838.54265
G0 F7200 X100.464 Y166.54
G1 F1800 X147.304 Y119.7 E1845.15228
G0 F7200 X146.738 Y119.7
G1 F1800 X99.898 Y166.54 E1851.76191
G0 F7200 X99.332 Y166.54
G1 F1800 X146.172 Y119.7 E1858.37154
G0 F7200 X145.607 Y119.7
G1 F1800 X98.767 Y166.54 E1864.98117
G0 F7200 X98.201 Y166.54
G1 F1800 X145.041 Y119.7 E1871.5908
G0 F7200 X144.475 Y119.7
G1 F1800 X97.635 Y166.54 E1878.20043
G0 F7200 X97.069 Y166.54
G1 F1800 X143.91 Y119.7 E1884.81013
G0 F7200 X143.344 Y119.7
G1 F1800 X96.504 Y166.54 E1891.41976
G0 F7200 X95.938 Y166.54
G1 F1800 X142.778 Y119.7 E1898.02939
G0 F7200 X142.213 Y119.7
G1 F1800 X95.372 Y166.54 E1904.63909
G0 F7200 X94.807 Y166.54
G1 F1800 X141.647 Y119.7 E1911.24872
G0 F7200 X141.081 Y119.7
G1 F1800 X94.241 Y166.54 E1917.85835
G0 F7200 X93.675 Y166.54
G1 F1800 X140.516 Y119.7 E1924.46805
G0 F7200 X139.95 Y119.7
G1 F1800 X93.11 Y166.54 E1931.07768
G0 F7200 X92.544 Y166.54
G1 F1800 X139.384 Y119.7 E1937.68731
G0 F7200 X138.818 Y119.7
G1 F1800 X91.978 Y166.54 E1944.29694
G0 F7200 X91.413 Y166.54
G1 F1800 X138.253 Y119.7 E1950.90657
G0 F7200 X137.687 Y119.7
G1 F1800 X90.847 Y166.54 E1957.5162
G0 F7200 X90.281 Y166.54
G1 F1800 X137.121 Y119.7 E1964.12583
G0 F7200 X136.556 Y119.7
G1 F1800 X90.08 Y166.175 E1970.68403
G0 F7200 X90.08 Y165.609
G1 F1800 X135.99 Y119.7 E1977.16235
G0 F7200 X135.424 Y119.7
G1 F1800 X90.08 Y165.044 E1983.56088
G0 F7200 X90.08 Y164.478
G1 F1800 X134.859 Y119.7 E1989.87961
G0 F7200 X134.293 Y119.7
G1 F1800 X90.08 Y163.912 E1996.11847
G0 F7200 X90.08 Y163.347
G1 F1800 X133.727 Y119.7 E2002.27754
G0 F7200 X133.162 Y119.7
G1 F1800 X90.08 Y162.781 E2008.3568
G0 F7200 X90.08 Y162.215
G1 F1800 X132.596 Y119.7 E2014.3562
G0 F7200 X132.03 Y119.7
G1 F1800 X90.08 Y161.65 E2020.2758
G0 F7200 X90.08 Y161.084
G1 F1800 X131.465 Y119.7 E2026.1156
G0 F7200 X130.899 Y119.7
G1 F1800 X90.08 Y160.518 E2031.87553
G0 F7200 X90.08 Y159.953
G1 F1800 X130.333 Y119.7 E2037.55566
G0 F7200 X129.768 Y119.7
G1 F1800 X90.08 Y159.387 E2043.15599
G0 F7200 X90.08 Y158.821
G1 F1800 X129.202 Y119.7 E2048.67646
G0 F7200 X128.636 Y119.7
G1 F1800 X90.08 Y158.255 E2054.11706
G0 F7200 X90.08 Y157.69
G1 F1800 X128.07 Y119.7 E2059.47786
G0 F7200 X127.505 Y119.7
G1 F1800 X90.08 Y157.124 E2064.75886
G0 F7200 X90.08 Y156.558
G1 F1800 X126.939 Y119.7 E2069.95999
G0 F7200 X126.373 Y119.7
G1 F1800 X90.08 Y155.993 E2075.08133
G0 F7200 X90.08 Y155.427
G1 F1800 X125.808 Y119.7 E2080.12286
G0 F7200 X125.242 Y119.7
G1 F1800 X90.08 Y154.861 E2085.08453
G0 F7200 X90.08 Y154.296
G1 F1800 X124.676 Y119.7 E2089.9664
G0 F7200 X124.111 Y119.7
G1 F1800 X90.08 Y153.73 E2094.76847
G0 F7200 X90.08 Y153.164
G1 F1800 X123.545 Y119.7 E2099.49067
G0 F7200 X122.979 Y119.7
G1 F1800 X90.08 Y152.599 E2104.13308
G0 F7200 X90.08 Y152.033
G1 F1800 X122.414 Y119.7 E2108.69568
G0 F7200 X121.848 Y119.7
G1 F1800 X90.08 Y151.467 E2113.17842
G0 F7200 X90.08 Y150.902
G1 F1800 X121.282 Y119.7 E2117.58136
G0 F7200 X120.717 Y119.7
G1 F1800 X90.08 Y150.336 E2121.9045
G0 F7200 X90.08 Y149.77
G1 F1800 X120.151 Y119.7 E2126.14777
G0 F7200 X119.585 Y119.7
G1 F1800 X90.08 Y149.204 E2130.31118
G0 F7200 X90.08 Y148.639
G1 F1800 X119.02 Y119.7 E2134.39485
G0 F7200 X118.454 Y119.7
G1 F1800 X90.08 Y148.073 E2138.39866
G0 F7200 X90.08 Y147.507
G1 F1800 X117.888 Y119.7 E2142.3226
G0 F7200 X117.322 Y119.7
G1 F1800 X90.08 Y146.942 E2146.16674
G0 F7200 X90.08 Y146.376
G1 F1800 X116.757 Y119.7 E2149.93108
G0 F7200 X116.191 Y119.7
G1 F1800 X90.08 Y145.81 E2153.61556
G0 F7200 X90.08 Y145.245
G1 F1800 X115.625 Y119.7 E2157.22023
G0 F7200 X115.06 Y119.7
G1 F1800 X90.08 Y144.679 E2160.74511
G0 F7200 X90.08 Y144.113
G1 F1800 X114.494 Y119.7 E2164.19012
G0 F7200 X113.928 Y119.7
G1 F1800 X90.08 Y143.548 E2167.55533
G0 F7200 X90.08 Y142.982
G1 F1800 X113.363 Y119.7 E2170.84074
G0 F7200 X112.797 Y119.7
G1 F1800 X90.08 Y142.416 E2174.04628
G0 F7200 X90.08 Y141.851
G1 F1800 X112.231 Y119.7 E2177.17203
G0 F7200 X111.666 Y119.7
G1 F1800 X90.08 Y141.285 E2180.21798
G0 F7200 X90.08 Y140.719
G1 F1800 X111.1 Y119.7 E2183.18405
G0 F7200 X110.534 Y119.7
G1 F1800 X90.08 Y140.154 E2186.07033
G0 F7200 X90.08 Y139.588
G1 F1800 X109.969 Y119.7 E2188.87682
G0 F7200 X109.403 Y119.7
G1 F1800 X90.08 Y139.022 E2191.60343
G0 F7200 X90.08 Y138.456
G1 F1800 X108.837 Y119.7 E2194.25017
G0 F7200 X108.271 Y119.7
G1 F1800 X90.08 Y137.891 E2196.81712
G0 F7200 X90.08 Y137.325
G1 F1800 X107.706 Y119.7 E2199.30427
G0 F7200 X107.14 Y119.7
G1 F1800 X90.08 Y136.759 E2201.71155
G0 F7200 X90.08 Y136.194
G1 F1800 X106.574 Y119.7 E2204.03903
G0 F7200 X106.009 Y119.7
G1 F1800 X90.08 Y135.628 E2206.28671
G0 F7200 X90.08 Y135.062
G1 F1800 X105.443 Y119.7 E2208.45453
G0 F7200 X104.877 Y119.7
G1 F1800 X90.08 Y134.497 E2210.54255
G0 F7200 X90.08 Y133.931
G1 F1800 X104.312 Y119.7 E2212.55076
G0 F7200 X103.746 Y119.7
G1 F1800 X90.08 Y133.365 E2214.47911
G0 F7200 X90.08 Y132.8
G1 F1800 X103.18 Y119.7 E2216.32767
G0 F7200 X102.615 Y119.7
G1 F1800 X90.08 Y132.234 E2218.09642
G0 F7200 X90.08 Y131.668
G1 F1800 X102.049 Y119.7 E2219.7853
G0 F7200 X101.483 Y119.7
G1 F1800 X90.08 Y131.103 E2221.39439
G0 F7200 X90.08 Y130.537
G1 F1800 X100.918 Y119.7 E2222.92368
G0 F7200 X100.352 Y119.7
G1 F1800 X90.08 Y129.971 E2224.3731
G0 F7200 X90.08 Y129.405
G1 F1800 X99.786 Y119.7 E2225.74265
G0 F7200 X99.221 Y119.7
G1 F1800 X90.08 Y128.84 E2227.03247
G0 F7200 X90.08 Y128.274
G1 F1800 X98.655 Y119.7 E2228.24243
G0 F7200 X98.089 Y119.7
G1 F1800 X90.08 Y127.708 E2229.37251
G0 F7200 X90.08 Y127.143
G1 F1800 X97.523 Y119.7 E2230.4228
G0 F7200 X96.958 Y119.7
G1 F1800 X90.08 Y126.577 E2231.39329
G0 F7200 X90.08 Y126.011
G1 F1800 X96.392 Y119.7 E2232.28391
G0 F7200 X95.826 Y119.7
G1 F1800 X90.08 Y125.446 E2233.09473
G0 F7200 X90.08 Y124.88
G1 F1800 X95.261 Y119.7 E2233.82576
G0 F7200 X94.695 Y119.7
G1 F1800 X90.08 Y124.314 E2234.47691
G0 F7200 X90.08 Y123.749
G1 F1800 X94.129 Y119.7 E2235.04827
G0 F7200 X93.564 Y119.7
G1 F1800 X90.08 Y123.183 E2235.53983
G0 F7200 X90.08 Y122.617
G1 F1800 X92.998 Y119.7 E2235.95152
G0 F7200 X92.432 Y119.7
G1 F1800 X90.08 Y122.052 E2236.28341
G0 F7200 X90.08 Y121.486
G1 F1800 X91.867 Y119.7 E2236.53551
G0 F7200 X91.301 Y119.7
G1 F1800 X90.08 Y120.92 E2236.70773
G0 F7200 X90.08 Y120.355
G1 F1800 X90.735 Y119.7 E2236.80016
G0 F7200 X90.17 Y119.7
G1 F1800 X90.08 Y119.789 E2236.81279
G1 F1500 E2230.31279
;MESH:NONMESH
G0 F600 X90.08 Y119.789 Z2.6
G0 F7200 X88.924 Y118.547
G0 X88.924 Y117.458
G0 X82.435 Y31.735
;TIME_ELAPSED:4597.633346
;LAYER:4
;TYPE:SUPPORT
G1 F1500 E2236.81279
G1 F3600 X82.936 Y31.206 E2236.88549
G1 X83.618 Y31.012 E2236.95624
G1 X83.794 Y30.808 E2236.98312
G1 X84.475 Y30.575 E2237.05494
G1 X85.138 Y30.785 E2237.12433
G1 X85.628 Y31.387 E2237.20179
G1 X85.815 Y32.176 E2237.28269
G1 X85.796 Y32.285 E2237.29373
G1 X85.859 Y32.435 E2237.30997
G1 X86.013 Y32.501 E2237.32668
G1 X86.49 Y33.082 E2237.40169
G1 X86.657 Y33.841 E2237.47924
G1 X86.61 Y34.074 E2237.50295
G1 X86.765 Y34.538 E2237.55177
G1 X86.614 Y35.289 E2237.6282
G1 X86.139 Y35.798 E2237.69767
G1 X85.45 Y35.959 E2237.76827
G1 X84.748 Y35.693 E2237.84318
G1 X84.665 Y35.608 E2237.85503
G1 X84.285 Y35.498 E2237.8945
G1 X83.819 Y35.051 E2237.95893
G1 X83.577 Y34.954 E2237.98495
G1 X82.987 Y34.294 E2238.07328
G1 X82.785 Y33.826 E2238.12414
G1 X82.589 Y33.196 E2238.18998
G1 X82.438 Y33.03 E2238.21237
G1 X82.245 Y32.379 E2238.28012
G1 X82.435 Y31.735 E2238.34712
G1 F1500 E2231.84712
G0 F7200 X87.373 Y31.124
G1 F1500 E2238.34712
G1 F3600 X87.563 Y30.475 E2238.41459
G1 X88.06 Y29.946 E2238.48702
G1 X88.735 Y29.756 E2238.55699
G1 X89.441 Y29.958 E2238.63026
G1 X90.077 Y30.616 E2238.72157
G1 X90.323 Y31.327 E2238.79664
G1 X90.158 Y32.021 E2238.86782
G1 X89.668 Y32.501 E2238.93626
G1 X88.955 Y32.66 E2239.00915
G1 X88.2 Y32.413 E2239.08841
G1 X87.562 Y31.771 E2239.17873
G1 X87.373 Y31.124 E2239.24598
G1 F1500 E2232.74598
G0 F7200 X83.606 Y84.472
G1 F1500 E2239.24598
G1 F3600 X84.304 Y84.629 E2239.31737
G1 X84.778 Y85.169 E2239.38906
G1 X84.925 Y85.879 E2239.46141
G1 X84.659 Y86.676 E2239.54525
G1 X84.365 Y87.112 E2239.59772
G1 X83.987 Y87.515 E2239.65285
G1 X83.885 Y87.815 E2239.68447
G1 X83.387 Y88.317 E2239.75502
G1 X82.714 Y88.504 E2239.82472
G1 X82.062 Y88.314 E2239.89248
G1 X81.538 Y87.786 E2239.96671
G1 X81.345 Y87.139 E2240.03408
G1 X81.535 Y86.491 E2240.10145
G1 X81.884 Y86.105 E2240.15338
G1 X81.979 Y85.831 E2240.18232
G1 X82.105 Y85.698 E2240.2006
G1 X82.276 Y85.398 E2240.23505
G1 X82.868 Y84.743 E2240.32315
G1 X83.606 Y84.472 E2240.40159
G1 F1500 E2233.90159
G0 F7200 X85.927 Y87.081
G1 F1500 E2240.40159
G1 F3600 X86.733 Y86.873 E2240.48465
G1 X87.266 Y86.636 E2240.54285
G1 X88.115 Y86.378 E2240.63139
G1 X88.888 Y86.533 E2240.71006
G1 X89.421 Y87.039 E2240.78339
G1 X89.594 Y87.683 E2240.84993
G1 X89.336 Y88.397 E2240.92568
G1 X88.732 Y88.944 E2241.00699
G1 X88.499 Y89.017 E2241.03135
G1 X88.423 Y89.087 E2241.04166
G1 X87.559 Y89.339 E2241.13146
G1 X87.443 Y89.449 E2241.14741
G1 X86.749 Y89.647 E2241.21942
G1 X85.991 Y89.425 E2241.29823
G1 X85.424 Y88.89 E2241.37602
G1 X85.218 Y88.242 E2241.44387
G1 X85.41 Y87.594 E2241.5113
G1 X85.927 Y87.081 E2241.58397
G1 F1500 E2235.08397
G0 F7200 X90.525 Y88.276
G1 F1500 E2241.58397
G1 F3600 X90.715 Y87.627 E2241.65145
G1 X91.212 Y87.098 E2241.72387
G1 X91.888 Y86.908 E2241.79394
G1 X92.564 Y87.098 E2241.86401
G1 X93.061 Y87.627 E2241.93643
G1 X93.251 Y88.277 E2242.004
G1 X93.061 Y88.951 E2242.07387
G1 X92.563 Y89.449 E2242.14415
G1 X91.89 Y89.639 E2242.21392
G1 X91.242 Y89.446 E2242.28139
G1 X90.714 Y88.922 E2242.35561
G1 X90.525 Y88.276 E2242.42277
G1 F1500 E2235.92277
G0 F7200 X88.755 Y113.18
G1 F1500 E2242.42277
G1 F3600 X89.465 Y113.382 E2242.49643
G1 X90.093 Y114.032 E2242.58661
G1 X90.339 Y114.742 E2242.66159
G1 X90.171 Y115.433 E2242.73255
G1 X89.676 Y115.917 E2242.80162
G1 X88.966 Y116.076 E2242.87422
G1 X88.216 Y115.832 E2242.95292
G1 X87.582 Y115.195 E2243.0426
G1 X87.393 Y114.548 E2243.10985
G1 X87.583 Y113.899 E2243.17733
G1 X88.08 Y113.37 E2243.24975
G1 X88.755 Y113.18 E2243.31972
G1 F1500 E2236.81972
G0 F7200 X85.632 Y114.819
G1 F1500 E2243.31972
G1 F3600 X85.826 Y115.613 E2243.40128
G1 X85.824 Y115.793 E2243.41924
G1 X85.893 Y115.876 E2243.43001
G1 X86.002 Y115.917 E2243.44163
G1 X86.478 Y116.498 E2243.51657
G1 X86.645 Y117.256 E2243.59402
G1 X86.586 Y117.466 E2243.61579
G1 X86.721 Y117.948 E2243.66573
G1 X86.563 Y118.718 E2243.74416
G1 X86.101 Y119.228 E2243.81283
G1 X85.409 Y119.395 E2243.88386
G1 X84.716 Y119.133 E2243.95778
G1 X84.085 Y118.447 E2244.05078
G1 X83.818 Y118.34 E2244.07948
G1 X83.266 Y117.745 E2244.16047
G1 X83.154 Y117.379 E2244.19866
G1 X83 Y117.264 E2244.21784
G1 X82.478 Y116.739 E2244.29171
G1 X82.282 Y116.066 E2244.36165
G1 X82.288 Y115.873 E2244.38092
G1 X82.499 Y115.053 E2244.4654
G1 X82.995 Y114.44 E2244.54408
G1 X83.674 Y114.215 E2244.61546
G1 X83.766 Y114.228 E2244.62473
G1 X84.474 Y113.999 E2244.69898
G1 X85.142 Y114.213 E2244.76897
G1 X85.632 Y114.819 E2244.84673
G1 F1500 E2238.34673
G0 F7200 X84.216 Y168.185
G1 F1500 E2244.84673
G1 F3600 X84.904 Y168.352 E2244.91737
G1 X85.366 Y168.903 E2244.98912
G1 X85.525 Y169.641 E2245.06444
G1 X85.388 Y170.09 E2245.11128
G1 X85.43 Y170.228 E2245.12568
G1 X85.778 Y170.606 E2245.17694
G1 X85.882 Y171.005 E2245.21809
G1 X85.942 Y171.075 E2245.22729
G1 X86.207 Y171.778 E2245.30225
G1 X86.047 Y172.462 E2245.37234
G1 X85.533 Y172.939 E2245.44231
G1 X84.781 Y173.089 E2245.51882
G1 X84.009 Y172.831 E2245.60004
G1 X83.904 Y172.736 E2245.61417
G1 X83.672 Y172.656 E2245.63866
G1 X83.551 Y172.685 E2245.65107
G1 X83.45 Y172.788 E2245.66547
G1 X82.766 Y172.951 E2245.73563
G1 X82.067 Y172.685 E2245.81025
G1 X81.465 Y172.035 E2245.89866
G1 X81.286 Y171.721 E2245.93472
G1 X81.089 Y171.059 E2246.00364
G1 X81.304 Y170.313 E2246.0811
G1 X81.807 Y169.764 E2246.1554
G1 X82.495 Y169.557 E2246.22709
G1 X82.626 Y169.574 E2246.24027
G1 X82.748 Y169.503 E2246.25435
G1 X82.928 Y169.108 E2246.29766
G1 X83.502 Y168.447 E2246.38502
G1 X84.216 Y168.185 E2246.4609
G1 F1500 E2239.9609
G0 F7200 X87.518 Y171.036
G1 F1500 E2246.4609
G1 F3600 X88.081 Y170.445 E2246.54235
G1 X89.079 Y170.142 E2246.64642
G1 X89.855 Y170.297 E2246.72538
G1 X90.385 Y170.802 E2246.79842
G1 X90.558 Y171.446 E2246.86496
G1 X90.297 Y172.16 E2246.94081
G1 X89.687 Y172.713 E2247.02297
G1 X89.498 Y172.769 E2247.04264
G1 X89.386 Y172.851 E2247.05649
G1 X88.687 Y173.052 E2247.12906
G1 X88.037 Y172.869 E2247.19644
G1 X87.503 Y172.335 E2247.27179
G1 X87.321 Y171.694 E2247.33828
G1 X87.518 Y171.036 E2247.40682
G1 F1500 E2240.90682
G0 F7200 X204.701 Y171.696
G1 F1500 E2247.40682
G1 F3600 X204.891 Y171.047 E2247.47429
G1 X205.388 Y170.518 E2247.54672
G1 X206.063 Y170.332 E2247.61658
G1 X206.737 Y170.518 E2247.68634
G1 X207.237 Y171.047 E2247.75897
G1 X207.427 Y171.701 E2247.82693
G1 X207.237 Y172.375 E2247.8968
G1 X206.739 Y172.873 E2247.96708
G1 X206.066 Y173.06 E2248.03677
G1 X205.414 Y172.87 E2248.10453
G1 X204.89 Y172.343 E2248.17869
G1 X204.701 Y171.696 E2248.24594
G1 F1500 E2241.74594
G0 F7200 X209.129 Y171.696
G1 F1500 E2248.24594
G1 F3600 X209.319 Y171.047 E2248.31342
G1 X209.816 Y170.518 E2248.38584
G1 X210.356 Y170.362 E2248.44193
G1 X210.573 Y170.17 E2248.47084
G1 X211.783 Y169.827 E2248.59633
G1 X212.601 Y170.004 E2248.67984
G1 X213.148 Y170.503 E2248.75372
G1 X213.345 Y171.146 E2248.82082
G1 X213.097 Y171.835 E2248.89389
G1 X212.486 Y172.367 E2248.97473
G1 X211.998 Y172.507 E2249.02538
G1 X211.953 Y172.537 E2249.03078
G1 X211.323 Y172.725 E2249.09638
G1 X211.173 Y172.869 E2249.11713
G1 X210.494 Y173.059 E2249.18748
G1 X209.846 Y172.87 E2249.25483
G1 X209.318 Y172.342 E2249.32934
G1 X209.129 Y171.696 E2249.3965
G1 F1500 E2242.8965
G0 F7200 X211.804 Y120.075
G1 F1500 E2249.3965
G1 F3600 X211.144 Y119.908 E2249.46443
G1 X210.649 Y119.362 E2249.53797
G1 X210.499 Y118.631 E2249.61243
G1 X210.752 Y117.839 E2249.69539
G1 X210.909 Y117.57 E2249.72646
G1 X210.879 Y117.298 E2249.75377
G1 X211.05 Y116.526 E2249.83267
G1 X211.473 Y115.995 E2249.90041
G1 X211.549 Y115.745 E2249.92648
G1 X212.091 Y115.094 E2250.011
G1 X212.78 Y114.846 E2250.08407
G1 X213.449 Y115.032 E2250.15335
G1 X213.923 Y115.614 E2250.22825
G1 X214.093 Y116.382 E2250.30674
G1 X213.716 Y117.711 E2250.44458
G1 X213.67 Y117.774 E2250.45236
G1 X213.5 Y118.404 E2250.51747
G1 X213.427 Y118.486 E2250.52842
G1 X213.346 Y118.725 E2250.5536
G1 X213.254 Y118.839 E2250.56822
G1 X213.09 Y119.201 E2250.60787
G1 X212.529 Y119.808 E2250.69035
G1 X211.804 Y120.075 E2250.76744
G1 F1500 E2244.26744
G0 F7200 X209.003 Y116.271
G1 F1500 E2250.76744
G1 F3600 X208.259 Y116.421 E2250.84317
G1 X207.511 Y116.153 E2250.92245
G1 X207.253 Y115.95 E2250.95521
G1 X206.57 Y115.274 E2251.05109
G1 X206.325 Y114.574 E2251.12509
G1 X206.494 Y113.897 E2251.19472
G1 X206.983 Y113.39 E2251.265
G1 X207.694 Y113.228 E2251.33776
G1 X208.452 Y113.474 E2251.41728
G1 X208.735 Y113.715 E2251.45437
G1 X209.375 Y114.366 E2251.54546
G1 X209.644 Y115.088 E2251.62234
G1 X209.493 Y115.798 E2251.69477
G1 X209.003 Y116.271 E2251.76272
G1 F1500 E2245.26272
G0 F7200 X210.514 Y89.639
G1 F1500 E2251.76272
G1 F3600 X209.862 Y89.446 E2251.83057
G1 X209.334 Y88.922 E2251.9048
G1 X209.145 Y88.276 E2251.97196
G1 X209.335 Y87.627 E2252.03943
G1 X209.835 Y87.099 E2252.11199
G1 X210.329 Y86.962 E2252.16314
G1 X210.54 Y86.79 E2252.1903
G1 X210.834 Y86.654 E2252.22263
G1 X211.833 Y86.362 E2252.32648
G1 X212.62 Y86.525 E2252.40667
G1 X213.162 Y87.029 E2252.48052
G1 X213.345 Y87.672 E2252.54723
G1 X213.089 Y88.371 E2252.62151
G1 X212.47 Y88.918 E2252.70393
G1 X212.007 Y89.094 E2252.75335
G1 X211.345 Y89.298 E2252.82247
G1 X211.187 Y89.449 E2252.84428
G1 X210.514 Y89.639 E2252.91406
G1 F1500 E2246.41406
G0 F7200 X207.298 Y88.733
G1 F1500 E2252.91406
G1 F3600 X207.237 Y88.951 E2252.93664
G1 X206.739 Y89.449 E2253.00692
G1 X206.066 Y89.639 E2253.07669
G1 X205.418 Y89.446 E2253.14416
G1 X204.89 Y88.922 E2253.21838
G1 X204.701 Y88.276 E2253.28554
G1 X204.891 Y87.627 E2253.35302
G1 X205.388 Y87.098 E2253.42545
G1 X206.064 Y86.908 E2253.49551
G1 X206.74 Y87.098 E2253.56558
G1 X207.237 Y87.627 E2253.638
G1 X207.427 Y88.277 E2253.70557
G1 X207.298 Y88.733 E2253.75286
G1 F1500 E2247.25286
G0 F7200 X209.153 Y85.354
G0 X211.989 Y36.82
G1 F1500 E2253.75286
G1 F3600 X211.332 Y36.641 E2253.8208
G1 X210.808 Y36.116 E2253.89482
G1 X210.629 Y35.46 E2253.96266
G1 X210.838 Y34.788 E2254.03288
G1 X211.308 Y34.293 E2254.10099
G1 X211.322 Y34.165 E2254.11384
G1 X211.203 Y33.627 E2254.16882
G1 X211.581 Y32.328 E2254.30381
G1 X212.12 Y31.678 E2254.38807
G1 X212.812 Y31.43 E2254.46142
G1 X213.477 Y31.616 E2254.53032
G1 X213.951 Y32.198 E2254.60521
G1 X214.122 Y32.966 E2254.68372
G1 X213.762 Y34.279 E2254.81957
G1 X213.299 Y34.814 E2254.89016
G1 X213.436 Y35.381 E2254.94837
G1 X213.249 Y36.051 E2255.01777
G1 X212.69 Y36.61 E2255.09666
G1 X211.989 Y36.82 E2255.16967
G1 F1500 E2248.66967
G0 F7200 X209.003 Y32.847
G1 F1500 E2255.16967
G1 F3600 X208.259 Y32.997 E2255.2454
G1 X207.512 Y32.733 E2255.32446
G1 X207.249 Y32.526 E2255.35785
G1 X206.57 Y31.854 E2255.45317
G1 X206.325 Y31.15 E2255.52755
G1 X206.494 Y30.477 E2255.59679
G1 X206.983 Y29.966 E2255.66736
G1 X207.694 Y29.804 E2255.74012
G1 X208.512 Y30.07 E2255.82595
G1 X209.375 Y30.942 E2255.94837
G1 X209.644 Y31.664 E2256.02525
G1 X209.492 Y32.378 E2256.09809
G1 X209.003 Y32.847 E2256.16569
G1 F1500 E2249.66569
;MESH:manette_front-Body_(Meshed).stl(1)
G0 F7200 X208.076 Y34.036
G0 X208.076 Y35.125
G0 X207.197 Y35.791
G0 X207.197 Y36.003
;TYPE:WALL-INNER
G1 F1500 E2256.16569
G1 F3730.6 X207.5 Y36.7 E2256.23887
G1 X207.514 Y35.686 E2256.33652
G1 X206.5 Y35.7 E2256.43416
G1 X207.197 Y36.003 E2256.50734
G0 F7200 X207.5 Y36.7
G1 F3600 X207.5 Y82.7 E2261.09724
G1 F3538.1 X207.493 Y82.874 E2261.11492
G0 F7200 X207.197 Y83.397
G1 F3654.8 X206.674 Y83.693 E2261.17399
G1 X207.514 Y83.714 E2261.25657
G1 F3664.1 X207.493 Y82.874 E2261.33894
G1 X207.197 Y83.397 E2261.39786
G0 F7200 X206.924 Y83.124
G1 F3600 X206.589 Y83.3 E2261.43562
G1 X90.5 Y83.3 E2273.01902
G1 X90.075 Y83.125 E2273.06489
G1 X89.9 Y82.789 E2273.10269
G1 X89.9 Y36.7 E2277.70147
G1 X90.075 Y36.275 E2277.74733
G1 X90.411 Y36.1 E2277.78513
G1 X206.5 Y36.1 E2289.36853
G1 X206.924 Y36.276 E2289.41434
G1 X207.1 Y36.7 E2289.46015
G1 X207.1 Y82.789 E2294.05893
G1 X206.924 Y83.124 E2294.09669
G0 F7200 X206.674 Y83.693
G1 F3529.4 X206.5 Y83.7 E2294.11441
G1 F3600 X90.5 Y83.7 E2305.68894
G0 F7200 X89.803 Y83.397
G1 F3654.8 X89.507 Y82.874 E2305.748
G1 X89.486 Y83.714 E2305.83058
G1 F3730.6 X90.5 Y83.7 E2305.92823
G1 X89.803 Y83.397 E2306.00141
G0 F7200 X89.507 Y82.874
G1 F3529.4 X89.5 Y82.7 E2306.01913
G1 F3600 X89.5 Y36.7 E2310.60903
G0 F7200 X89.803 Y36.003
G1 F3654.8 X90.326 Y35.707 E2310.6681
G1 X89.486 Y35.686 E2310.75068
G1 F3730.6 X89.5 Y36.7 E2310.84833
G1 X89.803 Y36.003 E2310.92151
G0 F7200 X90.326 Y35.707
G1 F3529.4 X90.5 Y35.7 E2310.93923
G1 F3600 X206.5 Y35.7 E2322.51376
G0 F7200 X207.338 Y35.863
G0 X207.62 Y83.821
G0 X207.9 Y84.1
G1 F3600 X207.9 Y35.3 E2327.38304
G1 X89.101 Y35.301 E2339.23685
G1 X89.101 Y84.099 E2344.10594
G1 X207.9 Y84.1 E2355.95975
G0 F7200 X208.3 Y84.5
;TYPE:WALL-OUTER
G1 F1800 X208.3 Y34.9 E2360.90886
G1 X88.701 Y34.901 E2372.84249
G1 X88.701 Y84.499 E2377.7914
G1 X208.3 Y84.5 E2389.72504
G0 F7200 X208.3 Y84.3
G0 X207.62 Y83.821
G0 X207.41 Y82.735
G0 X206.698 Y82.735
G1 F1800 X206.642 Y82.842 E2389.73709
G1 X206.535 Y82.898 E2389.74914
G1 X90.5 Y82.9 E2401.32716
G1 X90.358 Y82.842 E2401.34246
G1 X90.302 Y82.735 E2401.35451
G1 X90.3 Y36.7 E2405.94791
G1 X90.358 Y36.558 E2405.96321
G1 X90.465 Y36.502 E2405.97526
G1 X206.5 Y36.5 E2417.55328
G1 X206.642 Y36.558 E2417.56859
G1 X206.7 Y36.7 E2417.58389
G1 X206.698 Y82.735 E2422.17728
G0 F7200 X206.642 Y82.842
G0 X206.573 Y82.878
G1 F1500 E2415.67728
;MESH:manette_front-Body_(Meshed).stl
G0 F7200 X206.573 Y83.611
G0 X206.5 Y85.366
G0 X206.5 Y117.458
G0 X206.5 Y118.553
G0 X206.5 Y119.12
;TYPE:WALL-INNER
G1 F1500 E2422.17728
G1 F3600 X90.5 Y119.12 E2433.75181
G1 F3529.4 X90.326 Y119.127 E2433.76953
G0 F7200 X89.803 Y119.423
G1 F3654.8 X90.326 Y119.127 E2433.8286
G1 X89.486 Y119.106 E2433.91118
G1 F3730.6 X89.5 Y120.12 E2434.00883
G1 X89.803 Y119.423 E2434.08201
G0 F7200 X89.5 Y120.12
G1 F3600 X89.5 Y166.12 E2438.6719
G1 F3529.4 X89.507 Y166.294 E2438.68963
G0 F7200 X89.803 Y166.817
G1 F3654.8 X89.507 Y166.294 E2438.74869
G1 X89.486 Y167.134 E2438.83128
G1 F3730.6 X90.5 Y167.12 E2438.92892
G1 X89.803 Y166.817 E2439.0021
G0 F7200 X90.5 Y167.12
G1 F3600 X206.5 Y167.12 E2450.57663
G1 F3529.4 X206.674 Y167.113 E2450.59435
G0 F7200 X207.197 Y166.817
G1 F3654.8 X206.674 Y167.113 E2450.65342
G1 X207.514 Y167.134 E2450.736
G1 F3664.1 X207.493 Y166.294 E2450.81837
G1 X207.197 Y166.817 E2450.87729
G0 F7200 X206.924 Y166.544
G1 F3600 X206.589 Y166.72 E2450.91505
G1 X90.5 Y166.72 E2462.49845
G1 X90.075 Y166.545 E2462.54432
G1 X89.9 Y166.209 E2462.58212
G1 X89.9 Y120.12 E2467.1809
G1 X90.075 Y119.695 E2467.22676
G1 X90.411 Y119.52 E2467.26456
G1 X206.5 Y119.52 E2478.84796
G1 X206.924 Y119.696 E2478.89377
G1 X207.1 Y120.12 E2478.93958
G1 X207.1 Y166.209 E2483.53836
G1 X206.924 Y166.544 E2483.57612
G0 F7200 X207.493 Y166.294
G1 F3538.1 X207.5 Y166.12 E2483.5938
G1 F3600 X207.5 Y120.12 E2488.18369
G0 F7200 X207.197 Y119.423
G1 F3730.6 X207.5 Y120.12 E2488.25687
G1 X207.514 Y119.106 E2488.35452
G1 X206.5 Y119.12 E2488.45217
G1 X207.197 Y119.423 E2488.52535
G0 F7200 X207.197 Y119.213
G0 X207.62 Y167.243
G0 X207.9 Y167.52
G1 F3600 X207.9 Y118.72 E2493.39463
G1 X89.101 Y118.721 E2505.24844
G1 X89.101 Y167.519 E2510.11753
G1 X207.9 Y167.52 E2521.97134
G0 F7200 X208.3 Y167.92
;TYPE:WALL-OUTER
G1 F1800 X208.3 Y118.32 E2526.92045
G1 X88.701 Y118.321 E2538.85408
G1 X88.701 Y167.919 E2543.80299
G1 X208.3 Y167.92 E2555.73663
G0 F7200 X208.3 Y167.72
G0 X207.62 Y167.243
G0 X207.41 Y166.155
G0 X206.698 Y166.155
G1 F1800 X206.642 Y166.262 E2555.74868
G1 X206.535 Y166.318 E2555.76073
G1 X90.5 Y166.32 E2567.33875
G1 X90.358 Y166.262 E2567.35405
G1 X90.302 Y166.155 E2567.3661
G1 X90.3 Y120.12 E2571.95949
G1 X90.358 Y119.978 E2571.9748
G1 X90.465 Y119.922 E2571.98685
G1 X206.5 Y119.92 E2583.56487
G1 X206.642 Y119.978 E2583.58017
G1 X206.7 Y120.12 E2583.59548
G1 X206.698 Y166.155 E2588.18887
G0 F7200 X206.642 Y166.262
G0 X206.573 Y166.298
G1 F1500 E2581.68887
;MESH:NONMESH
G0 F600 X206.573 Y166.298 Z3.2
G0 F7200 X206.573 Y167.033
G0 X206.938 Y119.685
G0 X88.924 Y118.547
G0 X88.924 Y117.458
G0 X82.571 Y31.518
;TIME_ELAPSED:4697.536519
;LAYER:5
;TYPE:SUPPORT
G1 F1500 E2588.18887
G1 F3600 X83.025 Y30.973 E2588.25965
G1 X83.584 Y30.788 E2588.3184
G1 X83.917 Y30.39 E2588.37018
G1 X84.52 Y30.176 E2588.43402
G1 X85.121 Y30.369 E2588.49701
G1 X85.555 Y30.914 E2588.56652
G1 X85.722 Y31.636 E2588.64047
G1 X85.686 Y31.895 E2588.66656
G1 X85.751 Y31.998 E2588.67871
G1 X86.105 Y32.113 E2588.71585
G1 X86.53 Y32.637 E2588.78317
G1 X86.678 Y33.332 E2588.85407
G1 X86.493 Y33.992 E2588.92247
G1 X86.663 Y34.264 E2588.95447
G1 X86.909 Y34.987 E2589.03068
G1 X86.782 Y35.658 E2589.09882
G1 X86.355 Y36.118 E2589.16144
G1 X85.736 Y36.259 E2589.22479
G1 X85.095 Y36.013 E2589.2933
G1 X84.719 Y35.607 E2589.34851
G1 X84.603 Y35.549 E2589.36145
G1 X84.475 Y35.567 E2589.37435
G1 X83.857 Y35.326 E2589.44054
G1 X83.319 Y34.727 E2589.52087
G1 X83.12 Y34.262 E2589.57134
G1 X82.891 Y33.526 E2589.64825
G1 X82.912 Y33.396 E2589.66139
G1 X82.863 Y33.271 E2589.67479
G1 X82.558 Y32.963 E2589.71804
G1 X82.363 Y32.31 E2589.78604
G1 X82.571 Y31.518 E2589.86775
G1 F1500 E2583.36775
G0 F7200 X87.513 Y31.125
G1 F1500 E2589.86775
G1 F3600 X87.683 Y30.543 E2589.92824
G1 X88.128 Y30.07 E2589.99304
G1 X88.735 Y29.896 E2590.05605
G1 X89.34 Y30.07 E2590.11886
G1 X89.528 Y30.184 E2590.1408
G1 X90.331 Y30.994 E2590.25461
G1 X90.576 Y31.66 E2590.32542
G1 X90.448 Y32.295 E2590.39005
G1 X90.007 Y32.718 E2590.45103
G1 X89.34 Y32.849 E2590.51885
G1 X88.65 Y32.603 E2590.59194
G1 X88.188 Y32.212 E2590.65234
G1 X87.682 Y31.706 E2590.72374
G1 X87.513 Y31.125 E2590.78411
G1 F1500 E2584.28411
G0 F7200 X92.344 Y38.094
G1 F1500 E2590.78411
G1 F3600 X92.948 Y37.921 E2590.8468
G1 X93.552 Y38.094 E2590.90949
G1 X94.001 Y38.567 E2590.97457
G1 X94.172 Y39.154 E2591.03557
G1 X94.005 Y39.755 E2591.09781
G1 X93.555 Y40.205 E2591.16131
G1 X92.954 Y40.372 E2591.22355
G1 X92.37 Y40.202 E2591.28424
G1 X91.898 Y39.73 E2591.35085
G1 X91.725 Y39.147 E2591.41153
G1 X91.895 Y38.567 E2591.47184
G1 X92.344 Y38.094 E2591.53691
G1 F1500 E2585.03691
G0 F7200 X92.948 Y79.021
G1 F1500 E2591.53691
G1 F3600 X93.552 Y79.194 E2591.5996
G1 X94.001 Y79.667 E2591.66467
G1 X94.172 Y80.254 E2591.72568
G1 X94.005 Y80.855 E2591.78792
G1 X93.555 Y81.305 E2591.85142
G1 X92.954 Y81.472 E2591.91366
G1 X92.37 Y81.302 E2591.97435
G1 X91.898 Y80.83 E2592.04096
G1 X91.725 Y80.247 E2592.10163
G1 X91.895 Y79.667 E2592.16194
G1 X92.344 Y79.194 E2592.22702
G1 X92.948 Y79.021 E2592.28971
G1 F1500 E2585.78971
G0 F7200 X91.888 Y87.048
G1 F1500 E2592.28971
G1 F3600 X92.492 Y87.218 E2592.35232
G1 X92.941 Y87.695 E2592.41768
G1 X93.111 Y88.277 E2592.47818
G1 X92.941 Y88.879 E2592.5406
G1 X92.495 Y89.329 E2592.60381
G1 X91.89 Y89.499 E2592.66652
G1 X91.306 Y89.326 E2592.72729
G1 X90.834 Y88.854 E2592.7939
G1 X90.665 Y88.273 E2592.85427
G1 X90.835 Y87.695 E2592.91439
G1 X91.284 Y87.218 E2592.97975
G1 X91.888 Y87.048 E2593.04236
G1 F1500 E2586.54236
G0 F7200 X89.934 Y87.444
G1 F1500 E2593.04236
G1 F3600 X89.689 Y88.099 E2593.11214
G1 X89.129 Y88.602 E2593.18725
G1 X88.961 Y88.659 E2593.20495
G1 X88.833 Y88.771 E2593.22192
G1 X87.92 Y89.049 E2593.31715
G1 X87.716 Y89.026 E2593.33763
G1 X87.372 Y89.329 E2593.38338
G1 X86.76 Y89.502 E2593.44683
G1 X86.452 Y89.449 E2593.47802
G1 X86.289 Y89.486 E2593.4947
G1 X85.577 Y89.316 E2593.56774
G1 X85.02 Y88.851 E2593.64014
G1 X84.828 Y88.275 E2593.70072
G1 X85.032 Y87.704 E2593.76122
G1 X85.576 Y87.219 E2593.83394
G1 X86.332 Y87.034 E2593.9116
G1 X86.571 Y87.015 E2593.93552
G1 X86.907 Y87.088 E2593.96983
G1 X87.06 Y87.036 E2593.98596
G1 X87.383 Y86.738 E2594.02981
G1 X87.804 Y86.577 E2594.07478
G1 X87.88 Y86.509 E2594.08496
G1 X88.621 Y86.278 E2594.1624
G1 X89.316 Y86.406 E2594.23292
G1 X89.784 Y86.857 E2594.29777
G1 X89.934 Y87.444 E2594.35822
G1 F1500 E2587.85822
G0 F7200 X84.982 Y85.771
G1 F1500 E2594.35822
G1 F3600 X84.851 Y86.159 E2594.39908
G1 X84.545 Y86.605 E2594.45305
G1 X83.988 Y87.191 E2594.53372
G1 X84.009 Y87.39 E2594.55369
G1 X83.859 Y88.086 E2594.62473
G1 X83.434 Y88.554 E2594.68781
G1 X82.832 Y88.722 E2594.75017
G1 X82.231 Y88.508 E2594.81383
G1 X81.727 Y87.951 E2594.88878
G1 X81.485 Y87.139 E2594.97333
G1 X81.68 Y86.465 E2595.04334
G1 X82.132 Y85.971 E2595.11015
G1 X82.257 Y85.878 E2595.12569
G1 X82.411 Y85.45 E2595.17108
G1 X82.535 Y85.316 E2595.1893
G1 X82.708 Y85.018 E2595.22368
G1 X83.245 Y84.419 E2595.30395
G1 X83.92 Y84.165 E2595.37591
G1 X84.544 Y84.302 E2595.43966
G1 X84.966 Y84.784 E2595.50358
G1 X85.097 Y85.431 E2595.56945
G1 X84.982 Y85.771 E2595.60526
G1 F1500 E2589.10526
G0 F7200 X88.755 Y113.32
G1 F1500 E2595.60526
G1 F3600 X89.361 Y113.493 E2595.66814
G1 X89.544 Y113.604 E2595.6895
G1 X90.343 Y114.411 E2595.80281
G1 X90.588 Y115.073 E2595.87325
G1 X90.46 Y115.711 E2595.93817
G1 X90.019 Y116.135 E2595.99922
G1 X89.353 Y116.265 E2596.06692
G1 X88.674 Y116.019 E2596.13898
G1 X88.196 Y115.62 E2596.20111
G1 X87.702 Y115.126 E2596.27082
G1 X87.533 Y114.548 E2596.33091
G1 X87.703 Y113.966 E2596.39141
G1 X88.148 Y113.49 E2596.45643
G1 X88.755 Y113.32 E2596.51932
G1 F1500 E2590.01932
G0 F7200 X85.555 Y114.337
G1 F1500 E2596.51932
G1 F3600 X85.722 Y115.057 E2596.59307
G1 X85.688 Y115.325 E2596.62003
G1 X85.768 Y115.435 E2596.6336
G1 X86.093 Y115.533 E2596.66747
G1 X86.518 Y116.057 E2596.73479
G1 X86.666 Y116.752 E2596.80569
G1 X86.472 Y117.439 E2596.87692
G1 X86.494 Y117.545 E2596.88772
G1 X86.599 Y117.699 E2596.90632
G1 X86.845 Y118.431 E2596.98338
G1 X86.714 Y119.118 E2597.05316
G1 X86.297 Y119.575 E2597.11489
G1 X85.676 Y119.722 E2597.17857
G1 X85.049 Y119.474 E2597.24584
G1 X84.497 Y118.888 E2597.32617
G1 X84.051 Y118.711 E2597.37405
G1 X83.531 Y118.116 E2597.4529
G1 X83.276 Y117.296 E2597.53858
G1 X83.193 Y117.187 E2597.55225
G1 X83.073 Y117.145 E2597.56494
G1 X82.602 Y116.67 E2597.63169
G1 X82.422 Y116.066 E2597.69457
G1 X82.443 Y115.471 E2597.75398
G1 X82.675 Y114.617 E2597.84228
G1 X83.141 Y114.037 E2597.91652
G1 X83.753 Y113.816 E2597.98144
G1 X83.85 Y113.827 E2597.99118
G1 X84.52 Y113.595 E2598.06193
G1 X85.12 Y113.788 E2598.12482
G1 X85.555 Y114.337 E2598.19471
G1 F1500 E2591.69471
G0 F7200 X92.344 Y121.514
G1 F1500 E2598.19471
G1 F3600 X92.948 Y121.344 E2598.25732
G1 X93.552 Y121.514 E2598.31993
G1 X94.001 Y121.991 E2598.38529
G1 X94.171 Y122.574 E2598.44589
G1 X94.005 Y123.179 E2598.50849
G1 X93.555 Y123.625 E2598.5717
G1 X92.954 Y123.795 E2598.63402
G1 X92.37 Y123.622 E2598.6948
G1 X91.898 Y123.15 E2598.7614
G1 X91.725 Y122.571 E2598.8217
G1 X91.895 Y121.991 E2598.88201
G1 X92.344 Y121.514 E2598.94737
G1 F1500 E2592.44737
G0 F7200 X92.948 Y162.444
G1 F1500 E2598.94737
G1 F3600 X93.552 Y162.614 E2599.00998
G1 X94.001 Y163.091 E2599.07534
G1 X94.171 Y163.674 E2599.13594
G1 X94.005 Y164.279 E2599.19854
G1 X93.555 Y164.725 E2599.26176
G1 X92.954 Y164.895 E2599.32408
G1 X92.37 Y164.722 E2599.38485
G1 X91.898 Y164.25 E2599.45146
G1 X91.725 Y163.671 E2599.51175
G1 X91.895 Y163.091 E2599.57206
G1 X92.344 Y162.614 E2599.63742
G1 X92.948 Y162.444 E2599.70003
G1 F1500 E2593.20003
G0 F7200 X90.258 Y170.102
G1 F1500 E2599.70003
G1 F3600 X90.714 Y170.554 E2599.7641
G1 X90.855 Y171.15 E2599.82521
G1 X90.601 Y171.822 E2599.89689
G1 X90.042 Y172.352 E2599.97375
G1 X89.827 Y172.498 E2599.99968
G1 X89.336 Y172.714 E2600.05321
G1 X88.734 Y172.883 E2600.1156
G1 X88.15 Y172.71 E2600.17637
G1 X87.678 Y172.238 E2600.24298
G1 X87.509 Y171.66 E2600.30306
G1 X87.679 Y171.078 E2600.36356
G1 X88.333 Y170.373 E2600.45952
G1 X89.008 Y170.139 E2600.5308
G1 X89.084 Y170.143 E2600.53839
G1 X89.587 Y169.975 E2600.59131
G1 X90.258 Y170.102 E2600.65945
G1 F1500 E2594.15945
G0 F7200 X86.364 Y171.629
G1 F1500 E2600.65945
G1 F3600 X86.531 Y172.056 E2600.7052
G1 X86.387 Y172.678 E2600.7689
G1 X85.931 Y173.094 E2600.83049
G1 X85.242 Y173.225 E2600.90047
G1 X84.537 Y172.988 E2600.97469
G1 X84.438 Y172.897 E2600.9881
G1 X84.137 Y172.748 E2601.02162
G1 X84.035 Y172.766 E2601.03195
G1 X83.692 Y173.113 E2601.08064
G1 X83.065 Y173.248 E2601.14463
G1 X82.422 Y173.001 E2601.21336
G1 X81.84 Y172.389 E2601.29763
G1 X81.691 Y172.102 E2601.3299
G1 X81.406 Y171.653 E2601.38296
G1 X81.229 Y171.059 E2601.44481
G1 X81.517 Y170.077 E2601.54692
G1 X82.048 Y169.442 E2601.62951
G1 X82.688 Y169.205 E2601.69761
G1 X82.908 Y169.248 E2601.71998
G1 X83.023 Y169.196 E2601.73257
G1 X83.252 Y168.836 E2601.77514
G1 X83.306 Y168.677 E2601.7919
G1 X83.814 Y168.09 E2601.86936
G1 X84.466 Y167.845 E2601.93886
G1 X85.08 Y167.992 E2602.00185
G1 X85.494 Y168.49 E2602.06647
G1 X85.633 Y169.16 E2602.13475
G1 X85.488 Y169.62 E2602.18287
G1 X85.524 Y169.756 E2602.19691
G1 X85.958 Y170.248 E2602.26237
G1 X86.085 Y170.895 E2602.32816
G1 X86.034 Y171.126 E2602.35177
G1 X86.073 Y171.214 E2602.36137
G1 X86.281 Y171.418 E2602.39044
G1 X86.364 Y171.629 E2602.41306
G1 F1500 E2595.91306
G0 F7200 X202.825 Y163.671
G1 F1500 E2602.41306
G1 F3600 X202.995 Y163.091 E2602.47337
G1 X203.444 Y162.614 E2602.53874
G1 X204.048 Y162.444 E2602.60135
G1 X204.652 Y162.614 E2602.66395
G1 X205.101 Y163.091 E2602.72932
G1 X205.271 Y163.674 E2602.78991
G1 X205.105 Y164.279 E2602.85251
G1 X204.655 Y164.725 E2602.91573
G1 X204.054 Y164.895 E2602.97805
G1 X203.47 Y164.722 E2603.03883
G1 X202.998 Y164.25 E2603.10543
G1 X202.825 Y163.671 E2603.16573
G1 F1500 E2596.66573
G0 F7200 X205.628 Y170.458
G1 F1500 E2603.16573
G1 F3600 X206.304 Y170.228 E2603.23697
G1 X206.932 Y170.366 E2603.30113
G1 X207.369 Y170.83 E2603.36473
G1 X207.508 Y171.449 E2603.42803
G1 X207.277 Y172.147 E2603.50139
G1 X206.671 Y172.749 E2603.58663
G1 X206.065 Y172.92 E2603.64945
G1 X205.481 Y172.75 E2603.71014
G1 X205.01 Y172.278 E2603.77668
G1 X204.841 Y171.697 E2603.83705
G1 X205.011 Y171.115 E2603.89755
G1 X205.628 Y170.458 E2603.98748
G1 F1500 E2597.48748
G0 F7200 X209.317 Y171.535
G1 F1500 E2603.98748
G1 F3600 X209.439 Y171.115 E2604.03112
G1 X209.888 Y170.642 E2604.0962
G1 X210.504 Y170.469 E2604.16004
G1 X210.673 Y170.485 E2604.17698
G1 X211.052 Y170.177 E2604.22571
G1 X211.553 Y170.041 E2604.27751
G1 X211.572 Y170.028 E2604.27981
G1 X212.337 Y169.806 E2604.35929
G1 X213.054 Y169.95 E2604.43226
G1 X213.538 Y170.394 E2604.49779
G1 X213.701 Y170.971 E2604.55762
G1 X213.466 Y171.603 E2604.6249
G1 X212.87 Y172.127 E2604.70409
G1 X211.849 Y172.413 E2604.80988
G1 X211.453 Y172.749 E2604.8617
G1 X210.728 Y172.925 E2604.93614
G1 X210.489 Y172.918 E2604.96
G1 X209.91 Y172.75 E2605.02016
G1 X209.438 Y172.278 E2605.08676
G1 X209.269 Y171.697 E2605.14714
G1 X209.317 Y171.535 E2605.164
G1 F1500 E2598.664
G0 F7200 X204.054 Y123.795
G1 F1500 E2605.164
G1 F3600 X203.47 Y123.622 E2605.22477
G1 X202.998 Y123.15 E2605.29138
G1 X202.825 Y122.571 E2605.35167
G1 X202.995 Y121.991 E2605.41198
G1 X203.444 Y121.514 E2605.47734
G1 X204.048 Y121.344 E2605.53995
G1 X204.652 Y121.514 E2605.60256
G1 X205.101 Y121.991 E2605.66793
G1 X205.271 Y122.574 E2605.72852
G1 X205.105 Y123.179 E2605.79112
G1 X204.655 Y123.625 E2605.85434
G1 X204.054 Y123.795 E2605.91666
G1 F1500 E2599.41666
G0 F7200 X210.51 Y119.771
G1 F1500 E2605.91666
G1 F3600 X210.375 Y119.105 E2605.98446
G1 X210.61 Y118.396 E2606.05899
G1 X210.69 Y118.301 E2606.07138
G1 X210.939 Y117.841 E2606.12358
G1 X211.059 Y117.463 E2606.16315
G1 X210.902 Y116.774 E2606.23366
G1 X211.058 Y116.061 E2606.30649
G1 X211.481 Y115.528 E2606.37438
G1 X211.736 Y115.442 E2606.40123
G1 X211.819 Y115.286 E2606.41887
G1 X212.308 Y114.697 E2606.49525
G1 X212.93 Y114.463 E2606.56156
G1 X213.524 Y114.628 E2606.62307
G1 X213.95 Y115.157 E2606.69085
G1 X214.098 Y115.857 E2606.76224
G1 X213.739 Y117.126 E2606.89383
G1 X213.484 Y117.426 E2606.93311
G1 X213.334 Y118.149 E2607.00679
G1 X213.293 Y118.21 E2607.01412
G1 X213.101 Y118.883 E2607.08396
G1 X213.017 Y118.986 E2607.09722
G1 X212.757 Y119.465 E2607.1516
G1 X212.711 Y119.604 E2607.16621
G1 X212.201 Y120.157 E2607.24127
G1 X211.543 Y120.406 E2607.31147
G1 X210.948 Y120.26 E2607.3726
G1 X210.51 Y119.771 E2607.4381
G1 F1500 E2600.9381
G0 F7200 X209.383 Y116.402
G1 F1500 E2607.4381
G1 F3600 X208.69 Y116.537 E2607.50855
G1 X207.98 Y116.299 E2607.58327
G1 X207.894 Y116.222 E2607.59479
G1 X207.737 Y116.167 E2607.61139
G1 X207.477 Y115.958 E2607.64467
G1 X207.227 Y115.888 E2607.67058
G1 X206.75 Y115.425 E2607.73691
G1 X206.585 Y114.844 E2607.79717
G1 X206.777 Y114.238 E2607.8606
G1 X207.263 Y113.738 E2607.93018
G1 X207.915 Y113.553 E2607.9978
G1 X208.531 Y113.729 E2608.06172
G1 X209.001 Y114.13 E2608.12337
G1 X209.186 Y114.2 E2608.14311
G1 X209.737 Y114.734 E2608.21967
G1 X209.986 Y115.367 E2608.28754
G1 X209.839 Y115.989 E2608.35131
G1 X209.383 Y116.402 E2608.4127
G1 F1500 E2601.9127
G0 F7200 X210.514 Y89.499
G1 F1500 E2608.4127
G1 F3600 X209.93 Y89.326 E2608.47348
G1 X209.458 Y88.854 E2608.54008
G1 X209.285 Y88.273 E2608.60057
G1 X209.459 Y87.695 E2608.6608
G1 X209.904 Y87.218 E2608.72589
G1 X210.509 Y87.048 E2608.7886
G1 X210.638 Y87.037 E2608.80151
G1 X210.89 Y86.791 E2608.83665
G1 X211.383 Y86.617 E2608.88882
G1 X212.291 Y86.362 E2608.98292
G1 X213.041 Y86.521 E2609.05942
G1 X213.536 Y86.968 E2609.12597
G1 X213.713 Y87.546 E2609.18629
G1 X213.489 Y88.166 E2609.25207
G1 X212.968 Y88.62 E2609.32102
G1 X212.929 Y88.73 E2609.33267
G1 X212.48 Y89.159 E2609.39463
G1 X211.818 Y89.289 E2609.46195
G1 X211.408 Y89.153 E2609.50505
G1 X211.257 Y89.193 E2609.52063
G1 X211.116 Y89.329 E2609.54018
G1 X210.514 Y89.499 E2609.6026
G1 F1500 E2603.1026
G0 F7200 X207.365 Y88.457
G1 F1500 E2609.6026
G1 F3600 X207.277 Y88.723 E2609.63055
G1 X206.671 Y89.329 E2609.71607
G1 X206.066 Y89.499 E2609.77877
G1 X205.482 Y89.326 E2609.83955
G1 X205.01 Y88.854 E2609.90615
G1 X204.841 Y88.273 E2609.96653
G1 X205.011 Y87.695 E2610.02664
G1 X205.629 Y87.037 E2610.11672
G1 X206.304 Y86.804 E2610.18797
G1 X206.932 Y86.942 E2610.25212
G1 X207.368 Y87.409 E2610.31587
G1 X207.508 Y88.025 E2610.37891
G1 X207.365 Y88.457 E2610.42431
G1 F1500 E2603.92431
G0 F7200 X204.655 Y81.305
G1 F1500 E2610.42431
G1 F3600 X204.054 Y81.472 E2610.48655
G1 X203.47 Y81.302 E2610.54724
G1 X202.998 Y80.83 E2610.61385
G1 X202.825 Y80.247 E2610.67452
G1 X202.995 Y79.667 E2610.73483
G1 X203.444 Y79.194 E2610.79991
G1 X204.048 Y79.021 E2610.8626
G1 X204.652 Y79.194 E2610.92529
G1 X205.101 Y79.667 E2610.99036
G1 X205.272 Y80.254 E2611.05137
G1 X205.105 Y80.855 E2611.11361
G1 X204.655 Y81.305 E2611.17711
G1 F1500 E2604.67711
G0 F7200 X204.054 Y40.372
G1 F1500 E2611.17711
G1 F3600 X203.47 Y40.202 E2611.2378
G1 X202.998 Y39.73 E2611.3044
G1 X202.825 Y39.147 E2611.36508
G1 X202.995 Y38.567 E2611.42539
G1 X203.444 Y38.094 E2611.49046
G1 X204.048 Y37.921 E2611.55315
G1 X204.652 Y38.094 E2611.61584
G1 X205.101 Y38.567 E2611.68092
G1 X205.272 Y39.154 E2611.74192
G1 X205.105 Y39.755 E2611.80416
G1 X204.655 Y40.205 E2611.86766
G1 X204.054 Y40.372 E2611.9299
G1 F1500 E2605.4299
G0 F7200 X210.557 Y36.429
G1 F1500 E2611.9299
G1 F3600 X210.432 Y35.812 E2611.99272
G1 X210.678 Y35.133 E2612.06478
G1 X211.43 Y34.357 E2612.1726
G1 X211.452 Y34.247 E2612.18379
G1 X211.353 Y33.766 E2612.2328
G1 X211.461 Y33.195 E2612.29078
G1 X211.443 Y33.102 E2612.30023
G1 X211.622 Y32.416 E2612.37097
G1 X211.73 Y32.283 E2612.38807
G1 X211.846 Y31.875 E2612.43039
G1 X212.336 Y31.281 E2612.50723
G1 X212.958 Y31.05 E2612.57343
G1 X213.556 Y31.216 E2612.63536
G1 X213.978 Y31.745 E2612.70288
G1 X214.13 Y32.445 E2612.77435
G1 X213.863 Y33.402 E2612.87349
G1 X213.816 Y33.673 E2612.90093
G1 X213.614 Y34.44 E2612.98007
G1 X213.232 Y34.885 E2613.03859
G1 X213.184 Y35.033 E2613.05412
G1 X213.279 Y35.389 E2613.09088
G1 X213.087 Y36.022 E2613.15688
G1 X212.337 Y36.775 E2613.26293
G1 X211.641 Y37.024 E2613.33669
G1 X211.024 Y36.896 E2613.39956
G1 X210.557 Y36.429 E2613.46546
G1 F1500 E2606.96546
G0 F7200 X209.383 Y32.982
G1 F1500 E2613.46546
G1 F3600 X208.69 Y33.113 E2613.53583
G1 X207.98 Y32.879 E2613.61043
G1 X207.738 Y32.747 E2613.63793
G1 X207.477 Y32.534 E2613.67154
G1 X207.226 Y32.467 E2613.69747
G1 X206.75 Y32.002 E2613.76386
G1 X206.585 Y31.424 E2613.82384
G1 X206.777 Y30.818 E2613.88727
G1 X207.263 Y30.318 E2613.95684
G1 X207.917 Y30.129 E2614.02477
G1 X208.531 Y30.305 E2614.0885
G1 X209.003 Y30.707 E2614.15037
G1 X209.185 Y30.776 E2614.16979
G1 X209.737 Y31.314 E2614.2467
G1 X209.986 Y31.944 E2614.31429
G1 X209.839 Y32.565 E2614.37797
G1 X209.383 Y32.982 E2614.43963
G1 F1500 E2607.93963
;MESH:manette_front-Body_(Meshed).stl(1)
G0 F7200 X208.076 Y34.036
G0 X208.076 Y35.125
G0 X207.197 Y35.791
G0 X207.197 Y36.003
;TYPE:WALL-INNER
G1 F1500 E2614.43963
G1 F3730.6 X207.5 Y36.7 E2614.51281
G1 X207.514 Y35.686 E2614.61045
G1 X206.5 Y35.7 E2614.7081
G1 X207.197 Y36.003 E2614.78128
G0 F7200 X207.5 Y36.7
G1 F3600 X207.5 Y82.7 E2619.37118
G1 F3538.1 X207.493 Y82.874 E2619.38886
G0 F7200 X207.197 Y83.397
G1 F3654.8 X206.674 Y83.693 E2619.44792
G1 X207.514 Y83.714 E2619.5305
G1 F3664.1 X207.493 Y82.874 E2619.61288
G1 X207.197 Y83.397 E2619.67179
G0 F7200 X206.924 Y83.124
G1 F3600 X206.589 Y83.3 E2619.70955
G1 X90.5 Y83.3 E2631.29296
G1 X90.075 Y83.125 E2631.33882
G1 X89.9 Y82.789 E2631.37662
G1 X89.9 Y36.7 E2635.9754
G1 X90.075 Y36.275 E2636.02126
G1 X90.411 Y36.1 E2636.05906
G1 X206.5 Y36.1 E2647.64247
G1 X206.924 Y36.276 E2647.68828
G1 X207.1 Y36.7 E2647.73408
G1 X207.1 Y82.789 E2652.33286
G1 X206.924 Y83.124 E2652.37062
G0 F7200 X206.674 Y83.693
G1 F3529.4 X206.5 Y83.7 E2652.38834
G1 F3600 X90.5 Y83.7 E2663.96287
G0 F7200 X89.803 Y83.397
G1 F3654.8 X89.507 Y82.874 E2664.02193
G1 X89.486 Y83.714 E2664.10452
G1 F3730.6 X90.5 Y83.7 E2664.20216
G1 X89.803 Y83.397 E2664.27534
G0 F7200 X89.507 Y82.874
G1 F3529.4 X89.5 Y82.7 E2664.29307
G1 F3600 X89.5 Y36.7 E2668.88297
G0 F7200 X89.803 Y36.003
G1 F3654.8 X90.326 Y35.707 E2668.94203
G1 X89.486 Y35.686 E2669.02461
G1 F3730.6 X89.5 Y36.7 E2669.12226
G1 X89.803 Y36.003 E2669.19544
G0 F7200 X90.326 Y35.707
G1 F3529.4 X90.5 Y35.7 E2669.21316
G1 F3600 X206.5 Y35.7 E2680.78769
G0 F7200 X207.338 Y35.863
G0 X207.62 Y83.821
G0 X207.9 Y84.1
G1 F3600 X207.9 Y35.3 E2685.65697
G1 X89.101 Y35.301 E2697.51079
G1 X89.101 Y84.099 E2702.37987
G1 X207.9 Y84.1 E2714.23368
G0 F7200 X208.3 Y84.5
;TYPE:WALL-OUTER
G1 F1800 X208.3 Y34.9 E2719.18279
G1 X88.701 Y34.901 E2731.11643
G1 X88.701 Y84.499 E2736.06534
G1 X208.3 Y84.5 E2747.99897
G0 F7200 X208.3 Y84.3
G0 X207.62 Y83.821
G0 X207.41 Y82.735
G0 X206.698 Y82.735
G1 F1800 X206.642 Y82.842 E2748.01102
G1 X206.535 Y82.898 E2748.02307
G1 X90.5 Y82.9 E2759.60109
G1 X90.358 Y82.842 E2759.6164
G1 X90.302 Y82.735 E2759.62845
G1 X90.3 Y36.7 E2764.22184
G1 X90.358 Y36.558 E2764.23714
G1 X90.465 Y36.502 E2764.24919
G1 X206.5 Y36.5 E2775.82721
G1 X206.642 Y36.558 E2775.84252
G1 X206.7 Y36.7 E2775.85782
G1 X206.698 Y82.735 E2780.45122
G0 F7200 X206.642 Y82.842
G0 X206.573 Y82.878
G1 F1500 E2773.95122
;MESH:manette_front-Body_(Meshed).stl
G0 F7200 X206.573 Y83.611
G0 X206.5 Y85.366
G0 X206.5 Y117.458
G0 X206.5 Y118.553
G0 X206.5 Y119.12
;TYPE:WALL-INNER
G1 F1500 E2780.45122
G1 F3600 X90.5 Y119.12 E2792.02574
G1 F3529.4 X90.326 Y119.127 E2792.04347
G0 F7200 X89.803 Y119.423
G1 F3654.8 X90.326 Y119.127 E2792.10253
G1 X89.486 Y119.106 E2792.18511
G1 F3730.6 X89.5 Y120.12 E2792.28276
G1 X89.803 Y119.423 E2792.35594
G0 F7200 X89.5 Y120.12
G1 F3600 X89.5 Y166.12 E2796.94584
G1 F3529.4 X89.507 Y166.294 E2796.96356
G0 F7200 X89.803 Y166.817
G1 F3654.8 X89.507 Y166.294 E2797.02262
G1 X89.486 Y167.134 E2797.10521
G1 F3730.6 X90.5 Y167.12 E2797.20285
G1 X89.803 Y166.817 E2797.27603
G0 F7200 X90.5 Y167.12
G1 F3600 X206.5 Y167.12 E2808.85056
G1 F3529.4 X206.674 Y167.113 E2808.86828
G0 F7200 X207.197 Y166.817
G1 F3654.8 X206.674 Y167.113 E2808.92735
G1 X207.514 Y167.134 E2809.00993
G1 F3664.1 X207.493 Y166.294 E2809.09231
G1 X207.197 Y166.817 E2809.15122
G0 F7200 X206.924 Y166.544
G1 F3600 X206.589 Y166.72 E2809.18898
G1 X90.5 Y166.72 E2820.77239
G1 X90.075 Y166.545 E2820.81825
G1 X89.9 Y166.209 E2820.85605
G1 X89.9 Y120.12 E2825.45483
G1 X90.075 Y119.695 E2825.50069
G1 X90.411 Y119.52 E2825.53849
G1 X206.5 Y119.52 E2837.1219
G1 X206.924 Y119.696 E2837.16771
G1 X207.1 Y120.12 E2837.21351
G1 X207.1 Y166.209 E2841.81229
G1 X206.924 Y166.544 E2841.85005
G0 F7200 X207.493 Y166.294
G1 F3538.1 X207.5 Y166.12 E2841.86773
G1 F3600 X207.5 Y120.12 E2846.45763
G0 F7200 X207.197 Y119.423
G1 F3730.6 X207.5 Y120.12 E2846.53081
G1 X207.514 Y119.106 E2846.62845
G1 X206.5 Y119.12 E2846.7261
G1 X207.197 Y119.423 E2846.79928
G0 F7200 X207.197 Y119.213
G0 X207.62 Y167.243
G0 X207.9 Y167.52
G1 F3600 X207.9 Y118.72 E2851.66856
G1 X89.101 Y118.721 E2863.52238
G1 X89.101 Y167.519 E2868.39146
G1 X207.9 Y167.52 E2880.24527
G0 F7200 X208.3 Y167.92
;TYPE:WALL-OUTER
G1 F1800 X208.3 Y118.32 E2885.19438
G1 X88.701 Y118.321 E2897.12802
G1 X88.701 Y167.919 E2902.07693
G1 X208.3 Y167.92 E2914.01056
G0 F7200 X208.3 Y167.72
G0 X207.62 Y167.243
G0 X207.41 Y166.155
G0 X206.698 Y166.155
G1 F1800 X206.642 Y166.262 E2914.02261
G1 X206.535 Y166.318 E2914.03466
G1 X90.5 Y166.32 E2925.61268
G1 X90.358 Y166.262 E2925.62799
G1 X90.302 Y166.155 E2925.64004
G1 X90.3 Y120.12 E2930.23343
G1 X90.358 Y119.978 E2930.24873
G1 X90.465 Y119.922 E2930.26078
G1 X206.5 Y119.92 E2941.8388
G1 X206.642 Y119.978 E2941.85411
G1 X206.7 Y120.12 E2941.86941
G1 X206.698 Y166.155 E2946.4628
G0 F7200 X206.642 Y166.262
G0 X206.573 Y166.298
G1 F1500 E2939.9628
;MESH:NONMESH
G0 F600 X206.573 Y166.298 Z3.8
G0 F7200 X206.573 Y167.033
G0 X206.938 Y119.685
G0 X88.924 Y118.547
G0 X88.924 Y117.458
G0 X82.713 Y31.074
;TIME_ELAPSED:4803.471966
;LAYER:6
;TYPE:SUPPORT
G1 F1500 E2946.4628
G1 F3600 X83.106 Y30.57 E2946.52658
G1 X83.747 Y30.342 E2946.59446
G1 X84.07 Y29.986 E2946.64242
G1 X84.611 Y29.78 E2946.70019
G1 X85.134 Y29.94 E2946.75476
G1 X85.283 Y30.034 E2946.77234
G1 X85.654 Y30.474 E2946.82976
G1 X85.773 Y31.064 E2946.88982
G1 X85.668 Y31.425 E2946.92733
G1 X85.693 Y31.526 E2946.93772
G1 X85.806 Y31.619 E2946.95232
G1 X86.287 Y31.773 E2947.00271
G1 X86.698 Y32.267 E2947.06683
G1 X86.829 Y32.88 E2947.12938
G1 X86.586 Y33.601 E2947.2053
G1 X86.439 Y33.742 E2947.22562
G1 X86.345 Y34.02 E2947.2549
G1 X86.366 Y34.137 E2947.26676
G1 X86.562 Y34.367 E2947.29692
G1 X86.72 Y34.662 E2947.33031
G1 X86.845 Y34.799 E2947.34881
G1 X87.065 Y35.432 E2947.41568
G1 X86.953 Y36.047 E2947.47805
G1 X86.567 Y36.467 E2947.53497
G1 X85.899 Y36.657 E2947.60427
G1 X85.364 Y36.448 E2947.66158
G1 X84.949 Y35.957 E2947.72573
G1 X84.824 Y35.9 E2947.73944
G1 X84.708 Y35.918 E2947.75115
G1 X84.159 Y35.696 E2947.81024
G1 X83.57 Y35.038 E2947.89836
G1 X83.243 Y34.015 E2948.00552
G1 X83.255 Y33.852 E2948.02183
G1 X82.694 Y33.204 E2948.10735
G1 X82.531 Y32.578 E2948.17189
G1 X82.513 Y31.884 E2948.24117
G1 X82.713 Y31.074 E2948.32441
G1 F1500 E2941.82441
G0 F7200 X87.685 Y31.144
G1 F1500 E2948.32441
G1 F3600 X87.817 Y30.613 E2948.37901
G1 X88.212 Y30.208 E2948.43546
G1 X88.796 Y30.091 E2948.49489
G1 X89.43 Y30.295 E2948.56134
G1 X89.796 Y30.551 E2948.60591
G1 X90.617 Y31.357 E2948.72071
G1 X90.864 Y31.995 E2948.78897
G1 X90.752 Y32.558 E2948.84625
G1 X90.357 Y32.933 E2948.9006
G1 X89.762 Y33.041 E2948.96094
G1 X89.143 Y32.817 E2949.02662
G1 X88.746 Y32.523 E2949.07591
G1 X87.888 Y31.699 E2949.19461
G1 X87.685 Y31.144 E2949.25358
G1 F1500 E2942.75358
G0 F7200 X92.412 Y38.214
G1 F1500 E2949.25358
G1 F3600 X92.948 Y38.064 E2949.30911
G1 X93.484 Y38.214 E2949.36465
G1 X93.881 Y38.635 E2949.42239
G1 X94.031 Y39.153 E2949.4762
G1 X93.881 Y39.687 E2949.53154
G1 X93.487 Y40.085 E2949.58742
G1 X92.954 Y40.232 E2949.64259
G1 X92.434 Y40.082 E2949.69659
G1 X92.018 Y39.662 E2949.75558
G1 X91.865 Y39.147 E2949.80919
G1 X92.015 Y38.635 E2949.86242
G1 X92.412 Y38.214 E2949.92016
G1 F1500 E2943.42016
G0 F7200 X92.948 Y79.164
G1 F1500 E2949.92016
G1 F3600 X93.484 Y79.314 E2949.9757
G1 X93.881 Y79.735 E2950.03344
G1 X94.031 Y80.253 E2950.08725
G1 X93.881 Y80.787 E2950.14259
G1 X93.487 Y81.185 E2950.19847
G1 X92.954 Y81.332 E2950.25364
G1 X92.434 Y81.182 E2950.30764
G1 X92.018 Y80.762 E2950.36663
G1 X91.865 Y80.247 E2950.42023
G1 X92.015 Y79.735 E2950.47347
G1 X92.412 Y79.314 E2950.53121
G1 X92.948 Y79.164 E2950.58674
G1 F1500 E2944.08674
G0 F7200 X89.72 Y86.243
G1 F1500 E2950.58674
G1 F3600 X90.122 Y86.635 E2950.64277
G1 X90.247 Y87.165 E2950.6971
G1 X90.018 Y87.756 E2950.76035
G1 X89.505 Y88.229 E2950.82997
G1 X89.055 Y88.483 E2950.88153
G1 X88.383 Y88.698 E2950.95193
G1 X87.91 Y88.618 E2950.9998
G1 X87.77 Y88.71 E2951.01651
G1 X87.649 Y89.084 E2951.05574
G1 X87.236 Y89.556 E2951.11832
G1 X86.689 Y89.745 E2951.17606
G1 X86.246 Y89.626 E2951.22183
G1 X85.794 Y89.798 E2951.27009
G1 X85.272 Y89.668 E2951.32377
G1 X84.875 Y89.223 E2951.38327
G1 X84.763 Y88.639 E2951.4426
G1 X84.875 Y88.296 E2951.47861
G1 X84.823 Y88.071 E2951.50165
G1 X84.961 Y87.47 E2951.56318
G1 X85.45 Y86.863 E2951.64095
G1 X86.037 Y86.664 E2951.7028
G1 X86.529 Y86.807 E2951.75392
G1 X86.758 Y86.735 E2951.77787
G1 X87.293 Y86.916 E2951.83423
G1 X87.457 Y87.008 E2951.85299
G1 X87.587 Y86.967 E2951.86659
G1 X87.95 Y86.632 E2951.91588
G1 X88.293 Y86.476 E2951.95348
G1 X88.435 Y86.356 E2951.97203
G1 X89.104 Y86.134 E2952.04236
G1 X89.72 Y86.243 E2952.10478
G1 F1500 E2945.60478
G0 F7200 X91.131 Y87.572
G1 F1500 E2952.10478
G1 F3600 X91.352 Y87.338 E2952.1369
G1 X91.888 Y87.188 E2952.19243
G1 X92.424 Y87.338 E2952.24797
G1 X92.821 Y87.759 E2952.30571
G1 X92.971 Y88.277 E2952.35952
G1 X92.821 Y88.811 E2952.41486
G1 X92.423 Y89.209 E2952.47103
G1 X91.89 Y89.359 E2952.52628
G1 X91.374 Y89.206 E2952.57998
G1 X90.954 Y88.786 E2952.63924
G1 X90.805 Y88.275 E2952.69236
G1 X90.955 Y87.759 E2952.74597
G1 X91.131 Y87.572 E2952.7716
G1 F1500 E2946.2716
G0 F7200 X85.088 Y85.507
G1 F1500 E2952.7716
G1 F3600 X85.041 Y85.644 E2952.78605
G1 X84.929 Y85.76 E2952.80214
G1 X84.749 Y86.077 E2952.83851
G1 X84.258 Y86.6 E2952.91009
G1 X83.947 Y86.726 E2952.94357
G1 X83.877 Y86.857 E2952.95839
G1 X83.951 Y87.318 E2953.00498
G1 X83.917 Y87.444 E2953.018
G1 X84.026 Y87.856 E2953.06053
G1 X83.901 Y88.511 E2953.12706
G1 X83.531 Y88.951 E2953.18442
G1 X83.005 Y89.093 E2953.23879
G1 X82.46 Y88.872 E2953.29747
G1 X81.999 Y88.34 E2953.36771
G1 X81.625 Y87.13 E2953.49408
G1 X81.909 Y86.159 E2953.59503
G1 X82.345 Y85.625 E2953.66381
G1 X82.665 Y85.494 E2953.69831
G1 X82.84 Y85.073 E2953.74381
G1 X82.961 Y84.942 E2953.7616
G1 X83.137 Y84.629 E2953.79743
G1 X83.625 Y84.086 E2953.87028
G1 X84.233 Y83.852 E2953.93528
G1 X84.78 Y83.97 E2953.99112
G1 X85.157 Y84.403 E2954.0484
G1 X85.269 Y84.977 E2954.10676
G1 X85.088 Y85.507 E2954.16264
G1 F1500 E2947.66264
G0 F7200 X84.615 Y113.204
G1 F1500 E2954.16264
G1 F3600 X85.138 Y113.365 E2954.21724
G1 X85.283 Y113.454 E2954.23422
G1 X85.654 Y113.894 E2954.29164
G1 X85.773 Y114.485 E2954.3518
G1 X85.671 Y114.815 E2954.38626
G1 X85.677 Y114.914 E2954.39616
G1 X85.782 Y115.033 E2954.41199
G1 X86.288 Y115.194 E2954.46498
G1 X86.686 Y115.667 E2954.52666
G1 X86.82 Y116.29 E2954.59024
G1 X86.601 Y116.916 E2954.65642
G1 X86.437 Y117.093 E2954.6805
G1 X86.317 Y117.534 E2954.7261
G1 X86.776 Y118.254 E2954.8113
G1 X87.001 Y118.893 E2954.87889
G1 X86.893 Y119.507 E2954.9411
G1 X86.519 Y119.915 E2954.99633
G1 X85.835 Y120.109 E2955.06727
G1 X85.3 Y119.899 E2955.12462
G1 X84.789 Y119.312 E2955.20227
G1 X84.28 Y119.1 E2955.25729
G1 X83.801 Y118.543 E2955.33059
G1 X83.425 Y117.29 E2955.46112
G1 X83.321 Y117.184 E2955.47594
G1 X83.144 Y117.131 E2955.49438
G1 X82.719 Y116.689 E2955.55556
G1 X82.56 Y116.125 E2955.61403
G1 X82.618 Y115.923 E2955.635
G1 X82.565 Y115.306 E2955.69679
G1 X82.768 Y114.477 E2955.78195
G1 X82.882 Y114.15 E2955.81651
G1 X83.298 Y113.621 E2955.88366
G1 X83.843 Y113.423 E2955.94151
G1 X83.97 Y113.448 E2955.95443
G1 X84.615 Y113.204 E2956.02324
G1 F1500 E2949.52324
G0 F7200 X87.833 Y114.034
G1 F1500 E2956.02324
G1 F3600 X88.232 Y113.632 E2956.07975
G1 X88.813 Y113.511 E2956.13897
G1 X89.438 Y113.711 E2956.20445
G1 X89.804 Y113.964 E2956.24884
G1 X90.632 Y114.781 E2956.36491
G1 X90.876 Y115.411 E2956.43232
G1 X90.767 Y115.971 E2956.48925
G1 X90.369 Y116.349 E2956.54402
G1 X89.774 Y116.457 E2956.60436
G1 X89.155 Y116.233 E2956.67004
G1 X88.762 Y115.943 E2956.71877
G1 X87.904 Y115.119 E2956.83747
G1 X87.701 Y114.564 E2956.89644
G1 X87.833 Y114.034 E2956.95094
G1 F1500 E2950.45094
G0 F7200 X92.412 Y121.634
G1 F1500 E2956.95094
G1 F3600 X92.948 Y121.484 E2957.00648
G1 X93.484 Y121.634 E2957.06201
G1 X93.881 Y122.058 E2957.11997
G1 X94.031 Y122.577 E2957.17388
G1 X93.881 Y123.107 E2957.22884
G1 X93.486 Y123.506 E2957.28486
G1 X92.954 Y123.656 E2957.34001
G1 X92.434 Y123.502 E2957.39412
G1 X92.018 Y123.086 E2957.45283
G1 X91.865 Y122.571 E2957.50643
G1 X92.015 Y122.058 E2957.55976
G1 X92.412 Y121.634 E2957.61772
G1 F1500 E2951.11772
G0 F7200 X92.948 Y162.584
G1 F1500 E2957.61772
G1 F3600 X93.484 Y162.734 E2957.67326
G1 X93.881 Y163.158 E2957.73121
G1 X94.031 Y163.677 E2957.78512
G1 X93.881 Y164.207 E2957.84008
G1 X93.486 Y164.606 E2957.8961
G1 X92.954 Y164.756 E2957.95126
G1 X92.434 Y164.602 E2958.00537
G1 X92.018 Y164.186 E2958.06407
G1 X91.865 Y163.671 E2958.11768
G1 X92.015 Y163.158 E2958.17101
G1 X92.412 Y162.734 E2958.22897
G1 X92.948 Y162.584 E2958.2845
G1 F1500 E2951.7845
G0 F7200 X90.635 Y169.903
G1 F1500 E2958.2845
G1 F3600 X91.041 Y170.305 E2958.34151
G1 X91.159 Y170.836 E2958.39579
G1 X90.929 Y171.441 E2958.46037
G1 X90.404 Y171.934 E2958.53223
G1 X89.974 Y172.228 E2958.58421
G1 X89.445 Y172.41 E2958.64003
G1 X89.378 Y172.472 E2958.64914
G1 X88.766 Y172.692 E2958.71403
G1 X88.225 Y172.576 E2958.76924
G1 X87.816 Y172.161 E2958.82737
G1 X87.7 Y171.608 E2958.88375
G1 X87.918 Y171.015 E2958.9468
G1 X88.755 Y170.12 E2959.06907
G1 X89.378 Y169.887 E2959.13543
G1 X89.635 Y169.928 E2959.1614
G1 X90.04 Y169.798 E2959.20384
G1 X90.635 Y169.903 E2959.26413
G1 F1500 E2952.76413
G0 F7200 X86.462 Y170.57
G1 F1500 E2959.26413
G1 F3600 X86.202 Y171.237 E2959.33556
G1 X86.242 Y171.395 E2959.35182
G1 X86.626 Y171.763 E2959.40489
G1 X86.855 Y172.337 E2959.46656
G1 X86.73 Y172.886 E2959.52274
G1 X86.328 Y173.253 E2959.57705
G1 X85.64 Y173.374 E2959.64676
G1 X84.906 Y173.119 E2959.72429
G1 X84.564 Y172.863 E2959.76691
G1 X84.412 Y172.896 E2959.78243
G1 X84.33 Y173.025 E2959.79769
G1 X83.954 Y173.427 E2959.85261
G1 X83.391 Y173.536 E2959.90983
G1 X82.806 Y173.309 E2959.97244
G1 X82.264 Y172.74 E2960.05085
G1 X81.967 Y172.363 E2960.09874
G1 X81.906 Y172.209 E2960.11527
G1 X81.608 Y171.865 E2960.16068
G1 X81.369 Y171.055 E2960.24495
G1 X81.617 Y170.195 E2960.33425
G1 X81.861 Y169.618 E2960.39676
G1 X82.329 Y169.057 E2960.46966
G1 X82.89 Y168.842 E2960.52961
G1 X83.253 Y168.914 E2960.56653
G1 X83.361 Y168.859 E2960.57863
G1 X83.473 Y168.571 E2960.60946
G1 X83.671 Y168.26 E2960.64625
G1 X84.128 Y167.729 E2960.71615
G1 X84.711 Y167.502 E2960.77858
G1 X85.245 Y167.628 E2960.83332
G1 X85.625 Y168.077 E2960.89202
G1 X85.738 Y168.675 E2960.95274
G1 X85.553 Y169.257 E2961.01368
G1 X85.564 Y169.354 E2961.02342
G1 X85.73 Y169.582 E2961.05156
G1 X85.911 Y169.656 E2961.07107
G1 X86.332 Y170.054 E2961.12888
G1 X86.462 Y170.57 E2961.18197
G1 F1500 E2954.68197
G0 F7200 X202.965 Y163.671
G1 F1500 E2961.18197
G1 F3600 X203.115 Y163.158 E2961.2353
G1 X203.512 Y162.734 E2961.29326
G1 X204.048 Y162.584 E2961.3488
G1 X204.584 Y162.734 E2961.40433
G1 X204.981 Y163.158 E2961.46229
G1 X205.131 Y163.677 E2961.5162
G1 X204.981 Y164.207 E2961.57116
G1 X204.586 Y164.606 E2961.62718
G1 X204.054 Y164.756 E2961.68233
G1 X203.534 Y164.602 E2961.73645
G1 X203.118 Y164.186 E2961.79515
G1 X202.965 Y163.671 E2961.84875
G1 F1500 E2955.34875
G0 F7200 X206.015 Y170.22
G1 F1500 E2961.84875
G1 F3600 X206.657 Y169.983 E2961.91704
G1 X207.229 Y170.093 E2961.97516
G1 X207.607 Y170.503 E2962.0308
G1 X207.72 Y171.068 E2962.0883
G1 X207.49 Y171.703 E2962.15568
G1 X207.331 Y171.871 E2962.17876
G1 X207.294 Y171.971 E2962.1894
G1 X206.762 Y172.502 E2962.2644
G1 X206.092 Y172.736 E2962.33522
G1 X205.557 Y172.614 E2962.38997
G1 X205.147 Y172.2 E2962.44811
G1 X205.028 Y171.653 E2962.50396
G1 X205.228 Y171.073 E2962.56518
G1 X206.015 Y170.22 E2962.68099
G1 F1500 E2956.18099
G0 F7200 X209.493 Y171.084
G1 F1500 E2962.68099
G1 F3600 X209.564 Y170.798 E2962.71039
G1 X209.978 Y170.27 E2962.77734
G1 X210.505 Y170.084 E2962.8331
G1 X210.896 Y170.194 E2962.87363
G1 X211.096 Y170.119 E2962.89494
G1 X211.542 Y170.221 E2962.94059
G1 X211.628 Y170.182 E2962.95002
G1 X212.113 Y169.604 E2963.0253
G1 X212.671 Y169.391 E2963.0849
G1 X213.196 Y169.533 E2963.13917
G1 X213.569 Y169.999 E2963.19872
G1 X213.717 Y170.748 E2963.2749
G1 X213.653 Y171.013 E2963.30211
G1 X213.713 Y171.216 E2963.32323
G1 X213.569 Y171.963 E2963.39914
G1 X213.199 Y172.406 E2963.45673
G1 X212.677 Y172.545 E2963.51063
G1 X212.356 Y172.425 E2963.54482
G1 X212.245 Y172.441 E2963.55601
G1 X212.139 Y172.557 E2963.57169
G1 X212.113 Y172.693 E2963.58551
G1 X211.749 Y173.099 E2963.63992
G1 X211.201 Y173.226 E2963.69605
G1 X210.556 Y172.967 E2963.7654
G1 X210.52 Y172.966 E2963.76899
G1 X209.983 Y172.8 E2963.82508
G1 X209.561 Y172.344 E2963.88707
G1 X209.403 Y171.762 E2963.94724
G1 X209.386 Y171.514 E2963.97205
G1 X209.493 Y171.084 E2964.01626
G1 F1500 E2957.51626
G0 F7200 X204.054 Y123.656
G1 F1500 E2964.01626
G1 F3600 X203.534 Y123.502 E2964.07038
G1 X203.118 Y123.086 E2964.12908
G1 X202.965 Y122.571 E2964.18268
G1 X203.115 Y122.058 E2964.23602
G1 X203.512 Y121.634 E2964.29397
G1 X204.048 Y121.484 E2964.34951
G1 X204.584 Y121.634 E2964.40505
G1 X204.981 Y122.058 E2964.463
G1 X205.131 Y122.577 E2964.51691
G1 X204.981 Y123.107 E2964.57187
G1 X204.586 Y123.506 E2964.62789
G1 X204.054 Y123.656 E2964.68304
G1 F1500 E2958.18304
G0 F7200 X210.306 Y120.149
G1 F1500 E2964.68304
G1 F3600 X210.195 Y119.572 E2964.74167
G1 X210.418 Y118.938 E2964.80873
G1 X210.666 Y118.625 E2964.84858
G1 X210.726 Y118.466 E2964.86554
G1 X210.998 Y118.153 E2964.90691
G1 X211.213 Y117.386 E2964.98639
G1 X210.913 Y116.304 E2965.09843
G1 X211.059 Y115.6 E2965.17017
G1 X211.438 Y115.122 E2965.23104
G1 X211.983 Y114.958 E2965.28783
G1 X212.522 Y114.296 E2965.37301
G1 X213.082 Y114.083 E2965.43279
G1 X213.603 Y114.228 E2965.48675
G1 X213.977 Y114.703 E2965.54708
G1 X214.115 Y115.386 E2965.6166
G1 X213.841 Y116.449 E2965.72614
G1 X213.304 Y117.078 E2965.80866
G1 X213.261 Y117.181 E2965.8198
G1 X213.33 Y117.576 E2965.85981
G1 X213.023 Y118.677 E2965.97386
G1 X212.778 Y118.953 E2966.01068
G1 X212.59 Y119.532 E2966.07142
G1 X212.493 Y119.653 E2966.0869
G1 X212.444 Y119.827 E2966.10493
G1 X211.842 Y120.465 E2966.19246
G1 X211.237 Y120.695 E2966.25704
G1 X210.708 Y120.574 E2966.31119
G1 X210.306 Y120.149 E2966.36956
G1 F1500 E2959.86956
G0 F7200 X209.65 Y116.599
G1 F1500 E2966.36956
G1 F3600 X209.16 Y116.689 E2966.41927
G1 X208.522 Y116.469 E2966.48661
G1 X208.359 Y116.331 E2966.50792
G1 X207.958 Y116.105 E2966.55385
G1 X207.814 Y116.079 E2966.56845
G1 X207.46 Y116.205 E2966.60594
G1 X206.893 Y116.091 E2966.66365
G1 X206.409 Y115.624 E2966.73076
G1 X206.278 Y115.096 E2966.78504
G1 X206.506 Y114.535 E2966.84546
G1 X207.017 Y114.045 E2966.9161
G1 X207.158 Y113.999 E2966.9309
G1 X207.276 Y113.892 E2966.9468
G1 X207.88 Y113.716 E2967.00957
G1 X208.447 Y113.86 E2967.06794
G1 X208.792 Y114.209 E2967.11691
G1 X209.11 Y114.321 E2967.15055
G1 X209.558 Y114.585 E2967.20243
G1 X210.061 Y115.074 E2967.27243
G1 X210.291 Y115.657 E2967.33497
G1 X210.17 Y116.207 E2967.39116
G1 X209.767 Y116.577 E2967.44575
G1 X209.65 Y116.599 E2967.45763
G1 F1500 E2960.95763
G0 F7200 X211.795 Y89.728
G1 F1500 E2967.45763
G1 F3600 X211.297 Y89.567 E2967.50985
G1 X211.191 Y89.443 E2967.52613
G1 X211.058 Y89.377 E2967.54094
G1 X210.518 Y89.542 E2967.59728
G1 X210.003 Y89.377 E2967.65124
G1 X209.58 Y88.923 E2967.71316
G1 X209.405 Y88.292 E2967.7785
G1 X209.411 Y88.068 E2967.80086
G1 X209.58 Y87.378 E2967.87174
G1 X209.994 Y86.85 E2967.93869
G1 X210.522 Y86.664 E2967.99454
G1 X211.196 Y86.89 E2968.06548
G1 X211.495 Y86.809 E2968.09639
G1 X211.699 Y86.666 E2968.12124
G1 X212.109 Y86.173 E2968.18522
G1 X212.666 Y85.963 E2968.24462
G1 X213.188 Y86.108 E2968.29868
G1 X213.565 Y86.576 E2968.35864
G1 X213.713 Y87.321 E2968.43443
G1 X213.652 Y87.567 E2968.45972
G1 X213.718 Y87.792 E2968.48312
G1 X213.573 Y88.538 E2968.55895
G1 X213.203 Y88.979 E2968.61639
G1 X212.724 Y89.111 E2968.66596
G1 X212.345 Y89.525 E2968.72197
G1 X211.795 Y89.728 E2968.78047
G1 F1500 E2962.28047
G0 F7200 X207.523 Y88.191
G1 F1500 E2968.78047
G1 F3600 X207.49 Y88.283 E2968.79022
G1 X207.335 Y88.448 E2968.81281
G1 X207.297 Y88.551 E2968.82376
G1 X206.771 Y89.078 E2968.89806
G1 X206.095 Y89.312 E2968.96943
G1 X205.553 Y89.193 E2969.0248
G1 X205.148 Y88.781 E2969.08245
G1 X205.028 Y88.234 E2969.13833
G1 X205.232 Y87.649 E2969.20015
G1 X206.011 Y86.799 E2969.31519
G1 X206.658 Y86.56 E2969.38401
G1 X207.229 Y86.668 E2969.442
G1 X207.607 Y87.082 E2969.49793
G1 X207.72 Y87.644 E2969.55513
G1 X207.523 Y88.191 E2969.61314
G1 F1500 E2963.11314
G0 F7200 X204.587 Y81.185
G1 F1500 E2969.61314
G1 F3600 X204.054 Y81.332 E2969.66831
G1 X203.534 Y81.182 E2969.72231
G1 X203.118 Y80.762 E2969.7813
G1 X202.965 Y80.247 E2969.83491
G1 X203.115 Y79.735 E2969.88814
G1 X203.512 Y79.314 E2969.94588
G1 X204.048 Y79.164 E2970.00142
G1 X204.584 Y79.314 E2970.05695
G1 X204.981 Y79.735 E2970.11469
G1 X205.131 Y80.253 E2970.1685
G1 X204.981 Y80.787 E2970.22385
G1 X204.587 Y81.185 E2970.27973
G1 F1500 E2963.77973
G0 F7200 X204.054 Y40.232
G1 F1500 E2970.27973
G1 F3600 X203.534 Y40.082 E2970.33373
G1 X203.118 Y39.662 E2970.39272
G1 X202.965 Y39.147 E2970.44632
G1 X203.115 Y38.635 E2970.49956
G1 X203.512 Y38.214 E2970.5573
G1 X204.048 Y38.064 E2970.61283
G1 X204.584 Y38.214 E2970.66837
G1 X204.981 Y38.635 E2970.72611
G1 X205.131 Y39.153 E2970.77992
G1 X204.981 Y39.687 E2970.83526
G1 X204.587 Y40.085 E2970.89114
G1 X204.054 Y40.232 E2970.94631
G1 F1500 E2964.44631
G0 F7200 X210.301 Y36.737
G1 F1500 E2970.94631
G1 F3600 X210.192 Y36.189 E2971.00206
G1 X210.417 Y35.586 E2971.06628
G1 X211.342 Y34.634 E2971.19873
G1 X211.368 Y34.541 E2971.20837
G1 X211.331 Y34.34 E2971.22876
G1 X211.633 Y33.335 E2971.33347
G1 X211.355 Y32.54 E2971.4175
G1 X211.467 Y31.96 E2971.47644
G1 X211.844 Y31.53 E2971.53351
G1 X212.074 Y31.468 E2971.55727
G1 X212.55 Y30.88 E2971.63276
G1 X213.11 Y30.667 E2971.69254
G1 X213.631 Y30.815 E2971.74658
G1 X214.005 Y31.288 E2971.80675
G1 X214.149 Y31.983 E2971.87757
G1 X213.816 Y33.104 E2971.99426
G1 X213.739 Y33.196 E2972.00623
G1 X213.657 Y33.479 E2972.03563
G1 X213.694 Y33.745 E2972.06242
G1 X213.395 Y34.806 E2972.17241
G1 X212.985 Y35.278 E2972.2348
G1 X213 Y35.525 E2972.25949
G1 X212.771 Y36.153 E2972.32619
G1 X211.889 Y37.035 E2972.45065
G1 X211.264 Y37.264 E2972.51706
G1 X210.712 Y37.152 E2972.57326
G1 X210.301 Y36.737 E2972.63154
G1 F1500 E2966.13154
G0 F7200 X209.643 Y33.18
G1 F1500 E2972.63154
G1 F3600 X209.161 Y33.269 E2972.68045
G1 X208.521 Y33.044 E2972.74814
G1 X208.393 Y32.93 E2972.76525
G1 X207.867 Y32.656 E2972.82442
G1 X207.461 Y32.781 E2972.86681
G1 X206.893 Y32.667 E2972.92462
G1 X206.409 Y32.203 E2972.99152
G1 X206.278 Y31.675 E2973.0458
G1 X206.506 Y31.112 E2973.10641
G1 X207.019 Y30.623 E2973.17712
G1 X207.19 Y30.557 E2973.19541
G1 X207.274 Y30.473 E2973.20727
G1 X207.881 Y30.296 E2973.27036
G1 X208.448 Y30.437 E2973.32865
G1 X208.792 Y30.785 E2973.37748
G1 X209.108 Y30.897 E2973.41093
G1 X209.558 Y31.165 E2973.46319
G1 X210.061 Y31.654 E2973.53319
G1 X210.291 Y32.237 E2973.59573
G1 X210.17 Y32.787 E2973.65192
G1 X209.767 Y33.157 E2973.70651
G1 X209.643 Y33.18 E2973.71909
G1 F1500 E2967.21909
;MESH:manette_front-Body_(Meshed).stl(1)
G0 F7200 X208.076 Y34.036
G0 X208.076 Y35.125
G0 X207.197 Y35.791
G0 X207.197 Y36.003
;TYPE:WALL-INNER
G1 F1500 E2973.71909
G1 F3730.6 X207.5 Y36.7 E2973.79227
G1 X207.514 Y35.686 E2973.88992
G1 X206.5 Y35.7 E2973.98756
G1 X207.197 Y36.003 E2974.06074
G0 F7200 X207.5 Y36.7
G1 F3600 X207.5 Y82.7 E2978.65064
G1 F3538.1 X207.493 Y82.874 E2978.66832
G0 F7200 X207.197 Y83.397
G1 F3654.8 X206.674 Y83.693 E2978.72738
G1 X207.514 Y83.714 E2978.80997
G1 F3664.1 X207.493 Y82.874 E2978.89234
G1 X207.197 Y83.397 E2978.95126
G0 F7200 X206.924 Y83.124
G1 F3600 X206.589 Y83.3 E2978.98902
G1 X90.5 Y83.3 E2990.57242
G1 X90.075 Y83.125 E2990.61828
G1 X89.9 Y82.789 E2990.65609
G1 X89.9 Y36.7 E2995.25486
G1 X90.075 Y36.275 E2995.30073
G1 X90.411 Y36.1 E2995.33853
G1 X206.5 Y36.1 E3006.92193
G1 X206.924 Y36.276 E3006.96774
G1 X207.1 Y36.7 E3007.01355
G1 X207.1 Y82.789 E3011.61233
G1 X206.924 Y83.124 E3011.65009
G0 F7200 X206.674 Y83.693
G1 F3529.4 X206.5 Y83.7 E3011.66781
G1 F3600 X90.5 Y83.7 E3023.24234
G0 F7200 X89.803 Y83.397
G1 F3654.8 X89.507 Y82.874 E3023.3014
G1 X89.486 Y83.714 E3023.38398
G1 F3730.6 X90.5 Y83.7 E3023.48163
G1 X89.803 Y83.397 E3023.55481
G0 F7200 X89.507 Y82.874
G1 F3529.4 X89.5 Y82.7 E3023.57253
G1 F3600 X89.5 Y36.7 E3028.16243
G0 F7200 X89.803 Y36.003
G1 F3654.8 X90.326 Y35.707 E3028.2215
G1 X89.486 Y35.686 E3028.30408
G1 F3730.6 X89.5 Y36.7 E3028.40172
G1 X89.803 Y36.003 E3028.47491
G0 F7200 X90.326 Y35.707
G1 F3529.4 X90.5 Y35.7 E3028.49263
G1 F3600 X206.5 Y35.7 E3040.06716
G0 F7200 X207.338 Y35.863
G0 X207.62 Y83.821
G0 X207.9 Y84.1
G1 F3600 X207.9 Y35.3 E3044.93644
G1 X89.101 Y35.301 E3056.79025
G1 X89.101 Y84.099 E3061.65934
G1 X207.9 Y84.1 E3073.51315
G0 F7200 X208.3 Y84.5
;TYPE:WALL-OUTER
G1 F1800 X208.3 Y34.9 E3078.46226
G1 X88.701 Y34.901 E3090.39589
G1 X88.701 Y84.499 E3095.3448
G1 X208.3 Y84.5 E3107.27844
G0 F7200 X208.3 Y84.3
G0 X207.62 Y83.821
G0 X207.41 Y82.735
G0 X206.698 Y82.735
G1 F1800 X206.642 Y82.842 E3107.29049
G1 X206.535 Y82.898 E3107.30254
G1 X90.5 Y82.9 E3118.88056
G1 X90.358 Y82.842 E3118.89586
G1 X90.302 Y82.735 E3118.90791
G1 X90.3 Y36.7 E3123.5013
G1 X90.358 Y36.558 E3123.51661
G1 X90.465 Y36.502 E3123.52866
G1 X206.5 Y36.5 E3135.10668
G1 X206.642 Y36.558 E3135.12198
G1 X206.7 Y36.7 E3135.13729
G1 X206.698 Y82.735 E3139.73068
G0 F7200 X206.642 Y82.842
G0 X206.573 Y82.878
G1 F1500 E3133.23068
;MESH:manette_front-Body_(Meshed).stl
G0 F7200 X206.573 Y83.611
G0 X206.5 Y85.366
G0 X206.5 Y117.458
G0 X206.5 Y118.553
G0 X206.5 Y119.12
;TYPE:WALL-INNER
G1 F1500 E3139.73068
G1 F3600 X90.5 Y119.12 E3151.30521
G1 F3529.4 X90.326 Y119.127 E3151.32293
G0 F7200 X89.803 Y119.423
G1 F3654.8 X90.326 Y119.127 E3151.38199
G1 X89.486 Y119.106 E3151.46458
G1 F3730.6 X89.5 Y120.12 E3151.56222
G1 X89.803 Y119.423 E3151.6354
G0 F7200 X89.5 Y120.12
G1 F3600 X89.5 Y166.12 E3156.2253
G1 F3529.4 X89.507 Y166.294 E3156.24303
G0 F7200 X89.803 Y166.817
G1 F3654.8 X89.507 Y166.294 E3156.30209
G1 X89.486 Y167.134 E3156.38467
G1 F3730.6 X90.5 Y167.12 E3156.48232
G1 X89.803 Y166.817 E3156.5555
G0 F7200 X90.5 Y167.12
G1 F3600 X206.5 Y167.12 E3168.13003
G1 F3529.4 X206.674 Y167.113 E3168.14775
G0 F7200 X207.197 Y166.817
G1 F3654.8 X206.674 Y167.113 E3168.20681
G1 X207.514 Y167.134 E3168.2894
G1 F3664.1 X207.493 Y166.294 E3168.37177
G1 X207.197 Y166.817 E3168.43069
G0 F7200 X206.924 Y166.544
G1 F3600 X206.589 Y166.72 E3168.46845
G1 X90.5 Y166.72 E3180.05185
G1 X90.075 Y166.545 E3180.09771
G1 X89.9 Y166.209 E3180.13552
G1 X89.9 Y120.12 E3184.73429
G1 X90.075 Y119.695 E3184.78016
G1 X90.411 Y119.52 E3184.81796
G1 X206.5 Y119.52 E3196.40136
G1 X206.924 Y119.696 E3196.44717
G1 X207.1 Y120.12 E3196.49298
G1 X207.1 Y166.209 E3201.09176
G1 X206.924 Y166.544 E3201.12952
G0 F7200 X207.493 Y166.294
G1 F3538.1 X207.5 Y166.12 E3201.1472
G1 F3600 X207.5 Y120.12 E3205.73709
G0 F7200 X207.197 Y119.423
G1 F3730.6 X207.5 Y120.12 E3205.81027
G1 X207.514 Y119.106 E3205.90792
G1 X206.5 Y119.12 E3206.00556
G1 X207.197 Y119.423 E3206.07874
G0 F7200 X207.197 Y119.213
G0 X207.62 Y167.243
G0 X207.9 Y167.52
G1 F3600 X207.9 Y118.72 E3210.94803
G1 X89.101 Y118.721 E3222.80184
G1 X89.101 Y167.519 E3227.67093
G1 X207.9 Y167.52 E3239.52474
G0 F7200 X208.3 Y167.92
;TYPE:WALL-OUTER
G1 F1800 X208.3 Y118.32 E3244.47385
G1 X88.701 Y118.321 E3256.40748
G1 X88.701 Y167.919 E3261.35639
G1 X208.3 Y167.92 E3273.29003
G0 F7200 X208.3 Y167.72
G0 X207.62 Y167.243
G0 X207.41 Y166.155
G0 X206.698 Y166.155
G1 F1800 X206.642 Y166.262 E3273.30208
G1 X206.535 Y166.318 E3273.31413
G1 X90.5 Y166.32 E3284.89215
G1 X90.358 Y166.262 E3284.90745
G1 X90.302 Y166.155 E3284.9195
G1 X90.3 Y120.12 E3289.51289
G1 X90.358 Y119.978 E3289.5282
G1 X90.465 Y119.922 E3289.54025
G1 X206.5 Y119.92 E3301.11827
G1 X206.642 Y119.978 E3301.13357
G1 X206.7 Y120.12 E3301.14888
G1 X206.698 Y166.155 E3305.74227
G0 F7200 X206.642 Y166.262
G0 X206.573 Y166.298
G1 F1500 E3299.24227
;MESH:NONMESH
G0 F600 X206.573 Y166.298 Z4.4
G0 F7200 X206.573 Y167.033
G0 X206.938 Y119.685
G0 X88.924 Y118.547
G0 X88.924 Y117.458
G0 X82.7 Y30.977
;TIME_ELAPSED:4909.679557
;LAYER:7
;TYPE:SUPPORT
G1 F1500 E3305.74227
G1 F3600 X82.78 Y30.866 E3305.75592
G1 X82.849 Y30.601 E3305.78325
G1 X83.203 Y30.138 E3305.8414
G1 X83.654 Y29.98 E3305.88908
G1 X83.846 Y29.975 E3305.90825
G1 X84.23 Y29.568 E3305.96408
G1 X84.703 Y29.388 E3306.01458
G1 X85.155 Y29.529 E3306.06182
G1 X85.247 Y29.618 E3306.07459
G1 X85.434 Y29.67 E3306.09396
G1 X85.752 Y30.063 E3306.1444
G1 X85.854 Y30.603 E3306.19924
G1 X85.737 Y30.966 E3306.23729
G1 X85.735 Y31.083 E3306.24897
G1 X85.845 Y31.211 E3306.26581
G1 X86.25 Y31.323 E3306.30774
G1 X86.326 Y31.403 E3306.31875
G1 X86.529 Y31.455 E3306.33966
G1 X86.953 Y31.951 E3306.40477
G1 X87.06 Y32.493 E3306.45989
G1 X87.07 Y32.743 E3306.48486
G1 X86.855 Y33.278 E3306.54239
G1 X86.669 Y33.451 E3306.56774
G1 X86.547 Y33.95 E3306.61899
G1 X86.802 Y34.272 E3306.65998
G1 X86.901 Y34.773 E3306.71093
G1 X86.843 Y35.023 E3306.73654
G1 X86.998 Y35.292 E3306.76752
G1 X87.205 Y35.882 E3306.82991
G1 X87.112 Y36.428 E3306.88517
G1 X86.794 Y36.778 E3306.93236
G1 X86.573 Y36.841 E3306.95529
G1 X86.505 Y36.906 E3306.96467
G1 X86.056 Y37.033 E3307.01123
G1 X85.582 Y36.841 E3307.06226
G1 X85.15 Y36.323 E3307.12956
G1 X85.045 Y36.257 E3307.14194
G1 X84.953 Y36.258 E3307.15112
G1 X84.429 Y36.041 E3307.20771
G1 X83.872 Y35.398 E3307.29259
G1 X83.742 Y35.087 E3307.32623
G1 X83.516 Y34.283 E3307.40956
G1 X83.418 Y34.183 E3307.42353
G1 X83.202 Y34.099 E3307.44665
G1 X82.828 Y33.644 E3307.50542
G1 X82.685 Y33.043 E3307.56707
G1 X82.606 Y32.516 E3307.62024
G1 X82.644 Y32.315 E3307.64065
G1 X82.611 Y32.172 E3307.65529
G1 X82.632 Y32.016 E3307.671
G1 X82.575 Y31.831 E3307.69031
G1 X82.608 Y31.68 E3307.70574
G1 X82.585 Y31.55 E3307.71891
G1 X82.7 Y30.977 E3307.77722
G1 F1500 E3301.27722
G0 F7200 X88.084 Y31.432
G1 F1500 E3307.77722
G1 F3600 X88.239 Y30.895 E3307.83299
G1 X88.588 Y30.526 E3307.88367
G1 X89.05 Y30.397 E3307.93153
G1 X89.734 Y30.595 E3308.00258
G1 X90.12 Y30.951 E3308.05498
G1 X90.169 Y30.973 E3308.06034
G1 X90.986 Y31.786 E3308.17534
G1 X91.195 Y32.291 E3308.22988
G1 X91.094 Y32.761 E3308.27785
G1 X90.733 Y33.08 E3308.32592
G1 X90.193 Y33.174 E3308.38061
G1 X89.178 Y32.818 E3308.48793
G1 X88.96 Y32.591 E3308.51934
G1 X88.604 Y32.433 E3308.5582
G1 X88.231 Y32.015 E3308.6141
G1 X88.084 Y31.432 E3308.67409
G1 F1500 E3302.17409
G0 F7200 X92.484 Y38.334
G1 F1500 E3308.67409
G1 F3600 X92.948 Y38.204 E3308.72217
G1 X93.412 Y38.334 E3308.77025
G1 X93.761 Y38.703 E3308.82093
G1 X93.891 Y39.153 E3308.86767
G1 X93.761 Y39.615 E3308.91556
G1 X93.415 Y39.965 E3308.96467
G1 X92.954 Y40.092 E3309.01238
G1 X92.502 Y39.962 E3309.05931
G1 X92.138 Y39.594 E3309.11095
G1 X92.005 Y39.147 E3309.15749
G1 X92.135 Y38.703 E3309.20365
G1 X92.484 Y38.334 E3309.25433
G1 F1500 E3302.75433
G0 F7200 X92.948 Y79.304
G1 F1500 E3309.25433
G1 F3600 X93.412 Y79.434 E3309.30241
G1 X93.761 Y79.803 E3309.35309
G1 X93.891 Y80.253 E3309.39983
G1 X93.761 Y80.715 E3309.44771
G1 X93.415 Y81.065 E3309.49682
G1 X92.954 Y81.192 E3309.54453
G1 X92.502 Y81.062 E3309.59146
G1 X92.138 Y80.694 E3309.64311
G1 X92.005 Y80.247 E3309.68964
G1 X92.135 Y79.803 E3309.73581
G1 X92.484 Y79.434 E3309.78649
G1 X92.948 Y79.304 E3309.83457
G1 F1500 E3303.33457
G0 F7200 X90.094 Y86.12
G1 F1500 E3309.83457
G1 F3600 X90.456 Y86.461 E3309.88419
G1 X90.566 Y86.909 E3309.93022
G1 X90.363 Y87.425 E3309.98555
G1 X90.169 Y87.602 E3310.01175
G1 X90.062 Y87.883 E3310.04175
G1 X89.629 Y88.231 E3310.09718
G1 X89.39 Y88.311 E3310.12233
G1 X89.215 Y88.505 E3310.1484
G1 X88.754 Y88.649 E3310.19659
G1 X88.311 Y88.503 E3310.24313
G1 X88.159 Y88.362 E3310.26382
G1 X87.974 Y88.355 E3310.28229
G1 X87.848 Y88.435 E3310.29718
G1 X87.686 Y89.228 E3310.37794
G1 X87.114 Y89.944 E3310.46938
G1 X86.602 Y90.136 E3310.52395
G1 X86.184 Y90.005 E3310.56765
G1 X85.809 Y90.086 E3310.60594
G1 X85.696 Y90.073 E3310.61728
G1 X85.529 Y90.131 E3310.63492
G1 X85.08 Y90.027 E3310.68091
G1 X84.739 Y89.637 E3310.7326
G1 X84.642 Y89.112 E3310.78588
G1 X84.841 Y88.531 E3310.84715
G1 X84.896 Y88.46 E3310.85612
G1 X84.915 Y88.315 E3310.87071
G1 X84.683 Y87.655 E3310.94051
G1 X84.776 Y87.137 E3310.99302
G1 X85.093 Y86.766 E3311.04172
G1 X85.201 Y86.715 E3311.05363
G1 X85.378 Y86.49 E3311.0822
G1 X86.033 Y86.264 E3311.15134
G1 X86.417 Y86.395 E3311.19182
G1 X86.689 Y86.34 E3311.21951
G1 X87.172 Y86.523 E3311.27105
G1 X87.602 Y87.079 E3311.34118
G1 X87.744 Y87.108 E3311.35564
G1 X87.87 Y87.046 E3311.36965
G1 X88.407 Y86.478 E3311.44765
G1 X88.875 Y86.288 E3311.49805
G1 X88.951 Y86.221 E3311.50816
G1 X89.548 Y86.026 E3311.57082
G1 X90.094 Y86.12 E3311.6261
G1 F1500 E3305.1261
G0 F7200 X91.357 Y87.111
G1 F1500 E3311.6261
G1 F3600 X91.429 Y87.019 E3311.63776
G1 X91.887 Y86.864 E3311.68601
G1 X92.347 Y87.019 E3311.73444
G1 X92.692 Y87.462 E3311.79047
G1 X92.834 Y88.042 E3311.85005
G1 X92.835 Y88.275 E3311.8733
G1 X92.701 Y88.739 E3311.92149
G1 X92.355 Y89.089 E3311.97059
G1 X91.89 Y89.219 E3312.01877
G1 X91.442 Y89.086 E3312.0654
G1 X91.074 Y88.722 E3312.11705
G1 X90.944 Y88.269 E3312.16407
G1 X90.942 Y88.042 E3312.18672
G1 X91.081 Y87.462 E3312.24624
G1 X91.357 Y87.111 E3312.29079
G1 F1500 E3305.79079
G0 F7200 X85.267 Y85.006
G1 F1500 E3312.29079
G1 F3600 X85.228 Y85.121 E3312.30291
G1 X85.097 Y85.266 E3312.3224
G1 X84.946 Y85.622 E3312.36099
G1 X84.412 Y86.157 E3312.43641
G1 X83.961 Y86.288 E3312.48327
G1 X83.886 Y86.367 E3312.49414
G1 X83.829 Y86.571 E3312.51528
G1 X83.884 Y86.89 E3312.54758
G1 X83.774 Y87.472 E3312.60668
G1 X84.046 Y88.368 E3312.70011
G1 X83.94 Y88.944 E3312.75855
G1 X83.613 Y89.34 E3312.80979
G1 X83.169 Y89.464 E3312.85579
G1 X82.694 Y89.269 E3312.90702
G1 X82.285 Y88.787 E3312.9701
G1 X82.2 Y88.545 E3312.99569
G1 X82.036 Y88.344 E3313.02158
G1 X81.893 Y87.759 E3313.08167
G1 X81.9 Y87.321 E3313.12538
G1 X81.808 Y86.991 E3313.15956
G1 X82.165 Y85.743 E3313.28908
G1 X82.575 Y85.239 E3313.35391
G1 X83.003 Y85.066 E3313.39997
G1 X83.094 Y84.992 E3313.41167
G1 X83.279 Y84.573 E3313.45738
G1 X84.01 Y83.753 E3313.56699
G1 X84.543 Y83.544 E3313.62411
G1 X85.021 Y83.639 E3313.67274
G1 X85.34 Y84.013 E3313.72179
G1 X85.433 Y84.528 E3313.77401
G1 X85.267 Y85.006 E3313.8245
G1 F1500 E3307.3245
G0 F7200 X84.703 Y112.808
G1 F1500 E3313.8245
G1 F3600 X85.155 Y112.949 E3313.87174
G1 X85.218 Y113.02 E3313.88121
G1 X85.434 Y113.09 E3313.90387
G1 X85.752 Y113.483 E3313.95431
G1 X85.854 Y114.026 E3314.00944
G1 X85.729 Y114.42 E3314.05068
G1 X85.756 Y114.551 E3314.06403
G1 X85.873 Y114.641 E3314.07876
G1 X86.24 Y114.744 E3314.11679
G1 X86.317 Y114.822 E3314.12773
G1 X86.529 Y114.876 E3314.14956
G1 X86.957 Y115.375 E3314.21516
G1 X87.061 Y115.91 E3314.26954
G1 X86.851 Y116.473 E3314.32949
G1 X86.752 Y116.598 E3314.3454
G1 X86.555 Y117.289 E3314.4171
G1 X86.557 Y117.406 E3314.42878
G1 X86.806 Y117.705 E3314.4676
G1 X86.901 Y118.206 E3314.51848
G1 X86.808 Y118.461 E3314.54557
G1 X86.811 Y118.557 E3314.55515
G1 X86.958 Y118.773 E3314.58122
G1 X87.157 Y119.338 E3314.64099
G1 X87.064 Y119.88 E3314.69586
G1 X86.748 Y120.228 E3314.74276
G1 X86.537 Y120.272 E3314.76427
G1 X86.431 Y120.361 E3314.77808
G1 X85.984 Y120.488 E3314.82445
G1 X85.514 Y120.297 E3314.87507
G1 X85.105 Y119.812 E3314.93837
G1 X85.029 Y119.701 E3314.9518
G1 X84.513 Y119.493 E3315.00731
G1 X84.107 Y119.012 E3315.07012
G1 X83.695 Y117.74 E3315.20353
G1 X83.616 Y117.666 E3315.21433
G1 X83.233 Y117.523 E3315.25512
G1 X82.86 Y117.064 E3315.31414
G1 X82.713 Y116.468 E3315.37539
G1 X82.637 Y115.967 E3315.42595
G1 X82.668 Y115.803 E3315.4426
G1 X82.628 Y115.618 E3315.46149
G1 X82.67 Y115.413 E3315.48237
G1 X82.615 Y115.233 E3315.50115
G1 X82.633 Y114.963 E3315.52815
G1 X82.747 Y114.39 E3315.58644
G1 X82.852 Y114.236 E3315.60504
G1 X82.901 Y114.028 E3315.62636
G1 X83.048 Y113.829 E3315.65105
G1 X83.092 Y113.679 E3315.66665
G1 X83.46 Y113.204 E3315.7266
G1 X83.933 Y113.024 E3315.7771
G1 X84.134 Y113.052 E3315.79735
G1 X84.233 Y112.984 E3315.80934
G1 X84.703 Y112.808 E3315.85941
G1 F1500 E3309.35941
G0 F7200 X88.247 Y114.311
G1 F1500 E3315.85941
G1 F3600 X88.593 Y113.942 E3315.90989
G1 X89.059 Y113.809 E3315.95824
G1 X89.711 Y113.996 E3316.02592
G1 X90.115 Y114.365 E3316.08052
G1 X90.186 Y114.393 E3316.08813
G1 X90.978 Y115.166 E3316.19856
G1 X91.199 Y115.712 E3316.25733
G1 X91.101 Y116.187 E3316.30573
G1 X90.749 Y116.504 E3316.35299
G1 X90.202 Y116.598 E3316.40837
G1 X89.196 Y116.243 E3316.51482
G1 X88.978 Y116.016 E3316.54622
G1 X88.612 Y115.853 E3316.5862
G1 X88.239 Y115.431 E3316.6424
G1 X88.102 Y114.888 E3316.69827
G1 X88.247 Y114.311 E3316.75764
G1 F1500 E3310.25764
G0 F7200 X92.484 Y121.754
G1 F1500 E3316.75764
G1 F3600 X92.948 Y121.624 E3316.80572
G1 X93.412 Y121.754 E3316.8538
G1 X93.761 Y122.123 E3316.90448
G1 X93.892 Y122.577 E3316.95163
G1 X93.761 Y123.039 E3316.99954
G1 X93.415 Y123.385 E3317.04837
G1 X92.954 Y123.515 E3317.09616
G1 X92.502 Y123.382 E3317.14317
G1 X92.138 Y123.018 E3317.19454
G1 X92.005 Y122.571 E3317.24107
G1 X92.135 Y122.123 E3317.28762
G1 X92.484 Y121.754 E3317.3383
G1 F1500 E3310.8383
G0 F7200 X92.948 Y162.724
G1 F1500 E3317.3383
G1 F3600 X93.412 Y162.854 E3317.38638
G1 X93.761 Y163.223 E3317.43705
G1 X93.892 Y163.677 E3317.4842
G1 X93.761 Y164.139 E3317.53212
G1 X93.415 Y164.485 E3317.58094
G1 X92.954 Y164.615 E3317.62874
G1 X92.502 Y164.482 E3317.67575
G1 X92.138 Y164.118 E3317.72711
G1 X92.005 Y163.671 E3317.77365
G1 X92.135 Y163.223 E3317.82019
G1 X92.484 Y162.854 E3317.87087
G1 X92.948 Y162.724 E3317.91895
G1 F1500 E3311.41895
G0 F7200 X90.994 Y169.679
G1 F1500 E3317.91895
G1 F3600 X91.335 Y170.03 E3317.96778
G1 X91.432 Y170.502 E3318.01586
G1 X91.217 Y171.05 E3318.0746
G1 X90.634 Y171.615 E3318.15561
G1 X90.526 Y171.647 E3318.16685
G1 X90.154 Y171.942 E3318.21422
G1 X89.559 Y172.104 E3318.27575
G1 X89.058 Y172.255 E3318.32796
G1 X88.606 Y172.122 E3318.37497
G1 X88.242 Y171.758 E3318.42634
G1 X88.109 Y171.307 E3318.47326
G1 X88.239 Y170.858 E3318.5199
G1 X88.325 Y170.764 E3318.53261
G1 X88.39 Y170.601 E3318.55012
G1 X88.8 Y170.124 E3318.61288
G1 X89.117 Y169.991 E3318.64718
G1 X89.196 Y169.919 E3318.65785
G1 X89.775 Y169.714 E3318.71913
G1 X90.017 Y169.748 E3318.74352
G1 X90.475 Y169.59 E3318.79186
G1 X90.994 Y169.679 E3318.8444
G1 F1500 E3312.3444
G0 F7200 X86.802 Y170.321
G1 F1500 E3318.8444
G1 F3600 X86.595 Y170.834 E3318.8996
G1 X86.238 Y171.168 E3318.94838
G1 X86.217 Y171.316 E3318.9633
G1 X86.535 Y171.69 E3319.01228
G1 X86.97 Y172.111 E3319.07268
G1 X87.175 Y172.619 E3319.12734
G1 X87.073 Y173.094 E3319.17582
G1 X86.716 Y173.413 E3319.22359
G1 X85.725 Y173.593 E3319.32409
G1 X84.949 Y173.333 E3319.40575
G1 X84.876 Y173.263 E3319.41584
G1 X84.761 Y173.232 E3319.42773
G1 X84.649 Y173.27 E3319.43953
G1 X84.206 Y173.74 E3319.50397
G1 X83.724 Y173.832 E3319.55294
G1 X83.2 Y173.626 E3319.60912
G1 X82.876 Y173.284 E3319.65612
G1 X82.786 Y173.243 E3319.66599
G1 X82.46 Y172.877 E3319.7149
G1 X82.311 Y172.81 E3319.7312
G1 X81.904 Y172.334 E3319.79369
G1 X81.744 Y171.807 E3319.84864
G1 X81.712 Y171.758 E3319.85448
G1 X81.488 Y170.987 E3319.93459
G1 X81.66 Y170.324 E3320.00294
G1 X81.759 Y170.185 E3320.01997
G1 X81.881 Y169.767 E3320.06341
G1 X82.047 Y169.555 E3320.09028
G1 X82.187 Y169.142 E3320.13379
G1 X82.575 Y168.659 E3320.19561
G1 X83.072 Y168.463 E3320.24892
G1 X83.426 Y168.558 E3320.28549
G1 X83.548 Y168.541 E3320.29778
G1 X83.651 Y168.423 E3320.31341
G1 X83.741 Y168.118 E3320.34514
G1 X84.119 Y167.64 E3320.40595
G1 X84.245 Y167.589 E3320.41951
G1 X84.443 Y167.367 E3320.44919
G1 X84.96 Y167.162 E3320.50469
G1 X85.424 Y167.272 E3320.55227
G1 X85.744 Y167.659 E3320.60237
G1 X85.842 Y168.193 E3320.65655
G1 X85.618 Y168.878 E3320.72846
G1 X85.627 Y168.98 E3320.73867
G1 X85.958 Y169.417 E3320.79337
G1 X86.322 Y169.527 E3320.83132
G1 X86.692 Y169.874 E3320.88193
G1 X86.802 Y170.321 E3320.92786
G1 F1500 E3314.42786
G0 F7200 X203.105 Y163.671
G1 F1500 E3320.92786
G1 F3600 X203.235 Y163.223 E3320.97441
G1 X203.584 Y162.854 E3321.02509
G1 X204.048 Y162.724 E3321.07317
G1 X204.512 Y162.854 E3321.12125
G1 X204.861 Y163.223 E3321.17193
G1 X204.992 Y163.677 E3321.21908
G1 X204.861 Y164.139 E3321.26699
G1 X204.515 Y164.485 E3321.31582
G1 X204.054 Y164.615 E3321.36361
G1 X203.602 Y164.482 E3321.41062
G1 X203.238 Y164.118 E3321.46199
G1 X203.105 Y163.671 E3321.50852
G1 F1500 E3315.00852
G0 F7200 X205.713 Y170.273
G1 F1500 E3321.50852
G1 F3600 X206.276 Y170.124 E3321.56663
G1 X206.462 Y169.928 E3321.59359
G1 X207.019 Y169.715 E3321.6531
G1 X207.508 Y169.808 E3321.70276
G1 X207.833 Y170.169 E3321.75123
G1 X207.929 Y170.67 E3321.80213
G1 X207.719 Y171.243 E3321.86302
G1 X207.57 Y171.408 E3321.88521
G1 X207.551 Y171.54 E3321.89851
G1 X207.637 Y171.772 E3321.9232
G1 X207.546 Y172.274 E3321.97411
G1 X207.207 Y172.613 E3322.02194
G1 X206.705 Y172.701 E3322.0728
G1 X206.164 Y172.492 E3322.13067
G1 X205.489 Y171.821 E3322.22563
G1 X205.283 Y171.162 E3322.29453
G1 X205.393 Y170.651 E3322.34668
G1 X205.713 Y170.273 E3322.3961
G1 F1500 E3315.8961
G0 F7200 X209.449 Y170.975
G1 F1500 E3322.3961
G1 F3600 X209.488 Y170.765 E3322.41741
G1 X209.572 Y170.653 E3322.43138
G1 X209.634 Y170.411 E3322.45631
G1 X210.071 Y169.846 E3322.52758
G1 X210.522 Y169.688 E3322.57526
G1 X210.963 Y169.815 E3322.62105
G1 X211.202 Y169.725 E3322.64654
G1 X211.693 Y169.876 E3322.69779
G1 X211.812 Y169.876 E3322.70967
G1 X211.927 Y169.783 E3322.72442
G1 X211.957 Y169.7 E3322.73323
G1 X212.347 Y169.219 E3322.79502
G1 X212.845 Y169.019 E3322.84857
G1 X213.295 Y169.14 E3322.89506
G1 X213.619 Y169.557 E3322.94775
G1 X213.672 Y169.793 E3322.97189
G1 X213.74 Y169.88 E3322.98291
G1 X213.907 Y170.786 E3323.07483
G1 X213.828 Y171.165 E3323.11346
G1 X213.864 Y171.371 E3323.13433
G1 X213.717 Y172.173 E3323.21568
G1 X213.648 Y172.26 E3323.22676
G1 X213.612 Y172.4 E3323.24119
G1 X213.282 Y172.795 E3323.29254
G1 X212.837 Y172.917 E3323.33859
G1 X212.519 Y172.791 E3323.37272
G1 X212.397 Y172.806 E3323.38498
G1 X212.306 Y172.888 E3323.3972
G1 X212.26 Y173.086 E3323.41749
G1 X211.94 Y173.45 E3323.46585
G1 X211.467 Y173.555 E3323.51419
G1 X211.351 Y173.511 E3323.52657
G1 X211.234 Y173.521 E3323.53829
G1 X211.069 Y173.464 E3323.55571
G1 X210.969 Y173.48 E3323.56581
G1 X210.571 Y173.344 E3323.60778
G1 X210.488 Y173.357 E3323.61616
G1 X209.995 Y173.183 E3323.66833
G1 X209.427 Y172.518 E3323.75559
G1 X209.327 Y172.008 E3323.80745
G1 X209.463 Y171.61 E3323.84941
G1 X209.386 Y171.307 E3323.88061
G1 X209.449 Y170.975 E3323.91433
G1 F1500 E3317.41433
G0 F7200 X204.054 Y123.515
G1 F1500 E3323.91433
G1 F3600 X203.602 Y123.382 E3323.96134
G1 X203.238 Y123.018 E3324.0127
G1 X203.105 Y122.571 E3324.05924
G1 X203.235 Y122.123 E3324.10578
G1 X203.584 Y121.754 E3324.15646
G1 X204.048 Y121.624 E3324.20454
G1 X204.512 Y121.754 E3324.25262
G1 X204.861 Y122.123 E3324.3033
G1 X204.992 Y122.577 E3324.35045
G1 X204.861 Y123.039 E3324.39837
G1 X204.515 Y123.385 E3324.44719
G1 X204.054 Y123.515 E3324.49498
G1 F1500 E3317.99498
G0 F7200 X210.038 Y120.474
G1 F1500 E3324.49498
G1 F3600 X209.948 Y119.995 E3324.54361
G1 X210.157 Y119.453 E3324.60158
G1 X210.391 Y119.168 E3324.63837
G1 X210.373 Y119.022 E3324.65305
G1 X210.483 Y118.559 E3324.70053
G1 X210.824 Y118.202 E3324.74979
G1 X211.099 Y118.135 E3324.77804
G1 X211.206 Y118.016 E3324.794
G1 X211.209 Y117.904 E3324.80518
G1 X211.399 Y117.223 E3324.87573
G1 X211.271 Y117.012 E3324.90035
G1 X210.946 Y115.739 E3325.03145
G1 X211.067 Y115.142 E3325.09223
G1 X211.396 Y114.713 E3325.14617
G1 X211.847 Y114.576 E3325.1932
G1 X212.104 Y114.668 E3325.22044
G1 X212.241 Y114.628 E3325.23468
G1 X212.352 Y114.372 E3325.26252
G1 X212.735 Y113.899 E3325.32325
G1 X213.223 Y113.704 E3325.37569
G1 X213.669 Y113.831 E3325.42196
G1 X214.001 Y114.261 E3325.47617
G1 X214.17 Y115.102 E3325.56176
G1 X213.941 Y115.868 E3325.64153
G1 X213.979 Y116.014 E3325.65659
G1 X213.872 Y116.598 E3325.71583
G1 X213.784 Y116.805 E3325.73827
G1 X213.453 Y117.216 E3325.79093
G1 X213.258 Y117.339 E3325.81393
G1 X213.056 Y118.07 E3325.8896
G1 X213.062 Y118.12 E3325.89463
G1 X212.898 Y118.737 E3325.95833
G1 X212.481 Y119.235 E3326.02314
G1 X212.34 Y119.689 E3326.07058
G1 X212.209 Y119.943 E3326.09909
G1 X211.437 Y120.712 E3326.20782
G1 X210.876 Y120.924 E3326.26766
G1 X210.398 Y120.834 E3326.31619
G1 X210.038 Y120.474 E3326.36699
G1 F1500 E3319.86699
G0 F7200 X209.58 Y116.941
G1 F1500 E3326.36699
G1 F3600 X209.045 Y116.733 E3326.42427
G1 X208.698 Y116.389 E3326.47302
G1 X208.588 Y116.347 E3326.48477
G1 X208.172 Y116.069 E3326.5347
G1 X207.843 Y116.119 E3326.5679
G1 X207.046 Y116.409 E3326.65253
G1 X206.544 Y116.318 E3326.70343
G1 X206.065 Y115.856 E3326.76984
G1 X205.946 Y115.365 E3326.82025
G1 X206.153 Y114.865 E3326.87424
G1 X206.617 Y114.429 E3326.93777
G1 X206.959 Y114.262 E3326.97575
G1 X207.185 Y114.072 E3327.00521
G1 X207.797 Y113.896 E3327.06875
G1 X208.264 Y114.03 E3327.11723
G1 X208.409 Y114.179 E3327.13797
G1 X208.573 Y114.216 E3327.15475
G1 X208.807 Y114.146 E3327.17912
G1 X209.333 Y114.308 E3327.23404
G1 X209.755 Y114.76 E3327.29574
G1 X209.807 Y114.948 E3327.3152
G1 X210.299 Y115.465 E3327.38641
G1 X210.505 Y116.008 E3327.44436
G1 X210.414 Y116.511 E3327.49537
G1 X210.078 Y116.85 E3327.54299
G1 X209.58 Y116.941 E3327.59351
G1 F1500 E3321.09351
G0 F7200 X211.702 Y90.116
G1 F1500 E3327.59351
G1 F3600 X211.267 Y89.979 E3327.63901
G1 X211.124 Y89.811 E3327.66103
G1 X210.986 Y89.772 E3327.67533
G1 X210.492 Y89.943 E3327.7275
G1 X210.012 Y89.77 E3327.77841
G1 X209.431 Y89.101 E3327.86682
G1 X209.332 Y88.593 E3327.91846
G1 X209.471 Y88.198 E3327.96024
G1 X209.386 Y87.881 E3327.99299
G1 X209.484 Y87.346 E3328.04726
G1 X209.609 Y87.178 E3328.06816
G1 X209.654 Y86.991 E3328.08735
G1 X210.087 Y86.426 E3328.15837
G1 X210.538 Y86.268 E3328.20606
G1 X211.004 Y86.423 E3328.25506
G1 X211.139 Y86.509 E3328.27103
G1 X211.744 Y86.32 E3328.33428
G1 X211.935 Y86.294 E3328.35351
G1 X212.342 Y85.792 E3328.41799
G1 X212.84 Y85.595 E3328.47143
G1 X213.291 Y85.716 E3328.51802
G1 X213.612 Y86.13 E3328.57029
G1 X213.668 Y86.368 E3328.59469
G1 X213.737 Y86.454 E3328.60569
G1 X213.903 Y87.385 E3328.70005
G1 X213.829 Y87.745 E3328.73673
G1 X213.868 Y87.953 E3328.75784
G1 X213.721 Y88.749 E3328.83861
G1 X213.64 Y88.862 E3328.85248
G1 X213.616 Y88.976 E3328.86411
G1 X213.287 Y89.371 E3328.9154
G1 X212.793 Y89.507 E3328.96653
G1 X212.602 Y89.718 E3328.99492
G1 X212.447 Y89.77 E3329.01124
G1 X212.359 Y89.869 E3329.02445
G1 X211.702 Y90.116 E3329.09449
G1 F1500 E3322.59449
G0 F7200 X207.55 Y88.854
G1 F1500 E3329.09449
G1 F3600 X207.211 Y89.193 E3329.14233
G1 X206.709 Y89.281 E3329.19318
G1 X206.168 Y89.072 E3329.25105
G1 X205.489 Y88.397 E3329.34658
G1 X205.283 Y87.742 E3329.41509
G1 X205.393 Y87.231 E3329.46725
G1 X205.713 Y86.853 E3329.51667
G1 X206.276 Y86.704 E3329.57478
G1 X206.462 Y86.508 E3329.60174
G1 X207.019 Y86.295 E3329.66124
G1 X207.509 Y86.389 E3329.71103
G1 X207.834 Y86.745 E3329.75912
G1 X207.929 Y87.247 E3329.8101
G1 X207.719 Y87.821 E3329.87109
G1 X207.553 Y88.027 E3329.89749
G1 X207.641 Y88.356 E3329.93147
G1 X207.55 Y88.854 E3329.98198
G1 F1500 E3323.48198
G0 F7200 X204.515 Y81.065
G1 F1500 E3329.98198
G1 F3600 X204.054 Y81.192 E3330.02969
G1 X203.602 Y81.062 E3330.07662
G1 X203.238 Y80.694 E3330.12827
G1 X203.105 Y80.247 E3330.17481
G1 X203.235 Y79.803 E3330.22097
G1 X203.584 Y79.434 E3330.27165
G1 X204.048 Y79.304 E3330.31973
G1 X204.512 Y79.434 E3330.36781
G1 X204.861 Y79.803 E3330.41849
G1 X204.991 Y80.253 E3330.46522
G1 X204.861 Y80.715 E3330.51311
G1 X204.515 Y81.065 E3330.56222
G1 F1500 E3324.06222
G0 F7200 X204.054 Y40.092
G1 F1500 E3330.56222
G1 F3600 X203.602 Y39.962 E3330.60915
G1 X203.238 Y39.594 E3330.6608
G1 X203.105 Y39.147 E3330.70733
G1 X203.235 Y38.703 E3330.75349
G1 X203.584 Y38.334 E3330.80417
G1 X204.048 Y38.204 E3330.85225
G1 X204.512 Y38.334 E3330.90033
G1 X204.861 Y38.703 E3330.95101
G1 X204.991 Y39.153 E3330.99775
G1 X204.861 Y39.615 E3331.04564
G1 X204.515 Y39.965 E3331.09474
G1 X204.054 Y40.092 E3331.14246
G1 F1500 E3324.64246
G0 F7200 X210.037 Y37.053
G1 F1500 E3331.14246
G1 F3600 X209.947 Y36.575 E3331.19099
G1 X210.156 Y36.034 E3331.24886
G1 X210.376 Y35.799 E3331.28098
G1 X210.484 Y35.137 E3331.34791
G1 X210.825 Y34.781 E3331.3971
G1 X211.255 Y34.696 E3331.44083
G1 X211.354 Y34.615 E3331.4536
G1 X211.523 Y34.189 E3331.49932
G1 X211.798 Y33.257 E3331.59628
G1 X211.534 Y32.824 E3331.64689
G1 X211.391 Y32.654 E3331.66905
G1 X211.191 Y32.095 E3331.72829
G1 X211.287 Y31.574 E3331.78115
G1 X211.607 Y31.203 E3331.83004
G1 X212.286 Y31.08 E3331.89889
G1 X212.767 Y30.483 E3331.97539
G1 X213.255 Y30.291 E3332.02772
G1 X213.698 Y30.415 E3332.07362
G1 X214.028 Y30.845 E3332.1277
G1 X214.196 Y31.682 E3332.21288
G1 X213.965 Y32.443 E3332.29224
G1 X214.003 Y32.59 E3332.30739
G1 X213.896 Y33.165 E3332.36575
G1 X213.623 Y33.505 E3332.40925
G1 X213.453 Y34.113 E3332.47225
G1 X213.453 Y34.151 E3332.47604
G1 X213.294 Y34.756 E3332.53846
G1 X213.214 Y34.851 E3332.55085
G1 X213.055 Y35.286 E3332.59706
G1 X212.664 Y35.745 E3332.65723
G1 X212.57 Y35.813 E3332.6688
G1 X212.398 Y36.353 E3332.72535
G1 X212.305 Y36.517 E3332.74416
G1 X211.896 Y36.962 E3332.80447
G1 X211.722 Y37.029 E3332.82307
G1 X211.441 Y37.292 E3332.86148
G1 X210.878 Y37.504 E3332.9215
G1 X210.398 Y37.411 E3332.97029
G1 X210.037 Y37.053 E3333.02102
G1 F1500 E3326.52102
G0 F7200 X209.58 Y33.52
G1 F1500 E3333.02102
G1 F3600 X209.045 Y33.313 E3333.07826
G1 X208.697 Y32.969 E3333.12708
G1 X208.162 Y32.648 E3333.18934
G1 X207.758 Y32.705 E3333.23005
G1 X207.64 Y32.769 E3333.24344
G1 X207.046 Y32.989 E3333.30665
G1 X206.544 Y32.894 E3333.35763
G1 X206.065 Y32.436 E3333.42375
G1 X205.946 Y31.945 E3333.47416
G1 X206.153 Y31.445 E3333.52816
G1 X206.617 Y31.009 E3333.59169
G1 X206.763 Y30.959 E3333.60709
G1 X206.861 Y30.87 E3333.6203
G1 X206.959 Y30.842 E3333.63047
G1 X207.186 Y30.648 E3333.66026
G1 X207.797 Y30.476 E3333.7236
G1 X208.261 Y30.606 E3333.77168
G1 X208.421 Y30.769 E3333.79447
G1 X208.577 Y30.8 E3333.81034
G1 X208.809 Y30.727 E3333.83461
G1 X209.334 Y30.891 E3333.88949
G1 X209.754 Y31.339 E3333.95076
G1 X209.802 Y31.522 E3333.96964
G1 X210.299 Y32.045 E3334.04163
G1 X210.505 Y32.584 E3334.09921
G1 X210.414 Y33.091 E3334.1506
G1 X210.078 Y33.426 E3334.19795
G1 X209.58 Y33.52 E3334.24851
G1 F1500 E3327.74851
;MESH:manette_front-Body_(Meshed).stl(1)
G0 F7200 X208.076 Y35.125
G0 X207.197 Y35.791
G0 X207.197 Y36.003
;TYPE:WALL-INNER
G1 F1500 E3334.24851
G1 F3730.6 X207.5 Y36.7 E3334.32169
G1 X207.514 Y35.686 E3334.41934
G1 X206.5 Y35.7 E3334.51699
G1 X207.197 Y36.003 E3334.59017
G0 F7200 X207.5 Y36.7
G1 F3600 X207.5 Y82.7 E3339.18006
G1 F3538.1 X207.493 Y82.874 E3339.19774
G0 F7200 X207.197 Y83.397
G1 F3654.8 X206.674 Y83.693 E3339.25681
G1 X207.514 Y83.714 E3339.33939
G1 F3664.1 X207.493 Y82.874 E3339.42177
G1 X207.197 Y83.397 E3339.48068
G0 F7200 X206.924 Y83.124
G1 F3600 X206.589 Y83.3 E3339.51844
G1 X90.5 Y83.3 E3351.10185
G1 X90.075 Y83.125 E3351.14771
G1 X89.9 Y82.789 E3351.18551
G1 X89.9 Y36.7 E3355.78429
G1 X90.075 Y36.275 E3355.83015
G1 X90.411 Y36.1 E3355.86795
G1 X206.5 Y36.1 E3367.45136
G1 X206.924 Y36.276 E3367.49716
G1 X207.1 Y36.7 E3367.54297
G1 X207.1 Y82.789 E3372.14175
G1 X206.924 Y83.124 E3372.17951
G0 F7200 X206.674 Y83.693
G1 F3529.4 X206.5 Y83.7 E3372.19723
G1 F3600 X90.5 Y83.7 E3383.77176
G0 F7200 X89.803 Y83.397
G1 F3654.8 X89.507 Y82.874 E3383.83082
G1 X89.486 Y83.714 E3383.91341
G1 F3730.6 X90.5 Y83.7 E3384.01105
G1 X89.803 Y83.397 E3384.08423
G0 F7200 X89.507 Y82.874
G1 F3529.4 X89.5 Y82.7 E3384.10196
G1 F3600 X89.5 Y36.7 E3388.69185
G0 F7200 X89.803 Y36.003
G1 F3654.8 X90.326 Y35.707 E3388.75092
G1 X89.486 Y35.686 E3388.8335
G1 F3730.6 X89.5 Y36.7 E3388.93115
G1 X89.803 Y36.003 E3389.00433
G0 F7200 X90.326 Y35.707
G1 F3529.4 X90.5 Y35.7 E3389.02205
G1 F3600 X206.5 Y35.7 E3400.59658
G0 F7200 X207.338 Y35.863
G0 X207.62 Y83.821
G0 X207.9 Y84.1
G1 F3600 X207.9 Y35.3 E3405.46586
G1 X89.101 Y35.301 E3417.31967
G1 X89.101 Y84.099 E3422.18876
G1 X207.9 Y84.1 E3434.04257
G0 F7200 X208.3 Y84.5
;TYPE:WALL-OUTER
G1 F1800 X208.3 Y34.9 E3438.99168
G1 X88.701 Y34.901 E3450.92532
G1 X88.701 Y84.499 E3455.87422
G1 X208.3 Y84.5 E3467.80786
G0 F7200 X208.3 Y84.3
G0 X207.62 Y83.821
G0 X207.41 Y82.735
G0 X206.698 Y82.735
G1 F1800 X206.642 Y82.842 E3467.81991
G1 X206.535 Y82.898 E3467.83196
G1 X90.5 Y82.9 E3479.40998
G1 X90.358 Y82.842 E3479.42529
G1 X90.302 Y82.735 E3479.43734
G1 X90.3 Y36.7 E3484.03073
G1 X90.358 Y36.558 E3484.04603
G1 X90.465 Y36.502 E3484.05808
G1 X206.5 Y36.5 E3495.6361
G1 X206.642 Y36.558 E3495.65141
G1 X206.7 Y36.7 E3495.66671
G1 X206.698 Y82.735 E3500.2601
G0 F7200 X206.642 Y82.842
G0 X206.573 Y82.878
G1 F1500 E3493.7601
;MESH:manette_front-Body_(Meshed).stl
G0 F7200 X206.573 Y83.611
G0 X206.5 Y85.366
G0 X206.5 Y117.458
G0 X206.5 Y118.553
G0 X206.5 Y119.12
;TYPE:WALL-INNER
G1 F1500 E3500.2601
G1 F3600 X90.5 Y119.12 E3511.83463
G1 F3529.4 X90.326 Y119.127 E3511.85235
G0 F7200 X89.803 Y119.423
G1 F3654.8 X90.326 Y119.127 E3511.91142
G1 X89.486 Y119.106 E3511.994
G1 F3730.6 X89.5 Y120.12 E3512.09165
G1 X89.803 Y119.423 E3512.16483
G0 F7200 X89.5 Y120.12
G1 F3600 X89.5 Y166.12 E3516.75473
G1 F3529.4 X89.507 Y166.294 E3516.77245
G0 F7200 X89.803 Y166.817
G1 F3654.8 X89.507 Y166.294 E3516.83151
G1 X89.486 Y167.134 E3516.9141
G1 F3730.6 X90.5 Y167.12 E3517.01174
G1 X89.803 Y166.817 E3517.08492
G0 F7200 X90.5 Y167.12
G1 F3600 X206.5 Y167.12 E3528.65945
G1 F3529.4 X206.674 Y167.113 E3528.67717
G0 F7200 X207.197 Y166.817
G1 F3654.8 X206.674 Y167.113 E3528.73624
G1 X207.514 Y167.134 E3528.81882
G1 F3664.1 X207.493 Y166.294 E3528.9012
G1 X207.197 Y166.817 E3528.96011
G0 F7200 X206.924 Y166.544
G1 F3600 X206.589 Y166.72 E3528.99787
G1 X90.5 Y166.72 E3540.58128
G1 X90.075 Y166.545 E3540.62714
G1 X89.9 Y166.209 E3540.66494
G1 X89.9 Y120.12 E3545.26372
G1 X90.075 Y119.695 E3545.30958
G1 X90.411 Y119.52 E3545.34738
G1 X206.5 Y119.52 E3556.93079
G1 X206.924 Y119.696 E3556.97659
G1 X207.1 Y120.12 E3557.0224
G1 X207.1 Y166.209 E3561.62118
G1 X206.924 Y166.544 E3561.65894
G0 F7200 X207.493 Y166.294
G1 F3538.1 X207.5 Y166.12 E3561.67662
G1 F3600 X207.5 Y120.12 E3566.26652
G0 F7200 X207.197 Y119.423
G1 F3730.6 X207.5 Y120.12 E3566.3397
G1 X207.514 Y119.106 E3566.43734
G1 X206.5 Y119.12 E3566.53499
G1 X207.197 Y119.423 E3566.60817
G0 F7200 X207.197 Y119.213
G0 X207.62 Y167.243
G0 X207.9 Y167.52
G1 F3600 X207.9 Y118.72 E3571.47745
G1 X89.101 Y118.721 E3583.33126
G1 X89.101 Y167.519 E3588.20035
G1 X207.9 Y167.52 E3600.05416
G0 F7200 X208.3 Y167.92
;TYPE:WALL-OUTER
G1 F1800 X208.3 Y118.32 E3605.00327
G1 X88.701 Y118.321 E3616.93691
G1 X88.701 Y167.919 E3621.88581
G1 X208.3 Y167.92 E3633.81945
G0 F7200 X208.3 Y167.72
G0 X207.62 Y167.243
G0 X207.41 Y166.155
G0 X206.698 Y166.155
G1 F1800 X206.642 Y166.262 E3633.8315
G1 X206.535 Y166.318 E3633.84355
G1 X90.5 Y166.32 E3645.42157
G1 X90.358 Y166.262 E3645.43688
G1 X90.302 Y166.155 E3645.44893
G1 X90.3 Y120.12 E3650.04232
G1 X90.358 Y119.978 E3650.05762
G1 X90.465 Y119.922 E3650.06967
G1 X206.5 Y119.92 E3661.64769
G1 X206.642 Y119.978 E3661.663
G1 X206.7 Y120.12 E3661.6783
G1 X206.698 Y166.155 E3666.27169
G0 F7200 X206.642 Y166.262
G0 X206.573 Y166.298
G1 F1500 E3659.77169
;MESH:NONMESH
G0 F600 X206.573 Y166.298 Z5
G0 F7200 X206.573 Y167.033
G0 X206.938 Y119.685
G0 X88.924 Y118.547
G0 X88.924 Y117.458
G0 X82.517 Y30.986
;TIME_ELAPSED:5016.204407
;LAYER:8
;TYPE:SUPPORT
G1 F1500 E3666.27169
G1 F3600 X82.629 Y30.83 E3666.29086
G1 X82.692 Y30.519 E3666.32252
G1 X83.282 Y29.72 E3666.42162
G1 X83.659 Y29.582 E3666.46168
G1 X83.845 Y29.616 E3666.48055
G1 X83.952 Y29.551 E3666.49304
G1 X84.094 Y29.353 E3666.51735
G1 X84.36 Y29.244 E3666.54603
G1 X84.421 Y29.17 E3666.5556
G1 X84.831 Y29.004 E3666.59974
G1 X85.207 Y29.113 E3666.6388
G1 X85.28 Y29.208 E3666.65076
G1 X85.624 Y29.316 E3666.68673
G1 X85.895 Y29.646 E3666.72934
G1 X85.97 Y30.104 E3666.77565
G1 X85.792 Y30.646 E3666.83257
G1 X85.844 Y30.783 E3666.84719
G1 X85.909 Y30.835 E3666.8555
G1 X86.422 Y30.96 E3666.90818
G1 X86.515 Y31.05 E3666.9211
G1 X86.716 Y31.101 E3666.94179
G1 X87.308 Y31.771 E3667.031
G1 X87.391 Y32.162 E3667.07088
G1 X87.368 Y32.268 E3667.0817
G1 X87.411 Y32.473 E3667.1026
G1 X86.997 Y33.45 E3667.20848
G1 X86.972 Y33.815 E3667.24499
G1 X87.102 Y33.98 E3667.26595
G1 X87.176 Y34.383 E3667.30683
G1 X86.977 Y34.875 E3667.35979
G1 X86.921 Y34.934 E3667.3679
G1 X86.885 Y35.079 E3667.38281
G1 X86.972 Y35.226 E3667.39985
G1 X87.169 Y35.711 E3667.45209
G1 X87.16 Y35.801 E3667.46111
G1 X87.342 Y36.332 E3667.51712
G1 X87.27 Y36.816 E3667.56595
G1 X87.002 Y37.121 E3667.60646
G1 X86.697 Y37.208 E3667.63811
G1 X86.626 Y37.295 E3667.64931
G1 X86.237 Y37.393 E3667.68934
G1 X85.831 Y37.218 E3667.73345
G1 X85.467 Y36.789 E3667.78959
G1 X85.4 Y36.648 E3667.80517
G1 X85.285 Y36.593 E3667.81789
G1 X85.192 Y36.602 E3667.82721
G1 X84.737 Y36.406 E3667.87664
G1 X84.201 Y35.793 E3667.95789
G1 X84.13 Y35.605 E3667.97794
G1 X84.05 Y35.515 E3667.98996
G1 X83.817 Y34.762 E3668.06861
G1 X83.286 Y34.524 E3668.12667
G1 X82.965 Y34.115 E3668.17855
G1 X82.832 Y33.547 E3668.23676
G1 X82.759 Y33.189 E3668.27321
G1 X82.685 Y33.09 E3668.28555
G1 X82.601 Y32.6 E3668.33515
G1 X82.629 Y32.475 E3668.34793
G1 X82.604 Y32.306 E3668.36498
G1 X82.652 Y32.002 E3668.39569
G1 X82.443 Y31.436 E3668.45589
G1 X82.517 Y30.986 E3668.5014
G1 F1500 E3662.0014
G0 F7200 X88.241 Y31.372
G1 F1500 E3668.5014
G1 F3600 X88.359 Y30.962 E3668.54397
G1 X88.656 Y30.647 E3668.58717
G1 X89.046 Y30.54 E3668.62752
G1 X90.014 Y30.821 E3668.72809
G1 X90.499 Y31.251 E3668.79277
G1 X90.571 Y31.427 E3668.81174
G1 X91.307 Y32.14 E3668.91399
G1 X91.496 Y32.586 E3668.96232
G1 X91.416 Y33 E3669.0044
G1 X91.118 Y33.267 E3669.04432
G1 X90.652 Y33.338 E3669.09135
G1 X90.253 Y33.221 E3669.13284
G1 X90.027 Y33.261 E3669.15574
G1 X89.172 Y32.914 E3669.24781
G1 X88.977 Y32.947 E3669.26755
G1 X88.605 Y32.821 E3669.30674
G1 X88.303 Y32.437 E3669.35548
G1 X88.197 Y31.928 E3669.40736
G1 X88.241 Y31.749 E3669.42575
G1 X88.241 Y31.372 E3669.46337
G1 F1500 E3662.96337
G0 F7200 X92.518 Y38.427
G1 F1500 E3669.46337
G1 F3600 X92.914 Y38.32 E3669.5043
G1 X93.329 Y38.438 E3669.54735
G1 X93.641 Y38.764 E3669.59238
G1 X93.752 Y39.153 E3669.63274
G1 X93.641 Y39.548 E3669.67368
G1 X93.347 Y39.845 E3669.71538
G1 X92.954 Y39.952 E3669.75602
G1 X92.569 Y39.842 E3669.79597
G1 X92.229 Y39.505 E3669.84374
G1 X92.113 Y39.118 E3669.88405
G1 X92.22 Y38.739 E3669.92335
G1 X92.518 Y38.427 E3669.9664
G1 F1500 E3663.4664
G0 F7200 X92.948 Y79.44
G1 F1500 E3669.9664
G1 F3600 X93.343 Y79.554 E3670.00742
G1 X93.641 Y79.87 E3670.05076
G1 X93.752 Y80.253 E3670.09055
G1 X93.641 Y80.647 E3670.13139
G1 X93.314 Y80.974 E3670.17753
G1 X92.906 Y81.096 E3670.22002
G1 X92.525 Y80.989 E3670.25951
G1 X92.215 Y80.676 E3670.30347
G1 X92.109 Y80.295 E3670.34293
G1 X92.23 Y79.903 E3670.38386
G1 X92.553 Y79.553 E3670.43139
G1 X92.948 Y79.44 E3670.47238
G1 F1500 E3663.97238
G0 F7200 X90.487 Y85.941
G1 F1500 E3670.47238
G1 F3600 X90.789 Y86.227 E3670.51388
G1 X90.871 Y86.616 E3670.55355
G1 X90.675 Y87.086 E3670.60436
G1 X90.61 Y87.172 E3670.61512
G1 X90.623 Y87.363 E3670.63422
G1 X90.472 Y87.756 E3670.67623
G1 X90.082 Y88.064 E3670.72581
G1 X89.595 Y88.19 E3670.77601
G1 X89.506 Y88.283 E3670.78885
G1 X89.449 Y88.538 E3670.81492
G1 X89.158 Y88.91 E3670.86205
G1 X88.771 Y89.046 E3670.90298
G1 X88.397 Y88.903 E3670.94293
G1 X88.309 Y88.81 E3670.95571
G1 X88.092 Y88.78 E3670.97757
G1 X87.943 Y88.909 E3670.99723
G1 X87.865 Y89.422 E3671.04901
G1 X87.453 Y89.943 E3671.11528
G1 X87.372 Y89.982 E3671.12425
G1 X87.188 Y90.205 E3671.1531
G1 X86.963 Y90.282 E3671.17683
G1 X86.419 Y90.508 E3671.23561
G1 X86.102 Y90.428 E3671.26823
G1 X85.981 Y90.462 E3671.28077
G1 X85.841 Y90.413 E3671.29557
G1 X85.62 Y90.464 E3671.3182
G1 X85.388 Y90.419 E3671.34178
G1 X85.266 Y90.466 E3671.35483
G1 X84.889 Y90.376 E3671.3935
G1 X84.601 Y90.047 E3671.43713
G1 X84.526 Y89.59 E3671.48334
G1 X84.704 Y89.071 E3671.53809
G1 X84.961 Y88.605 E3671.59119
G1 X85.094 Y88.433 E3671.61288
G1 X85.111 Y88.32 E3671.62428
G1 X84.833 Y87.855 E3671.67834
G1 X84.695 Y87.702 E3671.6989
G1 X84.518 Y87.208 E3671.75126
G1 X84.589 Y86.759 E3671.79662
G1 X84.858 Y86.442 E3671.8381
G1 X84.963 Y86.417 E3671.84887
G1 X85.225 Y86.109 E3671.88922
G1 X86 Y85.873 E3671.97006
G1 X86.416 Y86.023 E3672.01418
G1 X86.711 Y85.937 E3672.04484
G1 X87.096 Y86.073 E3672.08558
G1 X87.394 Y86.473 E3672.13535
G1 X87.454 Y86.735 E3672.16217
G1 X87.811 Y87.11 E3672.21383
G1 X87.937 Y87.125 E3672.2265
G1 X88.018 Y87.088 E3672.23538
G1 X88.44 Y86.651 E3672.296
G1 X88.889 Y86.229 E3672.35748
G1 X89.39 Y86.038 E3672.41098
G1 X89.484 Y86.048 E3672.42041
G1 X90.016 Y85.87 E3672.47639
G1 X90.487 Y85.941 E3672.52392
G1 F1500 E3666.02392
G0 F7200 X91.508 Y86.705
G1 F1500 E3672.52392
G1 F3600 X91.57 Y86.622 E3672.53425
G1 X91.967 Y86.468 E3672.57674
G1 X92.353 Y86.591 E3672.61716
G1 X92.632 Y86.975 E3672.66453
G1 X92.74 Y87.5 E3672.71801
G1 X92.672 Y87.924 E3672.76086
G1 X92.698 Y88.259 E3672.79438
G1 X92.581 Y88.671 E3672.83712
G1 X92.283 Y88.969 E3672.87917
G1 X91.89 Y89.079 E3672.91989
G1 X91.51 Y88.966 E3672.95945
G1 X91.198 Y88.654 E3673.00347
G1 X91.079 Y88.255 E3673.04502
G1 X91.106 Y87.87 E3673.08353
G1 X91.072 Y87.751 E3673.09588
G1 X91.256 Y87.041 E3673.16906
G1 X91.508 Y86.705 E3673.21097
G1 F1500 E3666.71097
G0 F7200 X85.371 Y84.62
G1 F1500 E3673.21097
G1 F3600 X85.171 Y85.145 E3673.26703
G1 X85.092 Y85.226 E3673.27832
G1 X84.935 Y85.587 E3673.3176
G1 X84.46 Y86.027 E3673.3822
G1 X83.958 Y86.167 E3673.4342
G1 X83.875 Y86.262 E3673.44679
G1 X83.741 Y86.791 E3673.50124
G1 X83.632 Y87.327 E3673.55582
G1 X83.631 Y87.682 E3673.59124
G1 X83.751 Y87.846 E3673.61152
G1 X84.046 Y88.82 E3673.71306
G1 X83.943 Y89.39 E3673.77086
G1 X83.666 Y89.738 E3673.81524
G1 X83.288 Y89.852 E3673.85463
G1 X82.892 Y89.686 E3673.89748
G1 X82.533 Y89.249 E3673.95391
G1 X82.498 Y89.229 E3673.95793
G1 X82.173 Y88.815 E3674.01045
G1 X82.049 Y88.287 E3674.06457
G1 X81.974 Y87.766 E3674.11709
G1 X82.023 Y87.568 E3674.13744
G1 X82.024 Y87.293 E3674.16488
G1 X81.949 Y86.995 E3674.19554
G1 X82.059 Y86.617 E3674.23482
G1 X82.151 Y86.499 E3674.24975
G1 X82.149 Y86.311 E3674.26851
G1 X82.373 Y85.583 E3674.34451
G1 X82.505 Y85.341 E3674.37202
G1 X82.866 Y84.91 E3674.42812
G1 X83.3 Y84.722 E3674.47531
G1 X83.564 Y84.388 E3674.51779
G1 X83.633 Y84.213 E3674.53656
G1 X84.015 Y83.762 E3674.59553
G1 X84.354 Y83.392 E3674.64561
G1 X84.815 Y83.201 E3674.6954
G1 X85.209 Y83.289 E3674.73568
G1 X85.478 Y83.617 E3674.77801
G1 X85.55 Y84.075 E3674.82427
G1 X85.371 Y84.62 E3674.8815
G1 F1500 E3668.3815
G0 F7200 X84.831 Y112.428
G1 F1500 E3674.8815
G1 F3600 X85.209 Y112.538 E3674.92079
G1 X85.327 Y112.662 E3674.93787
G1 X85.624 Y112.736 E3674.96841
G1 X85.895 Y113.066 E3675.01101
G1 X85.97 Y113.527 E3675.05762
G1 X85.786 Y114.075 E3675.1153
G1 X85.843 Y114.21 E3675.12992
G1 X85.925 Y114.268 E3675.13994
G1 X86.422 Y114.383 E3675.19084
G1 X86.506 Y114.469 E3675.20284
G1 X86.717 Y114.525 E3675.22462
G1 X87.312 Y115.191 E3675.31373
G1 X87.391 Y115.58 E3675.35334
G1 X87.199 Y116.047 E3675.40372
G1 X87.105 Y116.201 E3675.42172
G1 X87.163 Y116.438 E3675.44607
G1 X86.991 Y116.892 E3675.49451
G1 X86.96 Y117.21 E3675.52639
G1 X87.102 Y117.42 E3675.55169
G1 X87.176 Y117.823 E3675.59257
G1 X86.982 Y118.313 E3675.64515
G1 X86.907 Y118.387 E3675.65567
G1 X86.866 Y118.546 E3675.67205
G1 X86.953 Y118.686 E3675.6885
G1 X87.149 Y119.164 E3675.74005
G1 X87.132 Y119.292 E3675.75293
G1 X87.294 Y119.784 E3675.80462
G1 X87.222 Y120.264 E3675.85305
G1 X86.954 Y120.569 E3675.89356
G1 X86.685 Y120.64 E3675.92132
G1 X86.596 Y120.736 E3675.93438
G1 X86.203 Y120.826 E3675.97461
G1 X85.781 Y120.649 E3676.02027
G1 X85.402 Y120.211 E3676.07807
G1 X85.332 Y120.089 E3676.0921
G1 X84.778 Y119.85 E3676.1523
G1 X84.398 Y119.405 E3676.21069
G1 X84.217 Y118.915 E3676.26281
G1 X84.015 Y118.636 E3676.29718
G1 X83.91 Y118.247 E3676.33739
G1 X83.822 Y118.139 E3676.35129
G1 X83.315 Y117.944 E3676.40549
G1 X82.997 Y117.538 E3676.45695
G1 X82.78 Y116.649 E3676.54826
G1 X82.689 Y116.519 E3676.56409
G1 X82.606 Y116.031 E3676.61348
G1 X82.607 Y115.747 E3676.64182
G1 X82.692 Y115.502 E3676.66769
G1 X82.688 Y115.403 E3676.67758
G1 X82.478 Y114.832 E3676.73829
G1 X82.553 Y114.384 E3676.78361
G1 X82.688 Y114.207 E3676.80582
G1 X82.741 Y113.926 E3676.83435
G1 X83.33 Y113.143 E3676.93212
G1 X83.415 Y113.099 E3676.94167
G1 X83.649 Y112.81 E3676.97877
G1 X84.058 Y112.645 E3677.02278
G1 X84.293 Y112.687 E3677.0466
G1 X84.419 Y112.594 E3677.06223
G1 X84.831 Y112.428 E3677.10655
G1 F1500 E3670.60655
G0 F7200 X88.367 Y114.379
G1 F1500 E3677.10655
G1 F3600 X88.664 Y114.062 E3677.14989
G1 X89.061 Y113.952 E3677.191
G1 X89.765 Y114.146 E3677.26386
G1 X89.839 Y114.216 E3677.27402
G1 X90.078 Y114.299 E3677.29927
G1 X90.497 Y114.676 E3677.35551
G1 X90.566 Y114.831 E3677.37244
G1 X91.3 Y115.533 E3677.47378
G1 X91.503 Y116.011 E3677.5256
G1 X91.424 Y116.424 E3677.56755
G1 X91.126 Y116.691 E3677.60748
G1 X90.657 Y116.762 E3677.65481
G1 X90.259 Y116.641 E3677.69632
G1 X90.039 Y116.68 E3677.71861
G1 X89.195 Y116.332 E3677.8097
G1 X88.984 Y116.367 E3677.83104
G1 X88.613 Y116.241 E3677.87014
G1 X88.311 Y115.857 E3677.91888
G1 X88.205 Y115.348 E3677.97076
G1 X88.252 Y115.147 E3677.99136
G1 X88.249 Y114.784 E3678.02758
G1 X88.367 Y114.379 E3678.06967
G1 F1500 E3671.56967
G0 F7200 X92.519 Y121.847
G1 F1500 E3678.06967
G1 F3600 X92.913 Y121.74 E3678.11041
G1 X93.329 Y121.862 E3678.15367
G1 X93.64 Y122.183 E3678.19826
G1 X93.752 Y122.576 E3678.23904
G1 X93.641 Y122.967 E3678.27959
G1 X93.347 Y123.265 E3678.32136
G1 X92.954 Y123.375 E3678.36208
G1 X92.57 Y123.262 E3678.40202
G1 X92.229 Y122.925 E3678.44986
G1 X92.113 Y122.538 E3678.49017
G1 X92.22 Y122.162 E3678.52918
G1 X92.519 Y121.847 E3678.57252
G1 F1500 E3672.07252
G0 F7200 X92.948 Y162.865
G1 F1500 E3678.57252
G1 F3600 X93.344 Y162.978 E3678.61361
G1 X93.641 Y163.291 E3678.65666
G1 X93.752 Y163.674 E3678.69645
G1 X93.641 Y164.071 E3678.73758
G1 X93.314 Y164.394 E3678.78344
G1 X92.906 Y164.515 E3678.82591
G1 X92.525 Y164.409 E3678.86537
G1 X92.215 Y164.099 E3678.90911
G1 X92.109 Y163.716 E3678.94876
G1 X92.23 Y163.323 E3678.98979
G1 X92.553 Y162.978 E3679.03695
G1 X92.948 Y162.865 E3679.07794
G1 F1500 E3672.57794
G0 F7200 X91.34 Y169.467
G1 F1500 E3679.07794
G1 F3600 X91.634 Y169.762 E3679.1195
G1 X91.709 Y170.156 E3679.15952
G1 X91.517 Y170.641 E3679.21157
G1 X90.636 Y171.463 E3679.3318
G1 X90.532 Y171.499 E3679.34278
G1 X90.245 Y171.715 E3679.37862
G1 X89.742 Y171.907 E3679.43234
G1 X89.377 Y172.338 E3679.4887
G1 X88.97 Y172.489 E3679.53201
G1 X88.604 Y172.374 E3679.57029
G1 X88.305 Y172.016 E3679.61683
G1 X88.191 Y171.503 E3679.66927
G1 X88.364 Y170.906 E3679.73129
G1 X88.773 Y170.218 E3679.81115
G1 X89.141 Y169.791 E3679.8674
G1 X89.603 Y169.601 E3679.91724
G1 X89.752 Y169.624 E3679.93229
G1 X90.19 Y169.459 E3679.97899
G1 X90.522 Y169.516 E3680.0126
G1 X90.893 Y169.395 E3680.05154
G1 X91.34 Y169.467 E3680.09671
G1 F1500 E3673.59671
G0 F7200 X87.158 Y170.1
G1 F1500 E3680.09671
G1 F3600 X86.977 Y170.535 E3680.14373
G1 X86.569 Y170.884 E3680.1973
G1 X86.458 Y170.93 E3680.20929
G1 X86.37 Y171.047 E3680.22389
G1 X86.385 Y171.246 E3680.24381
G1 X86.918 Y171.684 E3680.31264
G1 X87.05 Y172.046 E3680.35109
G1 X87.074 Y172.23 E3680.36961
G1 X87.312 Y172.461 E3680.4027
G1 X87.499 Y172.894 E3680.44976
G1 X87.413 Y173.297 E3680.49088
G1 X87.106 Y173.568 E3680.53174
G1 X86.844 Y173.632 E3680.55865
G1 X86.732 Y173.74 E3680.57417
G1 X85.95 Y173.903 E3680.65388
G1 X85.793 Y173.839 E3680.6708
G1 X85.483 Y173.897 E3680.70227
G1 X84.93 Y173.655 E3680.7625
G1 X84.811 Y173.693 E3680.77496
G1 X84.47 Y174.051 E3680.82429
G1 X84.05 Y174.128 E3680.8669
G1 X83.604 Y173.943 E3680.91508
G1 X83.346 Y173.687 E3680.95134
G1 X83.132 Y173.593 E3680.97467
G1 X82.84 Y173.277 E3681.0176
G1 X82.585 Y173.166 E3681.04535
G1 X82.209 Y172.729 E3681.10287
G1 X82.069 Y172.394 E3681.1391
G1 X81.935 Y172.213 E3681.16157
G1 X81.802 Y171.708 E3681.21368
G1 X81.65 Y171.181 E3681.2684
G1 X81.653 Y170.645 E3681.32189
G1 X81.844 Y169.946 E3681.39419
G1 X82.022 Y169.697 E3681.42473
G1 X82.134 Y169.305 E3681.46541
G1 X82.465 Y168.87 E3681.51995
G1 X82.505 Y168.761 E3681.53154
G1 X82.866 Y168.331 E3681.58756
G1 X83.323 Y168.145 E3681.63679
G1 X83.514 Y168.183 E3681.65622
G1 X83.631 Y168.161 E3681.6681
G1 X83.971 Y167.689 E3681.72614
G1 X84.35 Y167.201 E3681.7878
G1 X85.215 Y166.841 E3681.88128
G1 X85.612 Y166.929 E3681.92186
G1 X85.879 Y167.261 E3681.96437
G1 X85.954 Y167.716 E3682.01038
G1 X85.775 Y168.26 E3682.06753
G1 X85.66 Y168.447 E3682.08943
G1 X85.675 Y168.579 E3682.10269
G1 X85.932 Y168.923 E3682.14553
G1 X85.966 Y169.049 E3682.15855
G1 X86.106 Y169.146 E3682.17555
G1 X86.426 Y169.199 E3682.20791
G1 X86.593 Y169.381 E3682.23256
G1 X86.743 Y169.437 E3682.24854
G1 X87.064 Y169.724 E3682.2915
G1 X87.158 Y170.1 E3682.33017
G1 F1500 E3675.83017
G0 F7200 X203.245 Y163.672
G1 F1500 E3682.33017
G1 F3600 X203.359 Y163.291 E3682.36985
G1 X203.653 Y162.978 E3682.4127
G1 X204.047 Y162.865 E3682.4536
G1 X204.443 Y162.978 E3682.49469
G1 X204.75 Y163.308 E3682.53966
G1 X204.867 Y163.691 E3682.57962
G1 X204.757 Y164.092 E3682.62111
G1 X204.463 Y164.385 E3682.66253
G1 X204.067 Y164.495 E3682.70354
G1 X203.687 Y164.379 E3682.74318
G1 X203.358 Y164.05 E3682.78961
G1 X203.245 Y163.672 E3682.82897
G1 F1500 E3676.32897
G0 F7200 X205.631 Y169.879
G1 F1500 E3682.82897
G1 F3600 X206.006 Y169.776 E3682.86778
G1 X206.337 Y169.88 E3682.9024
G1 X207.379 Y169.459 E3683.01453
G1 X207.798 Y169.53 E3683.05694
G1 X208.073 Y169.832 E3683.09769
G1 X208.149 Y170.264 E3683.14146
G1 X207.954 Y170.773 E3683.19585
G1 X207.51 Y171.272 E3683.26249
G1 X207.48 Y171.425 E3683.27805
G1 X207.676 Y171.678 E3683.30998
G1 X207.869 Y172.16 E3683.36179
G1 X207.8 Y172.587 E3683.40495
G1 X207.512 Y172.873 E3683.44545
G1 X207.087 Y172.944 E3683.48844
G1 X206.61 Y172.753 E3683.53971
G1 X206.127 Y172.266 E3683.60815
G1 X206.108 Y172.257 E3683.61025
G1 X205.546 Y171.691 E3683.68984
G1 X205.359 Y171.141 E3683.7478
G1 X205.266 Y170.732 E3683.78965
G1 X205.353 Y170.243 E3683.83921
G1 X205.631 Y169.879 E3683.88491
G1 F1500 E3677.38491
G0 F7200 X209.327 Y170.48
G1 F1500 E3683.88491
G1 F3600 X209.349 Y170.345 E3683.89856
G1 X209.618 Y170.01 E3683.94143
G1 X209.715 Y169.971 E3683.95186
G1 X210.105 Y169.444 E3684.01728
G1 X210.528 Y169.293 E3684.0621
G1 X210.984 Y169.451 E3684.11025
G1 X211.329 Y169.343 E3684.14632
G1 X211.707 Y169.454 E3684.18563
G1 X211.855 Y169.634 E3684.20888
G1 X211.985 Y169.668 E3684.22229
G1 X212.128 Y169.589 E3684.23859
G1 X212.267 Y169.333 E3684.26766
G1 X212.642 Y168.891 E3684.32549
G1 X213.095 Y168.701 E3684.37451
G1 X213.492 Y168.789 E3684.41508
G1 X213.76 Y169.118 E3684.45743
G1 X213.818 Y169.401 E3684.48625
G1 X213.878 Y169.483 E3684.49639
G1 X213.912 Y169.675 E3684.51584
G1 X214.117 Y169.898 E3684.54607
G1 X214.235 Y170.585 E3684.61562
G1 X214.198 Y170.757 E3684.63318
G1 X214.263 Y170.951 E3684.65359
G1 X214.206 Y171.119 E3684.67129
G1 X214.22 Y171.233 E3684.68275
G1 X214.011 Y172.226 E3684.78401
G1 X213.913 Y172.338 E3684.79886
G1 X213.865 Y172.581 E3684.82357
G1 X213.373 Y173.187 E3684.90146
G1 X212.991 Y173.292 E3684.94099
G1 X212.638 Y173.156 E3684.97873
G1 X212.522 Y173.186 E3684.99069
G1 X212.442 Y173.28 E3685.003
G1 X212.406 Y173.488 E3685.02407
G1 X212.136 Y173.798 E3685.06509
G1 X211.741 Y173.883 E3685.1054
G1 X211.603 Y173.839 E3685.11986
G1 X211.389 Y173.892 E3685.14185
G1 X211.164 Y173.824 E3685.16531
G1 X210.986 Y173.882 E3685.18399
G1 X210.591 Y173.744 E3685.22574
G1 X210.505 Y173.759 E3685.23445
G1 X210.131 Y173.616 E3685.2744
G1 X210.053 Y173.521 E3685.28666
G1 X209.719 Y173.406 E3685.32191
G1 X209.264 Y172.89 E3685.39056
G1 X209.19 Y172.443 E3685.43576
G1 X209.37 Y171.937 E3685.48935
G1 X209.558 Y171.629 E3685.52536
G1 X209.548 Y171.475 E3685.54076
G1 X209.453 Y171.333 E3685.5578
G1 X209.274 Y170.806 E3685.61334
G1 X209.327 Y170.48 E3685.64629
G1 F1500 E3679.14629
G0 F7200 X204.054 Y123.375
G1 F1500 E3685.64629
G1 F3600 X203.67 Y123.262 E3685.68623
G1 X203.358 Y122.95 E3685.73026
G1 X203.245 Y122.572 E3685.76963
G1 X203.359 Y122.191 E3685.80931
G1 X203.686 Y121.841 E3685.8571
G1 X204.091 Y121.72 E3685.89928
G1 X204.496 Y121.831 E3685.94118
G1 X204.788 Y122.141 E3685.98367
G1 X204.892 Y122.521 E3686.02298
G1 X204.77 Y122.935 E3686.06605
G1 X204.442 Y123.265 E3686.11247
G1 X204.054 Y123.375 E3686.15272
G1 F1500 E3679.65272
G0 F7200 X209.921 Y120.864
G1 F1500 E3686.15272
G1 F3600 X209.846 Y120.404 E3686.19922
G1 X209.994 Y119.911 E3686.25058
G1 X210.188 Y119.438 E3686.30159
G1 X210.263 Y119.306 E3686.31674
G1 X210.203 Y119.029 E3686.34502
G1 X210.22 Y118.94 E3686.35406
G1 X210.132 Y118.668 E3686.38259
G1 X210.206 Y118.26 E3686.42396
G1 X210.49 Y117.967 E3686.46468
G1 X210.933 Y117.895 E3686.50946
G1 X211.151 Y117.971 E3686.5325
G1 X211.327 Y117.909 E3686.55112
G1 X211.463 Y117.526 E3686.59167
G1 X211.564 Y117.375 E3686.6098
G1 X211.524 Y117.096 E3686.63792
G1 X211.39 Y116.944 E3686.65814
G1 X211.277 Y116.562 E3686.69789
G1 X211.316 Y116.388 E3686.71568
G1 X211.234 Y116.232 E3686.73326
G1 X211.089 Y115.708 E3686.78751
G1 X211.091 Y115.662 E3686.79211
G1 X210.965 Y115.172 E3686.84259
G1 X211.056 Y114.679 E3686.89261
G1 X211.336 Y114.306 E3686.93915
G1 X211.712 Y114.196 E3686.97824
G1 X212.292 Y114.435 E3687.04084
G1 X212.415 Y114.413 E3687.0533
G1 X212.486 Y114.356 E3687.06239
G1 X212.63 Y113.968 E3687.10368
G1 X212.983 Y113.538 E3687.15919
G1 X213.412 Y113.359 E3687.20558
G1 X213.796 Y113.457 E3687.24512
G1 X214.071 Y113.812 E3687.28993
G1 X214.137 Y114.13 E3687.32233
G1 X214.197 Y114.208 E3687.33215
G1 X214.36 Y115.062 E3687.4189
G1 X214.301 Y115.226 E3687.43629
G1 X214.315 Y115.381 E3687.45182
G1 X214.252 Y115.574 E3687.47208
G1 X214.271 Y115.664 E3687.48126
G1 X214.08 Y116.377 E3687.55491
G1 X214.006 Y116.464 E3687.56631
G1 X213.903 Y117.076 E3687.62823
G1 X213.46 Y117.639 E3687.69971
G1 X213.065 Y117.767 E3687.74115
G1 X212.972 Y117.86 E3687.75427
G1 X212.966 Y118.114 E3687.77962
G1 X212.847 Y118.635 E3687.83294
G1 X212.815 Y118.685 E3687.83887
G1 X212.681 Y119.187 E3687.89071
G1 X212.362 Y119.58 E3687.94122
G1 X212.179 Y119.684 E3687.96222
G1 X211.852 Y120.255 E3688.02788
G1 X211.489 Y120.66 E3688.08214
G1 X211.363 Y120.725 E3688.09629
G1 X211.032 Y121.1 E3688.1462
G1 X210.583 Y121.286 E3688.19469
G1 X210.206 Y121.196 E3688.23337
G1 X209.921 Y120.864 E3688.27702
G1 F1500 E3681.77702
G0 F7200 X209.964 Y117.169
G1 F1500 E3688.27702
G1 F3600 X209.48 Y116.977 E3688.32898
G1 X208.885 Y116.389 E3688.41245
G1 X208.659 Y116.324 E3688.43591
G1 X208.11 Y116.464 E3688.49245
G1 X207.757 Y116.348 E3688.52952
G1 X207.657 Y116.352 E3688.53951
G1 X207.174 Y116.552 E3688.59167
G1 X206.696 Y116.735 E3688.64274
G1 X206.305 Y116.653 E3688.6826
G1 X206.023 Y116.339 E3688.72471
G1 X205.985 Y116.248 E3688.73455
G1 X205.713 Y116.004 E3688.77101
G1 X205.626 Y115.627 E3688.80962
G1 X205.808 Y115.198 E3688.85612
G1 X206.223 Y114.811 E3688.91274
G1 X206.567 Y114.645 E3688.95085
G1 X206.801 Y114.441 E3688.98183
G1 X207.172 Y114.263 E3689.02289
G1 X207.44 Y113.983 E3689.06156
G1 X207.848 Y113.85 E3689.10438
G1 X208.316 Y113.96 E3689.15235
G1 X208.813 Y113.753 E3689.20607
G1 X209.196 Y113.889 E3689.24662
G1 X209.361 Y114.064 E3689.27062
G1 X209.697 Y114.129 E3689.30477
G1 X209.973 Y114.432 E3689.34566
G1 X210.049 Y114.86 E3689.38904
G1 X209.939 Y115.154 E3689.42036
G1 X209.966 Y115.306 E3689.43576
G1 X210.557 Y115.912 E3689.52023
G1 X210.753 Y116.388 E3689.57159
G1 X210.681 Y116.812 E3689.6145
G1 X210.395 Y117.1 E3689.655
G1 X209.964 Y117.169 E3689.69855
G1 F1500 E3683.19855
G0 F7200 X211.627 Y90.517
G1 F1500 E3689.69855
G1 F3600 X211.228 Y90.392 E3689.74027
G1 X211.05 Y90.203 E3689.76618
G1 X210.925 Y90.193 E3689.77869
G1 X210.511 Y90.339 E3689.8225
G1 X210.135 Y90.196 E3689.86263
G1 X210.034 Y90.083 E3689.87776
G1 X209.723 Y89.986 E3689.91026
G1 X209.268 Y89.47 E3689.97891
G1 X209.194 Y89.022 E3690.02421
G1 X209.369 Y88.518 E3690.07745
G1 X209.567 Y88.196 E3690.11517
G1 X209.569 Y88.112 E3690.12355
G1 X209.457 Y87.917 E3690.14599
G1 X209.274 Y87.386 E3690.20203
G1 X209.35 Y86.925 E3690.24865
G1 X209.617 Y86.591 E3690.29132
G1 X209.73 Y86.552 E3690.30324
G1 X210.122 Y86.024 E3690.36886
G1 X210.548 Y85.869 E3690.41409
G1 X210.932 Y86.008 E3690.45484
G1 X211.083 Y86.17 E3690.47694
G1 X211.211 Y86.184 E3690.48979
G1 X211.369 Y86.056 E3690.51008
G1 X211.752 Y85.914 E3690.55084
G1 X212.052 Y86.019 E3690.58255
G1 X212.207 Y85.972 E3690.59871
G1 X212.635 Y85.462 E3690.66514
G1 X213.091 Y85.273 E3690.7144
G1 X213.488 Y85.361 E3690.75497
G1 X213.755 Y85.689 E3690.79717
G1 X213.816 Y85.984 E3690.82723
G1 X213.873 Y86.056 E3690.83639
G1 X213.917 Y86.271 E3690.85829
G1 X214.113 Y86.47 E3690.88616
G1 X214.234 Y87.16 E3690.95606
G1 X214.193 Y87.332 E3690.9737
G1 X214.262 Y87.526 E3690.99425
G1 X214.2 Y87.708 E3691.01343
G1 X214.219 Y87.814 E3691.02418
G1 X214.016 Y88.8 E3691.12463
G1 X213.901 Y88.947 E3691.14325
G1 X213.866 Y89.156 E3691.16439
G1 X213.377 Y89.759 E3691.24186
G1 X212.875 Y89.896 E3691.29378
G1 X212.683 Y90.116 E3691.32292
G1 X212.42 Y90.189 E3691.35015
G1 X212.32 Y90.27 E3691.36299
G1 X211.627 Y90.517 E3691.4364
G1 F1500 E3684.9364
G0 F7200 X207.804 Y89.168
G1 F1500 E3691.4364
G1 F3600 X207.516 Y89.456 E3691.47704
G1 X207.091 Y89.525 E3691.52
G1 X206.613 Y89.333 E3691.5714
G1 X205.543 Y88.263 E3691.72239
G1 X205.359 Y87.721 E3691.7795
G1 X205.266 Y87.312 E3691.82135
G1 X205.353 Y86.82 E3691.87121
G1 X205.63 Y86.459 E3691.91661
G1 X206.006 Y86.356 E3691.95551
G1 X206.31 Y86.471 E3691.98794
G1 X207.379 Y86.035 E3692.10314
G1 X207.797 Y86.11 E3692.14551
G1 X208.073 Y86.412 E3692.18633
G1 X208.149 Y86.84 E3692.22971
G1 X207.954 Y87.353 E3692.28447
G1 X207.472 Y87.89 E3692.35647
G1 X207.53 Y88.097 E3692.37792
G1 X207.68 Y88.258 E3692.39987
G1 X207.873 Y88.741 E3692.45177
G1 X207.804 Y89.168 E3692.49493
G1 F1500 E3685.99493
G0 F7200 X204.463 Y80.961
G1 F1500 E3692.49493
G1 F3600 X204.067 Y81.071 E3692.53594
G1 X203.687 Y80.955 E3692.57559
G1 X203.358 Y80.626 E3692.62201
G1 X203.245 Y80.249 E3692.66128
G1 X203.359 Y79.871 E3692.70068
G1 X203.653 Y79.553 E3692.74389
G1 X204.048 Y79.44 E3692.78488
G1 X204.443 Y79.553 E3692.82588
G1 X204.75 Y79.883 E3692.87085
G1 X204.867 Y80.271 E3692.91129
G1 X204.757 Y80.667 E3692.9523
G1 X204.463 Y80.961 E3692.99378
G1 F1500 E3686.49378
G0 F7200 X204.054 Y39.952
G1 F1500 E3692.99378
G1 F3600 X203.67 Y39.842 E3693.03364
G1 X203.358 Y39.526 E3693.07795
G1 X203.245 Y39.149 E3693.11722
G1 X203.359 Y38.77 E3693.15671
G1 X203.685 Y38.417 E3693.20466
G1 X204.091 Y38.3 E3693.24682
G1 X204.497 Y38.407 E3693.28871
G1 X204.788 Y38.717 E3693.33113
G1 X204.892 Y39.101 E3693.37083
G1 X204.77 Y39.515 E3693.4139
G1 X204.443 Y39.845 E3693.46025
G1 X204.054 Y39.952 E3693.50051
G1 F1500 E3687.00051
G0 F7200 X209.921 Y37.44
G1 F1500 E3693.50051
G1 F3600 X209.845 Y36.977 E3693.54732
G1 X209.981 Y36.512 E3693.59567
G1 X210.273 Y35.824 E3693.67024
G1 X210.211 Y35.595 E3693.69391
G1 X210.221 Y35.483 E3693.70513
G1 X210.131 Y35.244 E3693.73062
G1 X210.206 Y34.836 E3693.77201
G1 X210.49 Y34.543 E3693.81272
G1 X210.93 Y34.471 E3693.85721
G1 X211.301 Y34.614 E3693.89688
G1 X211.497 Y34.559 E3693.9172
G1 X211.585 Y34.339 E3693.94084
G1 X211.708 Y34.177 E3693.96114
G1 X211.804 Y33.66 E3694.0136
G1 X211.668 Y33.128 E3694.06839
G1 X211.736 Y32.901 E3694.09204
G1 X211.703 Y32.796 E3694.10302
G1 X211.38 Y32.388 E3694.15494
G1 X211.326 Y32.248 E3694.16992
G1 X211.227 Y32.144 E3694.18424
G1 X211.054 Y31.646 E3694.23685
G1 X211.129 Y31.194 E3694.28256
G1 X211.402 Y30.862 E3694.32545
G1 X211.796 Y30.781 E3694.36559
G1 X212.33 Y30.994 E3694.42295
G1 X212.518 Y30.919 E3694.44315
G1 X212.653 Y30.528 E3694.48442
G1 X212.992 Y30.106 E3694.53844
G1 X213.418 Y29.931 E3694.58439
G1 X213.794 Y30.032 E3694.62324
G1 X214.072 Y30.396 E3694.66894
G1 X214.122 Y30.656 E3694.69536
G1 X214.223 Y30.801 E3694.71299
G1 X214.361 Y31.641 E3694.79793
G1 X214.298 Y31.801 E3694.81508
G1 X214.314 Y31.96 E3694.83103
G1 X214.248 Y32.158 E3694.85185
G1 X214.271 Y32.254 E3694.8617
G1 X214.084 Y32.952 E3694.93381
G1 X214.033 Y33.023 E3694.94253
G1 X213.931 Y33.61 E3695.00198
G1 X213.66 Y33.948 E3695.04521
G1 X213.502 Y34.011 E3695.06218
G1 X213.343 Y34.21 E3695.0876
G1 X213.122 Y35.118 E3695.18084
G1 X212.821 Y35.5 E3695.22937
G1 X212.751 Y35.732 E3695.25355
G1 X212.399 Y36.153 E3695.3083
G1 X212.318 Y36.211 E3695.31824
G1 X211.928 Y36.879 E3695.39543
G1 X211.565 Y37.28 E3695.4494
G1 X211.268 Y37.414 E3695.48191
G1 X211.028 Y37.677 E3695.51743
G1 X210.585 Y37.866 E3695.56549
G1 X210.206 Y37.776 E3695.60436
G1 X209.921 Y37.44 E3695.64832
G1 F1500 E3689.14832
G0 F7200 X209.963 Y33.745
G1 F1500 E3695.64832
G1 F3600 X209.48 Y33.556 E3695.70008
G1 X208.888 Y32.972 E3695.78305
G1 X208.682 Y32.902 E3695.80476
G1 X208.119 Y33.038 E3695.86255
G1 X207.893 Y32.943 E3695.88701
G1 X207.676 Y32.927 E3695.90872
G1 X207.178 Y33.131 E3695.96242
G1 X206.696 Y33.315 E3696.0139
G1 X206.306 Y33.233 E3696.05367
G1 X206.023 Y32.915 E3696.09614
G1 X205.984 Y32.822 E3696.10621
G1 X205.713 Y32.58 E3696.14246
G1 X205.626 Y32.203 E3696.18106
G1 X205.808 Y31.774 E3696.22756
G1 X206.221 Y31.388 E3696.28397
G1 X206.613 Y31.193 E3696.32765
G1 X206.802 Y31.02 E3696.35322
G1 X207.18 Y30.837 E3696.39513
G1 X207.44 Y30.558 E3696.43318
G1 X207.848 Y30.426 E3696.47597
G1 X208.316 Y30.536 E3696.52394
G1 X208.813 Y30.333 E3696.5775
G1 X209.196 Y30.469 E3696.61806
G1 X209.3 Y30.604 E3696.63506
G1 X209.697 Y30.71 E3696.67606
G1 X209.972 Y31.012 E3696.71682
G1 X210.045 Y31.44 E3696.76014
G1 X209.948 Y31.702 E3696.78802
G1 X209.963 Y31.874 E3696.80524
G1 X210.557 Y32.488 E3696.89049
G1 X210.753 Y32.967 E3696.94213
G1 X210.681 Y33.391 E3696.98504
G1 X210.396 Y33.676 E3697.02526
G1 X209.963 Y33.745 E3697.06901
G1 F1500 E3690.56901
;MESH:manette_front-Body_(Meshed).stl(1)
G0 F7200 X208.076 Y35.125
G0 X207.197 Y35.791
G0 X207.197 Y36.003
;TYPE:WALL-INNER
G1 F1500 E3697.06901
G1 F3730.6 X207.5 Y36.7 E3697.14219
G1 X207.514 Y35.686 E3697.23983
G1 X206.5 Y35.7 E3697.33748
G1 X207.197 Y36.003 E3697.41066
G0 F7200 X206.5 Y35.7
G1 F3600 X90.5 Y35.7 E3708.98518
G1 F3529.4 X90.326 Y35.707 E3709.00291
G0 F7200 X89.803 Y36.003
G1 F3654.8 X90.326 Y35.707 E3709.06197
G1 X89.486 Y35.686 E3709.14456
G1 F3730.6 X89.5 Y36.7 E3709.2422
G1 X89.803 Y36.003 E3709.31538
G0 F7200 X89.5 Y36.7
G1 F3600 X89.5 Y82.7 E3713.90528
G1 F3529.4 X89.507 Y82.874 E3713.923
G0 F7200 X89.803 Y83.397
G1 F3654.8 X89.507 Y82.874 E3713.98207
G1 X89.486 Y83.714 E3714.06465
G1 F3730.6 X90.5 Y83.7 E3714.1623
G1 X89.803 Y83.397 E3714.23548
G0 F7200 X90.5 Y83.7
G1 F3600 X206.5 Y83.7 E3725.81
G1 F3529.4 X206.674 Y83.693 E3725.82773
G0 F7200 X207.197 Y83.397
G1 F3654.8 X206.674 Y83.693 E3725.88679
G1 X207.514 Y83.714 E3725.96938
G1 F3664.1 X207.493 Y82.874 E3726.05175
G1 X207.197 Y83.397 E3726.11066
G0 F7200 X206.924 Y83.124
G1 F3600 X206.589 Y83.3 E3726.14842
G1 X90.5 Y83.3 E3737.73183
G1 X90.075 Y83.125 E3737.77769
G1 X89.9 Y82.789 E3737.81549
G1 X89.9 Y36.7 E3742.41427
G1 X90.075 Y36.275 E3742.46013
G1 X90.411 Y36.1 E3742.49793
G1 X206.5 Y36.1 E3754.08134
G1 X206.924 Y36.276 E3754.12715
G1 X207.1 Y36.7 E3754.17295
G1 X207.1 Y82.789 E3758.77173
G1 X206.924 Y83.124 E3758.80949
G0 F7200 X207.493 Y82.874
G1 F3538.1 X207.5 Y82.7 E3758.82717
G1 F3600 X207.5 Y36.7 E3763.41707
G0 F7200 X207.62 Y83.821
G0 X207.9 Y84.1
G1 F3600 X207.9 Y35.3 E3768.28636
G1 X89.101 Y35.301 E3780.14017
G1 X89.101 Y84.099 E3785.00925
G1 X207.9 Y84.1 E3796.86306
G0 F7200 X208.3 Y84.5
;TYPE:WALL-OUTER
G1 F1800 X208.3 Y34.9 E3801.81217
G1 X88.701 Y34.901 E3813.74581
G1 X88.701 Y84.499 E3818.69472
G1 X208.3 Y84.5 E3830.62835
G0 F7200 X208.3 Y84.3
G0 X207.62 Y83.821
G0 X207.41 Y82.735
G0 X206.698 Y82.735
G1 F1800 X206.642 Y82.842 E3830.6404
G1 X206.535 Y82.898 E3830.65245
G1 X90.5 Y82.9 E3842.23047
G1 X90.358 Y82.842 E3842.24578
G1 X90.302 Y82.735 E3842.25783
G1 X90.3 Y36.7 E3846.85122
G1 X90.358 Y36.558 E3846.86653
G1 X90.465 Y36.502 E3846.87858
G1 X206.5 Y36.5 E3858.4566
G1 X206.642 Y36.558 E3858.4719
G1 X206.7 Y36.7 E3858.48721
G1 X206.698 Y82.735 E3863.0806
G0 F7200 X206.642 Y82.842
G0 X206.573 Y82.878
G1 F1500 E3856.5806
;MESH:manette_front-Body_(Meshed).stl
G0 F7200 X206.573 Y83.611
G0 X206.5 Y85.366
G0 X206.5 Y117.458
G0 X206.5 Y118.553
G0 X206.5 Y119.12
;TYPE:WALL-INNER
G1 F1500 E3863.0806
G1 F3600 X90.5 Y119.12 E3874.65512
G1 F3529.4 X90.326 Y119.127 E3874.67285
G0 F7200 X89.803 Y119.423
G1 F3654.8 X90.326 Y119.127 E3874.73191
G1 X89.486 Y119.106 E3874.81449
G1 F3730.6 X89.5 Y120.12 E3874.91214
G1 X89.803 Y119.423 E3874.98532
G0 F7200 X89.5 Y120.12
G1 F3600 X89.5 Y166.12 E3879.57522
G1 F3529.4 X89.507 Y166.294 E3879.59294
G0 F7200 X89.803 Y166.817
G1 F3654.8 X89.507 Y166.294 E3879.65201
G1 X89.486 Y167.134 E3879.73459
G1 F3730.6 X90.5 Y167.12 E3879.83224
G1 X89.803 Y166.817 E3879.90542
G0 F7200 X90.5 Y167.12
G1 F3600 X206.5 Y167.12 E3891.47994
G1 F3529.4 X206.674 Y167.113 E3891.49767
G0 F7200 X207.197 Y166.817
G1 F3654.8 X206.674 Y167.113 E3891.55673
G1 X207.514 Y167.134 E3891.63931
G1 F3664.1 X207.493 Y166.294 E3891.72169
G1 X207.197 Y166.817 E3891.7806
G0 F7200 X206.924 Y166.544
G1 F3600 X206.589 Y166.72 E3891.81836
G1 X90.5 Y166.72 E3903.40177
G1 X90.075 Y166.545 E3903.44763
G1 X89.9 Y166.209 E3903.48543
G1 X89.9 Y120.12 E3908.08421
G1 X90.075 Y119.695 E3908.13007
G1 X90.411 Y119.52 E3908.16787
G1 X206.5 Y119.52 E3919.75128
G1 X206.924 Y119.696 E3919.79709
G1 X207.1 Y120.12 E3919.84289
G1 X207.1 Y166.209 E3924.44167
G1 X206.924 Y166.544 E3924.47943
G0 F7200 X207.493 Y166.294
G1 F3538.1 X207.5 Y166.12 E3924.49711
G1 F3600 X207.5 Y120.12 E3929.08701
G0 F7200 X207.197 Y119.423
G1 F3730.6 X207.5 Y120.12 E3929.16019
G1 X207.514 Y119.106 E3929.25784
G1 X206.5 Y119.12 E3929.35548
G1 X207.197 Y119.423 E3929.42866
G0 F7200 X207.197 Y119.213
G0 X207.62 Y167.243
G0 X207.9 Y167.52
G1 F3600 X207.9 Y118.72 E3934.29794
G1 X89.101 Y118.721 E3946.15176
G1 X89.101 Y167.519 E3951.02084
G1 X207.9 Y167.52 E3962.87465
G0 F7200 X208.3 Y167.92
;TYPE:WALL-OUTER
G1 F1800 X208.3 Y118.32 E3967.82376
G1 X88.701 Y118.321 E3979.7574
G1 X88.701 Y167.919 E3984.70631
G1 X208.3 Y167.92 E3996.63994
G0 F7200 X208.3 Y167.72
G0 X207.62 Y167.243
G0 X207.41 Y166.155
G0 X206.698 Y166.155
G1 F1800 X206.642 Y166.262 E3996.65199
G1 X206.535 Y166.318 E3996.66404
G1 X90.5 Y166.32 E4008.24206
G1 X90.358 Y166.262 E4008.25737
G1 X90.302 Y166.155 E4008.26942
G1 X90.3 Y120.12 E4012.86281
G1 X90.358 Y119.978 E4012.87811
G1 X90.465 Y119.922 E4012.89017
G1 X206.5 Y119.92 E4024.46818
G1 X206.642 Y119.978 E4024.48349
G1 X206.7 Y120.12 E4024.49879
G1 X206.698 Y166.155 E4029.09219
G0 F7200 X206.642 Y166.262
G0 X206.573 Y166.298
G1 F1500 E4022.59219
;MESH:NONMESH
G0 F600 X206.573 Y166.298 Z5.6
G0 F7200 X206.573 Y167.033
G0 X206.938 Y119.685
G0 X88.924 Y118.547
G0 X88.924 Y117.458
G0 X82.343 Y30.6
;TIME_ELAPSED:5123.321473
;LAYER:9
;TYPE:SUPPORT
G1 F1500 E4029.09219
G1 F3600 X82.627 Y30.243 E4029.1377
G1 X82.666 Y30.069 E4029.1555
G1 X82.896 Y29.758 E4029.19409
G1 X83.083 Y29.672 E4029.21463
G1 X83.352 Y29.299 E4029.26052
G1 X83.668 Y29.182 E4029.29414
G1 X83.863 Y29.236 E4029.31433
G1 X83.998 Y29.174 E4029.32915
G1 X84.172 Y28.931 E4029.35897
G1 X84.487 Y28.797 E4029.39313
G1 X84.541 Y28.725 E4029.40211
G1 X84.861 Y28.601 E4029.43635
G1 X85.172 Y28.708 E4029.46917
G1 X85.289 Y28.824 E4029.48561
G1 X85.722 Y28.927 E4029.53002
G1 X85.942 Y29.228 E4029.56722
G1 X86.011 Y29.651 E4029.60999
G1 X85.826 Y30.279 E4029.67531
G1 X85.852 Y30.378 E4029.68552
G1 X85.955 Y30.492 E4029.70085
G1 X86.057 Y30.532 E4029.71179
G1 X86.208 Y30.493 E4029.72735
G1 X86.516 Y30.572 E4029.75908
G1 X86.647 Y30.699 E4029.77728
G1 X86.922 Y30.755 E4029.80528
G1 X87.21 Y31.157 E4029.85463
G1 X87.326 Y31.206 E4029.86719
G1 X87.551 Y31.447 E4029.90009
G1 X87.606 Y31.797 E4029.93544
G1 X87.67 Y31.888 E4029.94654
G1 X87.735 Y32.198 E4029.97815
G1 X87.479 Y32.715 E4030.03571
G1 X87.55 Y32.986 E4030.06366
G1 X87.426 Y33.306 E4030.09791
G1 X87.29 Y33.452 E4030.11782
G1 X87.28 Y33.536 E4030.12626
G1 X87.353 Y33.673 E4030.14175
G1 X87.409 Y34.016 E4030.17642
G1 X87.234 Y34.447 E4030.22284
G1 X87.023 Y34.692 E4030.2551
G1 X87.027 Y34.815 E4030.26738
G1 X87.143 Y35.11 E4030.29901
G1 X87.109 Y35.276 E4030.31592
G1 X87.235 Y35.579 E4030.34866
G1 X87.23 Y35.668 E4030.35756
G1 X87.398 Y36.098 E4030.40362
G1 X87.346 Y36.608 E4030.45477
G1 X87.403 Y36.785 E4030.47333
G1 X87.337 Y37.229 E4030.51812
G1 X87.122 Y37.498 E4030.55248
G1 X86.886 Y37.568 E4030.57704
G1 X86.803 Y37.654 E4030.58896
G1 X86.483 Y37.722 E4030.62161
G1 X86.119 Y37.559 E4030.6614
G1 X85.587 Y36.998 E4030.73855
G1 X85.389 Y36.973 E4030.75846
G1 X85.001 Y36.796 E4030.80101
G1 X84.538 Y36.24 E4030.87321
G1 X84.401 Y35.866 E4030.91295
G1 X84.26 Y35.682 E4030.93608
G1 X84.113 Y35.099 E4030.99607
G1 X84.043 Y35.024 E4031.00631
G1 X83.91 Y34.988 E4031.02006
G1 X83.719 Y35.047 E4031.04
G1 X83.406 Y34.919 E4031.07375
G1 X83.132 Y34.559 E4031.11889
G1 X82.976 Y33.941 E4031.18249
G1 X82.669 Y33.533 E4031.23343
G1 X82.617 Y33.251 E4031.26205
G1 X82.534 Y33.14 E4031.27588
G1 X82.475 Y32.763 E4031.31395
G1 X82.354 Y32.368 E4031.35517
G1 X82.413 Y32.15 E4031.37771
G1 X82.321 Y31.801 E4031.41372
G1 X82.386 Y31.51 E4031.44347
G1 X82.336 Y31.385 E4031.45691
G1 X82.358 Y31.196 E4031.47589
G1 X82.286 Y30.99 E4031.49767
G1 X82.343 Y30.6 E4031.53699
G1 F1500 E4025.03699
G0 F7200 X88.227 Y31.627
G1 F1500 E4031.53699
G1 F3600 X88.462 Y31.044 E4031.59971
G1 X88.72 Y30.774 E4031.63698
G1 X89.137 Y30.679 E4031.67965
G1 X89.941 Y30.917 E4031.76332
G1 X90.294 Y31.159 E4031.80602
G1 X90.472 Y31.228 E4031.82507
G1 X90.834 Y31.556 E4031.87381
G1 X90.961 Y31.833 E4031.90422
G1 X91.305 Y32.166 E4031.95199
G1 X91.405 Y32.387 E4031.97619
G1 X91.528 Y32.533 E4031.99524
G1 X91.694 Y32.954 E4032.0404
G1 X91.646 Y33.332 E4032.07842
G1 X91.427 Y33.556 E4032.10967
G1 X91.067 Y33.613 E4032.14604
G1 X90.693 Y33.468 E4032.18607
G1 X90.374 Y33.516 E4032.21826
G1 X90.012 Y33.366 E4032.25735
G1 X89.792 Y33.383 E4032.27937
G1 X89.476 Y33.277 E4032.31263
G1 X89.299 Y33.334 E4032.33118
G1 X89.119 Y33.264 E4032.35045
G1 X88.869 Y33.33 E4032.37625
G1 X88.573 Y33.236 E4032.40724
G1 X88.329 Y32.913 E4032.44763
G1 X88.249 Y32.477 E4032.49186
G1 X88.328 Y32.173 E4032.5232
G1 X88.227 Y31.627 E4032.57861
G1 F1500 E4026.07861
G0 F7200 X92.412 Y38.246
G1 F1500 E4032.57861
G1 F3600 X92.663 Y38.176 E4032.60461
G1 X92.994 Y38.31 E4032.64024
G1 X93.507 Y38.826 E4032.71284
G1 X93.604 Y39.144 E4032.74602
G1 X93.516 Y39.476 E4032.78029
G1 X93.277 Y39.716 E4032.81408
G1 X92.941 Y39.803 E4032.84872
G1 X92.617 Y39.706 E4032.88246
G1 X92.077 Y39.181 E4032.95761
G1 X91.964 Y38.91 E4032.98691
G1 X92.04 Y38.638 E4033.01509
G1 X92.412 Y38.246 E4033.06901
G1 F1500 E4026.56901
G0 F7200 X92.937 Y79.596
G1 F1500 E4033.06901
G1 F3600 X93.273 Y79.684 E4033.10367
G1 X93.516 Y79.941 E4033.13896
G1 X93.604 Y80.258 E4033.17179
G1 X93.502 Y80.599 E4033.2073
G1 X92.99 Y81.118 E4033.28004
G1 X92.679 Y81.245 E4033.31356
G1 X92.421 Y81.173 E4033.34029
G1 X92.031 Y80.78 E4033.39554
G1 X91.963 Y80.537 E4033.42071
G1 X92.091 Y80.224 E4033.45446
G1 X92.596 Y79.7 E4033.52707
G1 X92.937 Y79.596 E4033.56264
G1 F1500 E4027.06264
G0 F7200 X92.001 Y86.066
G1 F1500 E4033.56264
G1 F3600 X92.313 Y86.176 E4033.59565
G1 X92.556 Y86.518 E4033.63751
G1 X92.667 Y87.047 E4033.69145
G1 X92.534 Y87.855 E4033.77315
G1 X92.557 Y88.122 E4033.79989
G1 X92.453 Y88.546 E4033.84346
G1 X92.216 Y88.826 E4033.88006
G1 X91.895 Y88.929 E4033.9137
G1 X91.576 Y88.82 E4033.94733
G1 X91.323 Y88.529 E4033.98581
G1 X91.221 Y88.114 E4034.02845
G1 X91.207 Y87.653 E4034.07447
G1 X91.051 Y87.543 E4034.09352
G1 X90.886 Y87.557 E4034.11004
G1 X90.508 Y87.853 E4034.15794
G1 X90.09 Y87.981 E4034.20156
G1 X89.61 Y88.349 E4034.26192
G1 X89.402 Y88.688 E4034.3016
G1 X89.333 Y88.998 E4034.33329
G1 X89.084 Y89.324 E4034.37422
G1 X88.766 Y89.442 E4034.40806
G1 X88.336 Y89.287 E4034.45367
G1 X88.168 Y89.302 E4034.4705
G1 X88.074 Y89.424 E4034.48587
G1 X88.021 Y89.815 E4034.52524
G1 X87.809 Y90.063 E4034.5578
G1 X87.704 Y90.12 E4034.56972
G1 X87.531 Y90.337 E4034.59741
G1 X87.267 Y90.43 E4034.62534
G1 X87.119 Y90.616 E4034.64905
G1 X86.804 Y90.734 E4034.68262
G1 X86.729 Y90.72 E4034.69023
G1 X86.283 Y90.895 E4034.73804
G1 X86.091 Y90.844 E4034.75786
G1 X85.987 Y90.863 E4034.76841
G1 X85.678 Y90.774 E4034.80049
G1 X85.484 Y90.847 E4034.82118
G1 X85.101 Y90.748 E4034.86065
G1 X84.995 Y90.783 E4034.87179
G1 X84.679 Y90.717 E4034.904
G1 X84.45 Y90.452 E4034.93894
G1 X84.39 Y90.052 E4034.9793
G1 X84.543 Y89.621 E4035.02494
G1 X84.669 Y89.467 E4035.04479
G1 X84.694 Y89.376 E4035.05421
G1 X84.977 Y88.936 E4035.10641
G1 X84.982 Y88.845 E4035.1155
G1 X84.851 Y88.442 E4035.15778
G1 X85.052 Y87.988 E4035.20733
G1 X85.012 Y87.847 E4035.22195
G1 X84.811 Y87.629 E4035.25154
G1 X84.631 Y87.315 E4035.28765
G1 X84.518 Y87.196 E4035.30402
G1 X84.358 Y86.766 E4035.3498
G1 X84.414 Y86.376 E4035.38912
G1 X84.476 Y86.221 E4035.40578
G1 X84.424 Y86.081 E4035.42068
G1 X84.328 Y85.992 E4035.43374
G1 X83.9 Y86.009 E4035.47648
G1 X83.767 Y86.118 E4035.49364
G1 X83.599 Y86.779 E4035.56169
G1 X83.666 Y86.906 E4035.57602
G1 X83.736 Y87.275 E4035.61349
G1 X83.673 Y87.661 E4035.65252
G1 X83.514 Y87.816 E4035.67467
G1 X83.474 Y87.907 E4035.68459
G1 X83.496 Y88.036 E4035.69765
G1 X83.773 Y88.41 E4035.74409
G1 X84.027 Y89.335 E4035.8398
G1 X83.942 Y89.846 E4035.89149
G1 X83.716 Y90.147 E4035.92905
G1 X83.405 Y90.239 E4035.96141
G1 X83.087 Y90.1 E4035.99604
G1 X82.748 Y89.704 E4036.04805
G1 X82.564 Y89.636 E4036.06762
G1 X82.298 Y89.289 E4036.11125
G1 X82.172 Y88.752 E4036.16629
G1 X82.124 Y88.684 E4036.17459
G1 X82.038 Y88.247 E4036.21903
G1 X82.066 Y88.138 E4036.23026
G1 X82.011 Y87.785 E4036.26591
G1 X82.104 Y87.504 E4036.29544
G1 X82.093 Y87.256 E4036.32021
G1 X82.025 Y86.993 E4036.34732
G1 X82.098 Y86.565 E4036.39064
G1 X82.187 Y86.424 E4036.40728
G1 X82.279 Y86.008 E4036.44979
G1 X82.49 Y85.712 E4036.48606
G1 X82.562 Y85.425 E4036.51559
G1 X82.759 Y85.149 E4036.54942
G1 X82.856 Y84.875 E4036.57842
G1 X83.155 Y84.487 E4036.6273
G1 X83.57 Y84.29 E4036.67314
G1 X83.945 Y83.851 E4036.73075
G1 X83.982 Y83.745 E4036.74195
G1 X84.283 Y83.359 E4036.79079
G1 X84.53 Y83.241 E4036.8181
G1 X84.699 Y83.046 E4036.84385
G1 X85.088 Y82.877 E4036.88617
G1 X85.414 Y82.939 E4036.91928
G1 X85.63 Y83.207 E4036.95363
G1 X85.687 Y83.604 E4036.99365
G1 X85.556 Y84.006 E4037.03583
G1 X85.589 Y84.241 E4037.05951
G1 X85.444 Y84.65 E4037.10281
G1 X85.471 Y84.795 E4037.11753
G1 X85.186 Y85.44 E4037.18789
G1 X85.227 Y85.587 E4037.20312
G1 X85.443 Y85.711 E4037.22797
G1 X85.596 Y85.688 E4037.24341
G1 X85.687 Y85.587 E4037.25697
G1 X85.998 Y85.474 E4037.28999
G1 X86.392 Y85.625 E4037.33209
G1 X86.497 Y85.627 E4037.34257
G1 X86.73 Y85.541 E4037.36735
G1 X87.037 Y85.652 E4037.39992
G1 X87.288 Y86.003 E4037.44298
G1 X87.361 Y86.337 E4037.47709
G1 X87.463 Y86.446 E4037.49199
G1 X87.767 Y86.513 E4037.52305
G1 X88.047 Y86.895 E4037.57031
G1 X88.176 Y86.952 E4037.58438
G1 X88.36 Y86.916 E4037.60309
G1 X88.627 Y86.706 E4037.63698
G1 X89.335 Y85.97 E4037.73888
G1 X89.772 Y85.791 E4037.78601
G1 X90.266 Y85.857 E4037.83573
G1 X90.457 Y85.797 E4037.85571
G1 X90.897 Y85.862 E4037.90009
G1 X91.163 Y86.092 E4037.93518
G1 X91.221 Y86.277 E4037.95452
G1 X91.358 Y86.37 E4037.97105
G1 X91.478 Y86.378 E4037.98305
G1 X91.585 Y86.326 E4037.99492
G1 X91.685 Y86.192 E4038.0116
G1 X92.001 Y86.066 E4038.04554
G1 F1500 E4031.54554
G0 F7200 X84.861 Y112.022
G1 F1500 E4038.04554
G1 F3600 X85.17 Y112.127 E4038.07811
G1 X85.323 Y112.26 E4038.09834
G1 X85.722 Y112.351 E4038.13917
G1 X85.942 Y112.652 E4038.17637
G1 X86.011 Y113.071 E4038.21874
G1 X85.825 Y113.701 E4038.28429
G1 X85.855 Y113.803 E4038.2949
G1 X85.961 Y113.917 E4038.31043
G1 X86.121 Y113.948 E4038.32669
G1 X86.208 Y113.913 E4038.33605
G1 X86.516 Y113.992 E4038.36777
G1 X86.642 Y114.117 E4038.38548
G1 X86.922 Y114.175 E4038.41402
G1 X87.14 Y114.442 E4038.44841
G1 X87.177 Y114.542 E4038.45905
G1 X87.327 Y114.625 E4038.47615
G1 X87.555 Y114.872 E4038.50969
G1 X87.61 Y115.22 E4038.54485
G1 X87.433 Y115.659 E4038.59208
G1 X87.305 Y115.805 E4038.61145
G1 X87.298 Y115.953 E4038.62624
G1 X87.439 Y116.105 E4038.64692
G1 X87.546 Y116.402 E4038.67842
G1 X87.424 Y116.724 E4038.71278
G1 X87.281 Y116.872 E4038.73332
G1 X87.271 Y116.984 E4038.74454
G1 X87.348 Y117.11 E4038.75927
G1 X87.405 Y117.454 E4038.79406
G1 X87.233 Y117.891 E4038.84092
G1 X87.046 Y118.082 E4038.86759
G1 X87.021 Y118.258 E4038.88533
G1 X87.142 Y118.568 E4038.91854
G1 X87.091 Y118.794 E4038.94165
G1 X87.378 Y119.537 E4039.02113
G1 X87.327 Y120.031 E4039.07068
G1 X87.398 Y120.243 E4039.09299
G1 X87.338 Y120.662 E4039.13523
G1 X87.122 Y120.919 E4039.16872
G1 X86.888 Y120.994 E4039.19324
G1 X86.811 Y121.076 E4039.20447
G1 X86.476 Y121.143 E4039.23855
G1 X86.109 Y120.979 E4039.27866
G1 X85.619 Y120.431 E4039.35201
G1 X85.49 Y120.38 E4039.36586
G1 X85.389 Y120.397 E4039.37607
G1 X85.053 Y120.245 E4039.41287
G1 X84.586 Y119.677 E4039.48624
G1 X84.506 Y119.426 E4039.51253
G1 X84.23 Y119.074 E4039.55716
G1 X84.164 Y118.863 E4039.57922
G1 X83.879 Y118.498 E4039.62543
G1 X83.418 Y118.347 E4039.67383
G1 X83.135 Y117.984 E4039.71976
G1 X82.947 Y117.31 E4039.78958
G1 X82.673 Y116.956 E4039.83424
G1 X82.616 Y116.671 E4039.86325
G1 X82.533 Y116.561 E4039.877
G1 X82.37 Y115.815 E4039.95319
G1 X82.428 Y115.663 E4039.96942
G1 X82.324 Y115.215 E4040.01531
G1 X82.387 Y114.995 E4040.03815
G1 X82.332 Y114.797 E4040.05865
G1 X82.368 Y114.578 E4040.0808
G1 X82.321 Y114.392 E4040.09994
G1 X82.378 Y113.999 E4040.13956
G1 X82.667 Y113.663 E4040.18378
G1 X82.717 Y113.477 E4040.203
G1 X82.941 Y113.167 E4040.24116
G1 X83.145 Y113.083 E4040.26318
G1 X83.407 Y112.72 E4040.30785
G1 X83.541 Y112.663 E4040.32238
G1 X83.772 Y112.365 E4040.36
G1 X84.092 Y112.238 E4040.39435
G1 X84.343 Y112.308 E4040.42035
G1 X84.441 Y112.271 E4040.4308
G1 X84.544 Y112.145 E4040.44704
G1 X84.861 Y112.022 E4040.48097
G1 F1500 E4033.98097
G0 F7200 X88.473 Y114.454
G1 F1500 E4040.48097
G1 F3600 X88.727 Y114.19 E4040.51752
G1 X89.138 Y114.095 E4040.55961
G1 X89.94 Y114.329 E4040.64298
G1 X90.293 Y114.582 E4040.68631
G1 X90.473 Y114.65 E4040.70551
G1 X90.831 Y114.98 E4040.75409
G1 X90.957 Y115.245 E4040.78337
G1 X91.305 Y115.582 E4040.83171
G1 X91.397 Y115.79 E4040.8544
G1 X91.531 Y115.953 E4040.87546
G1 X91.702 Y116.378 E4040.92117
G1 X91.65 Y116.751 E4040.95874
G1 X91.431 Y116.976 E4040.99007
G1 X91.074 Y117.033 E4041.02615
G1 X90.695 Y116.892 E4041.0665
G1 X90.383 Y116.94 E4041.09799
G1 X90.014 Y116.786 E4041.13789
G1 X89.788 Y116.806 E4041.16053
G1 X89.48 Y116.701 E4041.193
G1 X89.306 Y116.758 E4041.21127
G1 X89.041 Y116.687 E4041.23864
G1 X88.874 Y116.754 E4041.2566
G1 X88.582 Y116.657 E4041.2873
G1 X88.333 Y116.333 E4041.32807
G1 X88.257 Y115.893 E4041.37262
G1 X88.337 Y115.58 E4041.40486
G1 X88.227 Y115.042 E4041.45965
G1 X88.371 Y114.629 E4041.50329
G1 X88.473 Y114.454 E4041.52351
G1 F1500 E4035.02351
G0 F7200 X92.411 Y121.667
G1 F1500 E4041.52351
G1 F3600 X92.662 Y121.599 E4041.54945
G1 X92.994 Y121.734 E4041.58521
G1 X93.507 Y122.25 E4041.65782
G1 X93.604 Y122.568 E4041.69099
G1 X93.516 Y122.896 E4041.72487
G1 X93.276 Y123.136 E4041.75874
G1 X92.941 Y123.227 E4041.79338
G1 X92.617 Y123.127 E4041.82721
G1 X92.077 Y122.605 E4041.90215
G1 X91.964 Y122.331 E4041.93173
G1 X92.04 Y122.058 E4041.96
G1 X92.411 Y121.667 E4042.01378
G1 F1500 E4035.51378
G0 F7200 X92.936 Y163.02
G1 F1500 E4042.01378
G1 F3600 X93.273 Y163.108 E4042.04854
G1 X93.516 Y163.365 E4042.08383
G1 X93.603 Y163.677 E4042.11615
G1 X93.498 Y164.019 E4042.15185
G1 X92.989 Y164.542 E4042.22467
G1 X92.68 Y164.668 E4042.25796
G1 X92.421 Y164.593 E4042.28487
G1 X92.031 Y164.203 E4042.3399
G1 X91.963 Y163.957 E4042.36537
G1 X92.091 Y163.648 E4042.39874
G1 X92.595 Y163.122 E4042.47143
G1 X92.936 Y163.02 E4042.50694
G1 F1500 E4036.00694
G0 F7200 X91.72 Y169.282
G1 F1500 E4042.50694
G1 F3600 X91.959 Y169.509 E4042.53983
G1 X92.02 Y169.836 E4042.57302
G1 X91.845 Y170.237 E4042.61668
G1 X91.465 Y170.588 E4042.6683
G1 X91.396 Y170.733 E4042.68432
G1 X90.956 Y171.126 E4042.74319
G1 X90.911 Y171.211 E4042.75278
G1 X90.559 Y171.497 E4042.79804
G1 X90.454 Y171.527 E4042.80893
G1 X90.029 Y171.846 E4042.86196
G1 X89.64 Y171.942 E4042.90194
G1 X89.572 Y172.006 E4042.91125
G1 X89.464 Y172.376 E4042.94971
G1 X89.195 Y172.719 E4042.99321
G1 X88.858 Y172.859 E4043.02962
G1 X88.564 Y172.768 E4043.06033
G1 X88.317 Y172.448 E4043.10066
G1 X88.241 Y172.013 E4043.14472
G1 X88.368 Y171.439 E4043.20338
G1 X88.247 Y171.081 E4043.24109
G1 X88.314 Y170.732 E4043.27655
G1 X88.544 Y170.473 E4043.31111
G1 X88.843 Y170.373 E4043.34257
G1 X89.169 Y169.828 E4043.40594
G1 X89.491 Y169.445 E4043.45586
G1 X89.879 Y169.277 E4043.49805
G1 X90.204 Y169.34 E4043.53108
G1 X90.561 Y169.217 E4043.56876
G1 X91.039 Y169.312 E4043.61739
G1 X91.316 Y169.226 E4043.64633
G1 X91.72 Y169.282 E4043.68703
G1 F1500 E4037.18703
G0 F7200 X87.54 Y169.93
G1 F1500 E4043.68703
G1 F3600 X87.387 Y170.28 E4043.72514
G1 X87.032 Y170.571 E4043.77094
G1 X86.504 Y170.761 E4043.82693
G1 X85.943 Y170.942 E4043.88575
G1 X85.873 Y171.033 E4043.89721
G1 X85.863 Y171.172 E4043.91111
G1 X85.926 Y171.312 E4043.92643
G1 X86.045 Y171.395 E4043.94091
G1 X86.549 Y171.331 E4043.9916
G1 X87.026 Y171.416 E4044.03995
G1 X87.332 Y171.663 E4044.07918
G1 X87.431 Y171.962 E4044.11061
G1 X87.294 Y172.313 E4044.14821
G1 X87.325 Y172.482 E4044.16535
G1 X87.661 Y172.795 E4044.21117
G1 X87.823 Y173.163 E4044.25129
G1 X87.757 Y173.493 E4044.28487
G1 X87.507 Y173.709 E4044.31784
G1 X87.256 Y173.761 E4044.34341
G1 X87.005 Y174.021 E4044.37947
G1 X86.621 Y174.098 E4044.41855
G1 X86.561 Y174.152 E4044.42661
G1 X86.229 Y174.219 E4044.4604
G1 X86.03 Y174.166 E4044.48095
G1 X85.604 Y174.284 E4044.52506
G1 X85.277 Y174.141 E4044.56067
G1 X85.168 Y174.04 E4044.5755
G1 X84.976 Y174.057 E4044.59473
G1 X84.68 Y174.396 E4044.63963
G1 X84.349 Y174.459 E4044.67325
G1 X83.98 Y174.294 E4044.71359
G1 X83.762 Y174.064 E4044.74521
G1 X83.474 Y173.931 E4044.77686
G1 X83.303 Y173.75 E4044.8017
G1 X82.859 Y173.562 E4044.84982
G1 X82.538 Y173.172 E4044.90022
G1 X82.488 Y173.065 E4044.912
G1 X82.151 Y172.651 E4044.96527
G1 X82.041 Y172.266 E4045.00522
G1 X81.898 Y172.074 E4045.02911
G1 X81.797 Y171.618 E4045.07571
G1 X81.824 Y171.487 E4045.08905
G1 X81.767 Y171.137 E4045.12444
G1 X81.819 Y170.717 E4045.16667
G1 X81.79 Y170.538 E4045.18476
G1 X81.903 Y170.024 E4045.23727
G1 X81.911 Y169.932 E4045.24648
G1 X82.03 Y169.434 E4045.29757
G1 X82.318 Y169.038 E4045.34643
G1 X82.382 Y168.859 E4045.3654
G1 X82.668 Y168.479 E4045.41286
G1 X82.787 Y168.417 E4045.42624
G1 X83.155 Y167.908 E4045.48892
G1 X83.499 Y167.759 E4045.52632
G1 X83.711 Y167.754 E4045.54748
G1 X84.02 Y167.351 E4045.59815
G1 X84.163 Y167.292 E4045.61359
G1 X84.5 Y166.813 E4045.67203
G1 X84.835 Y166.676 E4045.70814
G1 X84.928 Y166.687 E4045.71748
G1 X85.405 Y166.467 E4045.7699
G1 X85.721 Y166.549 E4045.80247
G1 X85.942 Y166.848 E4045.83957
G1 X86.007 Y167.262 E4045.88139
G1 X85.808 Y167.924 E4045.95036
G1 X85.735 Y168.064 E4045.96612
G1 X85.749 Y168.187 E4045.97847
G1 X85.946 Y168.461 E4046.01214
G1 X85.987 Y168.674 E4046.03378
G1 X86.092 Y168.78 E4046.04867
G1 X86.214 Y168.808 E4046.06116
G1 X86.349 Y168.92 E4046.07866
G1 X86.768 Y168.981 E4046.12091
G1 X86.996 Y169.215 E4046.15351
G1 X87.032 Y169.312 E4046.16384
G1 X87.458 Y169.644 E4046.21773
G1 X87.54 Y169.93 E4046.24741
G1 F1500 E4039.74741
G0 F7200 X203.389 Y163.674
G1 F1500 E4046.24741
G1 F3600 X203.479 Y163.362 E4046.27981
G1 X203.727 Y163.099 E4046.31588
G1 X204.054 Y163.012 E4046.34965
G1 X204.386 Y163.106 E4046.38408
G1 X204.852 Y163.617 E4046.45308
G1 X205 Y163.976 E4046.49183
G1 X204.937 Y164.195 E4046.51457
G1 X204.571 Y164.565 E4046.5665
G1 X204.263 Y164.648 E4046.59832
G1 X204.03 Y164.55 E4046.62355
G1 X203.493 Y164.021 E4046.69876
G1 X203.389 Y163.674 E4046.73491
G1 F1500 E4040.23491
G0 F7200 X205.458 Y169.517
G1 F1500 E4046.73491
G1 F3600 X205.779 Y169.446 E4046.76771
G1 X206.025 Y169.55 E4046.79436
G1 X206.314 Y169.484 E4046.82394
G1 X206.482 Y169.524 E4046.84117
G1 X206.66 Y169.46 E4046.86004
G1 X206.816 Y169.48 E4046.87574
G1 X207.156 Y169.333 E4046.9127
G1 X207.335 Y169.365 E4046.93084
G1 X207.74 Y169.215 E4046.97393
G1 X208.104 Y169.271 E4047.01068
G1 X208.328 Y169.516 E4047.04381
G1 X208.385 Y169.857 E4047.0783
G1 X208.209 Y170.296 E4047.1255
G1 X207.854 Y170.663 E4047.17644
G1 X207.5 Y171.047 E4047.22856
G1 X207.271 Y171.162 E4047.25413
G1 X207.217 Y171.278 E4047.26689
G1 X207.24 Y171.405 E4047.27977
G1 X207.958 Y172.13 E4047.38158
G1 X208.125 Y172.526 E4047.42447
G1 X208.068 Y172.887 E4047.46093
G1 X207.842 Y173.107 E4047.4924
G1 X207.47 Y173.162 E4047.52993
G1 X207.022 Y172.978 E4047.57825
G1 X206.274 Y172.226 E4047.68408
G1 X206.253 Y172.216 E4047.68641
G1 X205.743 Y171.7 E4047.7588
G1 X205.378 Y171.162 E4047.82367
G1 X205.214 Y170.729 E4047.86987
G1 X205.252 Y170.44 E4047.89895
G1 X205.181 Y170.205 E4047.92345
G1 X205.239 Y169.797 E4047.96457
G1 X205.458 Y169.517 E4048.00004
G1 F1500 E4041.50004
G0 F7200 X209.215 Y170.025
G1 F1500 E4048.00004
G1 F3600 X209.227 Y169.933 E4048.00929
G1 X209.448 Y169.65 E4048.04512
G1 X209.69 Y169.557 E4048.07099
G1 X209.955 Y169.178 E4048.11713
G1 X210.145 Y169.122 E4048.1369
G1 X210.244 Y169.021 E4048.15101
G1 X210.561 Y168.899 E4048.1849
G1 X211.042 Y169.054 E4048.23533
G1 X211.359 Y168.938 E4048.26901
G1 X211.672 Y169.049 E4048.30215
G1 X211.857 Y169.244 E4048.32897
G1 X212.296 Y169.36 E4048.37427
G1 X212.433 Y169.324 E4048.38841
G1 X212.486 Y169.266 E4048.39625
G1 X212.627 Y168.856 E4048.43951
G1 X212.931 Y168.468 E4048.48869
G1 X213.273 Y168.319 E4048.52591
G1 X213.588 Y168.4 E4048.55837
G1 X213.806 Y168.7 E4048.59537
G1 X213.843 Y168.838 E4048.60963
G1 X214.032 Y169.074 E4048.63979
G1 X214.074 Y169.263 E4048.65911
G1 X214.359 Y169.575 E4048.70128
G1 X214.432 Y169.939 E4048.73832
G1 X214.489 Y169.999 E4048.74658
G1 X214.555 Y170.316 E4048.77889
G1 X214.509 Y170.447 E4048.79274
G1 X214.646 Y170.892 E4048.8392
G1 X214.561 Y171.12 E4048.86348
G1 X214.606 Y171.301 E4048.88209
G1 X214.489 Y171.662 E4048.91995
G1 X214.42 Y172.106 E4048.96479
G1 X214.346 Y172.2 E4048.97673
G1 X214.292 Y172.507 E4049.00783
G1 X214.051 Y172.772 E4049.04357
G1 X214.021 Y172.974 E4049.06395
G1 X213.805 Y173.222 E4049.09676
G1 X213.694 Y173.278 E4049.10917
G1 X213.454 Y173.584 E4049.14797
G1 X213.15 Y173.667 E4049.17941
G1 X212.832 Y173.528 E4049.21404
G1 X212.643 Y173.585 E4049.23374
G1 X212.565 Y173.891 E4049.26525
G1 X212.35 Y174.139 E4049.298
G1 X212.022 Y174.2 E4049.33129
G1 X211.897 Y174.172 E4049.34407
G1 X211.548 Y174.267 E4049.38016
G1 X211.31 Y174.172 E4049.40573
G1 X210.985 Y174.274 E4049.43972
G1 X210.651 Y174.147 E4049.47537
G1 X210.505 Y174.16 E4049.49
G1 X210.203 Y174.045 E4049.52224
G1 X210.071 Y173.92 E4049.54038
G1 X209.68 Y173.812 E4049.58086
G1 X209.565 Y173.674 E4049.59878
G1 X209.412 Y173.618 E4049.61504
G1 X209.11 Y173.293 E4049.65931
G1 X209.054 Y172.898 E4049.69911
G1 X209.232 Y172.393 E4049.75254
G1 X209.232 Y172.34 E4049.75783
G1 X209.45 Y171.776 E4049.81816
G1 X209.442 Y171.695 E4049.82629
G1 X209.572 Y171.315 E4049.86636
G1 X209.561 Y171.228 E4049.87511
G1 X209.336 Y170.811 E4049.92239
G1 X209.173 Y170.332 E4049.97288
G1 X209.215 Y170.025 E4050.00379
G1 F1500 E4043.50379
G0 F7200 X204.053 Y123.223
G1 F1500 E4050.00379
G1 F3600 X203.74 Y123.137 E4050.03618
G1 X203.48 Y122.88 E4050.07266
G1 X203.396 Y122.561 E4050.10557
G1 X203.497 Y122.233 E4050.13982
G1 X204.012 Y121.693 E4050.21428
G1 X204.314 Y121.568 E4050.24689
G1 X204.6 Y121.647 E4050.27649
G1 X204.969 Y122.038 E4050.33014
G1 X205.036 Y122.269 E4050.35414
G1 X204.901 Y122.608 E4050.39055
G1 X204.396 Y123.119 E4050.46223
G1 X204.053 Y123.223 E4050.498
G1 F1500 E4043.998
G0 F7200 X209.644 Y121.2
G1 F1500 E4050.498
G1 F3600 X209.591 Y120.866 E4050.53174
G1 X209.724 Y120.496 E4050.57097
G1 X209.658 Y120.182 E4050.60299
G1 X209.828 Y119.783 E4050.64626
G1 X209.813 Y119.683 E4050.65635
G1 X209.914 Y119.373 E4050.68888
G1 X209.86 Y119.227 E4050.70442
G1 X209.895 Y119.076 E4050.71988
G1 X209.818 Y118.88 E4050.7409
G1 X209.943 Y118.486 E4050.78214
G1 X209.891 Y118.288 E4050.80257
G1 X209.948 Y117.947 E4050.83706
G1 X210.119 Y117.756 E4050.86264
G1 X210.144 Y117.584 E4050.87999
G1 X210.05 Y117.469 E4050.89481
G1 X209.863 Y117.387 E4050.91518
G1 X209.543 Y117.005 E4050.9649
G1 X209.469 Y116.788 E4050.98778
G1 X209.321 Y116.643 E4051.00845
G1 X209.219 Y116.616 E4051.01898
G1 X208.803 Y116.757 E4051.06281
G1 X208.695 Y116.732 E4051.07387
G1 X208.363 Y116.802 E4051.10773
G1 X208.075 Y116.674 E4051.13917
G1 X207.779 Y116.757 E4051.16985
G1 X207.619 Y116.7 E4051.1868
G1 X207.409 Y116.764 E4051.2087
G1 X207.285 Y116.732 E4051.22148
G1 X206.915 Y116.863 E4051.26064
G1 X206.67 Y116.834 E4051.28526
G1 X206.332 Y116.965 E4051.32143
G1 X206 Y116.912 E4051.35498
G1 X205.752 Y116.664 E4051.38997
G1 X205.701 Y116.492 E4051.40787
G1 X205.362 Y116.202 E4051.45239
G1 X205.294 Y115.89 E4051.48425
G1 X205.458 Y115.524 E4051.52427
G1 X205.816 Y115.194 E4051.57285
G1 X205.987 Y115.135 E4051.5909
G1 X206.38 Y114.821 E4051.64109
G1 X206.553 Y114.746 E4051.65991
G1 X206.916 Y114.441 E4051.70722
G1 X207.188 Y114.36 E4051.73553
G1 X207.277 Y114.275 E4051.74781
G1 X207.356 Y113.999 E4051.77646
G1 X207.647 Y113.621 E4051.82406
G1 X207.985 Y113.48 E4051.8606
G1 X208.299 Y113.567 E4051.89311
G1 X208.393 Y113.558 E4051.90253
G1 X208.498 Y113.475 E4051.91589
G1 X208.817 Y113.358 E4051.94979
G1 X209.125 Y113.471 E4051.98253
G1 X209.339 Y113.763 E4052.01865
G1 X209.414 Y113.807 E4052.02733
G1 X209.618 Y113.775 E4052.04793
G1 X209.959 Y113.833 E4052.08244
G1 X210.178 Y114.087 E4052.11591
G1 X210.234 Y114.458 E4052.15335
G1 X210.069 Y114.903 E4052.2007
G1 X209.776 Y115.241 E4052.24534
G1 X209.748 Y115.334 E4052.25503
G1 X209.788 Y115.466 E4052.26879
G1 X210.086 Y115.618 E4052.30217
G1 X210.6 Y116.139 E4052.3752
G1 X210.838 Y116.87 E4052.4519
G1 X210.921 Y116.945 E4052.46307
G1 X211.164 Y116.95 E4052.48732
G1 X211.228 Y116.903 E4052.49524
G1 X211.426 Y116.379 E4052.55113
G1 X211.532 Y116.208 E4052.57121
G1 X211.55 Y116.06 E4052.58608
G1 X211.237 Y115.634 E4052.63883
G1 X210.941 Y114.639 E4052.74241
G1 X211.01 Y114.223 E4052.78449
G1 X211.229 Y113.92 E4052.82179
G1 X211.544 Y113.839 E4052.85425
G1 X211.895 Y113.989 E4052.89233
G1 X211.959 Y114.052 E4052.90129
G1 X212.476 Y114.189 E4052.95466
G1 X212.577 Y114.139 E4052.96591
G1 X212.87 Y113.732 E4053.01594
G1 X212.94 Y113.523 E4053.03794
G1 X213.243 Y113.136 E4053.08698
G1 X213.585 Y112.987 E4053.1242
G1 X213.9 Y113.068 E4053.15666
G1 X214.117 Y113.368 E4053.1936
G1 X214.155 Y113.554 E4053.21254
G1 X214.349 Y113.802 E4053.24396
G1 X214.417 Y114.21 E4053.28523
G1 X214.531 Y114.34 E4053.30248
G1 X214.634 Y115.11 E4053.38
G1 X214.553 Y115.3 E4053.40061
G1 X214.555 Y115.403 E4053.41089
G1 X214.66 Y115.67 E4053.43952
G1 X214.492 Y116.246 E4053.49938
G1 X214.436 Y116.305 E4053.5075
G1 X214.368 Y116.655 E4053.54308
G1 X214.194 Y116.824 E4053.56728
G1 X214.126 Y117.103 E4053.59593
G1 X213.975 Y117.296 E4053.62038
G1 X213.942 Y117.486 E4053.63963
G1 X213.508 Y118.05 E4053.71064
G1 X213.007 Y118.166 E4053.76195
G1 X212.889 Y118.319 E4053.78123
G1 X212.729 Y119.079 E4053.85872
G1 X212.521 Y119.362 E4053.89377
G1 X212.442 Y119.623 E4053.92098
G1 X212.158 Y119.98 E4053.9665
G1 X211.921 Y120.092 E4053.99265
G1 X211.568 Y120.532 E4054.04894
G1 X211.515 Y120.581 E4054.05614
G1 X211.137 Y121.004 E4054.11274
G1 X210.895 Y121.107 E4054.13899
G1 X210.666 Y121.33 E4054.17088
G1 X210.231 Y121.508 E4054.21778
G1 X209.897 Y121.453 E4054.25155
G1 X209.644 Y121.2 E4054.28725
G1 F1500 E4047.78725
G0 F7200 X211.459 Y90.883
G1 F1500 E4054.28725
G1 F3600 X211.164 Y90.795 E4054.31797
G1 X210.981 Y90.61 E4054.34394
G1 X210.882 Y90.602 E4054.35385
G1 X210.505 Y90.742 E4054.39397
G1 X210.208 Y90.626 E4054.42579
G1 X210.085 Y90.504 E4054.44308
G1 X209.686 Y90.392 E4054.48443
G1 X209.573 Y90.254 E4054.50222
G1 X209.412 Y90.197 E4054.51927
G1 X209.114 Y89.874 E4054.56312
G1 X209.058 Y89.478 E4054.60302
G1 X209.232 Y89.001 E4054.65368
G1 X209.45 Y88.356 E4054.72162
G1 X209.443 Y88.27 E4054.73023
G1 X209.571 Y87.847 E4054.77433
G1 X209.332 Y87.387 E4054.82605
G1 X209.173 Y86.912 E4054.87603
G1 X209.227 Y86.513 E4054.91621
G1 X209.449 Y86.23 E4054.9521
G1 X209.677 Y86.147 E4054.97631
G1 X209.955 Y85.755 E4055.02426
G1 X210.136 Y85.702 E4055.04308
G1 X210.243 Y85.599 E4055.0579
G1 X210.566 Y85.477 E4055.09235
G1 X210.872 Y85.587 E4055.12479
G1 X211.113 Y85.856 E4055.16083
G1 X211.255 Y85.847 E4055.17503
G1 X211.44 Y85.631 E4055.20341
G1 X211.755 Y85.517 E4055.23683
G1 X212.065 Y85.631 E4055.26979
G1 X212.232 Y85.798 E4055.29335
G1 X212.378 Y85.807 E4055.30795
G1 X212.478 Y85.764 E4055.31881
G1 X212.623 Y85.428 E4055.35533
G1 X212.927 Y85.04 E4055.40451
G1 X213.269 Y84.891 E4055.44173
G1 X213.58 Y84.972 E4055.4738
G1 X213.8 Y85.27 E4055.51076
G1 X213.834 Y85.413 E4055.52542
G1 X214.024 Y85.65 E4055.55573
G1 X214.065 Y85.829 E4055.57406
G1 X214.355 Y86.147 E4055.617
G1 X214.4 Y86.439 E4055.64648
G1 X214.489 Y86.569 E4055.6622
G1 X214.555 Y86.888 E4055.6947
G1 X214.505 Y87.069 E4055.71344
G1 X214.642 Y87.465 E4055.75525
G1 X214.56 Y87.722 E4055.78217
G1 X214.607 Y87.874 E4055.79804
G1 X214.493 Y88.236 E4055.83591
G1 X214.421 Y88.679 E4055.8807
G1 X214.347 Y88.771 E4055.89248
G1 X214.295 Y89.082 E4055.92394
G1 X214.055 Y89.334 E4055.95866
G1 X214.023 Y89.548 E4055.98025
G1 X213.811 Y89.793 E4056.01258
G1 X213.704 Y89.848 E4056.02458
G1 X213.459 Y90.156 E4056.06385
G1 X213.151 Y90.241 E4056.09574
G1 X213.014 Y90.24 E4056.10941
G1 X212.772 Y90.505 E4056.14521
G1 X212.357 Y90.604 E4056.18779
G1 X211.935 Y90.801 E4056.23425
G1 X211.821 Y90.762 E4056.24628
G1 X211.459 Y90.883 E4056.28436
G1 F1500 E4049.78436
G0 F7200 X208.072 Y89.467
G1 F1500 E4056.28436
G1 F3600 X207.846 Y89.687 E4056.31583
G1 X207.474 Y89.742 E4056.35335
G1 X207.026 Y89.558 E4056.40168
G1 X206.277 Y88.805 E4056.50765
G1 X206.256 Y88.796 E4056.50993
G1 X205.743 Y88.28 E4056.58254
G1 X205.378 Y87.741 E4056.64749
G1 X205.214 Y87.305 E4056.69397
G1 X205.252 Y87.016 E4056.72305
G1 X205.181 Y86.782 E4056.74745
G1 X205.242 Y86.373 E4056.78871
G1 X205.459 Y86.092 E4056.82414
G1 X205.778 Y86.022 E4056.85673
G1 X206.025 Y86.13 E4056.88363
G1 X206.313 Y86.062 E4056.91315
G1 X206.483 Y86.104 E4056.93063
G1 X206.662 Y86.037 E4056.9497
G1 X206.816 Y86.056 E4056.96518
G1 X207.155 Y85.913 E4057.00189
G1 X207.335 Y85.945 E4057.02013
G1 X207.741 Y85.794 E4057.06335
G1 X208.108 Y85.848 E4057.10037
G1 X208.328 Y86.091 E4057.13308
G1 X208.385 Y86.437 E4057.16807
G1 X208.209 Y86.876 E4057.21526
G1 X207.864 Y87.229 E4057.26451
G1 X207.5 Y87.623 E4057.31803
G1 X207.3 Y87.712 E4057.33987
G1 X207.217 Y87.855 E4057.35637
G1 X207.242 Y87.983 E4057.36939
G1 X207.959 Y88.71 E4057.47127
G1 X208.129 Y89.107 E4057.51436
G1 X208.072 Y89.467 E4057.55073
G1 F1500 E4051.05073
G0 F7200 X204.567 Y81.141
G1 F1500 E4057.55073
G1 F3600 X204.262 Y81.228 E4057.58238
G1 X204.034 Y81.131 E4057.6071
G1 X203.497 Y80.6 E4057.68245
G1 X203.389 Y80.25 E4057.719
G1 X203.479 Y79.943 E4057.75092
G1 X203.728 Y79.679 E4057.78714
G1 X204.054 Y79.588 E4057.82091
G1 X204.386 Y79.685 E4057.85542
G1 X204.852 Y80.197 E4057.9245
G1 X205 Y80.553 E4057.96297
G1 X204.937 Y80.77 E4057.98551
G1 X204.567 Y81.141 E4058.0378
G1 F1500 E4051.5378
G0 F7200 X204.053 Y39.803
G1 F1500 E4058.0378
G1 F3600 X203.741 Y39.717 E4058.07009
G1 X203.48 Y39.456 E4058.10692
G1 X203.397 Y39.141 E4058.13942
G1 X203.498 Y38.813 E4058.17367
G1 X204.012 Y38.269 E4058.24834
G1 X204.314 Y38.147 E4058.28084
G1 X204.601 Y38.223 E4058.31047
G1 X204.969 Y38.618 E4058.36433
G1 X205.036 Y38.849 E4058.38833
G1 X204.901 Y39.184 E4058.42437
G1 X204.396 Y39.699 E4058.49634
G1 X204.053 Y39.803 E4058.53211
G1 F1500 E4052.03211
G0 F7200 X209.644 Y37.78
G1 F1500 E4058.53211
G1 F3600 X209.591 Y37.445 E4058.56595
G1 X209.724 Y37.089 E4058.60387
G1 X209.658 Y36.758 E4058.63755
G1 X209.824 Y36.357 E4058.68085
G1 X209.809 Y36.267 E4058.68995
G1 X209.902 Y35.98 E4058.72006
G1 X209.86 Y35.865 E4058.73227
G1 X209.903 Y35.66 E4058.75317
G1 X209.818 Y35.46 E4058.77486
G1 X209.944 Y35.036 E4058.81899
G1 X209.891 Y34.867 E4058.83667
G1 X209.948 Y34.524 E4058.87136
G1 X210.099 Y34.36 E4058.8936
G1 X210.151 Y34.207 E4058.90973
G1 X210.058 Y34.053 E4058.92768
G1 X209.864 Y33.967 E4058.94885
G1 X209.542 Y33.581 E4058.99901
G1 X209.457 Y33.349 E4059.02366
G1 X209.322 Y33.219 E4059.04236
G1 X209.22 Y33.191 E4059.05292
G1 X208.798 Y33.335 E4059.09741
G1 X208.693 Y33.312 E4059.10813
G1 X208.363 Y33.378 E4059.14171
G1 X208.075 Y33.254 E4059.173
G1 X207.778 Y33.334 E4059.20369
G1 X207.547 Y33.286 E4059.22723
G1 X207.412 Y33.343 E4059.24186
G1 X207.288 Y33.308 E4059.25471
G1 X206.916 Y33.442 E4059.29416
G1 X206.669 Y33.41 E4059.31902
G1 X206.333 Y33.545 E4059.35515
G1 X206 Y33.489 E4059.38884
G1 X205.751 Y33.239 E4059.42405
G1 X205.679 Y33.047 E4059.44451
G1 X205.361 Y32.782 E4059.48581
G1 X205.294 Y32.466 E4059.51804
G1 X205.458 Y32.1 E4059.55806
G1 X205.817 Y31.772 E4059.60658
G1 X205.986 Y31.711 E4059.62451
G1 X206.378 Y31.399 E4059.6745
G1 X206.529 Y31.343 E4059.69057
G1 X206.917 Y31.017 E4059.74114
G1 X207.223 Y30.914 E4059.77335
G1 X207.277 Y30.852 E4059.78156
G1 X207.355 Y30.579 E4059.80989
G1 X207.647 Y30.2 E4059.85763
G1 X207.985 Y30.057 E4059.89425
G1 X208.299 Y30.147 E4059.92684
G1 X208.393 Y30.138 E4059.93626
G1 X208.501 Y30.051 E4059.9501
G1 X208.815 Y29.937 E4059.98343
G1 X209.125 Y30.051 E4060.01639
G1 X209.339 Y30.343 E4060.05251
G1 X209.514 Y30.393 E4060.07067
G1 X209.619 Y30.355 E4060.08181
G1 X209.96 Y30.41 E4060.11628
G1 X210.178 Y30.662 E4060.14953
G1 X210.23 Y31.041 E4060.1877
G1 X210.065 Y31.484 E4060.23487
G1 X209.779 Y31.822 E4060.27904
G1 X209.752 Y31.944 E4060.29151
G1 X209.792 Y32.045 E4060.30235
G1 X210.09 Y32.198 E4060.33578
G1 X210.6 Y32.715 E4060.40824
G1 X210.799 Y33.338 E4060.4735
G1 X210.737 Y33.772 E4060.51724
G1 X210.58 Y33.965 E4060.54207
G1 X210.542 Y34.142 E4060.56013
G1 X210.641 Y34.269 E4060.5762
G1 X210.968 Y34.403 E4060.61146
G1 X211.167 Y34.586 E4060.63843
G1 X211.523 Y34.737 E4060.67702
G1 X211.691 Y34.693 E4060.69435
G1 X211.841 Y34.347 E4060.73198
G1 X211.845 Y34.223 E4060.74435
G1 X211.5 Y33.847 E4060.79527
G1 X211.447 Y33.509 E4060.82941
G1 X211.619 Y33.091 E4060.87451
G1 X211.908 Y32.762 E4060.91821
G1 X211.913 Y32.637 E4060.93069
G1 X211.87 Y32.558 E4060.93966
G1 X211.692 Y32.461 E4060.95989
G1 X211.352 Y32.083 E4061.01062
G1 X211.311 Y31.97 E4061.02261
G1 X211.163 Y31.803 E4061.04488
G1 X210.953 Y31.181 E4061.11038
G1 X211.011 Y30.777 E4061.15111
G1 X211.23 Y30.493 E4061.18689
G1 X211.546 Y30.426 E4061.21913
G1 X212.027 Y30.661 E4061.27254
G1 X212.264 Y30.625 E4061.29646
G1 X212.446 Y30.698 E4061.31603
G1 X212.608 Y30.655 E4061.33275
G1 X212.872 Y30.312 E4061.37594
G1 X212.941 Y30.102 E4061.398
G1 X213.243 Y29.712 E4061.44721
G1 X213.585 Y29.563 E4061.48444
G1 X213.9 Y29.644 E4061.51689
G1 X214.117 Y29.946 E4061.554
G1 X214.152 Y30.117 E4061.57141
G1 X214.373 Y30.396 E4061.60693
G1 X214.439 Y30.803 E4061.64807
G1 X214.531 Y30.918 E4061.66276
G1 X214.635 Y31.686 E4061.74009
G1 X214.552 Y31.972 E4061.76981
G1 X214.66 Y32.253 E4061.79985
G1 X214.49 Y32.825 E4061.85939
G1 X214.435 Y32.885 E4061.86751
G1 X214.368 Y33.231 E4061.90267
G1 X214.19 Y33.423 E4061.9288
G1 X214.146 Y33.672 E4061.95403
G1 X214.005 Y33.85 E4061.97669
G1 X213.967 Y34.048 E4061.9968
G1 X213.736 Y34.347 E4062.0345
G1 X213.579 Y34.413 E4062.0515
G1 X213.351 Y34.692 E4062.08745
G1 X213.173 Y34.839 E4062.11048
G1 X213.114 Y35.094 E4062.1366
G1 X212.915 Y35.365 E4062.17015
G1 X212.846 Y35.602 E4062.19478
G1 X212.533 Y35.998 E4062.24514
G1 X212.47 Y36.21 E4062.26721
G1 X212.186 Y36.564 E4062.3125
G1 X211.934 Y36.69 E4062.34061
G1 X211.574 Y37.152 E4062.39905
G1 X211.533 Y37.259 E4062.41048
G1 X211.207 Y37.626 E4062.45946
G1 X210.786 Y37.813 E4062.50543
G1 X210.669 Y37.908 E4062.52047
G1 X210.231 Y38.085 E4062.5676
G1 X209.896 Y38.032 E4062.60145
G1 X209.644 Y37.78 E4062.63701
G1 F1500 E4056.13701
;MESH:manette_front-Body_(Meshed).stl(1)
G0 F7200 X208.07 Y37.78
G0 X207.5 Y36.7
;TYPE:WALL-INNER
G1 F1500 E4062.63701
G1 F3600 X207.5 Y82.7 E4067.2269
G1 F3538.1 X207.493 Y82.874 E4067.24458
G0 F7200 X207.197 Y83.397
G1 F3654.8 X206.674 Y83.693 E4067.30365
G1 X207.514 Y83.714 E4067.38623
G1 F3664.1 X207.493 Y82.874 E4067.46861
G1 X207.197 Y83.397 E4067.52752
G0 F7200 X206.924 Y83.124
G1 F3600 X206.589 Y83.3 E4067.56528
G1 X90.5 Y83.3 E4079.14869
G1 X90.075 Y83.125 E4079.19455
G1 X89.9 Y82.789 E4079.23235
G1 X89.9 Y36.7 E4083.83113
G1 X90.075 Y36.275 E4083.87699
G1 X90.411 Y36.1 E4083.91479
G1 X206.5 Y36.1 E4095.4982
G1 X206.924 Y36.276 E4095.54401
G1 X207.1 Y36.7 E4095.58981
G1 X207.1 Y82.789 E4100.18859
G1 X206.924 Y83.124 E4100.22635
G0 F7200 X206.674 Y83.693
G1 F3529.4 X206.5 Y83.7 E4100.24407
G1 F3600 X90.5 Y83.7 E4111.8186
G0 F7200 X89.803 Y83.397
G1 F3654.8 X89.507 Y82.874 E4111.87766
G1 X89.486 Y83.714 E4111.96025
G1 F3730.6 X90.5 Y83.7 E4112.05789
G1 X89.803 Y83.397 E4112.13107
G0 F7200 X89.507 Y82.874
G1 F3529.4 X89.5 Y82.7 E4112.1488
G1 F3600 X89.5 Y36.7 E4116.7387
G0 F7200 X89.803 Y36.003
G1 F3654.8 X90.326 Y35.707 E4116.79776
G1 X89.486 Y35.686 E4116.88034
G1 F3730.6 X89.5 Y36.7 E4116.97799
G1 X89.803 Y36.003 E4117.05117
G0 F7200 X90.326 Y35.707
G1 F3529.4 X90.5 Y35.7 E4117.06889
G1 F3600 X206.5 Y35.7 E4128.64342
G0 F7200 X207.197 Y36.003
G1 F3730.6 X207.5 Y36.7 E4128.7166
G1 X207.514 Y35.686 E4128.81425
G1 X206.5 Y35.7 E4128.91189
G1 X207.197 Y36.003 E4128.98507
G0 F7200 X207.197 Y35.791
G0 X207.62 Y83.821
G0 X207.9 Y84.1
G1 F3600 X207.9 Y35.3 E4133.85435
G1 X89.101 Y35.301 E4145.70817
G1 X89.101 Y84.099 E4150.57725
G1 X207.9 Y84.1 E4162.43106
G0 F7200 X208.3 Y84.5
;TYPE:WALL-OUTER
G92 E0
G1 F1800 X208.3 Y34.9 E4.94911
G1 X88.701 Y34.901 E16.88274
G1 X88.701 Y84.499 E21.83165
G1 X208.3 Y84.5 E33.76529
G0 F7200 X208.3 Y84.3
G0 X207.62 Y83.821
G0 X207.41 Y82.735
G0 X206.698 Y82.735
G1 F1800 X206.642 Y82.842 E33.77734
G1 X206.535 Y82.898 E33.78939
G1 X90.5 Y82.9 E45.36741
G1 X90.358 Y82.842 E45.38272
G1 X90.302 Y82.735 E45.39477
G1 X90.3 Y36.7 E49.98816
G1 X90.358 Y36.558 E50.00346
G1 X90.465 Y36.502 E50.01551
G1 X206.5 Y36.5 E61.59353
G1 X206.642 Y36.558 E61.60884
G1 X206.7 Y36.7 E61.62414
G1 X206.698 Y82.735 E66.21753
G0 F7200 X206.642 Y82.842
G0 X206.573 Y82.878
G1 F1500 E59.71753
;MESH:manette_front-Body_(Meshed).stl
G0 F7200 X206.573 Y83.611
G0 X206.5 Y85.366
G0 X206.5 Y117.458
G0 X206.5 Y118.553
G0 X206.5 Y119.12
;TYPE:WALL-INNER
G1 F1500 E66.21753
G1 F3600 X90.5 Y119.12 E77.79206
G1 F3529.4 X90.326 Y119.127 E77.80978
G0 F7200 X89.803 Y119.423
G1 F3654.8 X90.326 Y119.127 E77.86885
G1 X89.486 Y119.106 E77.95143
G1 F3730.6 X89.5 Y120.12 E78.04908
G1 X89.803 Y119.423 E78.12226
G0 F7200 X89.5 Y120.12
G1 F3600 X89.5 Y166.12 E82.71215
G1 F3529.4 X89.507 Y166.294 E82.72988
G0 F7200 X89.803 Y166.817
G1 F3654.8 X89.507 Y166.294 E82.78894
G1 X89.486 Y167.134 E82.87153
G1 F3730.6 X90.5 Y167.12 E82.96917
G1 X89.803 Y166.817 E83.04235
G0 F7200 X90.5 Y167.12
G1 F3600 X206.5 Y167.12 E94.61688
G1 F3529.4 X206.674 Y167.113 E94.6346
G0 F7200 X207.197 Y166.817
G1 F3654.8 X206.674 Y167.113 E94.69367
G1 X207.514 Y167.134 E94.77625
G1 F3664.1 X207.493 Y166.294 E94.85862
G1 X207.197 Y166.817 E94.91754
G0 F7200 X206.924 Y166.544
G1 F3600 X206.589 Y166.72 E94.9553
G1 X90.5 Y166.72 E106.5387
G1 X90.075 Y166.545 E106.58457
G1 X89.9 Y166.209 E106.62237
G1 X89.9 Y120.12 E111.22115
G1 X90.075 Y119.695 E111.26701
G1 X90.411 Y119.52 E111.30481
G1 X206.5 Y119.52 E122.88822
G1 X206.924 Y119.696 E122.93402
G1 X207.1 Y120.12 E122.97983
G1 X207.1 Y166.209 E127.57861
G1 X206.924 Y166.544 E127.61637
G0 F7200 X207.493 Y166.294
G1 F3538.1 X207.5 Y166.12 E127.63405
G1 F3600 X207.5 Y120.12 E132.22395
G0 F7200 X207.197 Y119.423
G1 F3730.6 X207.5 Y120.12 E132.29713
G1 X207.514 Y119.106 E132.39477
G1 X206.5 Y119.12 E132.49242
G1 X207.197 Y119.423 E132.5656
G0 F7200 X207.197 Y119.213
G0 X207.62 Y167.243
G0 X207.9 Y167.52
G1 F3600 X207.9 Y118.72 E137.43488
G1 X89.101 Y118.721 E149.28869
G1 X89.101 Y167.519 E154.15778
G1 X207.9 Y167.52 E166.01159
G0 F7200 X208.3 Y167.92
;TYPE:WALL-OUTER
G1 F1800 X208.3 Y118.32 E170.9607
G1 X88.701 Y118.321 E182.89433
G1 X88.701 Y167.919 E187.84324
G1 X208.3 Y167.92 E199.77688
G0 F7200 X208.3 Y167.72
G0 X207.62 Y167.243
G0 X207.41 Y166.155
G0 X206.698 Y166.155
G1 F1800 X206.642 Y166.262 E199.78893
G1 X206.535 Y166.318 E199.80098
G1 X90.5 Y166.32 E211.379
G1 X90.358 Y166.262 E211.3943
G1 X90.302 Y166.155 E211.40635
G1 X90.3 Y120.12 E215.99975
G1 X90.358 Y119.978 E216.01505
G1 X90.465 Y119.922 E216.0271
G1 X206.5 Y119.92 E227.60512
G1 X206.642 Y119.978 E227.62043
G1 X206.7 Y120.12 E227.63573
G1 X206.698 Y166.155 E232.22912
G0 F7200 X206.642 Y166.262
G0 X206.573 Y166.298
G1 F1500 E225.72912
;MESH:NONMESH
G0 F600 X206.573 Y166.298 Z6.2
G0 F7200 X206.573 Y167.033
G0 X206.938 Y119.685
G0 X88.924 Y118.547
G0 X88.924 Y117.458
G0 X82.208 Y30.202
;TIME_ELAPSED:5228.825357
;LAYER:10
;TYPE:SUPPORT
G1 F1500 E232.22912
G1 F3600 X82.37 Y29.986 E232.25606
G1 X82.562 Y29.93 E232.27602
G1 X82.619 Y29.867 E232.2845
G1 X82.67 Y29.634 E232.3083
G1 X82.853 Y29.368 E232.34051
G1 X83.15 Y29.275 E232.37156
G1 X83.435 Y28.888 E232.41952
G1 X83.686 Y28.791 E232.44637
G1 X83.868 Y28.84 E232.46518
G1 X84.02 Y28.756 E232.48251
G1 X84.184 Y28.51 E232.51201
G1 X84.529 Y28.398 E232.5482
G1 X84.63 Y28.3 E232.56224
G1 X84.878 Y28.2 E232.58892
G1 X85.117 Y28.293 E232.61451
G1 X85.28 Y28.524 E232.64272
G1 X85.458 Y28.577 E232.66125
G1 X85.628 Y28.503 E232.67975
G1 X85.874 Y28.559 E232.70493
G1 X86.036 Y28.781 E232.73235
G1 X86.083 Y29.133 E232.76778
G1 X85.934 Y29.598 E232.81651
G1 X85.951 Y29.81 E232.83773
G1 X85.884 Y30.023 E232.86001
G1 X85.93 Y30.152 E232.87367
G1 X86.031 Y30.24 E232.88704
G1 X86.16 Y30.262 E232.9001
G1 X86.426 Y30.15 E232.9289
G1 X86.671 Y30.204 E232.95393
G1 X86.81 Y30.354 E232.97433
G1 X87.137 Y30.416 E233.00754
G1 X87.3 Y30.628 E233.03423
G1 X87.335 Y30.864 E233.05803
G1 X87.433 Y30.975 E233.07281
G1 X87.684 Y31.016 E233.09818
G1 X87.865 Y31.194 E233.12351
G1 X87.966 Y31.562 E233.16159
G1 X88.18 Y31.632 E233.18406
G1 X88.292 Y31.59 E233.19599
G1 X88.588 Y31.117 E233.25167
G1 X88.802 Y30.905 E233.28173
G1 X89.152 Y30.816 E233.31776
G1 X89.337 Y30.836 E233.33633
G1 X89.52 Y30.796 E233.35502
G1 X89.917 Y30.869 E233.39529
G1 X90.15 Y31.028 E233.42344
G1 X90.466 Y31.095 E233.45567
G1 X90.748 Y31.311 E233.49112
G1 X90.841 Y31.527 E233.51458
G1 X91.219 Y31.863 E233.56504
G1 X91.411 Y32.285 E233.61131
G1 X91.644 Y32.498 E233.6428
G1 X91.792 Y32.812 E233.67744
G1 X91.776 Y32.925 E233.68883
G1 X91.942 Y33.334 E233.73287
G1 X91.902 Y33.63 E233.76268
G1 X91.731 Y33.801 E233.78681
G1 X91.435 Y33.838 E233.81657
G1 X91.085 Y33.712 E233.85369
G1 X90.925 Y33.816 E233.87273
G1 X90.677 Y33.859 E233.89784
G1 X90.299 Y33.693 E233.93904
G1 X90.122 Y33.716 E233.95685
G1 X89.701 Y33.579 E234.00102
G1 X89.343 Y33.726 E234.03964
G1 X89.157 Y33.65 E234.05969
G1 X88.865 Y33.733 E234.08998
G1 X88.632 Y33.643 E234.1149
G1 X88.419 Y33.345 E234.15145
G1 X88.335 Y33.009 E234.18601
G1 X88.18 Y32.92 E234.20384
G1 X88.062 Y32.919 E234.21562
G1 X87.959 Y32.973 E234.22722
G1 X87.837 Y33.245 E234.25697
G1 X87.677 Y33.363 E234.2768
G1 X87.619 Y33.468 E234.28877
G1 X87.629 Y33.582 E234.30019
G1 X87.749 Y33.709 E234.31762
G1 X87.836 Y33.935 E234.34179
G1 X87.729 Y34.183 E234.36874
G1 X87.622 Y34.286 E234.38356
G1 X87.595 Y34.385 E234.3938
G1 X87.344 Y34.604 E234.42704
G1 X87.308 Y34.739 E234.44098
G1 X87.344 Y34.837 E234.45139
G1 X87.433 Y34.915 E234.4632
G1 X87.536 Y35.155 E234.48926
G1 X87.416 Y35.5 E234.52571
G1 X87.559 Y35.868 E234.5651
G1 X87.512 Y36.126 E234.59127
G1 X87.634 Y36.469 E234.62759
G1 X87.593 Y36.773 E234.6582
G1 X87.518 Y36.89 E234.67207
G1 X87.517 Y36.987 E234.68175
G1 X87.634 Y37.273 E234.71258
G1 X87.597 Y37.57 E234.74245
G1 X87.426 Y37.739 E234.76643
G1 X87.192 Y37.791 E234.79035
G1 X87.001 Y38.003 E234.81883
G1 X86.752 Y38.048 E234.84407
G1 X86.444 Y37.905 E234.87796
G1 X86.225 Y37.67 E234.91001
G1 X86.075 Y37.656 E234.92504
G1 X85.831 Y37.55 E234.95158
G1 X85.621 Y37.277 E234.98595
G1 X85.304 Y37.124 E235.02107
G1 X84.879 Y36.636 E235.08564
G1 X84.806 Y36.524 E235.09898
G1 X84.665 Y36.46 E235.11443
G1 X84.441 Y36.15 E235.1526
G1 X84.367 Y35.846 E235.18382
G1 X84.215 Y35.62 E235.21099
G1 X84.187 Y35.503 E235.223
G1 X84.111 Y35.409 E235.23506
G1 X84.012 Y35.376 E235.24547
G1 X83.778 Y35.441 E235.2697
G1 X83.543 Y35.335 E235.29543
G1 X83.313 Y35.021 E235.33426
G1 X83.228 Y34.694 E235.36797
G1 X83.088 Y34.495 E235.39225
G1 X83.034 Y34.332 E235.40939
G1 X82.938 Y34.265 E235.42107
G1 X82.752 Y34.221 E235.44014
G1 X82.576 Y33.992 E235.46896
G1 X82.537 Y33.746 E235.49381
G1 X82.365 Y33.533 E235.52113
G1 X82.301 Y33.067 E235.56806
G1 X82.07 Y32.862 E235.59888
G1 X82.022 Y32.625 E235.62301
G1 X82.108 Y32.386 E235.64835
G1 X81.965 Y32.017 E235.68784
G1 X82.071 Y31.688 E235.72233
G1 X82.015 Y31.546 E235.73756
G1 X82.093 Y31.209 E235.77207
G1 X82.052 Y31.031 E235.7903
G1 X82.095 Y30.772 E235.8165
G1 X82.176 Y30.624 E235.83333
G1 X82.208 Y30.202 E235.87556
G1 F1500 E229.37556
G0 F7200 X91.538 Y38.289
G1 F1500 E235.87556
G1 F3600 X92.07 Y37.728 E235.9527
G1 X92.383 Y37.88 E235.98742
G1 X92.862 Y38.386 E236.05695
G1 X93.227 Y38.738 E236.10754
G1 X93.378 Y39.078 E236.14466
G1 X93.338 Y39.373 E236.17437
G1 X93.164 Y39.545 E236.19878
G1 X92.863 Y39.579 E236.229
G1 X92.517 Y39.43 E236.26659
G1 X92.055 Y38.982 E236.33081
G1 X92.044 Y38.96 E236.33326
G1 X91.686 Y38.59 E236.38463
G1 X91.538 Y38.289 E236.4181
G1 F1500 E229.9181
G0 F7200 X92.861 Y79.834
G1 F1500 E236.4181
G1 F3600 X93.158 Y79.87 E236.44795
G1 X93.326 Y80.054 E236.47281
G1 X93.366 Y80.344 E236.50202
G1 X93.218 Y80.694 E236.53994
G1 X92.781 Y81.135 E236.60189
G1 X92.695 Y81.158 E236.61077
G1 X92.395 Y81.408 E236.64974
G1 X91.986 Y81.583 E236.69413
G1 X91.499 Y81.095 E236.76292
G1 X91.654 Y80.796 E236.79652
G1 X91.983 Y80.439 E236.84496
G1 X92.139 Y80.37 E236.86198
G1 X92.55 Y79.966 E236.91949
G1 X92.861 Y79.834 E236.9532
G1 F1500 E230.4532
G0 F7200 X92.022 Y85.668
G1 F1500 E236.9532
G1 F3600 X92.262 Y85.761 E236.97888
G1 X92.459 Y86.047 E237.01353
G1 X92.536 Y86.442 E237.05369
G1 X92.512 Y86.972 E237.10663
G1 X92.384 Y87.571 E237.16774
G1 X92.415 Y87.729 E237.18381
G1 X92.332 Y88.138 E237.22545
G1 X92.131 Y88.419 E237.25993
G1 X91.896 Y88.513 E237.28518
G1 X91.661 Y88.419 E237.31044
G1 X91.444 Y88.117 E237.34754
G1 X91.346 Y87.678 E237.39242
G1 X91.182 Y87.572 E237.41191
G1 X90.806 Y87.694 E237.45135
G1 X90.519 Y87.903 E237.48678
G1 X90.357 Y87.96 E237.50391
G1 X90.305 Y88.029 E237.51253
G1 X90.252 Y88.282 E237.53833
G1 X90.05 Y88.445 E237.56422
G1 X89.882 Y88.499 E237.58183
G1 X89.255 Y89.275 E237.68138
G1 X89.204 Y89.469 E237.70139
G1 X89.008 Y89.739 E237.73468
G1 X88.759 Y89.837 E237.76138
G1 X88.373 Y89.713 E237.80184
G1 X88.293 Y89.742 E237.81033
G1 X88.213 Y89.838 E237.8228
G1 X88.167 Y90.203 E237.85951
G1 X87.999 Y90.407 E237.88588
G1 X87.765 Y90.452 E237.90965
G1 X87.518 Y90.736 E237.94721
G1 X87.196 Y90.851 E237.98132
G1 X87.036 Y91.031 E238.00535
G1 X86.791 Y91.128 E238.03165
G1 X86.486 Y91.022 E238.06387
G1 X85.965 Y91.259 E238.12098
G1 X85.592 Y91.065 E238.16293
G1 X85.262 Y91.185 E238.19797
G1 X84.86 Y91.04 E238.24061
G1 X84.697 Y91.095 E238.25777
G1 X84.454 Y91.052 E238.2824
G1 X84.276 Y90.844 E238.30971
G1 X84.227 Y90.454 E238.34893
G1 X84.141 Y90.345 E238.36279
G1 X83.951 Y90.317 E238.38195
G1 X83.848 Y90.358 E238.39301
G1 X83.701 Y90.551 E238.41722
G1 X83.461 Y90.633 E238.44252
G1 X83.227 Y90.53 E238.46803
G1 X82.956 Y90.186 E238.51173
G1 X82.624 Y90.054 E238.54738
G1 X82.409 Y89.759 E238.5838
G1 X82.321 Y89.285 E238.63191
G1 X82.22 Y89.13 E238.65037
G1 X82.158 Y88.832 E238.68074
G1 X81.92 Y88.535 E238.71871
G1 X81.881 Y88.214 E238.75098
G1 X81.964 Y87.974 E238.77632
G1 X81.922 Y87.744 E238.79965
G1 X81.988 Y87.537 E238.82133
G1 X81.957 Y87.438 E238.83168
G1 X82.027 Y87.148 E238.86144
G1 X81.974 Y86.996 E238.87751
G1 X82.031 Y86.161 E238.96102
G1 X82.235 Y85.87 E238.99648
G1 X82.358 Y85.765 E239.01261
G1 X82.411 Y85.541 E239.03558
G1 X82.651 Y85.179 E239.07892
G1 X82.704 Y84.938 E239.10354
G1 X82.908 Y84.641 E239.13949
G1 X83.049 Y84.58 E239.15482
G1 X83.42 Y84.138 E239.2124
G1 X83.721 Y83.989 E239.24592
G1 X84.027 Y83.532 E239.30079
G1 X84.229 Y83.435 E239.32315
G1 X84.55 Y83.01 E239.3763
G1 X84.961 Y82.817 E239.4216
G1 X85.054 Y82.711 E239.43567
G1 X85.376 Y82.56 E239.47116
G1 X85.629 Y82.604 E239.49678
G1 X85.792 Y82.812 E239.52315
G1 X85.835 Y83.144 E239.55655
G1 X85.738 Y83.477 E239.59116
G1 X85.804 Y83.595 E239.60465
G1 X85.845 Y83.876 E239.63299
G1 X85.739 Y84.126 E239.66008
G1 X85.799 Y84.528 E239.70064
G1 X85.689 Y84.779 E239.72798
G1 X85.712 Y84.932 E239.74342
G1 X85.772 Y84.995 E239.7521
G1 X86.193 Y85.187 E239.79827
G1 X86.255 Y85.249 E239.80702
G1 X86.382 Y85.28 E239.82006
G1 X86.741 Y85.144 E239.85837
G1 X87.036 Y85.263 E239.89011
G1 X87.214 Y85.528 E239.92196
G1 X87.301 Y86.092 E239.9789
G1 X87.418 Y86.174 E239.99316
G1 X87.688 Y86.101 E240.02107
G1 X87.931 Y86.149 E240.04578
G1 X88.092 Y86.377 E240.07363
G1 X88.159 Y86.672 E240.10382
G1 X88.302 Y86.752 E240.12017
G1 X88.564 Y86.711 E240.14663
G1 X88.77 Y86.752 E240.16759
G1 X88.989 Y86.647 E240.19182
G1 X89.11 Y86.401 E240.21918
G1 X89.781 Y85.7 E240.316
G1 X90.129 Y85.55 E240.35381
G1 X90.424 Y85.59 E240.38352
G1 X90.485 Y85.646 E240.39178
G1 X90.619 Y85.675 E240.40546
G1 X90.929 Y85.55 E240.43881
G1 X91.228 Y85.589 E240.4689
G1 X91.466 Y85.847 E240.50392
G1 X91.607 Y85.888 E240.51857
G1 X91.708 Y85.849 E240.52938
G1 X91.777 Y85.767 E240.54007
G1 X92.022 Y85.668 E240.56644
G1 F1500 E234.06644
G0 F7200 X84.878 Y111.62
G1 F1500 E240.56644
G1 F3600 X85.117 Y111.713 E240.59203
G1 X85.3 Y111.961 E240.62278
G1 X85.458 Y111.997 E240.63895
G1 X85.63 Y111.926 E240.65752
G1 X85.875 Y111.98 E240.68255
G1 X86.036 Y112.201 E240.70983
G1 X86.083 Y112.553 E240.74527
G1 X85.934 Y113.022 E240.79437
G1 X85.951 Y113.233 E240.81549
G1 X85.888 Y113.487 E240.8416
G1 X86.031 Y113.66 E240.864
G1 X86.161 Y113.682 E240.87715
G1 X86.426 Y113.57 E240.90586
G1 X86.671 Y113.624 E240.93089
G1 X86.829 Y113.781 E240.95312
G1 X87.137 Y113.837 E240.98435
G1 X87.3 Y114.048 E241.01096
G1 X87.335 Y114.287 E241.03506
G1 X87.455 Y114.409 E241.05214
G1 X87.687 Y114.437 E241.07545
G1 X87.951 Y114.734 E241.1151
G1 X88.124 Y114.784 E241.13307
G1 X88.204 Y114.762 E241.14135
G1 X88.592 Y114.417 E241.19316
G1 X88.803 Y114.303 E241.21709
G1 X89.072 Y114.231 E241.24487
G1 X89.514 Y114.216 E241.289
G1 X89.911 Y114.288 E241.32926
G1 X90.103 Y114.434 E241.35333
G1 X90.463 Y114.515 E241.39015
G1 X90.748 Y114.731 E241.42583
G1 X90.85 Y114.965 E241.4513
G1 X91.218 Y115.287 E241.50009
G1 X91.412 Y115.711 E241.54661
G1 X91.644 Y115.922 E241.57791
G1 X91.792 Y116.238 E241.61272
G1 X91.78 Y116.343 E241.62327
G1 X91.95 Y116.758 E241.66802
G1 X91.91 Y117.051 E241.69752
G1 X91.739 Y117.225 E241.72187
G1 X91.444 Y117.259 E241.7515
G1 X91.093 Y117.136 E241.78861
G1 X90.933 Y117.236 E241.80743
G1 X90.684 Y117.283 E241.83272
G1 X90.303 Y117.113 E241.87435
G1 X90.061 Y117.131 E241.89856
G1 X89.706 Y117.002 E241.93625
G1 X89.348 Y117.146 E241.97475
G1 X89.166 Y117.07 E241.99443
G1 X88.868 Y117.157 E242.02541
G1 X88.641 Y117.067 E242.04977
G1 X88.427 Y116.769 E242.08638
G1 X88.357 Y116.453 E242.11867
G1 X88.253 Y116.348 E242.13342
G1 X88.045 Y116.337 E242.1542
G1 X87.931 Y116.434 E242.16914
G1 X87.842 Y116.661 E242.19347
G1 X87.638 Y116.848 E242.22108
G1 X87.656 Y117.034 E242.23973
G1 X87.764 Y117.129 E242.25408
G1 X87.845 Y117.353 E242.27785
G1 X87.737 Y117.606 E242.30529
G1 X87.623 Y117.713 E242.3209
G1 X87.596 Y117.808 E242.33075
G1 X87.332 Y118.047 E242.36628
G1 X87.308 Y118.143 E242.37616
G1 X87.34 Y118.254 E242.38768
G1 X87.439 Y118.344 E242.40103
G1 X87.534 Y118.572 E242.42568
G1 X87.377 Y118.927 E242.46441
G1 X87.375 Y119.015 E242.47319
G1 X87.524 Y119.345 E242.50932
G1 X87.498 Y119.571 E242.53202
G1 X87.638 Y119.901 E242.56779
G1 X87.598 Y120.19 E242.5969
G1 X87.517 Y120.311 E242.61143
G1 X87.517 Y120.408 E242.62111
G1 X87.634 Y120.693 E242.65185
G1 X87.597 Y120.986 E242.68132
G1 X87.424 Y121.159 E242.70573
G1 X87.198 Y121.212 E242.72889
G1 X87.005 Y121.427 E242.75772
G1 X86.755 Y121.472 E242.78307
G1 X86.444 Y121.328 E242.81726
G1 X86.226 Y121.094 E242.84917
G1 X86.078 Y121.079 E242.86402
G1 X85.834 Y120.974 E242.89052
G1 X85.651 Y120.727 E242.92119
G1 X85.313 Y120.553 E242.95913
G1 X84.802 Y119.943 E243.03853
G1 X84.67 Y119.885 E243.05291
G1 X84.44 Y119.572 E243.09167
G1 X84.407 Y119.454 E243.1039
G1 X84.273 Y119.339 E243.12152
G1 X84 Y118.908 E243.17242
G1 X83.911 Y118.855 E243.18276
G1 X83.778 Y118.863 E243.19605
G1 X83.542 Y118.758 E243.22183
G1 X83.314 Y118.446 E243.26038
G1 X83.225 Y118.106 E243.29545
G1 X83.088 Y117.917 E243.31874
G1 X83.047 Y117.775 E243.33349
G1 X82.938 Y117.689 E243.34735
G1 X82.755 Y117.645 E243.36613
G1 X82.576 Y117.416 E243.39513
G1 X82.537 Y117.17 E243.41998
G1 X82.369 Y116.954 E243.44728
G1 X82.292 Y116.488 E243.49441
G1 X82.086 Y116.313 E243.52138
G1 X82.037 Y116.077 E243.54543
G1 X82.131 Y115.852 E243.56976
G1 X81.967 Y115.437 E243.61429
G1 X82.072 Y115.124 E243.64723
G1 X82.014 Y114.969 E243.66374
G1 X82.093 Y114.638 E243.6977
G1 X82.052 Y114.457 E243.71622
G1 X82.096 Y114.194 E243.74282
G1 X82.204 Y114.04 E243.76159
G1 X82.246 Y113.604 E243.8053
G1 X82.41 Y113.389 E243.83228
G1 X82.615 Y113.294 E243.85482
G1 X82.675 Y113.032 E243.88164
G1 X82.847 Y112.786 E243.91159
G1 X83.185 Y112.69 E243.94665
G1 X83.471 Y112.309 E243.99419
G1 X83.641 Y112.238 E244.01257
G1 X83.864 Y111.94 E244.04971
G1 X84.111 Y111.84 E244.0763
G1 X84.343 Y111.924 E244.10092
G1 X84.481 Y111.904 E244.11483
G1 X84.632 Y111.719 E244.13866
G1 X84.878 Y111.62 E244.16512
G1 F1500 E237.66512
G0 F7200 X92.07 Y121.148
G1 F1500 E244.16512
G1 F3600 X92.383 Y121.301 E244.19988
G1 X92.869 Y121.817 E244.27061
G1 X93.227 Y122.162 E244.32022
G1 X93.378 Y122.502 E244.35734
G1 X93.338 Y122.797 E244.38704
G1 X93.164 Y122.969 E244.41146
G1 X92.863 Y123.003 E244.44168
G1 X92.518 Y122.851 E244.4793
G1 X92.052 Y122.399 E244.54408
G1 X91.686 Y122.015 E244.59701
G1 X91.537 Y121.713 E244.63061
G1 X92.07 Y121.148 E244.70811
G1 F1500 E238.20811
G0 F7200 X92.861 Y163.254
G1 F1500 E244.70811
G1 F3600 X93.158 Y163.293 E244.738
G1 X93.326 Y163.474 E244.76264
G1 X93.366 Y163.768 E244.79225
G1 X93.218 Y164.118 E244.83017
G1 X92.779 Y164.557 E244.89211
G1 X92.695 Y164.582 E244.90086
G1 X92.396 Y164.832 E244.93975
G1 X91.987 Y165.004 E244.98402
G1 X91.499 Y164.516 E245.05288
G1 X91.654 Y164.216 E245.08657
G1 X91.982 Y163.861 E245.1348
G1 X92.138 Y163.795 E245.1517
G1 X92.55 Y163.389 E245.20942
G1 X92.861 Y163.254 E245.24325
G1 F1500 E238.74325
G0 F7200 X86.036 Y166.401
G1 F1500 E245.24325
G1 F3600 X86.083 Y166.752 E245.27858
G1 X85.92 Y167.257 E245.33153
G1 X85.939 Y167.431 E245.349
G1 X85.857 Y167.661 E245.37336
G1 X85.885 Y167.794 E245.38692
G1 X86.036 Y168.002 E245.41257
G1 X86.084 Y168.31 E245.44367
G1 X86.147 Y168.397 E245.45439
G1 X86.427 Y168.469 E245.48324
G1 X86.639 Y168.671 E245.51246
G1 X87.06 Y168.702 E245.55458
G1 X87.225 Y168.887 E245.57931
G1 X87.286 Y169.269 E245.61791
G1 X87.412 Y169.37 E245.63403
G1 X87.594 Y169.398 E245.6524
G1 X87.844 Y169.593 E245.68404
G1 X87.917 Y169.816 E245.70745
G1 F3609 X87.83 Y170.02 E245.72952
G1 F3618.1 X87.85 Y170.104 E245.73809
G1 X87.764 Y170.111 E245.74666
G1 F3609 X87.506 Y170.304 E245.77873
G1 F3600 X86.56 Y170.563 E245.8766
G1 X86.19 Y170.512 E245.91386
G1 X85.922 Y170.327 E245.94636
G1 X85.681 Y170.299 E245.97057
G1 X85.325 Y170.479 E246.01037
G1 X85.272 Y170.685 E246.0316
G1 X85.345 Y170.827 E246.04753
G1 X85.471 Y170.896 E246.06186
G1 X85.758 Y171.255 E246.10772
G1 X85.903 Y171.55 E246.14052
G1 X86.055 Y171.6 E246.15649
G1 X86.746 Y171.431 E246.22747
G1 X87.081 Y171.408 E246.26097
G1 X87.479 Y171.474 E246.30123
G1 X87.748 Y171.676 E246.33479
G1 X87.829 Y171.901 E246.35865
G1 X87.721 Y172.154 E246.3861
G1 X87.403 Y172.389 E246.42556
G1 X87.344 Y172.541 E246.44183
G1 X87.364 Y172.621 E246.45005
G1 X87.53 Y172.792 E246.47383
G1 X87.683 Y172.852 E246.49023
G1 X87.995 Y173.134 E246.5322
G1 X88.144 Y173.448 E246.56687
G1 X88.099 Y173.7 E246.59242
G1 X87.899 Y173.867 E246.61842
G1 X87.57 Y173.906 E246.65147
G1 X87.46 Y174 E246.66591
G1 X87.428 Y174.149 E246.68112
G1 X87.272 Y174.32 E246.70421
G1 X86.843 Y174.402 E246.74779
G1 X86.752 Y174.504 E246.76143
G1 X86.504 Y174.548 E246.78656
G1 X86.178 Y174.429 E246.82119
G1 X86.057 Y174.491 E246.83476
G1 X85.992 Y174.58 E246.84576
G1 X85.662 Y174.679 E246.88013
G1 X85.42 Y174.571 E246.90658
G1 X85.317 Y174.479 E246.92036
G1 X85.144 Y174.488 E246.93764
G1 X84.942 Y174.696 E246.96657
G1 X84.666 Y174.737 E246.99441
G1 X84.343 Y174.59 E247.02982
G1 X84.211 Y174.458 E247.04845
G1 X83.807 Y174.275 E247.0927
G1 X83.635 Y174.079 E247.11872
G1 X83.152 Y173.885 E247.17066
G1 X82.883 Y173.587 E247.21072
G1 X82.594 Y173.458 E247.2423
G1 X82.364 Y173.148 E247.28081
G1 X82.308 Y172.939 E247.3024
G1 X82.011 Y172.542 E247.35187
G1 X81.932 Y172.158 E247.39099
G1 X81.946 Y171.979 E247.40891
G1 X81.887 Y171.875 E247.42084
G1 X81.829 Y171.512 E247.45752
G1 X81.903 Y171.236 E247.48603
G1 X81.716 Y170.595 E247.55265
G1 X81.76 Y170.25 E247.58736
G1 X81.937 Y170.001 E247.61784
G1 X82.024 Y169.613 E247.65752
G1 X82.088 Y169.503 E247.67021
G1 X82.168 Y168.953 E247.72567
G1 X82.37 Y168.657 E247.76143
G1 X82.592 Y168.547 E247.78615
G1 X82.891 Y168.099 E247.83989
G1 X83.115 Y167.981 E247.86515
G1 X83.424 Y167.56 E247.91726
G1 X83.816 Y167.372 E247.96064
G1 X84.107 Y166.937 E248.01286
G1 X84.321 Y166.839 E248.03635
G1 X84.599 Y166.371 E248.09066
G1 X84.845 Y166.272 E248.11712
G1 X85.187 Y166.372 E248.15268
G1 X85.628 Y166.126 E248.20306
G1 X85.875 Y166.18 E248.22829
G1 X86.036 Y166.401 E248.25557
G1 F1500 E241.75557
G0 F7200 X87.96 Y170.183
G1 F1500 E248.25557
G1 F4235.3 X88.007 Y170.211 E248.26021
G1 F1500 E241.76021
G0 F7200 X92.022 Y169.021
G1 F1500 E248.26021
G1 F3600 X92.194 Y169.206 E248.28542
G1 X92.234 Y169.493 E248.31433
G1 X92.09 Y169.842 E248.352
G1 X91.919 Y170.03 E248.37736
G1 X91.747 Y170.392 E248.41735
G1 X91.321 Y170.73 E248.47161
G1 X91.228 Y170.924 E248.49308
G1 X90.896 Y171.212 E248.53693
G1 X90.77 Y171.462 E248.56487
G1 X90.481 Y171.675 E248.60069
G1 X90.17 Y171.759 E248.63283
G1 X90.087 Y171.869 E248.64658
G1 X89.568 Y172.273 E248.71221
G1 X89.355 Y172.604 E248.75148
G1 X89.296 Y172.889 E248.78052
G1 X89.095 Y173.167 E248.81475
G1 X88.851 Y173.264 E248.84095
G1 X88.621 Y173.175 E248.86556
G1 X88.411 Y172.882 E248.90153
G1 X88.329 Y172.488 E248.94169
G1 X88.34 Y172.215 E248.96895
G1 X88.47 Y171.688 E249.02311
G1 X88.457 Y171.579 E249.03406
G1 X88.322 Y171.436 E249.05369
G1 X88.207 Y171.167 E249.08288
G1 X88.224 Y171.062 E249.09349
G1 X88.089 Y170.69 E249.13298
G1 X88.114 Y170.496 E249.15249
G1 F3769.6 X88.069 Y170.263 E249.17511
G1 X88.225 Y170.271 E249.18999
G1 F3600 X88.297 Y170.187 E249.20103
G1 X88.563 Y170.147 E249.22787
G1 X88.898 Y170.296 E249.26445
G1 X89.033 Y170.298 E249.27793
G1 X89.137 Y170.216 E249.29114
G1 X89.29 Y169.894 E249.32671
G1 X89.561 Y169.439 E249.37956
G1 X89.84 Y169.108 E249.42275
G1 X90.172 Y168.96 E249.45902
G1 X90.421 Y169.001 E249.4842
G1 X90.537 Y169.092 E249.49891
G1 X90.631 Y169.097 E249.5083
G1 X90.929 Y168.974 E249.54047
G1 X91.227 Y169.014 E249.57047
G1 X91.291 Y169.073 E249.57916
G1 X91.452 Y169.098 E249.59542
G1 X91.725 Y168.982 E249.62501
G1 X92.022 Y169.021 E249.6549
G1 F1500 E243.1549
G0 F7200 X203.606 Y163.751
G1 F1500 E249.6549
G1 F3600 X203.643 Y163.455 E249.68467
G1 X203.812 Y163.265 E249.71004
G1 X204.099 Y163.226 E249.73894
G1 X204.407 Y163.36 E249.77245
G1 X204.827 Y163.795 E249.83279
G1 X204.965 Y163.86 E249.84801
G1 X205.268 Y164.212 E249.89435
G1 X205.432 Y164.54 E249.93094
G1 X204.955 Y165.018 E249.99832
G1 X204.563 Y164.846 E250.04104
G1 X204.182 Y164.544 E250.08955
G1 X203.746 Y164.088 E250.1525
G1 X203.606 Y163.751 E250.18891
G1 F1500 E243.68891
G0 F7200 X209.246 Y169.307
G1 F1500 E250.18891
G1 F3600 X209.612 Y169.256 E250.22578
G1 X209.705 Y169.207 E250.23627
G1 X209.956 Y168.784 E250.28535
G1 X210.237 Y168.686 E250.31505
G1 X210.338 Y168.593 E250.32874
G1 X210.578 Y168.499 E250.35446
G1 X210.818 Y168.591 E250.38011
G1 X210.897 Y168.665 E250.39091
G1 X211.019 Y168.687 E250.40328
G1 X211.381 Y168.537 E250.44238
G1 X211.616 Y168.628 E250.46752
G1 X211.816 Y168.915 E250.50243
G1 X211.892 Y168.954 E250.51095
G1 X212.102 Y168.91 E250.53236
G1 X212.343 Y168.96 E250.55692
G1 X212.491 Y169.052 E250.57431
G1 X212.631 Y169.033 E250.58841
G1 X212.732 Y168.965 E250.60055
G1 X212.936 Y168.445 E250.65629
G1 X213.196 Y168.117 E250.69805
G1 X213.493 Y167.978 E250.73077
G1 X213.742 Y168.032 E250.7562
G1 X213.901 Y168.254 E250.78344
G1 X213.945 Y168.397 E250.79837
G1 X214.197 Y168.689 E250.83686
G1 X214.235 Y168.988 E250.86693
G1 X214.337 Y169.111 E250.88287
G1 X214.493 Y169.14 E250.89871
G1 X214.672 Y169.316 E250.92376
G1 X214.73 Y169.677 E250.96024
G1 X214.842 Y169.808 E250.97744
G1 X214.89 Y170.047 E251.00176
G1 X214.764 Y170.385 E251.03775
G1 X214.789 Y170.463 E251.04592
G1 X214.956 Y170.609 E251.06806
G1 X215.04 Y170.834 E251.09202
G1 X214.942 Y171.075 E251.11798
G1 X215.008 Y171.313 E251.14263
G1 X214.918 Y171.551 E251.16801
G1 X214.755 Y171.674 E251.18839
G1 X214.708 Y171.822 E251.20388
G1 X214.807 Y172.058 E251.22942
G1 X214.763 Y172.309 E251.25485
G1 X214.564 Y172.517 E251.28357
G1 X214.524 Y172.833 E251.31535
G1 X214.217 Y173.088 E251.35517
G1 X214.163 Y173.363 E251.38314
G1 X213.999 Y173.567 E251.40925
G1 X213.769 Y173.617 E251.43274
G1 X213.495 Y173.976 E251.4778
G1 X213.263 Y174.046 E251.50198
G1 X212.989 Y173.921 E251.53203
G1 X212.834 Y173.934 E251.54755
G1 X212.742 Y174.036 E251.56126
G1 X212.707 Y174.279 E251.58576
G1 X212.543 Y174.48 E251.61164
G1 X212.294 Y174.528 E251.63694
G1 X212.142 Y174.489 E251.6526
G1 X211.773 Y174.597 E251.69097
G1 X211.435 Y174.445 E251.72794
G1 X211.328 Y174.46 E251.73873
G1 X211.217 Y174.568 E251.75418
G1 X210.975 Y174.664 E251.78016
G1 X210.661 Y174.531 E251.81418
G1 X210.486 Y174.556 E251.83182
G1 X210.262 Y174.467 E251.85587
G1 X210.063 Y174.202 E251.88894
G1 X209.97 Y174.165 E251.89892
G1 X209.748 Y174.237 E251.92221
G1 X209.52 Y174.182 E251.94561
G1 X209.344 Y173.987 E251.97182
G1 X209.19 Y173.951 E251.98761
G1 X208.939 Y173.683 E252.02424
G1 X208.901 Y173.365 E252.0562
G1 X209.004 Y173.085 E252.08597
G1 X208.955 Y172.696 E252.12509
G1 X209.104 Y172.338 E252.16378
G1 X209.077 Y172.161 E252.18165
G1 X209.142 Y172.013 E252.19778
G1 X209.139 Y171.899 E252.20915
G1 X209.052 Y171.68 E252.23267
G1 X209.146 Y171.446 E252.25783
G1 X209.42 Y171.236 E252.29228
G1 X209.568 Y171.186 E252.30786
G1 X209.641 Y171.066 E252.32188
G1 X209.623 Y170.937 E252.33487
G1 X209.437 Y170.706 E252.36447
G1 X209.288 Y170.364 E252.40169
G1 X209.18 Y170.228 E252.41902
G1 X209.049 Y169.853 E252.45865
G1 X209.062 Y169.549 E252.48901
G1 X209.246 Y169.307 E252.51935
G1 F1500 E246.01935
G0 F7200 X205.266 Y169.163
G1 F1500 E252.51935
G1 F3600 X205.51 Y169.117 E252.54412
G1 X205.892 Y169.276 E252.58541
G1 X206.317 Y169.091 E252.63166
G1 X206.554 Y169.176 E252.65678
G1 X206.805 Y169.089 E252.68329
G1 X207.129 Y169.156 E252.7163
G1 X207.441 Y169.017 E252.75038
G1 X207.874 Y169.075 E252.79397
G1 X208.106 Y168.974 E252.81922
G1 X208.405 Y169.013 E252.84931
G1 X208.571 Y169.194 E252.87381
G1 X208.613 Y169.484 E252.90305
G1 X208.462 Y169.847 E252.94228
G1 X207.796 Y170.524 E253.03704
G1 X207.446 Y170.676 E253.07512
G1 X207.363 Y170.668 E253.08344
G1 X206.915 Y170.9 E253.13378
G1 X206.846 Y170.975 E253.14394
G1 X206.832 Y171.157 E253.16216
G1 X207.314 Y171.658 E253.23153
G1 X207.362 Y171.682 E253.23688
G1 X208.236 Y172.551 E253.35986
G1 X208.378 Y172.877 E253.39534
G1 X208.338 Y173.172 E253.42504
G1 X208.169 Y173.336 E253.44854
G1 X207.861 Y173.371 E253.47947
G1 X207.473 Y173.209 E253.52143
G1 X205.871 Y171.642 E253.74503
G1 X205.456 Y170.987 E253.8224
G1 X205.2 Y170.656 E253.86415
G1 X205.061 Y170.295 E253.90275
G1 X205.107 Y169.848 E253.94759
G1 X205.061 Y169.718 E253.96135
G1 X205.104 Y169.378 E253.99554
G1 X205.266 Y169.163 E254.0224
G1 F1500 E247.5224
G0 F7200 X204.14 Y122.978
G1 F1500 E254.0224
G1 F3600 X203.855 Y122.942 E254.05107
G1 X203.674 Y122.755 E254.07704
G1 X203.634 Y122.468 E254.10595
G1 X203.778 Y122.128 E254.14279
G1 X204.593 Y121.269 E254.26094
G1 X204.913 Y121.113 E254.29646
G1 X205.44 Y121.67 E254.37298
G1 X205.257 Y122.051 E254.41515
G1 X204.493 Y122.831 E254.52409
G1 X204.14 Y122.978 E254.56225
G1 F1500 E248.06225
G0 F7200 X209.423 Y121.54
G1 F1500 E254.56225
G1 F3600 X209.386 Y121.248 E254.59162
G1 X209.508 Y120.923 E254.62626
G1 X209.496 Y120.84 E254.63462
G1 X209.409 Y120.735 E254.64823
G1 X209.368 Y120.487 E254.67331
G1 X209.514 Y120.16 E254.70904
G1 X209.49 Y119.942 E254.73093
G1 X209.631 Y119.63 E254.76509
G1 X209.47 Y119.211 E254.80988
G1 X209.569 Y118.956 E254.83717
G1 X209.567 Y118.837 E254.84905
G1 X209.483 Y118.653 E254.86923
G1 X209.536 Y118.418 E254.89327
G1 X209.778 Y118.201 E254.9257
G1 X209.804 Y118.12 E254.93419
G1 X209.71 Y117.823 E254.96527
G1 X209.422 Y117.532 E255.00612
G1 X209.377 Y117.192 E255.04035
G1 X209.327 Y117.107 E255.05019
G1 X209.153 Y117.05 E255.06846
G1 X208.861 Y117.152 E255.09932
G1 X208.743 Y117.112 E255.11175
G1 X208.632 Y117.127 E255.12293
G1 X208.268 Y116.964 E255.16272
G1 X208.199 Y116.969 E255.16962
G1 X208.07 Y117.068 E255.18585
G1 X207.838 Y117.152 E255.21047
G1 X207.63 Y117.066 E255.23293
G1 X207.348 Y117.155 E255.26243
G1 X206.967 Y117.028 E255.30251
G1 X206.622 Y117.175 E255.33993
G1 X206.39 Y117.136 E255.3634
G1 X206.013 Y117.296 E255.40426
G1 X205.77 Y117.252 E255.42891
G1 X205.592 Y117.044 E255.45622
G1 X205.562 Y116.794 E255.48135
G1 X205.477 Y116.675 E255.49594
G1 X205.255 Y116.628 E255.51858
G1 X205.05 Y116.445 E255.546
G1 X205.008 Y116.201 E255.5707
G1 X205.158 Y115.879 E255.60615
G1 X205.469 Y115.581 E255.64913
G1 X205.587 Y115.524 E255.6622
G1 X205.998 Y115.169 E255.71639
G1 X206.119 Y114.903 E255.74555
G1 X206.416 Y114.67 E255.78322
G1 X206.636 Y114.619 E255.80575
G1 X207.029 Y114.358 E255.85282
G1 X207.314 Y114.093 E255.89165
G1 X207.492 Y113.818 E255.92434
G1 X207.57 Y113.5 E255.95701
G1 X207.788 Y113.187 E255.99507
G1 X208.039 Y113.082 E256.02222
G1 X208.364 Y113.191 E256.05642
G1 X208.506 Y113.155 E256.07104
G1 X208.584 Y113.059 E256.08338
G1 X208.834 Y112.959 E256.11025
G1 X209.066 Y113.049 E256.13508
G1 X209.271 Y113.344 E256.17092
G1 X209.321 Y113.532 E256.19033
G1 X209.39 Y113.601 E256.20007
G1 X209.499 Y113.628 E256.21128
G1 X209.924 Y113.448 E256.25733
G1 X210.173 Y113.492 E256.28256
G1 X210.336 Y113.7 E256.30893
G1 X210.374 Y113.987 E256.33781
G1 X210.494 Y114.123 E256.35591
G1 X210.727 Y114.121 E256.37916
G1 X210.846 Y113.969 E256.39842
G1 X210.871 Y113.784 E256.41705
G1 X211.038 Y113.566 E256.44445
G1 X211.282 Y113.518 E256.46926
G1 X211.803 Y113.776 E256.52727
G1 X212.058 Y113.691 E256.5541
G1 X212.307 Y113.794 E256.58098
G1 X212.444 Y113.9 E256.59827
G1 X212.63 Y113.873 E256.61702
G1 X212.719 Y113.79 E256.62916
G1 X212.775 Y113.574 E256.65143
G1 X212.98 Y113.278 E256.68735
G1 X213.195 Y113.18 E256.71093
G1 X213.509 Y112.785 E256.76128
G1 X213.805 Y112.646 E256.79391
G1 X214.054 Y112.7 E256.81933
G1 X214.213 Y112.921 E256.8465
G1 X214.273 Y113.135 E256.86867
G1 X214.512 Y113.409 E256.90495
G1 X214.555 Y113.762 E256.94044
G1 X214.845 Y114.079 E256.98331
G1 X214.888 Y114.338 E257.0095
G1 X214.86 Y114.498 E257.02571
G1 X214.971 Y114.839 E257.06149
G1 X214.829 Y115.148 E257.09542
G1 X214.826 Y115.26 E257.1066
G1 X214.954 Y115.41 E257.12628
G1 X215.044 Y115.638 E257.15074
G1 X214.908 Y116.003 E257.1896
G1 X214.933 Y116.112 E257.20076
G1 X214.874 Y116.355 E257.22571
G1 X214.766 Y116.472 E257.2416
G1 X214.707 Y116.863 E257.28106
G1 X214.513 Y117.025 E257.30628
G1 X214.398 Y117.055 E257.31813
G1 X214.324 Y117.131 E257.32872
G1 X214.268 Y117.491 E257.36507
G1 X214.028 Y117.768 E257.40164
G1 X213.984 Y117.93 E257.41839
G1 X213.813 Y118.156 E257.44667
G1 X213.671 Y118.221 E257.46225
G1 X213.495 Y118.455 E257.49147
G1 X213.271 Y118.536 E257.51524
G1 X212.883 Y118.966 E257.57303
G1 X212.861 Y119.052 E257.58188
G1 X212.659 Y119.322 E257.61553
G1 X212.601 Y119.548 E257.63881
G1 X212.402 Y119.821 E257.67252
G1 X212.212 Y119.925 E257.69413
G1 X211.911 Y120.337 E257.74504
G1 X211.635 Y120.475 E257.77583
G1 X211.318 Y120.853 E257.82506
G1 X211.121 Y120.947 E257.84684
G1 X210.784 Y121.332 E257.89789
G1 X210.296 Y121.536 E257.95067
G1 X210.218 Y121.617 E257.96189
G1 X209.876 Y121.769 E257.99923
G1 X209.605 Y121.728 E258.02658
G1 X209.423 Y121.54 E258.05269
G1 F1500 E251.55269
G0 F7200 X207.858 Y89.954
G1 F1500 E258.05269
G1 F3600 X207.482 Y89.794 E258.09346
G1 X205.868 Y88.215 E258.31876
G1 X205.456 Y87.567 E258.39538
G1 X205.201 Y87.232 E258.43739
G1 X205.061 Y86.875 E258.47565
G1 X205.107 Y86.427 E258.52059
G1 X205.061 Y86.298 E258.53425
G1 X205.104 Y85.958 E258.56845
G1 X205.267 Y85.739 E258.59569
G1 X205.51 Y85.693 E258.62037
G1 X205.893 Y85.852 E258.66174
G1 X206.317 Y85.667 E258.7079
G1 X206.554 Y85.752 E258.73303
G1 X206.804 Y85.669 E258.75931
G1 X207.128 Y85.736 E258.79232
G1 X207.443 Y85.596 E258.82672
G1 X207.874 Y85.651 E258.87007
G1 X208.106 Y85.55 E258.89532
G1 X208.405 Y85.589 E258.92541
G1 X208.571 Y85.774 E258.95021
G1 X208.613 Y86.061 E258.97915
G1 X208.462 Y86.423 E259.01829
G1 X207.796 Y87.103 E259.11326
G1 X207.443 Y87.254 E259.15157
G1 X207.282 Y87.273 E259.16774
G1 X206.863 Y87.528 E259.21669
G1 X206.836 Y87.743 E259.23831
G1 X207.322 Y88.242 E259.30781
G1 X207.357 Y88.26 E259.31174
G1 X208.236 Y89.136 E259.43556
G1 X208.382 Y89.462 E259.4712
G1 X208.342 Y89.752 E259.50041
G1 X208.173 Y89.917 E259.52398
G1 X207.858 Y89.954 E259.55563
G1 F1500 E253.05563
G0 F7200 X211.278 Y91.24
G1 F1500 E259.55563
G1 F3600 X211.06 Y91.181 E259.57816
G1 X210.954 Y91.054 E259.59467
G1 X210.827 Y91.016 E259.6079
G1 X210.495 Y91.136 E259.64312
G1 X210.269 Y91.047 E259.66736
G1 X210.071 Y90.786 E259.70005
G1 X209.92 Y90.75 E259.71553
G1 X209.754 Y90.818 E259.73343
G1 X209.523 Y90.764 E259.75711
G1 X209.388 Y90.597 E259.77853
G1 X209.191 Y90.531 E259.79926
G1 X208.943 Y90.263 E259.8357
G1 X208.905 Y89.945 E259.86765
G1 X209.005 Y89.671 E259.89676
G1 X208.955 Y89.276 E259.93648
G1 X209.104 Y88.914 E259.97554
G1 X209.077 Y88.738 E259.99331
G1 X209.142 Y88.593 E260.00917
G1 X209.139 Y88.479 E260.02055
G1 X209.052 Y88.258 E260.04424
G1 X209.145 Y88.026 E260.06918
G1 X209.42 Y87.816 E260.10371
G1 X209.568 Y87.766 E260.1193
G1 X209.644 Y87.59 E260.13843
G1 X209.437 Y87.282 E260.17545
G1 X209.288 Y86.943 E260.2124
G1 X209.18 Y86.805 E260.22989
G1 X209.049 Y86.432 E260.26933
G1 X209.062 Y86.129 E260.2996
G1 X209.246 Y85.884 E260.33017
G1 X209.609 Y85.835 E260.36672
G1 X209.703 Y85.785 E260.37734
G1 X209.957 Y85.36 E260.42674
G1 X210.261 Y85.25 E260.459
G1 X210.336 Y85.174 E260.46966
G1 X210.581 Y85.075 E260.49602
G1 X210.817 Y85.168 E260.52133
G1 X211.051 Y85.474 E260.55977
G1 X211.147 Y85.5 E260.56969
G1 X211.256 Y85.472 E260.58092
G1 X211.457 Y85.208 E260.61403
G1 X211.693 Y85.127 E260.63893
G1 X211.941 Y85.231 E260.66576
G1 X212.136 Y85.481 E260.6974
G1 X212.405 Y85.625 E260.72784
G1 X212.584 Y85.642 E260.74578
G1 X212.67 Y85.607 E260.75505
G1 X212.739 Y85.517 E260.76636
G1 X212.932 Y85.021 E260.81947
G1 X213.193 Y84.693 E260.86129
G1 X213.489 Y84.551 E260.89405
G1 X213.735 Y84.604 E260.91916
G1 X213.897 Y84.826 E260.94658
G1 X213.941 Y84.973 E260.96189
G1 X214.193 Y85.262 E261.00015
G1 X214.233 Y85.565 E261.03065
G1 X214.333 Y85.683 E261.04608
G1 X214.489 Y85.712 E261.06192
G1 X214.669 Y85.889 E261.0871
G1 X214.748 Y86.284 E261.1273
G1 X214.837 Y86.376 E261.14007
G1 X214.887 Y86.619 E261.16482
G1 X214.768 Y86.876 E261.19308
G1 X214.774 Y87.012 E261.20667
G1 X214.956 Y87.182 E261.23152
G1 X215.036 Y87.406 E261.25525
G1 X214.942 Y87.644 E261.28078
G1 X215.009 Y87.887 E261.30594
G1 X214.919 Y88.123 E261.33114
G1 X214.755 Y88.245 E261.35153
G1 X214.708 Y88.396 E261.36731
G1 X214.807 Y88.629 E261.39257
G1 X214.763 Y88.882 E261.4182
G1 X214.568 Y89.089 E261.44657
G1 X214.529 Y89.404 E261.47824
G1 X214.206 Y89.687 E261.52109
G1 X214.167 Y89.939 E261.54654
G1 X214.003 Y90.14 E261.57242
G1 X213.737 Y90.223 E261.60023
G1 X213.501 Y90.551 E261.64054
G1 X213.267 Y90.619 E261.66486
G1 X213.116 Y90.576 E261.68052
G1 X212.995 Y90.622 E261.69344
G1 X212.787 Y90.902 E261.72824
G1 X212.552 Y90.981 E261.75298
G1 X212.352 Y90.931 E261.77355
G1 X212.247 Y90.989 E261.78552
G1 X212.168 Y91.095 E261.79871
G1 X211.923 Y91.192 E261.82501
G1 X211.644 Y91.096 E261.85445
G1 X211.278 Y91.24 E261.89369
G1 F1500 E255.39369
G0 F7200 X204.955 Y81.597
G1 F1500 E261.89369
G1 F3600 X204.563 Y81.422 E261.93653
G1 X204.295 Y81.179 E261.97262
G1 X204.183 Y81.125 E261.98503
G1 X203.75 Y80.668 E262.04785
G1 X203.606 Y80.327 E262.08478
G1 X203.643 Y80.031 E262.11455
G1 X203.812 Y79.841 E262.13992
G1 X204.098 Y79.802 E262.16872
G1 X204.407 Y79.939 E262.20245
G1 X204.83 Y80.374 E262.26299
G1 X204.991 Y80.459 E262.28115
G1 X205.267 Y80.791 E262.32423
G1 X205.432 Y81.117 E262.36069
G1 X204.955 Y81.597 E262.42821
G1 F1500 E255.92821
G0 F7200 X204.14 Y39.558
G1 F1500 E262.42821
G1 F3600 X203.855 Y39.518 E262.45693
G1 X203.674 Y39.335 E262.48261
G1 X203.634 Y39.044 E262.51192
G1 X203.778 Y38.708 E262.5484
G1 X204.593 Y37.848 E262.66662
G1 X204.913 Y37.689 E262.70227
G1 X205.44 Y38.246 E262.77878
G1 X205.257 Y38.627 E262.82096
G1 X204.492 Y39.407 E262.92997
G1 X204.14 Y39.558 E262.96819
G1 F1500 E256.46819
G0 F7200 X209.422 Y38.119
G1 F1500 E262.96819
G1 F3600 X209.385 Y37.824 E262.99786
G1 X209.493 Y37.565 E263.02586
G1 X209.502 Y37.436 E263.03876
G1 X209.409 Y37.312 E263.05422
G1 X209.368 Y37.067 E263.07901
G1 X209.52 Y36.67 E263.12143
G1 X209.49 Y36.518 E263.13689
G1 X209.607 Y36.245 E263.16652
G1 X209.469 Y35.856 E263.20771
G1 X209.591 Y35.482 E263.24696
G1 X209.483 Y35.232 E263.27413
G1 X209.536 Y34.998 E263.29807
G1 X209.768 Y34.796 E263.32877
G1 X209.801 Y34.643 E263.34439
G1 X209.711 Y34.401 E263.37015
G1 X209.422 Y34.111 E263.411
G1 X209.377 Y33.768 E263.44552
G1 X209.333 Y33.689 E263.45454
G1 X209.153 Y33.626 E263.47357
G1 X208.861 Y33.728 E263.50443
G1 X208.743 Y33.688 E263.51686
G1 X208.631 Y33.703 E263.52814
G1 X208.321 Y33.557 E263.56233
G1 X208.199 Y33.549 E263.57453
G1 X208.072 Y33.643 E263.5903
G1 X207.836 Y33.728 E263.61532
G1 X207.63 Y33.646 E263.63745
G1 X207.348 Y33.735 E263.66695
G1 X207.036 Y33.614 E263.70034
G1 X206.931 Y33.614 E263.71082
G1 X206.622 Y33.752 E263.74459
G1 X206.362 Y33.72 E263.77073
G1 X206.013 Y33.876 E263.80887
G1 X205.77 Y33.832 E263.83351
G1 X205.592 Y33.624 E263.86083
G1 X205.562 Y33.374 E263.88595
G1 X205.427 Y33.232 E263.9055
G1 X205.255 Y33.208 E263.92283
G1 X205.05 Y33.025 E263.95025
G1 X205.008 Y32.777 E263.97535
G1 X205.158 Y32.455 E264.01079
G1 X205.468 Y32.158 E264.05363
G1 X205.546 Y32.129 E264.06193
G1 X205.998 Y31.754 E264.12054
G1 X206.119 Y31.483 E264.15015
G1 X206.417 Y31.249 E264.18795
G1 X206.637 Y31.195 E264.21056
G1 X207.052 Y30.916 E264.26045
G1 X207.314 Y30.673 E264.29611
G1 X207.471 Y30.44 E264.32414
G1 X207.57 Y30.076 E264.36178
G1 X207.787 Y29.767 E264.39946
G1 X208.039 Y29.663 E264.42666
G1 X208.364 Y29.771 E264.46083
G1 X208.51 Y29.731 E264.47594
G1 X208.586 Y29.635 E264.48816
G1 X208.833 Y29.539 E264.5146
G1 X209.067 Y29.629 E264.53961
G1 X209.27 Y29.918 E264.57485
G1 X209.316 Y30.108 E264.59436
G1 X209.426 Y30.195 E264.60835
G1 X209.571 Y30.187 E264.62284
G1 X209.92 Y30.028 E264.66111
G1 X210.173 Y30.069 E264.68668
G1 X210.335 Y30.278 E264.71307
G1 X210.37 Y30.57 E264.74241
G1 X210.471 Y30.698 E264.75868
G1 X210.694 Y30.715 E264.781
G1 X210.796 Y30.656 E264.79276
G1 X210.872 Y30.359 E264.82335
G1 X211.034 Y30.143 E264.85029
G1 X211.277 Y30.097 E264.87496
G1 X211.735 Y30.341 E264.92674
G1 X212.051 Y30.287 E264.95873
G1 X212.452 Y30.476 E265.00296
G1 X212.636 Y30.448 E265.02154
G1 X212.723 Y30.366 E265.03347
G1 X212.777 Y30.148 E265.05587
G1 X212.979 Y29.856 E265.0913
G1 X213.192 Y29.762 E265.11453
G1 X213.51 Y29.365 E265.16529
G1 X213.806 Y29.222 E265.19809
G1 X214.054 Y29.276 E265.22341
G1 X214.213 Y29.498 E265.25066
G1 X214.274 Y29.725 E265.27411
G1 X214.532 Y29.997 E265.31152
G1 X214.578 Y30.359 E265.34793
G1 X214.845 Y30.658 E265.38793
G1 X214.888 Y30.914 E265.41383
G1 X214.867 Y31.1 E265.43251
G1 X214.921 Y31.179 E265.44206
G1 X214.97 Y31.419 E265.4665
G1 X214.829 Y31.724 E265.50003
G1 X214.825 Y31.833 E265.51091
G1 X214.962 Y31.988 E265.53155
G1 X215.045 Y32.212 E265.55539
G1 X214.908 Y32.582 E265.59476
G1 X214.933 Y32.69 E265.60582
G1 X214.873 Y32.934 E265.63089
G1 X214.761 Y33.068 E265.64831
G1 X214.704 Y33.44 E265.68587
G1 X214.513 Y33.603 E265.71092
G1 X214.382 Y33.654 E265.72495
G1 X214.318 Y33.769 E265.73808
G1 X214.288 Y34.057 E265.76697
G1 X214.016 Y34.363 E265.80782
G1 X213.986 Y34.496 E265.82143
G1 X213.815 Y34.729 E265.85027
G1 X213.708 Y34.784 E265.86227
G1 X213.256 Y35.296 E265.93042
G1 X213.101 Y35.335 E265.94636
G1 X213.013 Y35.431 E265.95936
G1 X212.984 Y35.554 E265.97197
G1 X212.706 Y35.905 E266.01665
G1 X212.649 Y36.111 E266.03797
G1 X212.439 Y36.396 E266.0733
G1 X212.226 Y36.506 E266.09722
G1 X211.918 Y36.908 E266.14775
G1 X211.608 Y37.077 E266.18298
G1 X211.32 Y37.431 E266.22851
G1 X211.232 Y37.476 E266.23838
G1 X210.853 Y37.956 E266.2994
G1 X210.535 Y38.106 E266.33448
G1 X210.399 Y38.084 E266.34823
G1 X209.876 Y38.345 E266.40655
G1 X209.604 Y38.304 E266.434
G1 X209.422 Y38.119 E266.45989
G1 F1500 E259.95989
;MESH:manette_front-Body_(Meshed).stl(1)
G0 F7200 X208.07 Y38.119
G0 X207.5 Y36.7
;TYPE:WALL-INNER
G1 F1500 E266.45989
G1 F3600 X207.5 Y82.7 E271.04979
G1 F3538.1 X207.493 Y82.874 E271.06747
G0 F7200 X207.197 Y83.397
G1 F3654.8 X206.674 Y83.693 E271.12654
G1 X207.514 Y83.714 E271.20912
G1 F3664.1 X207.493 Y82.874 E271.29149
G1 X207.197 Y83.397 E271.35041
G0 F7200 X206.924 Y83.124
G1 F3600 X206.589 Y83.3 E271.38817
G1 X90.5 Y83.3 E282.97157
G1 X90.075 Y83.125 E283.01744
G1 X89.9 Y82.789 E283.05524
G1 X89.9 Y36.7 E287.65402
G1 X90.075 Y36.275 E287.69988
G1 X90.411 Y36.1 E287.73768
G1 X206.5 Y36.1 E299.32109
G1 X206.924 Y36.276 E299.36689
G1 X207.1 Y36.7 E299.4127
G1 X207.1 Y82.789 E304.01148
G1 X206.924 Y83.124 E304.04924
G0 F7200 X206.674 Y83.693
G1 F3529.4 X206.5 Y83.7 E304.06696
G1 F3600 X90.5 Y83.7 E315.64149
G0 F7200 X89.803 Y83.397
G1 F3654.8 X89.507 Y82.874 E315.70055
G1 X89.486 Y83.714 E315.78314
G1 F3730.6 X90.5 Y83.7 E315.88078
G1 X89.803 Y83.397 E315.95396
G0 F7200 X89.507 Y82.874
G1 F3529.4 X89.5 Y82.7 E315.97168
G1 F3600 X89.5 Y36.7 E320.56158
G0 F7200 X89.803 Y36.003
G1 F3654.8 X90.326 Y35.707 E320.62065
G1 X89.486 Y35.686 E320.70323
G1 F3730.6 X89.5 Y36.7 E320.80088
G1 X89.803 Y36.003 E320.87406
G0 F7200 X90.326 Y35.707
G1 F3529.4 X90.5 Y35.7 E320.89178
G1 F3600 X206.5 Y35.7 E332.46631
G0 F7200 X207.197 Y36.003
G1 F3730.6 X207.5 Y36.7 E332.53949
G1 X207.514 Y35.686 E332.63713
G1 X206.5 Y35.7 E332.73478
G1 X207.197 Y36.003 E332.80796
G0 F7200 X207.197 Y35.791
G0 X207.62 Y83.821
G0 X207.9 Y84.1
G1 F3600 X207.9 Y35.3 E337.67724
G1 X89.101 Y35.301 E349.53105
G1 X89.101 Y84.099 E354.40014
G1 X207.9 Y84.1 E366.25395
G0 F7200 X208.3 Y84.5
;TYPE:WALL-OUTER
G1 F1800 X208.3 Y34.9 E371.20306
G1 X88.701 Y34.901 E383.1367
G1 X88.701 Y84.499 E388.0856
G1 X208.3 Y84.5 E400.01924
G0 F7200 X208.3 Y84.3
G0 X207.62 Y83.821
G0 X207.41 Y82.735
G0 X206.698 Y82.735
G1 F1800 X206.642 Y82.842 E400.03129
G1 X206.535 Y82.898 E400.04334
G1 X90.5 Y82.9 E411.62136
G1 X90.358 Y82.842 E411.63667
G1 X90.302 Y82.735 E411.64872
G1 X90.3 Y36.7 E416.24211
G1 X90.358 Y36.558 E416.25741
G1 X90.465 Y36.502 E416.26946
G1 X206.5 Y36.5 E427.84748
G1 X206.642 Y36.558 E427.86279
G1 X206.7 Y36.7 E427.87809
G1 X206.698 Y82.735 E432.47148
G0 F7200 X206.642 Y82.842
G0 X206.573 Y82.878
G1 F1500 E425.97148
;MESH:manette_front-Body_(Meshed).stl
G0 F7200 X206.573 Y83.611
G0 X206.5 Y85.366
G0 X206.5 Y117.458
G0 X206.5 Y118.553
G0 X206.5 Y119.12
;TYPE:WALL-INNER
G1 F1500 E432.47148
G1 F3600 X90.5 Y119.12 E444.04601
G1 F3529.4 X90.326 Y119.127 E444.06373
G0 F7200 X89.803 Y119.423
G1 F3654.8 X90.326 Y119.127 E444.1228
G1 X89.486 Y119.106 E444.20538
G1 F3730.6 X89.5 Y120.12 E444.30303
G1 X89.803 Y119.423 E444.37621
G0 F7200 X89.5 Y120.12
G1 F3600 X89.5 Y166.12 E448.96611
G1 F3529.4 X89.507 Y166.294 E448.98383
G0 F7200 X89.803 Y166.817
G1 F3654.8 X89.507 Y166.294 E449.04289
G1 X89.486 Y167.134 E449.12548
G1 F3730.6 X90.5 Y167.12 E449.22312
G1 X89.803 Y166.817 E449.2963
G0 F7200 X90.5 Y167.12
G1 F3600 X206.5 Y167.12 E460.87083
G1 F3529.4 X206.674 Y167.113 E460.88855
G0 F7200 X207.197 Y166.817
G1 F3654.8 X206.674 Y167.113 E460.94762
G1 X207.514 Y167.134 E461.0302
G1 F3664.1 X207.493 Y166.294 E461.11258
G1 X207.197 Y166.817 E461.17149
G0 F7200 X206.924 Y166.544
G1 F3600 X206.589 Y166.72 E461.20925
G1 X90.5 Y166.72 E472.79266
G1 X90.075 Y166.545 E472.83852
G1 X89.9 Y166.209 E472.87632
G1 X89.9 Y120.12 E477.4751
G1 X90.075 Y119.695 E477.52096
G1 X90.411 Y119.52 E477.55876
G1 X206.5 Y119.52 E489.14217
G1 X206.924 Y119.696 E489.18797
G1 X207.1 Y120.12 E489.23378
G1 X207.1 Y166.209 E493.83256
G1 X206.924 Y166.544 E493.87032
G0 F7200 X207.493 Y166.294
G1 F3538.1 X207.5 Y166.12 E493.888
G1 F3600 X207.5 Y120.12 E498.4779
G0 F7200 X207.197 Y119.423
G1 F3730.6 X207.5 Y120.12 E498.55108
G1 X207.514 Y119.106 E498.64872
G1 X206.5 Y119.12 E498.74637
G1 X207.197 Y119.423 E498.81955
G0 F7200 X207.197 Y119.213
G0 X207.62 Y167.243
G0 X207.9 Y167.52
G1 F3600 X207.9 Y118.72 E503.68883
G1 X89.101 Y118.721 E515.54264
G1 X89.101 Y167.519 E520.41173
G1 X207.9 Y167.52 E532.26554
G0 F7200 X208.3 Y167.92
;TYPE:WALL-OUTER
G1 F1800 X208.3 Y118.32 E537.21465
G1 X88.701 Y118.321 E549.14828
G1 X88.701 Y167.919 E554.09719
G1 X208.3 Y167.92 E566.03083
G0 F7200 X208.3 Y167.72
G0 X207.62 Y167.243
G0 X207.41 Y166.155
G0 X206.698 Y166.155
G1 F1800 X206.642 Y166.262 E566.04288
G1 X206.535 Y166.318 E566.05493
G1 X90.5 Y166.32 E577.63295
G1 X90.358 Y166.262 E577.64826
G1 X90.302 Y166.155 E577.66031
G1 X90.3 Y120.12 E582.2537
G1 X90.358 Y119.978 E582.269
G1 X90.465 Y119.922 E582.28105
G1 X206.5 Y119.92 E593.85907
G1 X206.642 Y119.978 E593.87438
G1 X206.7 Y120.12 E593.88968
G1 X206.698 Y166.155 E598.48307
G0 F7200 X206.642 Y166.262
G0 X206.573 Y166.298
G1 F1500 E591.98307
;MESH:NONMESH
G0 F600 X206.573 Y166.298 Z6.8
G0 F7200 X206.573 Y167.033
G0 X206.938 Y119.685
G0 X88.924 Y118.547
G0 X88.924 Y117.458
G0 X81.822 Y30.409
;TIME_ELAPSED:5334.355900
;LAYER:11
;TYPE:SUPPORT
G1 F1500 E598.48307
G1 F3600 X81.935 Y30.282 E598.50003
G1 X82.043 Y30.247 E598.51136
G1 X82.124 Y30.138 E598.52491
G1 X82.171 Y29.743 E598.5646
G1 X82.293 Y29.545 E598.58781
G1 X82.532 Y29.471 E598.61277
G1 X82.604 Y29.397 E598.62308
G1 X82.654 Y29.112 E598.65195
G1 X82.775 Y28.911 E598.67536
G1 X82.93 Y28.867 E598.69143
G1 X83.072 Y28.908 E598.70618
G1 X83.221 Y28.827 E598.7231
G1 X83.273 Y28.629 E598.74353
G1 X83.401 Y28.42 E598.76799
G1 X83.562 Y28.368 E598.78487
G1 X83.821 Y28.453 E598.81207
G1 X83.927 Y28.397 E598.82403
G1 X84.122 Y28.044 E598.86427
G1 X84.266 Y28 E598.87929
G1 X84.572 Y28.14 E598.91287
G1 X84.681 Y28.113 E598.92407
G1 X84.855 Y27.899 E598.95159
G1 X85.064 Y27.79 E598.97511
G1 X85.216 Y27.832 E598.99085
G1 X85.422 Y28.15 E599.02865
G1 X85.59 Y28.182 E599.04572
G1 X85.811 Y28.074 E599.07026
G1 X85.968 Y28.117 E599.08651
G1 X86.089 Y28.308 E599.10907
G1 X86.121 Y28.63 E599.14135
G1 X86.044 Y28.93 E599.17226
G1 X86.113 Y29.334 E599.21315
G1 X86.006 Y29.627 E599.24428
G1 X86.035 Y29.765 E599.25835
G1 X86.143 Y29.865 E599.27303
G1 X86.27 Y29.896 E599.28608
G1 X86.609 Y29.723 E599.32405
G1 X86.768 Y29.765 E599.34046
G1 X86.886 Y29.956 E599.36286
G1 X86.905 Y30.065 E599.3739
G1 X87.04 Y30.186 E599.39199
G1 X87.269 Y30.131 E599.41549
G1 X87.496 Y30.146 E599.43819
G1 X87.614 Y30.271 E599.45535
G1 X87.636 Y30.529 E599.48118
G1 X87.71 Y30.668 E599.49689
G1 X88.042 Y30.729 E599.53058
G1 X88.159 Y30.855 E599.54773
G1 X88.179 Y31.063 E599.56858
G1 X88.099 Y31.321 E599.59554
G1 X88.18 Y31.448 E599.61057
G1 X88.463 Y31.55 E599.64058
G1 X88.818 Y31.365 E599.68052
G1 X88.935 Y31.181 E599.70228
G1 X89.175 Y31.008 E599.7318
G1 X89.516 Y30.936 E599.76658
G1 X89.655 Y30.951 E599.78053
G1 X90.124 Y30.827 E599.82893
G1 X90.459 Y30.862 E599.86254
G1 X90.653 Y30.997 E599.88612
G1 X90.771 Y31.274 E599.91617
G1 X91.142 Y31.527 E599.96097
G1 X91.301 Y31.854 E599.99725
G1 X91.669 Y32.132 E600.04327
G1 X91.781 Y32.337 E600.06658
G1 X91.772 Y32.487 E600.08158
G1 X91.822 Y32.57 E600.09124
G1 X92.12 Y32.797 E600.12862
G1 X92.23 Y33.001 E600.15175
G1 X92.187 Y33.157 E600.16789
G1 X92.103 Y33.217 E600.1782
G1 X92.048 Y33.363 E600.19376
G1 X92.212 Y33.754 E600.23607
G1 X92.197 Y33.978 E600.25847
G1 X92.083 Y34.09 E600.27442
G1 X91.857 Y34.107 E600.29703
G1 X91.572 Y33.973 E600.32845
G1 X91.419 Y33.976 E600.34372
G1 X91.284 Y34.09 E600.36135
G1 X91.053 Y34.108 E600.38447
G1 X90.709 Y33.955 E600.42204
G1 X90.615 Y33.96 E600.43143
G1 X90.466 Y34.101 E600.4519
G1 X90.224 Y34.152 E600.47658
G1 X89.928 Y33.979 E600.51079
G1 X89.804 Y33.975 E600.52317
G1 X89.659 Y34.107 E600.54273
G1 X89.503 Y34.153 E600.55896
G1 X89.313 Y34.049 E600.58057
G1 X89.189 Y33.914 E600.59886
G1 X89.003 Y33.914 E600.61742
G1 X88.889 Y34.036 E600.63408
G1 X88.674 Y34.149 E600.65832
G1 X88.53 Y34.108 E600.67326
G1 X88.377 Y33.936 E600.69623
G1 X88.224 Y33.933 E600.7115
G1 X87.87 Y34.193 E600.75532
G1 X87.84 Y34.313 E600.76767
G1 X87.911 Y34.494 E600.78707
G1 X87.891 Y34.716 E600.80931
G1 X87.734 Y34.925 E600.83539
G1 X87.741 Y35.016 E600.8445
G1 X87.946 Y35.339 E600.88267
G1 X87.905 Y35.495 E600.89876
G1 X87.727 Y35.66 E600.92298
G1 X87.724 Y35.785 E600.93546
G1 X87.936 Y36.14 E600.97671
G1 X87.905 Y36.303 E600.99327
G1 X87.773 Y36.43 E601.01155
G1 X87.761 Y36.581 E601.02666
G1 X87.904 Y36.891 E601.06073
G1 X87.889 Y37.117 E601.08333
G1 X87.777 Y37.25 E601.10068
G1 X87.76 Y37.348 E601.1106
G1 X87.904 Y37.69 E601.14763
G1 X87.889 Y37.915 E601.17013
G1 X87.775 Y38.029 E601.18621
G1 X87.55 Y38.044 E601.20871
G1 X87.33 Y38.007 E601.23097
G1 X87.222 Y38.096 E601.24494
G1 X87.186 Y38.257 E601.2614
G1 X87.06 Y38.452 E601.28456
G1 X86.908 Y38.497 E601.30038
G1 X86.717 Y38.39 E601.32223
G1 X86.482 Y38.083 E601.3608
G1 X86.397 Y38.049 E601.36994
G1 X86.227 Y38.081 E601.3872
G1 X86.038 Y37.978 E601.40868
G1 X85.91 Y37.798 E601.43071
G1 X85.621 Y37.637 E601.46372
G1 X85.44 Y37.451 E601.48962
G1 X85.138 Y37.032 E601.54116
G1 X84.873 Y36.888 E601.57125
G1 X84.579 Y36.465 E601.62265
G1 X84.327 Y36.383 E601.64909
G1 X84.195 Y36.182 E601.67309
G1 X84.162 Y35.976 E601.6939
G1 X84.065 Y35.878 E601.70766
G1 X83.942 Y35.866 E601.71999
G1 X83.745 Y35.76 E601.74231
G1 X83.446 Y35.334 E601.79425
G1 X83.199 Y35.258 E601.82003
G1 X83.066 Y35.054 E601.84433
G1 X83.035 Y34.835 E601.8664
G1 X82.959 Y34.74 E601.87854
G1 X82.656 Y34.656 E601.90991
G1 X82.53 Y34.466 E601.93266
G1 X82.477 Y34.113 E601.96828
G1 X82.425 Y34.051 E601.97635
G1 X82.17 Y33.994 E602.00243
G1 X82.038 Y33.873 E602.02029
G1 X82.021 Y33.668 E602.04082
G1 X82.1 Y33.442 E602.06471
G1 X82.003 Y33.287 E602.08295
G1 X81.869 Y33.257 E602.09665
G1 X81.733 Y33.138 E602.11468
G1 X81.707 Y32.952 E602.13342
G1 X81.834 Y32.704 E602.16123
G1 X81.836 Y32.522 E602.17939
G1 X81.587 Y32.325 E602.21107
G1 X81.544 Y32.186 E602.22559
G1 X81.648 Y31.99 E602.24773
G1 X81.806 Y31.834 E602.26988
G1 X81.82 Y31.747 E602.27867
G1 X81.766 Y31.622 E602.29226
G1 X81.683 Y31.557 E602.30278
G1 X81.572 Y31.352 E602.32604
G1 X81.613 Y31.211 E602.34069
G1 X81.878 Y31.001 E602.37443
G1 X81.904 Y30.898 E602.38503
G1 X81.801 Y30.636 E602.41312
G1 X81.822 Y30.409 E602.43587
G1 F1500 E595.93587
G0 F7200 X91.328 Y37.838
G1 F1500 E602.43587
G1 F2548.7 X91.156 Y37.471 E602.49299
G1 X91.405 Y37.212 E602.54363
G1 X91.655 Y37.354 E602.58415
G1 F2544.2 X92.122 Y37.92 E602.68775
G1 F2553.2 X92.565 Y38.385 E602.77811
G1 F2562.3 X92.732 Y38.706 E602.82884
G1 X92.734 Y38.907 E602.85702
G1 X92.68 Y38.963 E602.86792
G1 X92.492 Y38.963 E602.89428
G1 X92.18 Y38.793 E602.94409
G1 F2553.2 X91.669 Y38.265 E603.04747
G1 F2539.7 X91.654 Y38.221 E603.05404
G1 F2544.2 X91.328 Y37.838 E603.12505
G1 F1500 E596.62505
G0 F7200 X92.419 Y80.491
G1 F1500 E603.12505
G1 F2504.3 X92.672 Y80.485 E603.16135
G1 X92.748 Y80.55 E603.1757
G1 X92.758 Y80.676 E603.19383
G1 X92.597 Y80.948 E603.23916
G1 X92.286 Y81.213 E603.29777
G1 F2535.2 X92.059 Y81.344 E603.3349
G1 F2557.7 X91.548 Y81.886 E603.43952
G1 F2548.7 X91.265 Y82.043 E603.48513
G1 X91.01 Y81.783 E603.53646
G1 X91.177 Y81.459 E603.58783
G1 F2544.2 X91.678 Y80.917 E603.69204
G1 F2521.9 X92.065 Y80.646 E603.75933
G1 F2504.3 X92.419 Y80.491 E603.81476
G1 F1500 E597.31476
G0 F7200 X89.607 Y86.084
G1 F1500 E603.81476
G1 F3600 X90.214 Y85.447 E603.90256
G1 X90.553 Y85.295 E603.93963
G1 X90.781 Y85.311 E603.96244
G1 X90.954 Y85.434 E603.98362
G1 X91.352 Y85.295 E604.02568
G1 X91.582 Y85.311 E604.04869
G1 X91.744 Y85.454 E604.07025
G1 X91.923 Y85.44 E604.08816
G1 X92.206 Y85.258 E604.12174
G1 X92.363 Y85.298 E604.1379
G1 X92.482 Y85.491 E604.16053
G1 X92.516 Y85.809 E604.19244
G1 X92.376 Y86.324 E604.24569
G1 X92.396 Y86.439 E604.25734
G1 X92.264 Y87.042 E604.31893
G1 X92.288 Y87.186 E604.3335
G1 X92.219 Y87.529 E604.36841
G1 X92.063 Y87.759 E604.39614
G1 X91.891 Y87.834 E604.41486
G1 X91.733 Y87.767 E604.43198
G1 X91.649 Y87.654 E604.44603
G1 X91.553 Y87.607 E604.4567
G1 X91.358 Y87.639 E604.47641
G1 X91.253 Y87.811 E604.49652
G1 X91.074 Y87.93 E604.51797
G1 X90.854 Y87.973 E604.54034
G1 X90.785 Y88.046 E604.55036
G1 X90.69 Y88.374 E604.58443
G1 X90.551 Y88.48 E604.60187
G1 X90.517 Y88.56 E604.61055
G1 X90.384 Y88.675 E604.62809
G1 X90.233 Y88.701 E604.64338
G1 X90.139 Y88.802 E604.65715
G1 X90.115 Y88.956 E604.6727
G1 X89.999 Y89.07 E604.68893
G1 X89.676 Y89.108 E604.72138
G1 X89.578 Y89.199 E604.73472
G1 X89.537 Y89.454 E604.76049
G1 X89.409 Y89.648 E604.78369
G1 X89.084 Y89.781 E604.81872
G1 X88.864 Y90.17 E604.86332
G1 X88.671 Y90.262 E604.88465
G1 X88.516 Y90.264 E604.90012
G1 X88.425 Y90.343 E604.91214
G1 X88.384 Y90.611 E604.93919
G1 X88.276 Y90.737 E604.95575
G1 X88.075 Y90.759 E604.97593
G1 X87.891 Y90.711 E604.9949
G1 X87.767 Y90.788 E605.00947
G1 X87.717 Y91.008 E605.03198
G1 X87.592 Y91.2 E605.05484
G1 X87.439 Y91.245 E605.07075
G1 X87.165 Y91.141 E605.09999
G1 X87.075 Y91.177 E605.10967
G1 X86.868 Y91.459 E605.14457
G1 X86.683 Y91.551 E605.16519
G1 X86.529 Y91.496 E605.1815
G1 X86.422 Y91.385 E605.19689
G1 X86.223 Y91.396 E605.21677
G1 X86.097 Y91.546 E605.23632
G1 X85.793 Y91.68 E605.26947
G1 X85.64 Y91.636 E605.28536
G1 X85.557 Y91.517 E605.29983
G1 X85.413 Y91.464 E605.31514
G1 X85.081 Y91.614 E605.35149
G1 X84.937 Y91.575 E605.36638
G1 X84.724 Y91.29 E605.40188
G1 X84.617 Y91.264 E605.41287
G1 X84.34 Y91.379 E605.4428
G1 X84.145 Y91.357 E605.46238
G1 X84.022 Y91.223 E605.48053
G1 X83.996 Y91.111 E605.492
G1 X83.841 Y91.009 E605.51051
G1 X83.623 Y91.056 E605.53276
G1 X83.432 Y90.953 E605.55442
G1 X83.131 Y90.579 E605.60232
G1 X82.988 Y90.568 E605.61663
G1 X82.805 Y90.473 E605.6372
G1 X82.604 Y90.182 E605.67249
G1 X82.546 Y90.001 E605.69146
G1 X82.326 Y89.884 E605.71632
G1 X82.198 Y89.692 E605.73935
G1 X82.115 Y89.244 E605.78481
G1 X81.975 Y89.169 E605.80066
G1 X81.85 Y88.985 E605.82285
G1 X81.82 Y88.682 E605.85323
G1 X81.856 Y88.534 E605.86843
G1 X81.816 Y88.415 E605.88096
G1 X81.629 Y88.249 E605.90591
G1 X81.604 Y88.067 E605.92424
G1 X81.79 Y87.719 E605.96361
G1 X81.784 Y87.598 E605.9757
G1 X81.65 Y87.459 E605.99496
G1 X81.54 Y87.256 E606.018
G1 X81.581 Y87.112 E606.03294
G1 X81.813 Y86.918 E606.06312
G1 X81.832 Y86.818 E606.07327
G1 X81.705 Y86.519 E606.10569
G1 X81.726 Y86.297 E606.12794
G1 X81.993 Y86.032 E606.16547
G1 X82.039 Y85.623 E606.20654
G1 X82.162 Y85.423 E606.22997
G1 X82.374 Y85.351 E606.25231
G1 X82.443 Y85.26 E606.2637
G1 X82.488 Y85.006 E606.28944
G1 X82.627 Y84.777 E606.31617
G1 X82.879 Y84.655 E606.34411
G1 X83.135 Y84.239 E606.39285
G1 X83.432 Y84.072 E606.42685
G1 X83.696 Y83.677 E606.47425
G1 X83.984 Y83.519 E606.50703
G1 X84.26 Y83.113 E606.55601
G1 X84.547 Y82.956 E606.58866
G1 X84.824 Y82.549 E606.63778
G1 X85.029 Y82.441 E606.6609
G1 X85.344 Y82.507 E606.69301
G1 X85.759 Y82.317 E606.73855
G1 X85.986 Y82.333 E606.76126
G1 X86.103 Y82.459 E606.77842
G1 X86.122 Y82.673 E606.79985
G1 X85.98 Y82.978 E606.83342
G1 X85.987 Y83.114 E606.84701
G1 X86.103 Y83.258 E606.86546
G1 X86.123 Y83.468 E606.88651
G1 X85.971 Y83.806 E606.92349
G1 X85.988 Y83.933 E606.93628
G1 X86.119 Y84.063 E606.95469
G1 X86.147 Y84.231 E606.97169
G1 X85.958 Y84.575 E607.01085
G1 X85.948 Y84.658 E607.01919
G1 X86.068 Y84.884 E607.04472
G1 X86.228 Y84.94 E607.06164
G1 X86.308 Y84.914 E607.07003
G1 X86.429 Y84.762 E607.08942
G1 X86.583 Y84.715 E607.10548
G1 X86.787 Y84.823 E607.12851
G1 X86.951 Y85.062 E607.15744
G1 X87.058 Y85.14 E607.17065
G1 X87.478 Y85.162 E607.21261
G1 X87.628 Y85.281 E607.23172
G1 X87.679 Y85.542 E607.25825
G1 X87.757 Y85.634 E607.27029
G1 X88.025 Y85.714 E607.2982
G1 X88.142 Y85.898 E607.31995
G1 X88.164 Y86.362 E607.3663
G1 X88.222 Y86.466 E607.37818
G1 X88.477 Y86.598 E607.40684
G1 X88.786 Y86.916 E607.45108
G1 X88.882 Y86.958 E607.46153
G1 X89.037 Y86.917 E607.47753
G1 X89.129 Y86.773 E607.49458
G1 X89.456 Y86.445 E607.5408
G1 X89.607 Y86.084 E607.57984
G1 F1500 E601.07984
G0 F7200 X85.064 Y111.21
G1 F1500 E607.57984
G1 F3600 X85.216 Y111.252 E607.59558
G1 X85.366 Y111.513 E607.62561
G1 X85.481 Y111.604 E607.64025
G1 X85.59 Y111.606 E607.65112
G1 X85.812 Y111.497 E607.6758
G1 X85.968 Y111.538 E607.6919
G1 X86.089 Y111.731 E607.71462
G1 X86.121 Y112.05 E607.74661
G1 X86.046 Y112.387 E607.78106
G1 X86.092 Y112.485 E607.79187
G1 X86.113 Y112.754 E607.81879
G1 X86.006 Y113.045 E607.84972
G1 X86.054 Y113.21 E607.86687
G1 X86.157 Y113.293 E607.88007
G1 X86.268 Y113.316 E607.89138
G1 X86.609 Y113.143 E607.92953
G1 X86.768 Y113.185 E607.94594
G1 X86.954 Y113.558 E607.98753
G1 X87.057 Y113.61 E607.99905
G1 X87.268 Y113.552 E608.02088
G1 X87.496 Y113.569 E608.04369
G1 X87.615 Y113.695 E608.06099
G1 X87.663 Y114.033 E608.09505
G1 X87.738 Y114.107 E608.10556
G1 X88.043 Y114.15 E608.1363
G1 X88.163 Y114.276 E608.15366
G1 X88.208 Y114.56 E608.18235
G1 X88.321 Y114.648 E608.19664
G1 X88.415 Y114.654 E608.20604
G1 X88.981 Y114.425 E608.26696
G1 X89.113 Y114.436 E608.28018
G1 X89.513 Y114.356 E608.32088
G1 X89.626 Y114.372 E608.33227
G1 X90.124 Y114.248 E608.38348
G1 X90.46 Y114.285 E608.41721
G1 X90.653 Y114.418 E608.44059
G1 X90.752 Y114.676 E608.46817
G1 X91.141 Y114.947 E608.51547
G1 X91.318 Y115.298 E608.5547
G1 X91.67 Y115.556 E608.59824
G1 X91.782 Y115.758 E608.62129
G1 X91.785 Y115.944 E608.63985
G1 X92.12 Y116.222 E608.68329
G1 X92.229 Y116.425 E608.70628
G1 X92.186 Y116.582 E608.72252
G1 X92.108 Y116.641 E608.73228
G1 X92.056 Y116.785 E608.74756
G1 X92.22 Y117.173 E608.78959
G1 X92.202 Y117.398 E608.81211
G1 X92.087 Y117.513 E608.82834
G1 X91.862 Y117.528 E608.85084
G1 X91.576 Y117.397 E608.88223
G1 X91.424 Y117.4 E608.8974
G1 X91.289 Y117.513 E608.91496
G1 X91.062 Y117.528 E608.93766
G1 X90.765 Y117.39 E608.97034
G1 X90.621 Y117.38 E608.98474
G1 X90.471 Y117.523 E609.00542
G1 X90.224 Y117.572 E609.03055
G1 X89.93 Y117.406 E609.06424
G1 X89.814 Y117.402 E609.07582
G1 X89.667 Y117.528 E609.09514
G1 X89.511 Y117.576 E609.11142
G1 X89.319 Y117.469 E609.13335
G1 X89.191 Y117.333 E609.15199
G1 X89.013 Y117.331 E609.16975
G1 X88.891 Y117.461 E609.18754
G1 X88.682 Y117.569 E609.21101
G1 X88.538 Y117.528 E609.22595
G1 X88.378 Y117.354 E609.24954
G1 X88.254 Y117.346 E609.26194
G1 X87.875 Y117.619 E609.30854
G1 X87.844 Y117.739 E609.32091
G1 X87.912 Y117.918 E609.34002
G1 X87.894 Y118.135 E609.36174
G1 X87.734 Y118.343 E609.38793
G1 X87.74 Y118.435 E609.39713
G1 X87.946 Y118.758 E609.43535
G1 X87.905 Y118.914 E609.45145
G1 X87.72 Y119.081 E609.47631
G1 X87.726 Y119.236 E609.49179
G1 X87.943 Y119.558 E609.53054
G1 X87.906 Y119.718 E609.54692
G1 X87.758 Y119.867 E609.56788
G1 X87.757 Y119.994 E609.58055
G1 X87.904 Y120.311 E609.61542
G1 X87.889 Y120.537 E609.63802
G1 X87.776 Y120.672 E609.65558
G1 X87.76 Y120.768 E609.66529
G1 X87.904 Y121.11 E609.70232
G1 X87.889 Y121.335 E609.72482
G1 X87.775 Y121.449 E609.74091
G1 X87.55 Y121.465 E609.76341
G1 X87.333 Y121.427 E609.7854
G1 X87.226 Y121.516 E609.79928
G1 X87.19 Y121.682 E609.81623
G1 X87.064 Y121.876 E609.83931
G1 X86.912 Y121.921 E609.85513
G1 X86.72 Y121.814 E609.87706
G1 X86.481 Y121.506 E609.91596
G1 X86.396 Y121.473 E609.92506
G1 X86.23 Y121.504 E609.94191
G1 X86.036 Y121.401 E609.96383
G1 X85.894 Y121.21 E609.98757
G1 X85.616 Y121.057 E610.01924
G1 X85.442 Y120.878 E610.04415
G1 X85.191 Y120.502 E610.08925
G1 X84.875 Y120.314 E610.12594
G1 X84.595 Y119.909 E610.17507
G1 X84.332 Y119.788 E610.20396
G1 X84.088 Y119.341 E610.25477
G1 X83.749 Y119.184 E610.29205
G1 X83.506 Y118.809 E610.33664
G1 X83.406 Y118.737 E610.34893
G1 X83.203 Y118.682 E610.36992
G1 X83.069 Y118.477 E610.39435
G1 X83.018 Y118.225 E610.42001
G1 X82.917 Y118.144 E610.43293
G1 X82.655 Y118.079 E610.45986
G1 X82.53 Y117.893 E610.48222
G1 X82.489 Y117.565 E610.51521
G1 X82.426 Y117.476 E610.52609
G1 X82.174 Y117.421 E610.55182
G1 X82.041 Y117.297 E610.56997
G1 X82.021 Y117.093 E610.59042
G1 X82.1 Y116.862 E610.61478
G1 X82.002 Y116.707 E610.63308
G1 X81.879 Y116.677 E610.64571
G1 X81.73 Y116.557 E610.6648
G1 X81.704 Y116.379 E610.68275
G1 X81.834 Y116.129 E610.71086
G1 X81.835 Y115.946 E610.72912
G1 X81.587 Y115.749 E610.76073
G1 X81.544 Y115.606 E610.77563
G1 X81.648 Y115.41 E610.79777
G1 X81.806 Y115.254 E610.81992
G1 X81.82 Y115.167 E610.82871
G1 X81.766 Y115.043 E610.84221
G1 X81.682 Y114.978 E610.85281
G1 X81.572 Y114.776 E610.87576
G1 X81.613 Y114.635 E610.89041
G1 X81.878 Y114.425 E610.92415
G1 X81.903 Y114.298 E610.93706
G1 X81.801 Y114.059 E610.96299
G1 X81.821 Y113.833 E610.98563
G1 X81.934 Y113.707 E611.00252
G1 X82.098 Y113.633 E611.02047
G1 X82.137 Y113.56 E611.02873
G1 X82.168 Y113.15 E611.06975
G1 X82.288 Y112.968 E611.09151
G1 X82.476 Y112.923 E611.1108
G1 X82.604 Y112.825 E611.12688
G1 X82.654 Y112.535 E611.15624
G1 X82.774 Y112.335 E611.17952
G1 X82.932 Y112.29 E611.19591
G1 X83.025 Y112.329 E611.20597
G1 X83.149 Y112.314 E611.21843
G1 X83.229 Y112.246 E611.22891
G1 X83.278 Y112.035 E611.25052
G1 X83.399 Y111.835 E611.27385
G1 X83.556 Y111.79 E611.29015
G1 X83.701 Y111.858 E611.30613
G1 X83.878 Y111.82 E611.32419
G1 X84.088 Y111.54 E611.35911
G1 X84.288 Y111.434 E611.3817
G1 X84.559 Y111.528 E611.41032
G1 X84.69 Y111.511 E611.4235
G1 X84.856 Y111.32 E611.44875
G1 X85.064 Y111.21 E611.47223
G1 F1500 E604.97223
G0 F7200 X91.328 Y121.259
G1 F1500 E611.47223
G1 F2548.7 X91.156 Y120.891 E611.52948
G1 X91.405 Y120.632 E611.58012
G1 X91.655 Y120.774 E611.62064
G1 X92.118 Y121.339 E611.72359
G1 F2553.2 X92.565 Y121.809 E611.81485
G1 F2562.3 X92.732 Y122.127 E611.8652
G1 X92.734 Y122.327 E611.89324
G1 X92.68 Y122.383 E611.90415
G1 X92.491 Y122.383 E611.93064
G1 X92.179 Y122.217 E611.98019
G1 F2553.2 X91.666 Y121.685 E612.08416
G1 F2548.7 X91.653 Y121.642 E612.0905
G1 X91.328 Y121.259 E612.16129
G1 F1500 E605.66129
G0 F7200 X92.418 Y163.912
G1 F1500 E612.16129
G1 F2500 X92.67 Y163.909 E612.1975
G1 X92.747 Y163.974 E612.21198
G1 X92.757 Y164.097 E612.22971
G1 X92.596 Y164.371 E612.27537
G1 F2504.3 X92.285 Y164.635 E612.33389
G1 F2535.2 X92.059 Y164.768 E612.37104
G1 F2557.7 X91.548 Y165.31 E612.47566
G1 F2548.7 X91.267 Y165.467 E612.52102
G1 X91.008 Y165.205 E612.57295
G1 X91.178 Y164.88 E612.62464
G1 F2544.2 X91.677 Y164.342 E612.72824
G1 F2517.5 X92.066 Y164.065 E612.79638
G1 F2500 X92.418 Y163.912 E612.85153
G1 F1500 E606.35153
G0 F7200 X89.819 Y169.285
G1 F1500 E612.85153
G1 F3600 X90.248 Y168.856 E612.91207
G1 X90.557 Y168.715 E612.94596
G1 X90.779 Y168.73 E612.96816
G1 X90.889 Y168.835 E612.98333
G1 X91.061 Y168.847 E613.00054
G1 X91.353 Y168.715 E613.03251
G1 X91.581 Y168.731 E613.05532
G1 X91.712 Y168.846 E613.07271
G1 X91.878 Y168.848 E613.08928
G1 X92.148 Y168.728 E613.11876
G1 X92.379 Y168.742 E613.14185
G1 X92.495 Y168.867 E613.15886
G1 X92.515 Y169.077 E613.17991
G1 X92.378 Y169.372 E613.21237
G1 X92.218 Y169.557 E613.23677
G1 X92.232 Y169.78 E613.25907
G1 X92.099 Y170.041 E613.2883
G1 X91.839 Y170.271 E613.32293
G1 X91.818 Y170.443 E613.34022
G1 X91.713 Y170.65 E613.36338
G1 X91.35 Y170.899 E613.40731
G1 X91.194 Y171.251 E613.44572
G1 X90.803 Y171.497 E613.49182
G1 X90.689 Y171.798 E613.52393
G1 X90.52 Y171.966 E613.54771
G1 X90.196 Y172.134 E613.58413
G1 X90.133 Y172.22 E613.59476
G1 X90.113 Y172.382 E613.61105
G1 X89.999 Y172.494 E613.627
G1 X89.685 Y172.528 E613.65851
G1 X89.576 Y172.626 E613.67314
G1 X89.534 Y172.882 E613.69902
G1 X89.412 Y173.072 E613.72155
G1 X89.145 Y173.164 E613.74973
G1 X88.868 Y173.574 E613.7991
G1 X88.668 Y173.677 E613.82155
G1 X88.476 Y173.716 E613.8411
G1 X88.418 Y173.803 E613.85153
G1 X88.391 Y174.039 E613.87523
G1 X88.282 Y174.145 E613.8904
G1 X87.89 Y174.155 E613.92953
G1 X87.788 Y174.222 E613.94171
G1 X87.731 Y174.493 E613.96934
G1 X87.615 Y174.606 E613.9855
G1 X87.389 Y174.624 E614.00812
G1 X87.164 Y174.548 E614.03182
G1 X87.059 Y174.588 E614.04303
G1 X86.865 Y174.924 E614.08174
G1 X86.707 Y174.965 E614.09803
G1 X86.443 Y174.808 E614.12868
G1 X86.321 Y174.78 E614.14117
G1 X86.192 Y174.845 E614.15558
G1 X86.066 Y175.033 E614.17816
G1 X85.821 Y175.097 E614.20343
G1 X85.499 Y174.909 E614.24063
G1 X85.414 Y174.907 E614.24912
G1 X85.29 Y174.981 E614.26353
G1 X85.069 Y174.996 E614.28563
G1 X84.663 Y174.78 E614.33152
G1 X84.337 Y174.825 E614.36435
G1 X84.121 Y174.711 E614.38872
G1 X83.939 Y174.476 E614.41838
G1 X83.829 Y174.429 E614.43032
G1 X83.618 Y174.476 E614.45189
G1 X83.424 Y174.373 E614.4738
G1 X83.183 Y174.043 E614.51458
G1 X82.989 Y173.992 E614.53459
G1 X82.796 Y173.885 E614.55661
G1 X82.588 Y173.596 E614.59214
G1 X82.528 Y173.41 E614.61164
G1 X82.324 Y173.282 E614.63567
G1 X82.156 Y173.029 E614.66597
G1 X82.081 Y172.693 E614.70032
G1 X81.849 Y172.382 E614.73904
G1 X81.83 Y171.881 E614.78907
G1 X81.634 Y171.67 E614.8178
G1 X81.617 Y171.467 E614.83813
G1 X81.768 Y171.147 E614.87343
G1 X81.746 Y171.003 E614.88797
G1 X81.564 Y170.692 E614.92392
G1 X81.591 Y170.514 E614.94189
G1 X81.721 Y170.379 E614.96059
G1 X81.699 Y170.112 E614.98732
G1 X81.735 Y169.779 E615.02074
G1 X81.988 Y169.452 E615.06199
G1 X82.038 Y169.047 E615.10271
G1 X82.162 Y168.844 E615.12645
G1 X82.326 Y168.749 E615.14536
G1 X82.395 Y168.548 E615.16656
G1 X82.596 Y168.26 E615.20161
G1 X82.836 Y168.133 E615.2287
G1 X83.133 Y167.666 E615.28392
G1 X83.434 Y167.494 E615.31851
G1 X83.695 Y167.096 E615.366
G1 X84.046 Y166.905 E615.40588
G1 X84.282 Y166.513 E615.45153
G1 X84.55 Y166.376 E615.48157
G1 X84.828 Y165.969 E615.53075
G1 X85.032 Y165.862 E615.55373
G1 X85.186 Y165.905 E615.56968
G1 X85.327 Y166.002 E615.58676
G1 X85.447 Y165.985 E615.59885
G1 X85.604 Y165.807 E615.62254
G1 X85.813 Y165.697 E615.6461
G1 X85.968 Y165.738 E615.6621
G1 X86.089 Y165.931 E615.68483
G1 X86.121 Y166.248 E615.71662
G1 X86.048 Y166.611 E615.75357
G1 X86.096 Y166.694 E615.76313
G1 X86.113 Y166.944 E615.78814
G1 X85.987 Y167.269 E615.82292
G1 X85.998 Y167.383 E615.83434
G1 X86.089 Y167.532 E615.85177
G1 X86.121 Y167.849 E615.88356
G1 X86.087 Y168.099 E615.90873
G1 X86.208 Y168.239 E615.92719
G1 X86.299 Y168.272 E615.93685
G1 X86.557 Y168.184 E615.96405
G1 X86.783 Y168.202 E615.98667
G1 X86.903 Y168.328 E616.00404
G1 X86.924 Y168.453 E616.01668
G1 X87.048 Y168.564 E616.03329
G1 X87.479 Y168.583 E616.07634
G1 X87.628 Y168.702 E616.09536
G1 X87.686 Y169.004 E616.12605
G1 X87.744 Y169.091 E616.13648
G1 X88.045 Y169.152 E616.16713
G1 X88.168 Y169.273 E616.18434
G1 X88.19 Y169.473 E616.20442
G1 X88.093 Y169.74 E616.23276
G1 X88.142 Y169.846 E616.24442
G1 X88.473 Y170.018 E616.28164
G1 X88.898 Y170.462 E616.34296
G1 X88.988 Y170.508 E616.35305
G1 X89.166 Y170.462 E616.37139
G1 X89.297 Y170.186 E616.40188
G1 X89.546 Y169.847 E616.44385
G1 X89.819 Y169.285 E616.50619
G1 F1500 E610.00619
G0 F7200 X204.196 Y164.085
G1 F1500 E616.50619
G1 F2535.2 X204.201 Y163.951 E616.52519
G1 X204.272 Y163.887 E616.53873
G1 X204.499 Y163.891 E616.5709
G1 X204.861 Y164.056 E616.62727
G1 F2553.2 X205.241 Y164.351 E616.69495
G1 F2566.8 X205.72 Y164.898 E616.7967
G1 F2557.7 X205.885 Y165.27 E616.85385
G1 X205.645 Y165.512 E616.90172
G1 X205.382 Y165.358 E616.94452
G1 F2566.8 X204.868 Y164.773 E617.0535
G1 F2553.2 X204.349 Y164.358 E617.14699
G1 F2535.2 X204.196 Y164.085 E617.19133
G1 F1500 E610.69133
G0 F7200 X205.022 Y169.384
G1 F1500 E617.19133
G1 F3600 X205.079 Y168.913 E617.23867
G1 X205.202 Y168.715 E617.26193
G1 X205.355 Y168.671 E617.27781
G1 X205.56 Y168.774 E617.3007
G1 X205.692 Y168.907 E617.3194
G1 X205.827 Y168.911 E617.33288
G1 X205.931 Y168.833 E617.34585
G1 X206.001 Y168.714 E617.35963
G1 X206.155 Y168.667 E617.37569
G1 X206.361 Y168.774 E617.39885
G1 X206.471 Y168.9 E617.41554
G1 X206.651 Y168.907 E617.43352
G1 X206.773 Y168.784 E617.4508
G1 X206.985 Y168.673 E617.47468
G1 X207.139 Y168.714 E617.49058
G1 X207.292 Y168.874 E617.51267
G1 X207.4 Y168.88 E617.52346
G1 X207.766 Y168.699 E617.56421
G1 X207.956 Y168.721 E617.58329
G1 X208.081 Y168.847 E617.601
G1 X208.249 Y168.846 E617.61776
G1 X208.53 Y168.715 E617.6487
G1 X208.757 Y168.731 E617.67141
G1 X208.919 Y168.893 E617.69427
G1 X209.076 Y168.919 E617.71014
G1 X209.343 Y168.807 E617.73903
G1 X209.466 Y168.852 E617.7521
G1 X209.644 Y168.768 E617.77174
G1 X209.692 Y168.536 E617.79538
G1 X209.81 Y168.355 E617.81694
G1 X209.975 Y168.319 E617.83379
G1 X210.179 Y168.426 E617.85678
G1 X210.339 Y168.437 E617.87278
G1 X210.555 Y168.2 E617.90478
G1 X210.766 Y168.09 E617.92852
G1 X210.923 Y168.13 E617.94468
G1 X211.038 Y168.301 E617.96525
G1 X211.213 Y168.348 E617.98333
G1 X211.564 Y168.129 E618.02461
G1 X211.712 Y168.167 E618.03985
G1 X211.87 Y168.47 E618.07395
G1 X211.979 Y168.565 E618.08838
G1 X212.105 Y168.568 E618.10095
G1 X212.281 Y168.481 E618.12054
G1 X212.44 Y168.522 E618.13693
G1 X212.662 Y168.824 E618.17433
G1 X212.828 Y168.844 E618.19101
G1 X212.946 Y168.79 E618.20396
G1 X213.121 Y168.418 E618.24498
G1 X213.267 Y167.949 E618.29399
G1 X213.468 Y167.659 E618.3292
G1 X213.678 Y167.55 E618.35281
G1 X213.835 Y167.59 E618.36897
G1 X213.954 Y167.784 E618.39168
G1 X213.985 Y168.031 E618.41652
G1 X214.049 Y168.136 E618.42879
G1 X214.386 Y168.201 E618.46304
G1 X214.503 Y168.327 E618.48019
G1 X214.523 Y168.531 E618.50065
G1 X214.492 Y168.655 E618.5134
G1 X214.531 Y168.76 E618.52458
G1 X214.664 Y168.838 E618.53996
G1 X214.85 Y168.851 E618.55857
G1 X214.967 Y168.978 E618.5758
G1 X214.987 Y169.188 E618.59684
G1 X214.908 Y169.406 E618.61998
G1 X214.949 Y169.527 E618.63273
G1 X215.288 Y169.744 E618.67289
G1 X215.331 Y169.883 E618.68741
G1 X215.156 Y170.223 E618.72556
G1 X215.169 Y170.314 E618.73474
G1 X215.413 Y170.525 E618.76692
G1 X215.46 Y170.672 E618.78232
G1 X215.352 Y170.878 E618.80553
G1 X215.193 Y171.042 E618.82832
G1 X215.186 Y171.138 E618.83793
G1 X215.418 Y171.502 E618.881
G1 X215.377 Y171.659 E618.89719
G1 X215.11 Y171.857 E618.93036
G1 X215.08 Y171.975 E618.9425
G1 X215.22 Y172.273 E618.97536
G1 X215.182 Y172.435 E618.99196
G1 X215.012 Y172.554 E619.01267
G1 X214.828 Y172.616 E619.03204
G1 X214.768 Y172.74 E619.04578
G1 X214.836 Y172.951 E619.0679
G1 X214.821 Y173.175 E619.09031
G1 X214.706 Y173.29 E619.10653
G1 X214.428 Y173.343 E619.13477
G1 X214.365 Y173.421 E619.14478
G1 X214.324 Y173.791 E619.18192
G1 X214.211 Y173.935 E619.20018
G1 X214.04 Y173.963 E619.21747
G1 X213.9 Y173.92 E619.23209
G1 X213.744 Y174.004 E619.24977
G1 X213.691 Y174.234 E619.27332
G1 X213.567 Y174.428 E619.29629
G1 X213.415 Y174.472 E619.31208
G1 X213.253 Y174.392 E619.33011
G1 X213.156 Y174.388 E619.3398
G1 X213.011 Y174.507 E619.35851
G1 X212.989 Y174.656 E619.37354
G1 X212.879 Y174.771 E619.38942
G1 X212.655 Y174.791 E619.41186
G1 X212.395 Y174.684 E619.43991
G1 X212.292 Y174.71 E619.45051
G1 X212.08 Y174.993 E619.4858
G1 X211.927 Y175.04 E619.50177
G1 X211.584 Y174.816 E619.54264
G1 X211.474 Y174.822 E619.55363
G1 X211.278 Y175.041 E619.58296
G1 X211.126 Y175.088 E619.59884
G1 X210.937 Y174.986 E619.62026
G1 X210.766 Y174.793 E619.64599
G1 X210.661 Y174.777 E619.65659
G1 X210.3 Y174.971 E619.69748
G1 X210.167 Y174.933 E619.71129
G1 X209.943 Y174.595 E619.75175
G1 X209.784 Y174.564 E619.76791
G1 X209.57 Y174.666 E619.79156
G1 X209.434 Y174.629 E619.80563
G1 X209.23 Y174.286 E619.84545
G1 X209.16 Y174.243 E619.85364
G1 X208.816 Y174.209 E619.88814
G1 X208.616 Y174.03 E619.91492
G1 X208.591 Y173.792 E619.9388
G1 X208.465 Y173.651 E619.95766
G1 X208.292 Y173.645 E619.97494
G1 X208.001 Y173.509 E620.00699
G1 X207.229 Y172.745 E620.11536
G1 X206.741 Y172.284 E620.18235
G1 X206.703 Y172.213 E620.19038
G1 X205.981 Y171.56 E620.28752
G1 X205.719 Y171.168 E620.33456
G1 X205.369 Y170.802 E620.38509
G1 X205.208 Y170.435 E620.42508
G1 X204.931 Y170.125 E620.46656
G1 X204.793 Y169.835 E620.49861
G1 X204.813 Y169.619 E620.52025
G1 X205.022 Y169.384 E620.55163
G1 F1500 E614.05163
G0 F7200 X204.494 Y122.352
G1 F1500 E620.55163
G1 F2553.2 X204.33 Y122.345 E620.57473
G1 X204.258 Y122.269 E620.58946
G1 X204.256 Y122.088 E620.61492
G1 X204.417 Y121.777 E620.66419
G1 F2544.2 X204.96 Y121.199 E620.77616
G1 F2508.7 X205.316 Y120.799 E620.85284
G1 F2482.8 X205.589 Y120.643 E620.89833
G1 X205.832 Y120.903 E620.94982
G1 X205.628 Y121.315 E621.01633
G1 F2517.5 X204.807 Y122.184 E621.18691
G1 F2553.2 X204.494 Y122.352 E621.23689
G1 F1500 E614.73689
G0 F7200 X209.46 Y122.008
G1 F1500 E621.23689
G1 F3600 X209.238 Y121.99 E621.25912
G1 X209.105 Y121.865 E621.27733
G1 X209.085 Y121.663 E621.29758
G1 X209.241 Y121.342 E621.33319
G1 X209.23 Y121.203 E621.34711
G1 X209.105 Y121.068 E621.36546
G1 X209.085 Y120.863 E621.38602
G1 X209.26 Y120.449 E621.43086
G1 X209.198 Y120.318 E621.44533
G1 X209.091 Y120.246 E621.45819
G1 X209.048 Y120.103 E621.47309
G1 X209.154 Y119.908 E621.49524
G1 X209.301 Y119.761 E621.51598
G1 X209.298 Y119.617 E621.53035
G1 X209.1 Y119.444 E621.55659
G1 X209.043 Y119.296 E621.57241
G1 X209.13 Y119.125 E621.59156
G1 X209.298 Y118.963 E621.61485
G1 X209.298 Y118.813 E621.62981
G1 X209.158 Y118.675 E621.64943
G1 X209.047 Y118.472 E621.67251
G1 X209.089 Y118.33 E621.68729
G1 X209.254 Y118.153 E621.71143
G1 X209.224 Y117.988 E621.72817
G1 X209.105 Y117.867 E621.7451
G1 X209.085 Y117.697 E621.76218
G1 X209.015 Y117.593 E621.77469
G1 X208.876 Y117.552 E621.78915
G1 X208.791 Y117.573 E621.79789
G1 X208.596 Y117.469 E621.81994
G1 X208.448 Y117.332 E621.84006
G1 X208.323 Y117.334 E621.85254
G1 X208.144 Y117.529 E621.87895
G1 X207.991 Y117.576 E621.89492
G1 X207.799 Y117.469 E621.91685
G1 X207.651 Y117.324 E621.93752
G1 X207.497 Y117.329 E621.9529
G1 X207.371 Y117.461 E621.97111
G1 X207.162 Y117.57 E621.99463
G1 X207.017 Y117.527 E622.00972
G1 X206.852 Y117.349 E622.03393
G1 X206.747 Y117.338 E622.04447
G1 X206.359 Y117.56 E622.08907
G1 X206.207 Y117.527 E622.10459
G1 X206.081 Y117.399 E622.12251
G1 X205.964 Y117.382 E622.13431
G1 X205.627 Y117.525 E622.17084
G1 X205.399 Y117.509 E622.19365
G1 X205.272 Y117.386 E622.21129
G1 X205.251 Y117.072 E622.24269
G1 X205.194 Y116.974 E622.254
G1 X205.099 Y116.924 E622.26471
G1 X204.875 Y116.905 E622.28714
G1 X204.745 Y116.782 E622.305
G1 X204.725 Y116.574 E622.32585
G1 X204.857 Y116.303 E622.35593
G1 X205.083 Y116.057 E622.38926
G1 X205.085 Y115.919 E622.40303
G1 X205.186 Y115.733 E622.42415
G1 X205.574 Y115.425 E622.47358
G1 X205.586 Y115.308 E622.48532
G1 X205.692 Y115.112 E622.50755
G1 X206.102 Y114.827 E622.55737
G1 X206.201 Y114.567 E622.58513
G1 X206.403 Y114.428 E622.6096
G1 X206.631 Y114.392 E622.63263
G1 X206.738 Y114.297 E622.64691
G1 X206.782 Y113.976 E622.67924
G1 X206.893 Y113.853 E622.69577
G1 X207.225 Y113.81 E622.72917
G1 X207.318 Y113.708 E622.74294
G1 X207.354 Y113.476 E622.76637
G1 X207.474 Y113.277 E622.78956
G1 X207.772 Y113.158 E622.82158
G1 X208.016 Y112.781 E622.86638
G1 X208.221 Y112.673 E622.8895
G1 X208.378 Y112.714 E622.90569
G1 X208.433 Y112.788 E622.91489
G1 X208.589 Y112.84 E622.9313
G1 X208.7 Y112.791 E622.94341
G1 X208.803 Y112.655 E622.96043
G1 X209.012 Y112.546 E622.98395
G1 X209.168 Y112.589 E623.0001
G1 X209.29 Y112.784 E623.02305
G1 X209.325 Y113.104 E623.05517
G1 X209.26 Y113.389 E623.08434
G1 X209.282 Y113.461 E623.09185
G1 X209.411 Y113.582 E623.1095
G1 X209.552 Y113.599 E623.12367
G1 X209.803 Y113.539 E623.14942
G1 X210.001 Y113.347 E623.17694
G1 X210.309 Y113.208 E623.21066
G1 X210.533 Y113.223 E623.23306
G1 X210.712 Y113.336 E623.25418
G1 X210.877 Y113.27 E623.27191
G1 X210.973 Y113.114 E623.29019
G1 X211.122 Y113.071 E623.30566
G1 X211.329 Y113.178 E623.32891
G1 X211.487 Y113.376 E623.35419
G1 X211.581 Y113.4 E623.36387
G1 X211.899 Y113.267 E623.39826
G1 X212.105 Y113.374 E623.42142
G1 X212.305 Y113.675 E623.45748
G1 X212.42 Y113.758 E623.47163
G1 X212.714 Y113.741 E623.50102
G1 X212.845 Y113.652 E623.51682
G1 X213.002 Y113.169 E623.5675
G1 X213.205 Y112.879 E623.60282
G1 X213.514 Y112.712 E623.63787
G1 X213.779 Y112.326 E623.68458
G1 X213.989 Y112.217 E623.70819
G1 X214.147 Y112.258 E623.72448
G1 X214.266 Y112.452 E623.74719
G1 X214.305 Y112.748 E623.77698
G1 X214.404 Y112.856 E623.7916
G1 X214.663 Y112.895 E623.81773
G1 X214.773 Y113.025 E623.83472
G1 X214.792 Y113.256 E623.85785
G1 X214.744 Y113.406 E623.87357
G1 X214.761 Y113.49 E623.88212
G1 X214.87 Y113.594 E623.89715
G1 X215.021 Y113.612 E623.91232
G1 X215.139 Y113.739 E623.92962
G1 X215.16 Y113.952 E623.95098
G1 X215.06 Y114.191 E623.97683
G1 X215.09 Y114.314 E623.98946
G1 X215.368 Y114.528 E624.02447
G1 X215.413 Y114.676 E624.0399
G1 X215.201 Y115.016 E624.07988
G1 X215.206 Y115.127 E624.09097
G1 X215.421 Y115.328 E624.12034
G1 X215.468 Y115.476 E624.13583
G1 X215.36 Y115.682 E624.15904
G1 X215.179 Y115.851 E624.18375
G1 X215.164 Y115.94 E624.19275
G1 X215.355 Y116.299 E624.23333
G1 X215.314 Y116.452 E624.24913
G1 X214.969 Y116.661 E624.28938
G1 X214.936 Y116.769 E624.30065
G1 X215.015 Y116.982 E624.32332
G1 X214.995 Y117.209 E624.34606
G1 X214.882 Y117.322 E624.362
G1 X214.62 Y117.373 E624.38863
G1 X214.541 Y117.491 E624.4028
G1 X214.548 Y117.874 E624.44103
G1 X214.436 Y117.99 E624.45712
G1 X214.134 Y118.033 E624.48755
G1 X214.04 Y118.15 E624.50253
G1 X214.006 Y118.411 E624.52879
G1 X213.885 Y118.602 E624.55135
G1 X213.703 Y118.703 E624.57212
G1 X213.536 Y118.964 E624.60304
G1 X213.344 Y119.15 E624.62971
G1 X213.049 Y119.178 E624.65928
G1 X212.924 Y119.275 E624.67507
G1 X212.881 Y119.539 E624.70176
G1 X212.757 Y119.729 E624.72439
G1 X212.45 Y119.851 E624.75736
G1 X212.203 Y120.242 E624.8035
G1 X211.915 Y120.397 E624.83614
G1 X211.652 Y120.786 E624.88299
G1 X211.32 Y120.943 E624.91964
G1 X211.048 Y121.313 E624.96546
G1 X210.843 Y121.421 E624.98858
G1 X210.709 Y121.418 E625.00195
G1 X210.419 Y121.721 E625.0438
G1 X210.176 Y121.85 E625.07125
G1 X209.931 Y121.804 E625.09612
G1 X209.46 Y122.008 E625.14734
G1 F1500 E618.64734
G0 F7200 X211.101 Y91.662
G1 F1500 E625.14734
G1 F3600 X210.957 Y91.623 E625.16223
G1 X210.759 Y91.383 E625.19327
G1 X210.661 Y91.368 E625.20316
G1 X210.306 Y91.552 E625.24306
G1 X210.172 Y91.513 E625.25699
G1 X209.953 Y91.177 E625.297
G1 X209.876 Y91.143 E625.3054
G1 X209.745 Y91.161 E625.3186
G1 X209.577 Y91.247 E625.33743
G1 X209.429 Y91.206 E625.35275
G1 X209.24 Y90.864 E625.39174
G1 X209.165 Y90.815 E625.40068
G1 X208.815 Y90.787 E625.43572
G1 X208.621 Y90.611 E625.46185
G1 X208.595 Y90.374 E625.48564
G1 X208.469 Y90.231 E625.50466
G1 X208.292 Y90.225 E625.52233
G1 X208.005 Y90.089 E625.55402
G1 X207.257 Y89.349 E625.65901
G1 X206.743 Y88.866 E625.72939
G1 X206.695 Y88.783 E625.73895
G1 X205.981 Y88.143 E625.83463
G1 X205.697 Y87.721 E625.88538
G1 X205.369 Y87.379 E625.93266
G1 X205.202 Y87 E625.97399
G1 X204.931 Y86.704 E626.01403
G1 X204.793 Y86.415 E626.04599
G1 X204.813 Y86.196 E626.06793
G1 X205.022 Y85.964 E626.09909
G1 X205.079 Y85.493 E626.14643
G1 X205.203 Y85.291 E626.17008
G1 X205.355 Y85.247 E626.18587
G1 X205.562 Y85.354 E626.20912
G1 X205.693 Y85.484 E626.22753
G1 X205.826 Y85.487 E626.24081
G1 X206 Y85.291 E626.26696
G1 X206.154 Y85.247 E626.28294
G1 X206.361 Y85.354 E626.30619
G1 X206.47 Y85.479 E626.32274
G1 X206.651 Y85.487 E626.34082
G1 X206.775 Y85.36 E626.35853
G1 X206.984 Y85.25 E626.3821
G1 X207.138 Y85.293 E626.39805
G1 X207.292 Y85.454 E626.42028
G1 X207.401 Y85.459 E626.43117
G1 X207.766 Y85.278 E626.47182
G1 X207.957 Y85.301 E626.49101
G1 X208.144 Y85.44 E626.51426
G1 X208.529 Y85.295 E626.55531
G1 X208.758 Y85.311 E626.57822
G1 X208.923 Y85.473 E626.60129
G1 X209.08 Y85.499 E626.61717
G1 X209.343 Y85.387 E626.64569
G1 X209.466 Y85.432 E626.65876
G1 X209.643 Y85.35 E626.67823
G1 X209.692 Y85.116 E626.70208
G1 X209.81 Y84.935 E626.72364
G1 X209.975 Y84.899 E626.74049
G1 X210.179 Y85.006 E626.76348
G1 X210.34 Y85.017 E626.77958
G1 X210.556 Y84.775 E626.81195
G1 X210.764 Y84.666 E626.83538
G1 X210.924 Y84.709 E626.85191
G1 X211.037 Y84.872 E626.8717
G1 X211.206 Y84.917 E626.88915
G1 X211.322 Y84.849 E626.90257
G1 X211.385 Y84.746 E626.91461
G1 X211.534 Y84.703 E626.93009
G1 X211.742 Y84.811 E626.95347
G1 X211.947 Y85.097 E626.98858
G1 X212.12 Y85.135 E627.00626
G1 X212.282 Y85.061 E627.02403
G1 X212.44 Y85.102 E627.04031
G1 X212.622 Y85.372 E627.0728
G1 X212.848 Y85.412 E627.09571
G1 X212.98 Y85.319 E627.11182
G1 X213.26 Y84.525 E627.19582
G1 X213.465 Y84.234 E627.23134
G1 X213.673 Y84.123 E627.25487
G1 X213.828 Y84.165 E627.27089
G1 X213.95 Y84.356 E627.2935
G1 X213.978 Y84.607 E627.3187
G1 X214.085 Y84.737 E627.33551
G1 X214.382 Y84.773 E627.36536
G1 X214.499 Y84.899 E627.38251
G1 X214.496 Y85.23 E627.41554
G1 X214.532 Y85.328 E627.42596
G1 X214.663 Y85.41 E627.44138
G1 X214.846 Y85.425 E627.4597
G1 X214.963 Y85.551 E627.47686
G1 X214.984 Y85.762 E627.49802
G1 X214.908 Y85.978 E627.52086
G1 X214.949 Y86.099 E627.53361
G1 X215.286 Y86.316 E627.57361
G1 X215.328 Y86.455 E627.58809
G1 X215.156 Y86.795 E627.62611
G1 X215.169 Y86.885 E627.63519
G1 X215.412 Y87.096 E627.6673
G1 X215.457 Y87.244 E627.68273
G1 X215.352 Y87.449 E627.70572
G1 X215.193 Y87.611 E627.72836
G1 X215.194 Y87.736 E627.74084
G1 X215.418 Y88.074 E627.7813
G1 X215.377 Y88.231 E627.79749
G1 X215.11 Y88.429 E627.83066
G1 X215.103 Y88.631 E627.85082
G1 X215.22 Y88.85 E627.8756
G1 X215.185 Y89.011 E627.89204
G1 X215.017 Y89.126 E627.91235
G1 X214.831 Y89.189 E627.93195
G1 X214.773 Y89.311 E627.94543
G1 X214.84 Y89.523 E627.96761
G1 X214.825 Y89.747 E627.99001
G1 X214.71 Y89.862 E628.00624
G1 X214.431 Y89.916 E628.0346
G1 X214.369 Y89.993 E628.04446
G1 X214.328 Y90.364 E628.0817
G1 X214.215 Y90.51 E628.10012
G1 X214.041 Y90.537 E628.11769
G1 X213.903 Y90.496 E628.13206
G1 X213.749 Y90.579 E628.14951
G1 X213.698 Y90.81 E628.17312
G1 X213.572 Y91.004 E628.1962
G1 X213.419 Y91.049 E628.21211
G1 X213.15 Y90.954 E628.24058
G1 X213.047 Y91.005 E628.25205
G1 X212.856 Y91.361 E628.29236
G1 X212.702 Y91.408 E628.30843
G1 X212.386 Y91.264 E628.34308
G1 X212.286 Y91.289 E628.35336
G1 X212.086 Y91.547 E628.38593
G1 X211.915 Y91.622 E628.40456
G1 X211.764 Y91.557 E628.42097
G1 X211.673 Y91.43 E628.43656
G1 X211.562 Y91.384 E628.44855
G1 X211.472 Y91.397 E628.45762
G1 X211.319 Y91.551 E628.47928
G1 X211.101 Y91.662 E628.50369
G1 F1500 E622.00369
G0 F7200 X205.246 Y80.933
G1 F1500 E628.50369
G1 F2571.4 X205.72 Y81.478 E628.60459
G1 F2562.3 X205.885 Y81.85 E628.66164
G1 X205.646 Y82.09 E628.70912
G1 X205.382 Y81.938 E628.75183
G1 F2571.4 X204.87 Y81.352 E628.86053
G1 F2562.3 X204.35 Y80.939 E628.95363
G1 F2548.7 X204.194 Y80.665 E628.99807
G1 X204.198 Y80.53 E629.0171
G1 X204.272 Y80.464 E629.03108
G1 X204.503 Y80.466 E629.06363
G1 X204.861 Y80.634 E629.11937
G1 F2562.3 X205.246 Y80.933 E629.18771
G1 F1500 E622.68771
G0 F7200 X204.492 Y38.928
G1 F1500 E629.18771
G1 F2548.7 X204.33 Y38.924 E629.21055
G1 X204.258 Y38.847 E629.22541
G1 X204.256 Y38.664 E629.2512
G1 X204.417 Y38.353 E629.30056
G1 F2535.2 X204.961 Y37.775 E629.41302
G1 F2500 X205.314 Y37.375 E629.48967
G1 F2478.5 X205.589 Y37.222 E629.53528
G1 X205.832 Y37.483 E629.58697
G1 X205.627 Y37.895 E629.65366
G1 F2513.1 X204.807 Y38.76 E629.82403
G1 F2548.7 X204.492 Y38.928 E629.87434
G1 F1500 E623.37434
G0 F7200 X209.46 Y38.588
G1 F1500 E629.87434
G1 F3600 X209.238 Y38.57 E629.89657
G1 X209.105 Y38.445 E629.91478
G1 X209.085 Y38.242 E629.93513
G1 X209.242 Y37.916 E629.97124
G1 X209.23 Y37.779 E629.98496
G1 X209.105 Y37.644 E630.00332
G1 X209.085 Y37.443 E630.02347
G1 X209.26 Y37.025 E630.06869
G1 X209.201 Y36.902 E630.0823
G1 X209.091 Y36.824 E630.09575
G1 X209.048 Y36.682 E630.11056
G1 X209.152 Y36.485 E630.13279
G1 X209.288 Y36.361 E630.15115
G1 X209.298 Y36.189 E630.16834
G1 X209.104 Y36.02 E630.19401
G1 X209.04 Y35.872 E630.2101
G1 X209.115 Y35.709 E630.22801
G1 X209.295 Y35.542 E630.25251
G1 X209.295 Y35.395 E630.26717
G1 X209.163 Y35.258 E630.28616
G1 X209.048 Y35.048 E630.31005
G1 X209.089 Y34.906 E630.32479
G1 X209.254 Y34.73 E630.34887
G1 X209.224 Y34.564 E630.3657
G1 X209.104 Y34.446 E630.38249
G1 X209.085 Y34.273 E630.39986
G1 X208.999 Y34.158 E630.41418
G1 X208.789 Y34.151 E630.43515
G1 X208.448 Y33.908 E630.47693
G1 X208.322 Y33.911 E630.48951
G1 X208.144 Y34.108 E630.516
G1 X207.991 Y34.153 E630.53191
G1 X207.796 Y34.049 E630.55396
G1 X207.65 Y33.904 E630.57449
G1 X207.498 Y33.909 E630.58967
G1 X207.374 Y34.037 E630.60745
G1 X207.162 Y34.149 E630.63138
G1 X207.018 Y34.108 E630.64632
G1 X206.853 Y33.925 E630.6709
G1 X206.747 Y33.914 E630.68153
G1 X206.358 Y34.139 E630.72637
G1 X206.209 Y34.107 E630.74158
G1 X206.083 Y33.975 E630.75979
G1 X205.963 Y33.958 E630.77188
G1 X205.627 Y34.104 E630.80844
G1 X205.399 Y34.086 E630.83126
G1 X205.272 Y33.965 E630.84876
G1 X205.251 Y33.652 E630.88006
G1 X205.194 Y33.555 E630.89129
G1 X205.1 Y33.504 E630.90196
G1 X204.876 Y33.482 E630.92442
G1 X204.744 Y33.358 E630.94249
G1 X204.725 Y33.154 E630.96293
G1 X204.857 Y32.882 E630.9931
G1 X205.083 Y32.634 E631.02658
G1 X205.086 Y32.498 E631.04015
G1 X205.187 Y32.308 E631.06162
G1 X205.574 Y32.001 E631.11091
G1 X205.585 Y31.888 E631.12224
G1 X205.692 Y31.691 E631.14461
G1 X206.102 Y31.404 E631.19455
G1 X206.2 Y31.144 E631.22227
G1 X206.402 Y31.008 E631.24657
G1 X206.648 Y30.965 E631.27149
G1 X206.738 Y30.877 E631.28405
G1 X206.782 Y30.556 E631.31638
G1 X206.893 Y30.433 E631.33291
G1 X207.149 Y30.412 E631.35854
G1 X207.271 Y30.357 E631.37189
G1 X207.318 Y30.287 E631.3803
G1 X207.353 Y30.056 E631.40362
G1 X207.474 Y29.856 E631.42694
G1 X207.75 Y29.758 E631.45616
G1 X208.016 Y29.357 E631.50418
G1 X208.22 Y29.25 E631.52716
G1 X208.377 Y29.293 E631.54341
G1 X208.431 Y29.367 E631.55255
G1 X208.589 Y29.419 E631.56914
G1 X208.701 Y29.37 E631.58134
G1 X208.803 Y29.235 E631.59822
G1 X209.013 Y29.125 E631.62188
G1 X209.168 Y29.166 E631.63788
G1 X209.29 Y29.364 E631.66108
G1 X209.324 Y29.682 E631.69299
G1 X209.256 Y29.968 E631.72233
G1 X209.291 Y30.062 E631.73234
G1 X209.411 Y30.166 E631.74818
G1 X209.56 Y30.181 E631.76312
G1 X209.799 Y30.115 E631.78786
G1 X209.993 Y29.927 E631.81482
G1 X210.305 Y29.788 E631.8489
G1 X210.533 Y29.803 E631.8717
G1 X210.708 Y29.912 E631.89227
G1 X210.873 Y29.846 E631.91
G1 X210.971 Y29.694 E631.92805
G1 X211.124 Y29.647 E631.94402
G1 X211.329 Y29.754 E631.96709
G1 X211.486 Y29.951 E631.99223
G1 X211.63 Y29.971 E632.00673
G1 X211.9 Y29.847 E632.03638
G1 X212.106 Y29.955 E632.05959
G1 X212.324 Y30.267 E632.09757
G1 X212.477 Y30.32 E632.11372
G1 X212.563 Y30.297 E632.1226
G1 X212.64 Y30.326 E632.13081
G1 X212.769 Y30.303 E632.14389
G1 X212.863 Y30.189 E632.15863
G1 X213.002 Y29.75 E632.20458
G1 X213.205 Y29.458 E632.24006
G1 X213.515 Y29.287 E632.27539
G1 X213.779 Y28.902 E632.32197
G1 X213.988 Y28.794 E632.34544
G1 X214.147 Y28.837 E632.36188
G1 X214.266 Y29.028 E632.38433
G1 X214.305 Y29.324 E632.41412
G1 X214.405 Y29.433 E632.42888
G1 X214.661 Y29.471 E632.45471
G1 X214.773 Y29.606 E632.47221
G1 X214.77 Y30.072 E632.51871
G1 X214.875 Y30.173 E632.53325
G1 X215.021 Y30.192 E632.54794
G1 X215.139 Y30.319 E632.56523
G1 X215.159 Y30.528 E632.58618
G1 X215.06 Y30.766 E632.6119
G1 X215.09 Y30.89 E632.62463
G1 X215.368 Y31.104 E632.65964
G1 X215.413 Y31.255 E632.67536
G1 X215.201 Y31.592 E632.71509
G1 X215.206 Y31.704 E632.72627
G1 X215.421 Y31.904 E632.75557
G1 X215.468 Y32.052 E632.77107
G1 X215.36 Y32.258 E632.79428
G1 X215.179 Y32.427 E632.81898
G1 X215.164 Y32.516 E632.82799
G1 X215.356 Y32.878 E632.86888
G1 X215.314 Y33.032 E632.8848
G1 X215.039 Y33.176 E632.91578
G1 X214.939 Y33.316 E632.93294
G1 X215.012 Y33.561 E632.95845
G1 X214.994 Y33.786 E632.98098
G1 X214.879 Y33.901 E632.9972
G1 X214.622 Y33.95 E633.02331
G1 X214.547 Y34.058 E633.03643
G1 X214.54 Y34.458 E633.07635
G1 X214.436 Y34.572 E633.09174
G1 X214.175 Y34.6 E633.11794
G1 X214.061 Y34.686 E633.13218
G1 X214.006 Y34.991 E633.16311
G1 X213.885 Y35.182 E633.18567
G1 X213.727 Y35.253 E633.20295
G1 X213.569 Y35.494 E633.23171
G1 X213.469 Y35.535 E633.24249
G1 X213.324 Y35.737 E633.2673
G1 X213.017 Y35.811 E633.29881
G1 X212.931 Y35.9 E633.31116
G1 X212.896 Y36.075 E633.32897
G1 X212.751 Y36.296 E633.35534
G1 X212.502 Y36.398 E633.38219
G1 X212.213 Y36.807 E633.43216
G1 X211.916 Y36.976 E633.46626
G1 X211.653 Y37.365 E633.51311
G1 X211.292 Y37.544 E633.55332
G1 X211.047 Y37.89 E633.59562
G1 X210.703 Y38.031 E633.63272
G1 X210.472 Y38.281 E633.66668
G1 X210.201 Y38.414 E633.6968
G1 X209.9 Y38.381 E633.72702
G1 X209.46 Y38.588 E633.77553
G1 F1500 E627.27553
;MESH:manette_front-Body_(Meshed).stl(1)
G0 F7200 X208.07 Y38.588
G0 X207.5 Y36.7
;TYPE:WALL-INNER
G1 F1500 E633.77553
G1 F3600 X207.5 Y82.7 E638.36543
G1 F3538.1 X207.493 Y82.874 E638.38311
G0 F7200 X207.197 Y83.397
G1 F3654.8 X206.674 Y83.693 E638.44218
G1 X207.514 Y83.714 E638.52476
G1 F3664.1 X207.493 Y82.874 E638.60714
G1 X207.197 Y83.397 E638.66605
G0 F7200 X206.924 Y83.124
G1 F3600 X206.589 Y83.3 E638.70381
G1 X90.5 Y83.3 E650.28722
G1 X90.075 Y83.125 E650.33308
G1 X89.9 Y82.789 E650.37088
G1 X89.9 Y36.7 E654.96966
G1 X90.075 Y36.275 E655.01552
G1 X90.411 Y36.1 E655.05332
G1 X206.5 Y36.1 E666.63673
G1 X206.924 Y36.276 E666.68253
G1 X207.1 Y36.7 E666.72834
G1 X207.1 Y82.789 E671.32712
G1 X206.924 Y83.124 E671.36488
G0 F7200 X206.674 Y83.693
G1 F3529.4 X206.5 Y83.7 E671.3826
G1 F3600 X90.5 Y83.7 E682.95713
G0 F7200 X89.803 Y83.397
G1 F3654.8 X89.507 Y82.874 E683.01619
G1 X89.486 Y83.714 E683.09878
G1 F3730.6 X90.5 Y83.7 E683.19642
G1 X89.803 Y83.397 E683.2696
G0 F7200 X89.507 Y82.874
G1 F3529.4 X89.5 Y82.7 E683.28733
G1 F3600 X89.5 Y36.7 E687.87722
G0 F7200 X89.803 Y36.003
G1 F3654.8 X90.326 Y35.707 E687.93629
G1 X89.486 Y35.686 E688.01887
G1 F3730.6 X89.5 Y36.7 E688.11652
G1 X89.803 Y36.003 E688.1897
G0 F7200 X90.326 Y35.707
G1 F3529.4 X90.5 Y35.7 E688.20742
G1 F3600 X206.5 Y35.7 E699.78195
G0 F7200 X207.197 Y36.003
G1 F3730.6 X207.5 Y36.7 E699.85513
G1 X207.514 Y35.686 E699.95277
G1 X206.5 Y35.7 E700.05042
G1 X207.197 Y36.003 E700.1236
G0 F7200 X207.197 Y35.791
G0 X207.62 Y83.821
G0 X207.9 Y84.1
G1 F3600 X207.9 Y35.3 E704.99288
G1 X89.101 Y35.301 E716.8467
G1 X89.101 Y84.099 E721.71578
G1 X207.9 Y84.1 E733.56959
G0 F7200 X208.3 Y84.5
;TYPE:WALL-OUTER
G1 F1800 X208.3 Y34.9 E738.5187
G1 X88.701 Y34.901 E750.45234
G1 X88.701 Y84.499 E755.40124
G1 X208.3 Y84.5 E767.33488
G0 F7200 X208.3 Y84.3
G0 X207.62 Y83.821
G0 X207.41 Y82.735
G0 X206.698 Y82.735
G1 F1800 X206.642 Y82.842 E767.34693
G1 X206.535 Y82.898 E767.35898
G1 X90.5 Y82.9 E778.937
G1 X90.358 Y82.842 E778.95231
G1 X90.302 Y82.735 E778.96436
G1 X90.3 Y36.7 E783.55775
G1 X90.358 Y36.558 E783.57305
G1 X90.465 Y36.502 E783.5851
G1 X206.5 Y36.5 E795.16312
G1 X206.642 Y36.558 E795.17843
G1 X206.7 Y36.7 E795.19373
G1 X206.698 Y82.735 E799.78712
G0 F7200 X206.642 Y82.842
G0 X206.573 Y82.878
G1 F1500 E793.28712
;MESH:manette_front-Body_(Meshed).stl
G0 F7200 X206.573 Y83.611
G0 X206.5 Y85.366
G0 X206.5 Y117.458
G0 X206.5 Y118.553
G0 X206.5 Y119.12
;TYPE:WALL-INNER
G1 F1500 E799.78712
G1 F3600 X90.5 Y119.12 E811.36165
G1 F3529.4 X90.326 Y119.127 E811.37937
G0 F7200 X89.803 Y119.423
G1 F3654.8 X90.326 Y119.127 E811.43844
G1 X89.486 Y119.106 E811.52102
G1 F3730.6 X89.5 Y120.12 E811.61867
G1 X89.803 Y119.423 E811.69185
G0 F7200 X89.5 Y120.12
G1 F3600 X89.5 Y166.12 E816.28175
G1 F3529.4 X89.507 Y166.294 E816.29947
G0 F7200 X89.803 Y166.817
G1 F3654.8 X89.507 Y166.294 E816.35853
G1 X89.486 Y167.134 E816.44112
G1 F3730.6 X90.5 Y167.12 E816.53876
G1 X89.803 Y166.817 E816.61194
G0 F7200 X90.5 Y167.12
G1 F3600 X206.5 Y167.12 E828.18647
G1 F3529.4 X206.674 Y167.113 E828.20419
G0 F7200 X207.197 Y166.817
G1 F3654.8 X206.674 Y167.113 E828.26326
G1 X207.514 Y167.134 E828.34584
G1 F3664.1 X207.493 Y166.294 E828.42822
G1 X207.197 Y166.817 E828.48713
G0 F7200 X206.924 Y166.544
G1 F3600 X206.589 Y166.72 E828.52489
G1 X90.5 Y166.72 E840.1083
G1 X90.075 Y166.545 E840.15416
G1 X89.9 Y166.209 E840.19196
G1 X89.9 Y120.12 E844.79074
G1 X90.075 Y119.695 E844.8366
G1 X90.411 Y119.52 E844.8744
G1 X206.5 Y119.52 E856.45781
G1 X206.924 Y119.696 E856.50361
G1 X207.1 Y120.12 E856.54942
G1 X207.1 Y166.209 E861.1482
G1 X206.924 Y166.544 E861.18596
G0 F7200 X207.493 Y166.294
G1 F3538.1 X207.5 Y166.12 E861.20364
G1 F3600 X207.5 Y120.12 E865.79354
G0 F7200 X207.197 Y119.423
G1 F3730.6 X207.5 Y120.12 E865.86672
G1 X207.514 Y119.106 E865.96436
G1 X206.5 Y119.12 E866.06201
G1 X207.197 Y119.423 E866.13519
G0 F7200 X207.197 Y119.213
G0 X207.62 Y167.243
G0 X207.9 Y167.52
G1 F3600 X207.9 Y118.72 E871.00447
G1 X89.101 Y118.721 E882.85828
G1 X89.101 Y167.519 E887.72737
G1 X207.9 Y167.52 E899.58118
G0 F7200 X208.3 Y167.92
;TYPE:WALL-OUTER
G1 F1800 X208.3 Y118.32 E904.53029
G1 X88.701 Y118.321 E916.46393
G1 X88.701 Y167.919 E921.41283
G1 X208.3 Y167.92 E933.34647
G0 F7200 X208.3 Y167.72
G0 X207.62 Y167.243
G0 X207.41 Y166.155
G0 X206.698 Y166.155
G1 F1800 X206.642 Y166.262 E933.35852
G1 X206.535 Y166.318 E933.37057
G1 X90.5 Y166.32 E944.94859
G1 X90.358 Y166.262 E944.9639
G1 X90.302 Y166.155 E944.97595
G1 X90.3 Y120.12 E949.56934
G1 X90.358 Y119.978 E949.58464
G1 X90.465 Y119.922 E949.59669
G1 X206.5 Y119.92 E961.17471
G1 X206.642 Y119.978 E961.19002
G1 X206.7 Y120.12 E961.20532
G1 X206.698 Y166.155 E965.79871
G0 F7200 X206.642 Y166.262
G0 X206.573 Y166.298
G1 F1500 E959.29871
;MESH:NONMESH
G0 F600 X206.573 Y166.298 Z7.4
G0 F7200 X206.573 Y167.033
G0 X206.938 Y119.685
G0 X88.924 Y118.547
G0 X88.924 Y117.458
G0 X81.927 Y30.441
;TIME_ELAPSED:5438.187354
;LAYER:12
;TYPE:SUPPORT
G1 F1500 E965.79871
G1 F3600 X82.2 Y29.925 E965.85696
G1 X82.251 Y29.754 E965.87477
G1 X82.379 Y29.617 E965.89348
G1 X82.839 Y29.022 E965.96852
G1 X83.328 Y28.656 E966.02946
G1 X83.455 Y28.522 E966.04789
G1 X83.603 Y28.479 E966.06326
G1 X83.78 Y28.352 E966.085
G1 X84.092 Y28.224 E966.11865
G1 X84.163 Y28.157 E966.12839
G1 X85.04 Y27.91 E966.2193
G1 X85.908 Y28.221 E966.3113
G1 X86.01 Y28.328 E966.32605
G1 X86.044 Y28.442 E966.33792
G1 X86.014 Y28.612 E966.35515
G1 X86.045 Y28.841 E966.37821
G1 X86.015 Y29.144 E966.40859
G1 X86.044 Y29.242 E966.41879
G1 X86 Y29.411 E966.43621
G1 X86.021 Y29.671 E966.46224
G1 X86.143 Y29.797 E966.47974
G1 X86.482 Y29.859 E966.51412
G1 X86.601 Y29.841 E966.52613
G1 X87.097 Y30.065 E966.58044
G1 X87.248 Y30.179 E966.59932
G1 X87.424 Y30.238 E966.61784
G1 X88.07 Y30.928 E966.71215
G1 X88.426 Y31.881 E966.81366
G1 X88.495 Y31.944 E966.82298
G1 X88.665 Y31.97 E966.84014
G1 X88.726 Y32.041 E966.84948
G1 X88.73 Y32.196 E966.86495
G1 X88.613 Y32.433 E966.89133
G1 X88.336 Y32.739 E966.93251
G1 X88.234 Y33.021 E966.96243
G1 X88.245 Y33.129 E966.97327
G1 X88.338 Y33.234 E966.98726
G1 X88.515 Y33.292 E967.00585
G1 X88.639 Y33.244 E967.01911
G1 X88.745 Y33.081 E967.03851
G1 X88.873 Y33.004 E967.05342
G1 X89.074 Y33.067 E967.07444
G1 X89.328 Y32.995 E967.10078
G1 X89.58 Y33.14 E967.12979
G1 X89.776 Y33.108 E967.14961
G1 X89.868 Y33.003 E967.16354
G1 X89.891 Y32.817 E967.18224
G1 X89.594 Y32.356 E967.23695
G1 X89.599 Y32.212 E967.25133
G1 X89.665 Y32.123 E967.26239
G1 X89.649 Y31.935 E967.28121
G1 X89.455 Y31.694 E967.31208
G1 X89.564 Y31.458 E967.33802
G1 X89.538 Y31.325 E967.35154
G1 X89.613 Y31.201 E967.366
G1 X89.842 Y31.044 E967.39371
G1 X90.33 Y30.909 E967.44423
G1 X90.444 Y30.942 E967.45607
G1 X90.959 Y31.478 E967.53024
G1 X90.978 Y31.487 E967.53234
G1 X91.628 Y32.2 E967.62861
G1 X91.964 Y32.758 E967.6936
G1 X92.078 Y32.874 E967.70983
G1 X92.111 Y32.987 E967.72158
G1 X92.085 Y33.081 E967.73131
G1 X92.125 Y33.388 E967.7622
G1 X92.096 Y33.613 E967.78483
G1 X92.135 Y33.787 E967.80263
G1 X92.102 Y33.902 E967.81456
G1 X92.003 Y33.998 E967.82832
G1 X91.895 Y34.03 E967.83956
G1 X91.728 Y33.997 E967.85655
G1 X91.493 Y34.03 E967.88023
G1 X91.197 Y33.998 E967.90994
G1 X91.093 Y34.027 E967.92071
G1 X90.991 Y33.998 E967.93129
G1 X90.693 Y34.03 E967.96119
G1 X90.46 Y33.997 E967.98468
G1 X89.892 Y34.03 E968.04145
G1 X89.612 Y33.996 E968.06959
G1 X89.493 Y34.027 E968.08186
G1 X89.4 Y34 E968.09152
G1 X89.093 Y34.03 E968.1223
G1 X88.86 Y33.997 E968.14578
G1 X88.69 Y34.03 E968.16306
G1 X88.165 Y34.02 E968.21546
G1 X88.018 Y34.084 E968.23145
G1 X87.802 Y34.611 E968.28828
G1 X87.83 Y34.925 E968.31974
G1 X87.796 Y35.206 E968.34798
G1 X87.827 Y35.328 E968.36054
G1 X87.796 Y35.45 E968.3731
G1 X87.83 Y35.721 E968.40035
G1 X87.796 Y36.009 E968.42929
G1 X87.827 Y36.129 E968.44166
G1 X87.796 Y36.251 E968.45422
G1 X87.83 Y36.525 E968.48177
G1 X87.796 Y36.81 E968.51041
G1 X87.827 Y36.928 E968.52258
G1 X87.797 Y37.043 E968.53444
G1 X87.83 Y37.325 E968.56277
G1 X87.796 Y37.593 E968.58972
G1 X87.827 Y37.728 E968.60354
G1 X87.796 Y37.843 E968.61543
G1 X87.705 Y37.932 E968.62813
G1 X87.576 Y37.974 E968.64167
G1 X87.361 Y38.141 E968.66883
G1 X87.12 Y38.242 E968.6949
G1 X87.012 Y38.34 E968.70946
G1 X86.899 Y38.371 E968.72115
G1 X86.785 Y38.337 E968.73302
G1 X86.675 Y38.239 E968.74772
G1 X86.451 Y38.142 E968.77207
G1 X86.207 Y37.957 E968.80263
G1 X86.096 Y37.923 E968.81421
G1 X85.712 Y37.607 E968.86383
G1 X84.418 Y36.3 E969.04735
G1 X84.384 Y36.285 E969.05106
G1 X83.689 Y35.587 E969.14934
G1 X82.617 Y34.482 E969.30296
G1 X82.571 Y34.36 E969.31597
G1 X82.113 Y33.782 E969.38955
G1 X81.788 Y32.912 E969.48222
G1 X81.723 Y32.368 E969.53689
G1 X81.668 Y32.169 E969.55749
G1 X81.704 Y32.034 E969.57143
G1 X81.675 Y31.776 E969.59733
G1 X81.72 Y31.498 E969.62543
G1 X81.693 Y31.365 E969.63897
G1 X81.878 Y30.681 E969.70968
G1 X81.927 Y30.441 E969.73412
G1 F1500 E963.23412
G0 F7200 X91.361 Y37.645
G1 F1500 E969.73412
G1 F3356.6 X91.257 Y37.614 E969.74573
G1 X91.16 Y37.516 E969.76049
G1 X91.131 Y37.413 E969.77194
G1 X91.16 Y37.311 E969.78329
G1 X91.251 Y37.214 E969.79752
G1 X91.358 Y37.183 E969.80944
G1 X91.465 Y37.214 E969.82136
G1 X91.557 Y37.311 E969.83567
G1 X91.589 Y37.419 E969.84772
G1 X91.56 Y37.523 E969.85928
G1 X91.468 Y37.613 E969.87305
G1 X91.361 Y37.645 E969.885
G1 F1500 E963.385
G0 F7200 X91.443 Y81.843
G1 F1500 E969.885
G1 F3348.8 X91.412 Y81.947 E969.89664
G1 X91.323 Y82.039 E969.91037
G1 X91.219 Y82.068 E969.92195
G1 X91.109 Y82.037 E969.93421
G1 X91.016 Y81.942 E969.94847
G1 X90.985 Y81.838 E969.96011
G1 X91.016 Y81.736 E969.97155
G1 X91.108 Y81.639 E969.98589
G1 X91.214 Y81.608 E969.99773
G1 X91.32 Y81.639 E970.00958
G1 X91.412 Y81.735 E970.02384
G1 X91.443 Y81.843 E970.0359
G1 F1500 E963.5359
G0 F7200 X90.099 Y85.777
G1 F1500 E970.0359
G1 F3600 X90.477 Y85.402 E970.08902
G1 X90.593 Y85.369 E970.10106
G1 X90.752 Y85.4 E970.11722
G1 X90.992 Y85.37 E970.14136
G1 X91.278 Y85.399 E970.17004
G1 X91.389 Y85.369 E970.18151
G1 X91.5 Y85.402 E970.19307
G1 X91.793 Y85.371 E970.22247
G1 X92.028 Y85.403 E970.24613
G1 X92.193 Y85.373 E970.26286
G1 X92.307 Y85.406 E970.27471
G1 X92.402 Y85.508 E970.28861
G1 X92.438 Y85.621 E970.30045
G1 X92.287 Y86.109 E970.35142
G1 X92.112 Y86.437 E970.38851
G1 X92.145 Y86.645 E970.40953
G1 X92.099 Y86.939 E970.43922
G1 X91.999 Y87.112 E970.45916
G1 X91.91 Y87.153 E970.46894
G1 X91.811 Y87.116 E970.47948
G1 X91.674 Y87.141 E970.49338
G1 X91.18 Y87.72 E970.56932
G1 X90.114 Y88.786 E970.71974
G1 X88.947 Y89.935 E970.88316
G1 X88.225 Y90.629 E970.98308
G1 X88.109 Y90.67 E970.99536
G1 X87.852 Y90.881 E971.02854
G1 X87.683 Y90.96 E971.04715
G1 X87.543 Y91.089 E971.06615
G1 X87.35 Y91.144 E971.08617
G1 X86.73 Y91.434 E971.15447
G1 X86.636 Y91.416 E971.16402
G1 X86.23 Y91.498 E971.20535
G1 X86.06 Y91.493 E971.22232
G1 X85.787 Y91.56 E971.25036
G1 X85.229 Y91.472 E971.30673
G1 X85.1 Y91.495 E971.3198
G1 X84.434 Y91.295 E971.38919
G1 X84.206 Y91.25 E971.41238
G1 X83.653 Y90.948 E971.47525
G1 X83.497 Y90.902 E971.49148
G1 X83.368 Y90.773 E971.50968
G1 X82.8 Y90.373 E971.579
G1 X82.417 Y89.818 E971.64628
G1 X82.277 Y89.676 E971.66618
G1 X82.223 Y89.506 E971.68398
G1 X81.933 Y88.962 E971.74549
G1 X81.897 Y88.77 E971.76498
G1 X81.762 Y88.246 E971.81897
G1 X81.702 Y88.064 E971.8381
G1 X81.724 Y87.973 E971.84744
G1 X81.678 Y87.658 E971.8792
G1 X81.7 Y87.426 E971.90245
G1 X81.661 Y87.266 E971.91889
G1 X81.785 Y86.492 E971.9971
G1 X82.098 Y85.657 E972.08608
G1 X82.259 Y85.478 E972.1101
G1 X82.583 Y84.97 E972.17022
G1 X83.215 Y84.275 E972.26396
G1 X83.257 Y84.254 E972.26864
G1 X84.915 Y82.597 E972.50253
G1 X85.794 Y82.391 E972.59262
G1 X85.912 Y82.426 E972.6049
G1 X86.01 Y82.528 E972.61901
G1 X86.044 Y82.642 E972.63088
G1 X86.014 Y82.812 E972.6481
G1 X86.045 Y83.041 E972.67116
G1 X86.013 Y83.332 E972.70037
G1 X86.043 Y83.441 E972.71165
G1 X86.013 Y83.552 E972.72313
G1 X86.046 Y83.841 E972.75215
G1 X86.012 Y84.122 E972.78039
G1 X86.044 Y84.242 E972.79279
G1 X86.003 Y84.388 E972.80792
G1 X86.012 Y84.622 E972.83128
G1 X86.063 Y84.743 E972.84439
G1 X86.141 Y84.796 E972.8538
G1 X86.482 Y84.859 E972.8884
G1 X86.601 Y84.841 E972.90041
G1 X87.097 Y85.065 E972.95471
G1 X87.248 Y85.179 E972.97359
G1 X87.424 Y85.238 E972.99211
G1 X88.063 Y85.92 E973.08536
G1 X88.106 Y86.084 E973.10228
G1 X88.327 Y86.635 E973.16152
G1 X88.619 Y86.942 E973.20379
G1 X88.774 Y87.234 E973.23678
G1 X88.968 Y87.416 E973.26332
G1 X89.185 Y87.484 E973.28601
G1 X89.31 Y87.426 E973.29976
G1 X89.619 Y86.977 E973.35415
G1 X89.586 Y86.696 E973.38238
G1 X89.707 Y86.469 E973.40804
G1 X89.941 Y86.234 E973.44114
G1 X89.986 Y86.137 E973.4518
G1 X89.983 Y85.997 E973.46578
G1 X90.099 Y85.777 E973.49059
G1 F1500 E966.99059
G0 F7200 X85.038 Y111.331
G1 F1500 E973.49059
G1 F3600 X85.728 Y111.595 E973.56431
G1 X85.912 Y111.647 E973.58339
G1 X86.009 Y111.751 E973.59758
G1 X86.043 Y111.865 E973.60945
G1 X86.012 Y112.005 E973.62376
G1 X86.045 Y112.261 E973.64951
G1 X86.015 Y112.568 E973.68029
G1 X86.044 Y112.666 E973.69049
G1 X86.003 Y112.813 E973.70571
G1 X86.015 Y113.066 E973.73099
G1 X86.12 Y113.207 E973.74853
G1 X86.482 Y113.279 E973.78536
G1 X86.601 Y113.261 E973.79737
G1 X87.096 Y113.484 E973.85154
G1 X87.247 Y113.602 E973.87066
G1 X87.425 Y113.66 E973.88934
G1 X88.07 Y114.348 E973.98344
G1 X88.227 Y114.748 E974.02632
G1 X88.332 Y114.821 E974.03908
G1 X88.766 Y114.799 E974.08244
G1 X88.871 Y114.87 E974.09508
G1 X88.886 Y114.95 E974.1032
G1 X88.705 Y115.185 E974.1328
G1 X88.662 Y115.346 E974.14943
G1 X88.726 Y115.463 E974.16274
G1 X88.73 Y115.619 E974.17831
G1 X88.613 Y115.852 E974.20432
G1 X88.335 Y116.161 E974.2458
G1 X88.223 Y116.475 E974.27906
G1 X88.232 Y116.584 E974.28997
G1 X88.326 Y116.689 E974.30404
G1 X88.51 Y116.748 E974.32332
G1 X88.634 Y116.693 E974.33685
G1 X88.75 Y116.502 E974.35915
G1 X88.879 Y116.427 E974.37404
G1 X89.158 Y116.487 E974.40251
G1 X89.341 Y116.415 E974.42214
G1 X89.621 Y116.577 E974.45441
G1 X89.778 Y116.557 E974.47021
G1 X89.866 Y116.448 E974.48418
G1 X89.891 Y116.241 E974.50499
G1 X89.594 Y115.776 E974.56004
G1 X89.598 Y115.637 E974.57392
G1 X89.678 Y115.517 E974.58831
G1 X89.655 Y115.359 E974.60424
G1 X89.459 Y115.109 E974.63594
G1 X89.564 Y114.875 E974.66153
G1 X89.538 Y114.744 E974.67486
G1 X89.613 Y114.621 E974.68923
G1 X89.841 Y114.464 E974.71685
G1 X90.33 Y114.332 E974.76739
G1 X90.448 Y114.366 E974.77964
G1 X90.959 Y114.898 E974.85325
G1 X90.978 Y114.907 E974.85535
G1 X91.628 Y115.624 E974.95191
G1 X91.655 Y115.711 E974.961
G1 X91.873 Y115.987 E974.99609
G1 X91.967 Y116.18 E975.01751
G1 X92.078 Y116.296 E975.03353
G1 X92.111 Y116.408 E975.04518
G1 X92.085 Y116.502 E975.05492
G1 X92.13 Y116.818 E975.08676
G1 X92.104 Y117.035 E975.10857
G1 X92.143 Y117.206 E975.12607
G1 X92.107 Y117.326 E975.13857
G1 X92.012 Y117.42 E975.15191
G1 X91.899 Y117.451 E975.1636
G1 X91.737 Y117.421 E975.18004
G1 X91.497 Y117.453 E975.2042
G1 X91.22 Y117.42 E975.23203
G1 X91.101 Y117.451 E975.2443
G1 X90.999 Y117.422 E975.25488
G1 X90.697 Y117.454 E975.28519
G1 X90.468 Y117.421 E975.30827
G1 X90.288 Y117.456 E975.32657
G1 X89.663 Y117.42 E975.38904
G1 X89.501 Y117.451 E975.40549
G1 X89.353 Y117.42 E975.42058
G1 X89.097 Y117.454 E975.44635
G1 X88.868 Y117.421 E975.46944
G1 X88.699 Y117.451 E975.48656
G1 X88.551 Y117.42 E975.50165
G1 X88.163 Y117.444 E975.54044
G1 X88.018 Y117.509 E975.55629
G1 X87.805 Y118.018 E975.61135
G1 X87.83 Y118.344 E975.64397
G1 X87.796 Y118.622 E975.67192
G1 X87.827 Y118.745 E975.68458
G1 X87.797 Y118.912 E975.70151
G1 X87.83 Y119.145 E975.72499
G1 X87.796 Y119.425 E975.75313
G1 X87.827 Y119.545 E975.7655
G1 X87.796 Y119.667 E975.77806
G1 X87.83 Y119.945 E975.806
G1 X87.796 Y120.228 E975.83444
G1 X87.827 Y120.345 E975.84652
G1 X87.798 Y120.453 E975.85768
G1 X87.83 Y120.745 E975.88699
G1 X87.797 Y120.981 E975.91077
G1 X87.828 Y121.146 E975.92752
G1 X87.797 Y121.26 E975.93931
G1 X87.703 Y121.353 E975.9525
G1 X87.581 Y121.393 E975.96531
G1 X87.357 Y121.562 E975.99331
G1 X87.143 Y121.656 E976.01663
G1 X87.016 Y121.764 E976.03327
G1 X86.902 Y121.795 E976.04505
G1 X86.786 Y121.762 E976.05709
G1 X86.659 Y121.653 E976.07379
G1 X86.455 Y121.566 E976.09592
G1 X86.21 Y121.381 E976.12655
G1 X86.1 Y121.347 E976.13804
G1 X85.712 Y121.028 E976.18816
G1 X85.364 Y120.668 E976.23812
G1 X84.421 Y119.726 E976.37111
G1 X84.394 Y119.71 E976.37425
G1 X83.692 Y119.008 E976.47331
G1 X82.616 Y117.897 E976.62763
G1 X82.57 Y117.783 E976.6399
G1 X82.117 Y117.21 E976.71278
G1 X81.788 Y116.34 E976.80559
G1 X81.721 Y115.777 E976.86216
G1 X81.668 Y115.593 E976.88127
G1 X81.704 Y115.458 E976.89521
G1 X81.675 Y115.197 E976.92141
G1 X81.72 Y114.922 E976.94922
G1 X81.693 Y114.789 E976.96276
G1 X81.878 Y114.105 E977.03346
G1 X81.918 Y113.898 E977.0545
G1 X81.973 Y113.831 E977.06315
G1 X82.198 Y113.349 E977.11622
G1 X82.251 Y113.178 E977.13408
G1 X82.379 Y113.041 E977.15279
G1 X82.839 Y112.446 E977.22784
G1 X83.323 Y112.084 E977.28814
G1 X83.457 Y111.945 E977.30741
G1 X84.088 Y111.647 E977.37704
G1 X84.164 Y111.578 E977.38728
G1 X85.038 Y111.331 E977.4779
G1 F1500 E970.9779
G0 F7200 X91.363 Y121.065
G1 F1500 E977.4779
G1 F3356.6 X91.256 Y121.033 E977.48986
G1 X91.16 Y120.939 E977.50423
G1 X91.131 Y120.834 E977.51589
G1 X91.16 Y120.734 E977.52703
G1 X91.252 Y120.634 E977.54157
G1 X91.358 Y120.603 E977.55339
G1 X91.464 Y120.634 E977.56521
G1 X91.557 Y120.733 E977.57975
G1 X91.589 Y120.843 E977.59201
G1 X91.56 Y120.944 E977.60325
G1 X91.468 Y121.036 E977.61718
G1 X91.363 Y121.065 E977.62883
G1 F1500 E971.12883
G0 F7200 X91.443 Y165.265
G1 F1500 E977.62883
G1 F3348.8 X91.412 Y165.37 E977.64058
G1 X91.324 Y165.459 E977.654
G1 X91.219 Y165.488 E977.66569
G1 X91.11 Y165.456 E977.67787
G1 X91.015 Y165.362 E977.69221
G1 X90.985 Y165.261 E977.70351
G1 X91.016 Y165.158 E977.71505
G1 X91.109 Y165.059 E977.72962
G1 X91.214 Y165.028 E977.74136
G1 X91.319 Y165.059 E977.7531
G1 X91.412 Y165.158 E977.76767
G1 X91.443 Y165.265 E977.77962
G1 F1500 E971.27962
G0 F7200 X90.103 Y169.197
G1 F1500 E977.77962
G1 F3600 X90.478 Y168.822 E977.83254
G1 X90.589 Y168.79 E977.84406
G1 X90.752 Y168.824 E977.86068
G1 X90.993 Y168.79 E977.88496
G1 X91.236 Y168.824 E977.90945
G1 X91.394 Y168.793 E977.92551
G1 X91.497 Y168.821 E977.93616
G1 X91.796 Y168.791 E977.96615
G1 X92.026 Y168.83 E977.98942
G1 X92.194 Y168.801 E978.00644
G1 X92.307 Y168.833 E978.01815
G1 X92.402 Y168.936 E978.03214
G1 X92.436 Y169.041 E978.04315
G1 X92.105 Y169.894 E978.13444
G1 X91.992 Y170.007 E978.15039
G1 X91.894 Y170.223 E978.17406
G1 X91.693 Y170.477 E978.20638
G1 X91.661 Y170.578 E978.21695
G1 X91.532 Y170.704 E978.23494
G1 X91.178 Y171.146 E978.29144
G1 X88.931 Y173.374 E978.60718
G1 X88.768 Y173.555 E978.63149
G1 X87.844 Y174.309 E978.75049
G1 X87.666 Y174.393 E978.77012
G1 X87.545 Y174.512 E978.78706
G1 X87.365 Y174.558 E978.8056
G1 X86.634 Y174.859 E978.88448
G1 X86.088 Y174.912 E978.93921
G1 X85.787 Y174.984 E978.97009
G1 X85.229 Y174.897 E979.02644
G1 X85.104 Y174.916 E979.03906
G1 X84.421 Y174.716 E979.11007
G1 X84.204 Y174.671 E979.13219
G1 X83.658 Y174.37 E979.1944
G1 X83.493 Y174.321 E979.21157
G1 X83.361 Y174.19 E979.23013
G1 X82.763 Y173.734 E979.30516
G1 X82.731 Y173.656 E979.31358
G1 X82.392 Y173.216 E979.369
G1 X82.278 Y173.099 E979.3853
G1 X82.221 Y172.921 E979.40395
G1 X81.933 Y172.382 E979.46492
G1 X81.897 Y172.194 E979.48402
G1 X81.762 Y171.67 E979.53802
G1 X81.699 Y171.489 E979.55714
G1 X81.724 Y171.361 E979.57015
G1 X81.675 Y171.078 E979.59881
G1 X81.696 Y170.813 E979.62534
G1 X81.661 Y170.69 E979.6381
G1 X81.785 Y169.916 E979.71631
G1 X82.097 Y169.078 E979.80553
G1 X82.249 Y168.918 E979.82755
G1 X82.582 Y168.395 E979.88942
G1 X83.218 Y167.697 E979.98364
G1 X83.259 Y167.672 E979.98843
G1 X84.92 Y166.016 E980.22247
G1 X85.793 Y165.815 E980.31185
G1 X85.912 Y165.849 E980.3242
G1 X86.009 Y165.952 E980.33832
G1 X86.043 Y166.065 E980.35009
G1 X86.014 Y166.232 E980.36701
G1 X86.046 Y166.461 E980.39008
G1 X86.013 Y166.756 E980.4197
G1 X86.043 Y166.865 E980.43098
G1 X86.013 Y166.976 E980.44245
G1 X86.045 Y167.261 E980.47107
G1 X86.012 Y167.546 E980.49969
G1 X86.044 Y167.666 E980.51209
G1 X86.003 Y167.812 E980.52722
G1 X86.032 Y168.117 E980.55779
G1 X86.124 Y168.208 E980.5707
G1 X86.482 Y168.279 E980.60712
G1 X86.601 Y168.261 E980.61913
G1 X87.096 Y168.484 E980.6733
G1 X87.247 Y168.602 E980.69242
G1 X87.425 Y168.66 E980.7111
G1 X88.064 Y169.341 E980.80428
G1 X88.111 Y169.51 E980.82178
G1 X88.327 Y170.054 E980.88019
G1 X88.622 Y170.369 E980.92325
G1 X88.732 Y170.59 E980.94788
G1 X88.716 Y170.876 E980.97646
G1 X88.937 Y171.195 E981.01518
G1 X88.983 Y171.375 E981.03372
G1 X89.138 Y171.456 E981.05117
G1 X89.269 Y171.459 E981.06425
G1 X89.35 Y171.41 E981.07369
G1 X89.572 Y171.054 E981.11556
G1 X89.567 Y170.901 E981.13083
G1 X89.768 Y170.534 E981.17258
G1 X89.757 Y170.447 E981.18133
G1 X89.59 Y170.257 E981.20657
G1 X89.586 Y170.12 E981.22025
G1 X89.707 Y169.893 E981.24592
G1 X89.983 Y169.576 E981.28785
G1 X89.983 Y169.421 E981.30332
G1 X90.103 Y169.197 E981.32868
G1 F1500 E974.82868
G0 F7200 X204.878 Y169.813
G1 F1500 E981.32868
G1 F3600 X205.157 Y168.925 E981.42155
G1 X205.256 Y168.822 E981.43581
G1 X205.366 Y168.789 E981.44727
G1 X205.536 Y168.823 E981.46456
G1 X205.769 Y168.791 E981.48803
G1 X206.036 Y168.824 E981.51488
G1 X206.169 Y168.793 E981.5285
G1 X206.276 Y168.822 E981.53956
G1 X206.569 Y168.791 E981.56896
G1 X206.849 Y168.824 E981.59709
G1 X206.969 Y168.793 E981.60946
G1 X207.091 Y168.824 E981.62202
G1 X207.369 Y168.79 E981.64997
G1 X207.647 Y168.824 E981.67791
G1 X207.769 Y168.793 E981.69047
G1 X207.893 Y168.824 E981.70323
G1 X208.169 Y168.79 E981.73097
G1 X208.44 Y168.824 E981.75823
G1 X208.577 Y168.79 E981.77231
G1 X209.281 Y168.935 E981.84403
G1 X209.723 Y168.614 E981.89854
G1 X209.87 Y168.465 E981.91942
G1 X210.751 Y168.209 E982.01096
G1 X210.917 Y168.248 E982.02798
G1 X211.135 Y168.223 E982.04987
G1 X211.435 Y168.272 E982.0802
G1 X211.554 Y168.248 E982.09232
G1 X212.063 Y168.469 E982.14769
G1 X212.198 Y168.568 E982.16439
G1 X212.388 Y168.633 E982.18443
G1 X212.756 Y169.015 E982.23735
G1 X212.85 Y169.058 E982.24767
G1 X212.998 Y169.025 E982.2628
G1 X213.058 Y168.961 E982.27155
G1 X213.453 Y167.801 E982.39382
G1 X213.549 Y167.697 E982.40795
G1 X213.665 Y167.664 E982.41998
G1 X213.782 Y167.697 E982.43211
G1 X214.41 Y168.387 E982.5252
G1 X214.759 Y168.931 E982.58969
G1 X214.895 Y169.067 E982.60889
G1 X215.21 Y169.909 E982.69859
G1 X215.335 Y170.686 E982.77711
G1 X215.297 Y170.83 E982.79197
G1 X215.322 Y171.079 E982.81694
G1 X215.276 Y171.363 E982.84565
G1 X215.299 Y171.481 E982.85765
G1 X215.237 Y171.67 E982.87749
G1 X215.044 Y172.431 E982.95583
G1 X214.779 Y172.925 E983.01177
G1 X214.725 Y173.1 E983.03004
G1 X214.594 Y173.235 E983.04881
G1 X214.126 Y173.846 E983.12561
G1 X213.665 Y174.173 E983.182
G1 X213.52 Y174.316 E983.20232
G1 X213.343 Y174.373 E983.22088
G1 X213.194 Y174.483 E983.23936
G1 X212.897 Y174.599 E983.27117
G1 X212.804 Y174.676 E983.28322
G1 X211.918 Y174.915 E983.37478
G1 X211.796 Y174.892 E983.38717
G1 X211.489 Y174.946 E983.41827
G1 X211.295 Y174.924 E983.43776
G1 X211.114 Y174.963 E983.45623
G1 X210.942 Y174.914 E983.47408
G1 X210.335 Y174.852 E983.53496
G1 X209.499 Y174.543 E983.62389
G1 X209.338 Y174.391 E983.64598
G1 X209.17 Y174.314 E983.66442
G1 X208.668 Y173.916 E983.72834
G1 X208.236 Y173.556 E983.78446
G1 X206.594 Y171.914 E984.01616
G1 X206.419 Y171.767 E984.03896
G1 X205.945 Y171.297 E984.10557
G1 X205.841 Y171.135 E984.12478
G1 X205.341 Y170.584 E984.19902
G1 X205.295 Y170.456 E984.21259
G1 X205.104 Y170.221 E984.24281
G1 X204.878 Y169.813 E984.28935
G1 F1500 E977.78935
G0 F7200 X205.68 Y165.072
G1 F1500 E984.28935
G1 F3348.8 X205.788 Y165.103 E984.3014
G1 X205.878 Y165.197 E984.31536
G1 X205.908 Y165.307 E984.32759
G1 X205.879 Y165.412 E984.33927
G1 X205.791 Y165.503 E984.35285
G1 X205.687 Y165.532 E984.36443
G1 X205.577 Y165.501 E984.37669
G1 X205.483 Y165.407 E984.39095
G1 X205.452 Y165.298 E984.4031
G1 X205.481 Y165.198 E984.41427
G1 X205.572 Y165.103 E984.42838
G1 X205.68 Y165.072 E984.44044
G1 F1500 E977.94044
G0 F7200 X209.409 Y121.933
G1 F1500 E984.44044
G1 F3600 X209.303 Y121.9 E984.45151
G1 X209.202 Y121.798 E984.46584
G1 X209.169 Y121.688 E984.47729
G1 X209.2 Y121.571 E984.48937
G1 X209.166 Y121.289 E984.51771
G1 X209.199 Y121 E984.54674
G1 X209.168 Y120.888 E984.55833
G1 X209.199 Y120.776 E984.56993
G1 X209.166 Y120.488 E984.59885
G1 X209.2 Y120.208 E984.627
G1 X209.168 Y120.088 E984.63939
G1 X209.2 Y119.968 E984.65178
G1 X209.166 Y119.698 E984.67893
G1 X209.2 Y119.412 E984.70767
G1 X209.169 Y119.289 E984.72033
G1 X209.2 Y119.168 E984.73279
G1 X209.166 Y118.889 E984.76084
G1 X209.2 Y118.614 E984.78849
G1 X209.168 Y118.488 E984.80146
G1 X209.2 Y118.362 E984.81443
G1 X209.167 Y118.09 E984.84177
G1 X209.189 Y117.862 E984.86462
G1 X209.137 Y117.761 E984.87596
G1 X208.693 Y117.428 E984.93134
G1 X208.377 Y117.454 E984.96297
G1 X208.106 Y117.42 E984.99023
G1 X207.981 Y117.451 E985.00308
G1 X207.858 Y117.42 E985.01573
G1 X207.577 Y117.454 E985.04398
G1 X207.304 Y117.42 E985.07143
G1 X207.181 Y117.451 E985.08408
G1 X207.06 Y117.42 E985.09655
G1 X206.777 Y117.454 E985.12499
G1 X206.499 Y117.421 E985.15292
G1 X206.381 Y117.451 E985.16507
G1 X206.274 Y117.422 E985.17613
G1 X205.977 Y117.454 E985.20594
G1 X205.748 Y117.421 E985.22902
G1 X205.582 Y117.451 E985.24586
G1 X205.468 Y117.417 E985.25773
G1 X204.844 Y116.72 E985.35107
G1 X204.809 Y116.605 E985.36307
G1 X205.035 Y116.144 E985.4143
G1 X205.201 Y115.915 E985.44252
G1 X205.239 Y115.793 E985.45527
G1 X205.374 Y115.658 E985.47432
G1 X205.708 Y115.216 E985.5296
G1 X208.11 Y112.827 E985.86763
G1 X208.967 Y112.654 E985.95487
G1 X209.112 Y112.697 E985.96996
G1 X209.209 Y112.799 E985.984
G1 X209.243 Y112.915 E985.99606
G1 X209.213 Y113.029 E986.00782
G1 X209.245 Y113.313 E986.03634
G1 X209.22 Y113.518 E986.05695
G1 X209.258 Y113.639 E986.0696
G1 X209.401 Y113.72 E986.086
G1 X209.662 Y113.657 E986.11279
G1 X209.864 Y113.512 E986.1376
G1 X210.136 Y113.4 E986.16695
G1 X210.229 Y113.314 E986.17959
G1 X210.787 Y113.231 E986.23588
G1 X210.92 Y113.244 E986.24922
G1 X211.142 Y113.193 E986.27195
G1 X211.833 Y113.389 E986.34361
G1 X212.037 Y113.432 E986.36442
G1 X212.128 Y113.527 E986.37754
G1 X212.729 Y113.904 E986.44833
G1 X212.844 Y113.912 E986.45983
G1 X212.984 Y113.835 E986.47578
G1 X213.047 Y113.713 E986.48948
G1 X213.038 Y113.512 E986.50955
G1 X213.185 Y113.025 E986.56031
G1 X213.722 Y112.518 E986.634
G1 X213.859 Y112.365 E986.6545
G1 X213.975 Y112.332 E986.66653
G1 X214.085 Y112.363 E986.67793
G1 X214.683 Y113.092 E986.77201
G1 X214.73 Y113.245 E986.78798
G1 X215.039 Y113.799 E986.85128
G1 X215.075 Y113.983 E986.86999
G1 X215.292 Y114.696 E986.94435
G1 X215.272 Y114.801 E986.95502
G1 X215.322 Y115.11 E986.98625
G1 X215.3 Y115.332 E987.00851
G1 X215.343 Y115.49 E987.02485
G1 X215.294 Y115.663 E987.04279
G1 X215.237 Y116.271 E987.10372
G1 X214.908 Y117.128 E987.19532
G1 X214.77 Y117.279 E987.21573
G1 X214.455 Y117.796 E987.27614
G1 X214.316 Y117.928 E987.29527
G1 X213.959 Y118.365 E987.35157
G1 X213.449 Y118.876 E987.42361
G1 X213.215 Y119.093 E987.45545
G1 X211.71 Y120.594 E987.66754
G1 X211.541 Y120.782 E987.69276
G1 X211.113 Y121.127 E987.74762
G1 X210.975 Y121.268 E987.7673
G1 X210.866 Y121.308 E987.77889
G1 X210.622 Y121.507 E987.81031
G1 X210.414 Y121.604 E987.83321
G1 X210.325 Y121.691 E987.84562
G1 X209.6 Y121.869 E987.92011
G1 X209.409 Y121.933 E987.94021
G1 F1500 E981.44021
G0 F7200 X205.44 Y120.939
G1 F1500 E987.94021
G1 F3356.6 X205.411 Y120.834 E987.95187
G1 X205.44 Y120.734 E987.96301
G1 X205.532 Y120.634 E987.97755
G1 X205.638 Y120.603 E987.98937
G1 X205.744 Y120.634 E988.00119
G1 X205.837 Y120.733 E988.01573
G1 X205.869 Y120.843 E988.02799
G1 X205.84 Y120.944 E988.03923
G1 X205.748 Y121.036 E988.05316
G1 X205.643 Y121.065 E988.06481
G1 X205.536 Y121.033 E988.07676
G1 X205.44 Y120.939 E988.09114
G1 F1500 E981.59114
G0 F7200 X210.334 Y91.433
G1 F1500 E988.09114
G1 F3600 X209.505 Y91.124 E988.17942
G1 X209.361 Y90.982 E988.1996
G1 X208.883 Y90.695 E988.25523
G1 X208.278 Y90.154 E988.33621
G1 X208.228 Y90.123 E988.34208
G1 X206.46 Y88.363 E988.591
G1 X206.406 Y88.334 E988.59712
G1 X205.945 Y87.873 E988.66217
G1 X205.835 Y87.705 E988.68221
G1 X205.341 Y87.164 E988.75531
G1 X205.294 Y87.036 E988.76891
G1 X205.105 Y86.802 E988.79893
G1 X205.023 Y86.619 E988.81894
G1 X204.905 Y86.482 E988.83698
G1 X204.878 Y86.39 E988.84654
G1 X205.158 Y85.505 E988.93916
G1 X205.256 Y85.402 E988.95335
G1 X205.369 Y85.369 E988.9651
G1 X205.533 Y85.399 E988.98173
G1 X205.769 Y85.37 E989.00546
G1 X206.036 Y85.4 E989.03227
G1 X206.169 Y85.369 E989.04589
G1 X206.276 Y85.398 E989.05696
G1 X206.569 Y85.37 E989.08632
G1 X206.849 Y85.4 E989.11442
G1 X206.969 Y85.369 E989.12679
G1 X207.091 Y85.4 E989.13935
G1 X207.369 Y85.37 E989.16725
G1 X207.641 Y85.4 E989.19455
G1 X207.769 Y85.369 E989.2077
G1 X207.893 Y85.4 E989.22045
G1 X208.169 Y85.37 E989.24815
G1 X208.44 Y85.4 E989.27536
G1 X208.576 Y85.367 E989.28932
G1 X209.206 Y85.5 E989.35357
G1 X209.364 Y85.468 E989.36965
G1 X209.598 Y85.252 E989.40143
G1 X209.719 Y85.194 E989.41482
G1 X209.869 Y85.045 E989.43591
G1 X210.752 Y84.785 E989.52776
G1 X210.918 Y84.824 E989.54477
G1 X211.134 Y84.802 E989.56644
G1 X211.431 Y84.848 E989.59643
G1 X211.552 Y84.825 E989.60872
G1 X212.063 Y85.049 E989.66439
G1 X212.206 Y85.153 E989.68203
G1 X212.388 Y85.213 E989.70115
G1 X212.777 Y85.609 E989.75654
G1 X212.907 Y85.644 E989.76997
G1 X213.067 Y85.543 E989.78885
G1 X213.449 Y84.372 E989.91176
G1 X213.545 Y84.27 E989.92573
G1 X213.659 Y84.237 E989.93757
G1 X213.777 Y84.272 E989.94985
G1 X214.402 Y84.959 E990.04253
G1 X214.738 Y85.477 E990.10413
G1 X214.895 Y85.642 E990.12686
G1 X215.209 Y86.475 E990.21569
G1 X215.335 Y87.261 E990.29511
G1 X215.296 Y87.404 E990.3099
G1 X215.322 Y87.648 E990.33439
G1 X215.276 Y87.939 E990.36379
G1 X215.3 Y88.062 E990.37629
G1 X215.109 Y88.759 E990.4484
G1 X215.068 Y88.957 E990.46858
G1 X214.782 Y89.499 E990.52972
G1 X214.729 Y89.675 E990.54807
G1 X214.61 Y89.794 E990.56486
G1 X214.281 Y90.222 E990.61872
G1 X214.243 Y90.302 E990.62756
G1 X213.563 Y90.878 E990.71648
G1 X213.375 Y90.932 E990.736
G1 X212.815 Y91.243 E990.79991
G1 X212.622 Y91.284 E990.8196
G1 X211.894 Y91.485 E990.89496
G1 X211.243 Y91.505 E990.95995
G1 X211.119 Y91.543 E990.97289
G1 X210.948 Y91.494 E990.99064
G1 X210.334 Y91.433 E991.0522
G1 F1500 E984.5522
G0 F7200 X205.682 Y81.648
G1 F1500 E991.0522
G1 F3348.8 X205.787 Y81.679 E991.06395
G1 X205.88 Y81.778 E991.07852
G1 X205.911 Y81.885 E991.09047
G1 X205.88 Y81.99 E991.10221
G1 X205.792 Y82.079 E991.11563
G1 X205.687 Y82.108 E991.12732
G1 X205.578 Y82.076 E991.1395
G1 X205.483 Y81.982 E991.15384
G1 X205.453 Y81.881 E991.16514
G1 X205.484 Y81.778 E991.17668
G1 X205.577 Y81.679 E991.19125
G1 X205.682 Y81.648 E991.20299
G1 F1500 E984.70299
G0 F7200 X209.409 Y38.513
G1 F1500 E991.20299
G1 F3600 X209.303 Y38.48 E991.21407
G1 X209.202 Y38.378 E991.22839
G1 X209.169 Y38.267 E991.23995
G1 X209.2 Y38.149 E991.25212
G1 X209.166 Y37.868 E991.28036
G1 X209.199 Y37.58 E991.30929
G1 X209.168 Y37.468 E991.32088
G1 X209.199 Y37.356 E991.33248
G1 X209.167 Y37.065 E991.36169
G1 X209.199 Y36.788 E991.38951
G1 X209.168 Y36.665 E991.40217
G1 X209.198 Y36.553 E991.41374
G1 X209.166 Y36.278 E991.44136
G1 X209.2 Y35.988 E991.4705
G1 X209.169 Y35.866 E991.48306
G1 X209.2 Y35.74 E991.49601
G1 X209.166 Y35.464 E991.52375
G1 X209.2 Y35.19 E991.5513
G1 X209.168 Y35.064 E991.56427
G1 X209.2 Y34.938 E991.57725
G1 X209.167 Y34.669 E991.60429
G1 X209.189 Y34.442 E991.62704
G1 X209.159 Y34.369 E991.63492
G1 X208.715 Y34.005 E991.69221
G1 X208.378 Y34.03 E991.72592
G1 X208.106 Y33.996 E991.75328
G1 X207.981 Y34.027 E991.76613
G1 X207.858 Y33.996 E991.77878
G1 X207.577 Y34.03 E991.80703
G1 X207.304 Y33.996 E991.83448
G1 X207.181 Y34.027 E991.84713
G1 X207.06 Y33.996 E991.8596
G1 X206.777 Y34.03 E991.88804
G1 X206.499 Y33.997 E991.91597
G1 X206.381 Y34.027 E991.92812
G1 X206.274 Y33.998 E991.93918
G1 X205.977 Y34.03 E991.96899
G1 X205.756 Y33.998 E991.99127
G1 X205.58 Y34.028 E992.00908
G1 X205.467 Y33.995 E992.02083
G1 X204.844 Y33.3 E992.11396
G1 X204.809 Y33.181 E992.12634
G1 X205.035 Y32.724 E992.17721
G1 X205.2 Y32.492 E992.20562
G1 X205.238 Y32.374 E992.21798
G1 X205.393 Y32.216 E992.24007
G1 X205.708 Y31.792 E992.29277
G1 X208.11 Y29.407 E992.63052
G1 X208.967 Y29.234 E992.71776
G1 X209.112 Y29.277 E992.73285
G1 X209.209 Y29.38 E992.74697
G1 X209.243 Y29.493 E992.75874
G1 X209.213 Y29.609 E992.7707
G1 X209.246 Y29.889 E992.79883
G1 X209.22 Y30.098 E992.81985
G1 X209.258 Y30.219 E992.8325
G1 X209.4 Y30.3 E992.84881
G1 X209.659 Y30.241 E992.87532
G1 X209.851 Y30.095 E992.89939
G1 X210.136 Y29.98 E992.93005
G1 X210.226 Y29.898 E992.9422
G1 X210.45 Y29.879 E992.96463
G1 X211.139 Y29.772 E993.0342
G1 X211.833 Y29.969 E993.10619
G1 X212.034 Y30.012 E993.1267
G1 X212.14 Y30.116 E993.14151
G1 X212.358 Y30.218 E993.16553
G1 X212.729 Y30.48 E993.21085
G1 X212.844 Y30.488 E993.22235
G1 X212.985 Y30.415 E993.23819
G1 X213.047 Y30.293 E993.25185
G1 X213.038 Y30.088 E993.27232
G1 X213.185 Y29.605 E993.3227
G1 X213.734 Y29.082 E993.39836
G1 X213.857 Y28.942 E993.41695
G1 X213.973 Y28.912 E993.42891
G1 X214.085 Y28.944 E993.44053
G1 X214.683 Y29.668 E993.53423
G1 X214.719 Y29.796 E993.54749
G1 X215.039 Y30.376 E993.61359
G1 X215.075 Y30.563 E993.63259
G1 X215.292 Y31.273 E993.70667
G1 X215.272 Y31.381 E993.71763
G1 X215.322 Y31.69 E993.74886
G1 X215.3 Y31.912 E993.77112
G1 X215.343 Y32.07 E993.78746
G1 X215.294 Y32.243 E993.8054
G1 X215.238 Y32.848 E993.86603
G1 X214.908 Y33.704 E993.95757
G1 X214.77 Y33.854 E993.97791
G1 X214.454 Y34.373 E994.03854
G1 X214.315 Y34.505 E994.05766
G1 X213.959 Y34.941 E994.11383
G1 X213.449 Y35.452 E994.18586
G1 X213.215 Y35.669 E994.21771
G1 X211.71 Y37.174 E994.43008
G1 X211.541 Y37.362 E994.4553
G1 X211.113 Y37.707 E994.51016
G1 X210.975 Y37.848 E994.52984
G1 X210.432 Y38.168 E994.59273
G1 X210.325 Y38.267 E994.60728
G1 X209.583 Y38.454 E994.68363
G1 X209.409 Y38.513 E994.70196
G1 F1500 E988.20196
G0 F7200 X205.44 Y37.516
G1 F1500 E994.70196
G1 F3356.6 X205.411 Y37.413 E994.71341
G1 X205.44 Y37.311 E994.72476
G1 X205.531 Y37.214 E994.73899
G1 X205.638 Y37.183 E994.75092
G1 X205.745 Y37.214 E994.76284
G1 X205.837 Y37.311 E994.77714
G1 X205.869 Y37.419 E994.7892
G1 X205.84 Y37.523 E994.80075
G1 X205.748 Y37.613 E994.81452
G1 X205.641 Y37.645 E994.82648
G1 X205.537 Y37.614 E994.83809
G1 X205.44 Y37.516 E994.85285
G1 F1500 E988.35285
;MESH:manette_front-Body_(Meshed).stl(1)
G0 F7200 X205.44 Y36.291
G0 X206.5 Y35.7
;TYPE:WALL-INNER
G1 F1500 E994.85285
G1 F3600 X90.5 Y35.7 E1006.42737
G1 F3529.4 X90.326 Y35.707 E1006.4451
G0 F7200 X89.803 Y36.003
G1 F3654.8 X90.326 Y35.707 E1006.50416
G1 X89.486 Y35.686 E1006.58674
G1 F3730.6 X89.5 Y36.7 E1006.68439
G1 X89.803 Y36.003 E1006.75757
G0 F7200 X89.5 Y36.7
G1 F3600 X89.5 Y82.7 E1011.34747
G1 F3529.4 X89.507 Y82.874 E1011.36519
G0 F7200 X89.803 Y83.397
G1 F3654.8 X89.507 Y82.874 E1011.42426
G1 X89.486 Y83.714 E1011.50684
G1 F3730.6 X90.5 Y83.7 E1011.60448
G1 X89.803 Y83.397 E1011.67766
G0 F7200 X90.5 Y83.7
G1 F3600 X206.5 Y83.7 E1023.25219
G1 F3529.4 X206.674 Y83.693 E1023.26992
G0 F7200 X207.197 Y83.397
G1 F3654.8 X206.674 Y83.693 E1023.32898
G1 X207.514 Y83.714 E1023.41156
G1 F3664.1 X207.493 Y82.874 E1023.49394
G1 X207.197 Y83.397 E1023.55285
G0 F7200 X206.924 Y83.124
G1 F3600 X206.589 Y83.3 E1023.59061
G1 X90.5 Y83.3 E1035.17402
G1 X90.075 Y83.125 E1035.21988
G1 X89.9 Y82.789 E1035.25768
G1 X89.9 Y36.7 E1039.85646
G1 X90.075 Y36.275 E1039.90232
G1 X90.411 Y36.1 E1039.94012
G1 X206.5 Y36.1 E1051.52353
G1 X206.924 Y36.276 E1051.56934
G1 X207.1 Y36.7 E1051.61514
G1 X207.1 Y82.789 E1056.21392
G1 X206.924 Y83.124 E1056.25168
G0 F7200 X207.493 Y82.874
G1 F3538.1 X207.5 Y82.7 E1056.26936
G1 F3600 X207.5 Y36.7 E1060.85926
G0 F7200 X207.197 Y36.003
G1 F3730.6 X207.5 Y36.7 E1060.93244
G1 X207.514 Y35.686 E1061.03008
G1 X206.5 Y35.7 E1061.12773
G1 X207.197 Y36.003 E1061.20091
G0 F7200 X207.197 Y35.791
G0 X207.62 Y83.821
G0 X207.9 Y84.1
G1 F3600 X207.9 Y35.3 E1066.07019
G1 X89.101 Y35.301 E1077.92401
G1 X89.101 Y84.099 E1082.79309
G1 X207.9 Y84.1 E1094.6469
G0 F7200 X208.3 Y84.5
;TYPE:WALL-OUTER
G1 F1800 X208.3 Y34.9 E1099.59601
G1 X88.701 Y34.901 E1111.52965
G1 X88.701 Y84.499 E1116.47856
G1 X208.3 Y84.5 E1128.41219
G0 F7200 X208.3 Y84.3
G0 X207.62 Y83.821
G0 X207.41 Y82.735
G0 X206.698 Y82.735
G1 F1800 X206.642 Y82.842 E1128.42424
G1 X206.535 Y82.898 E1128.43629
G1 X90.5 Y82.9 E1140.01431
G1 X90.358 Y82.842 E1140.02962
G1 X90.302 Y82.735 E1140.04167
G1 X90.3 Y36.7 E1144.63506
G1 X90.358 Y36.558 E1144.65036
G1 X90.465 Y36.502 E1144.66241
G1 X206.5 Y36.5 E1156.24043
G1 X206.642 Y36.558 E1156.25574
G1 X206.7 Y36.7 E1156.27104
G1 X206.698 Y82.735 E1160.86443
G0 F7200 X206.642 Y82.842
G0 X206.573 Y82.878
G1 F1500 E1154.36443
;MESH:manette_front-Body_(Meshed).stl
G0 F7200 X206.573 Y83.611
G0 X206.5 Y85.366
G0 X206.5 Y117.458
G0 X206.5 Y118.553
G0 X206.5 Y119.12
;TYPE:WALL-INNER
G1 F1500 E1160.86443
G1 F3600 X90.5 Y119.12 E1172.43896
G1 F3529.4 X90.326 Y119.127 E1172.45669
G0 F7200 X89.803 Y119.423
G1 F3654.8 X90.326 Y119.127 E1172.51575
G1 X89.486 Y119.106 E1172.59833
G1 F3730.6 X89.5 Y120.12 E1172.69598
G1 X89.803 Y119.423 E1172.76916
G0 F7200 X89.5 Y120.12
G1 F3600 X89.5 Y166.12 E1177.35906
G1 F3529.4 X89.507 Y166.294 E1177.37678
G0 F7200 X89.803 Y166.817
G1 F3654.8 X89.507 Y166.294 E1177.43584
G1 X89.486 Y167.134 E1177.51843
G1 F3730.6 X90.5 Y167.12 E1177.61607
G1 X89.803 Y166.817 E1177.68925
G0 F7200 X90.5 Y167.12
G1 F3600 X206.5 Y167.12 E1189.26378
G1 F3529.4 X206.674 Y167.113 E1189.2815
G0 F7200 X207.197 Y166.817
G1 F3654.8 X206.674 Y167.113 E1189.34057
G1 X207.514 Y167.134 E1189.42315
G1 F3664.1 X207.493 Y166.294 E1189.50553
G1 X207.197 Y166.817 E1189.56444
G0 F7200 X206.924 Y166.544
G1 F3600 X206.589 Y166.72 E1189.6022
G1 X90.5 Y166.72 E1201.18561
G1 X90.075 Y166.545 E1201.23147
G1 X89.9 Y166.209 E1201.26927
G1 X89.9 Y120.12 E1205.86805
G1 X90.075 Y119.695 E1205.91391
G1 X90.411 Y119.52 E1205.95171
G1 X206.5 Y119.52 E1217.53512
G1 X206.924 Y119.696 E1217.58093
G1 X207.1 Y120.12 E1217.62673
G1 X207.1 Y166.209 E1222.22551
G1 X206.924 Y166.544 E1222.26327
G0 F7200 X207.493 Y166.294
G1 F3538.1 X207.5 Y166.12 E1222.28095
G1 F3600 X207.5 Y120.12 E1226.87085
G0 F7200 X207.197 Y119.423
G1 F3730.6 X207.5 Y120.12 E1226.94403
G1 X207.514 Y119.106 E1227.04167
G1 X206.5 Y119.12 E1227.13932
G1 X207.197 Y119.423 E1227.2125
G0 F7200 X207.197 Y119.213
G0 X207.62 Y167.243
G0 X207.9 Y167.52
G1 F3600 X207.9 Y118.72 E1232.08178
G1 X89.101 Y118.721 E1243.9356
G1 X89.101 Y167.519 E1248.80468
G1 X207.9 Y167.52 E1260.65849
G0 F7200 X208.3 Y167.92
;TYPE:WALL-OUTER
G1 F1800 X208.3 Y118.32 E1265.6076
G1 X88.701 Y118.321 E1277.54124
G1 X88.701 Y167.919 E1282.49015
G1 X208.3 Y167.92 E1294.42378
G0 F7200 X208.3 Y167.72
G0 X207.62 Y167.243
G0 X207.41 Y166.155
G0 X206.698 Y166.155
G1 F1800 X206.642 Y166.262 E1294.43583
G1 X206.535 Y166.318 E1294.44788
G1 X90.5 Y166.32 E1306.0259
G1 X90.358 Y166.262 E1306.04121
G1 X90.302 Y166.155 E1306.05326
G1 X90.3 Y120.12 E1310.64665
G1 X90.358 Y119.978 E1310.66195
G1 X90.465 Y119.922 E1310.674
G1 X206.5 Y119.92 E1322.25202
G1 X206.642 Y119.978 E1322.26733
G1 X206.7 Y120.12 E1322.28263
G1 X206.698 Y166.155 E1326.87602
G0 F7200 X206.642 Y166.262
G0 X206.573 Y166.298
G1 F1500 E1320.37602
;MESH:NONMESH
G0 F600 X206.573 Y166.298 Z8
G0 F7200 X206.573 Y167.033
G0 X206.938 Y119.685
G0 X90.488 Y118.553
G0 X90.488 Y117.458
G0 X87.847 Y85.354
G0 X87.847 Y34.048
G0 X90.488 Y32.309
;TIME_ELAPSED:5539.178027
;LAYER:13
;TYPE:SUPPORT
G1 F1500 E1326.87602
G1 F3287.7 X90.384 Y32.681 Z7.9 E1326.91962
G1 F3031.6 X90.387 Y32.976 E1326.95458
G1 F3236 X90.446 Y33.092 E1326.96902
G1 F3083.5 X90.613 Y33.243 E1326.99525
G1 F2779.9 X90.685 Y33.243 E1327.00455
G1 F2637.4 X90.861 Y33.361 E1327.03341
G1 F2513.1 X91.023 Y33.365 E1327.05658
G1 F2618.2 X91.255 Y32.969 E1327.11954
G1 F2571.4 X91.26 Y32.893 E1327.13018
G1 F2440.7 X91.185 Y32.777 E1327.15051
G1 X91.214 Y32.675 E1327.16612
G1 F2627.7 X91.139 Y32.486 E1327.19392
G1 F2823.5 X91.058 Y32.401 E1327.20885
G1 F3157.9 X90.63 Y32.244 E1327.26071
G1 F3600 X90.488 Y32.309 E1327.27629
G1 F1500 E1320.77629
G0 F7200 X90.488 Y32.309 Z8
G0 X88.349 Y33.717
G0 X86.746 Y34.888
G1 F1500 E1327.27629
G1 F4235.3 X86.721 Y34.862 Z7.9 E1327.28531
G0 F7200 X86.721 Y34.862 Z8
G0 X85.978 Y34.846
G1 F2416.1 X85.949 Y35.082 Z7.9 E1327.32366
G1 F3044.4 X86.025 Y35.32 E1327.35314
G1 F3478.3 X86.043 Y35.775 E1327.40016
G1 F3600 X86.015 Y35.879 E1327.41091
G1 X86.046 Y36.173 E1327.44041
G1 X86.013 Y36.413 E1327.46458
G1 X86.048 Y36.589 E1327.48249
G1 F2963 X86.021 Y36.989 E1327.53109
G1 F2508.7 X86.112 Y37.057 E1327.54736
G1 F2589.9 X86.287 Y37.322 E1327.5914
G1 F2732.4 X86.441 Y37.435 E1327.61651
G1 F3144.1 X86.861 Y37.298 E1327.66698
G1 F2868.5 X87.27 Y36.904 E1327.7381
G1 F2384.1 X87.085 Y36.508 E1327.80395
G1 X87.087 Y36.43 E1327.81571
G1 X87.149 Y36.346 E1327.83144
G1 F2360.7 X87.136 Y36.034 E1327.87896
G1 F2333.9 X86.975 Y35.824 E1327.91968
G1 X87.138 Y35.685 E1327.95266
G1 F2400 X87.151 Y35.389 E1327.997
G1 F2608.7 X86.856 Y35.124 E1328.0516
G1 F3348.8 X86.746 Y34.888 E1328.07953
G1 F3185.8 X87.004 Y35.053 E1328.11406
G1 F2508.7 X87.273 Y35.018 E1328.1529
G1 F2748.1 X87.365 Y34.796 E1328.18432
G1 F3333.3 X87.325 Y34.618 E1328.20398
G1 F3600 X87.104 Y34.402 E1328.23481
G1 F3461.5 X86.888 Y34.403 E1328.25723
G1 F2944.8 X86.578 Y34.588 E1328.30126
G1 F2732.4 X86.581 Y34.705 E1328.31665
G1 X86.464 Y34.696 E1328.33207
G1 F2548.7 X86.218 Y34.8 E1328.36972
G1 F2293 X85.978 Y34.846 E1328.408
G1 F1500 E1321.908
G0 F7200 X85.978 Y34.846 Z8
G0 X84.144 Y31.618
G1 F1500 E1328.408
G1 F2926.8 X84.008 Y32.024 Z7.9 E1328.46196
G1 F2742.9 X83.974 Y32.302 E1328.49864
G1 F2932.8 X84.01 Y32.306 E1328.50308
G1 F3243.2 X84.195 Y32.985 E1328.58102
G1 F3318 X84.412 Y33.294 E1328.6219
G1 F2862.8 X84.599 Y33.408 E1328.64938
G1 F2539.7 X84.823 Y33.385 E1328.68123
G1 F2544.2 X84.895 Y33.56 E1328.70795
G1 F2818 X85.231 Y33.983 E1328.77681
G1 F2722.1 X85.51 Y34.153 E1328.81992
G1 F2260.6 X85.836 Y34.277 E1328.87534
G1 F2364.5 X86.31 Y34.182 E1328.94878
G1 F2944.8 X86.632 Y34.055 E1328.991
G1 F3428.6 X86.897 Y33.835 E1329.02709
G1 F3564.4 X87.208 Y33.72 E1329.0605
G1 F3600 X87.439 Y33.436 E1329.09703
G1 X87.441 Y33.351 E1329.10552
G1 X87.217 Y32.998 E1329.14723
G1 X87.225 Y32.887 E1329.15834
G1 X87.299 Y32.823 E1329.1681
G1 X87.716 Y32.866 E1329.20993
G1 F3461.5 X87.843 Y32.783 E1329.22567
G1 F3063.8 X87.987 Y32.416 E1329.27189
G1 F2686.6 X88.001 Y32.285 E1329.28951
G1 F2526.3 X87.868 Y32.088 E1329.3233
G1 F2676.6 X87.541 Y32.053 E1329.36744
G1 F2862.8 X87.41 Y31.957 E1329.38782
G1 X87.459 Y31.752 E1329.41427
G1 F3185.8 X87.246 Y31.555 E1329.44698
G1 F3600 X87.242 Y31.42 E1329.46045
G1 F3348.8 X87.335 Y31.208 E1329.48529
G1 F2818 X87.343 Y31.089 E1329.50049
G1 F2562.3 X87.258 Y30.998 E1329.51795
G1 F3000 X87.027 Y30.998 E1329.54561
G1 F3600 X86.913 Y31.046 E1329.55795
G1 X86.767 Y31.042 E1329.57252
G1 X86.598 Y30.884 E1329.59561
G1 X86.336 Y30.849 E1329.62198
G1 X86.253 Y30.707 E1329.63839
G1 F3520.8 X86.194 Y30.339 E1329.67642
G1 F3333.3 X86.114 Y30.266 E1329.68809
G1 F2748.1 X85.835 Y30.191 E1329.72585
G1 F2495.7 X85.606 Y30.432 E1329.7737
G1 F2618.2 X85.383 Y30.544 E1329.80794
G1 F2666.7 X85.138 Y30.585 E1329.8414
G1 F2623 X84.857 Y30.908 E1329.90003
G1 F2562.3 X84.659 Y31.046 E1329.93387
G1 F2521.9 X84.583 Y31.19 E1329.95706
G1 F2474.2 X84.569 Y31.385 E1329.98544
G1 X84.521 Y31.47 E1329.99961
G1 X84.335 Y31.44 E1330.02697
G1 F2769.2 X84.144 Y31.618 E1330.06083
G1 F1500 E1323.56083
G0 F7200 X84.144 Y31.618 Z8
G0 X82.782 Y30.066
G1 F1500 E1330.06083
G1 F2539.7 X82.695 Y30.472 Z7.9 E1330.12124
G1 F2424.2 X82.56 Y30.736 E1330.16517
G1 F2862.8 X82.709 Y30.987 E1330.2018
G1 F3486.7 X82.706 Y31.144 E1330.21798
G1 X82.632 Y31.233 E1330.2299
G1 F3546.8 X82.631 Y31.409 E1330.24773
G1 F3600 X82.718 Y31.551 E1330.26434
G1 X82.646 Y31.754 E1330.28584
G1 X82.702 Y32.004 E1330.3114
G1 X82.568 Y32.256 E1330.33988
G1 X82.591 Y32.398 E1330.35423
G1 X82.704 Y32.51 E1330.37011
G1 X82.715 Y32.624 E1330.38153
G1 F3318 X82.547 Y32.906 E1330.41707
G1 F2779.9 X82.536 Y33.061 E1330.43715
G1 F2975.2 X82.907 Y33.116 E1330.48243
G1 F3600 X82.967 Y33.177 E1330.49097
G1 X82.985 Y33.454 E1330.51867
G1 X83.159 Y33.712 E1330.54972
G1 X83.206 Y34.113 E1330.59
G1 F3050.8 X83.15 Y34.157 E1330.59839
G1 F2508.7 X83.346 Y34.313 E1330.63426
G1 F2380.2 X83.558 Y34.256 E1330.66739
G1 X83.599 Y34.333 E1330.68055
G1 X83.614 Y34.587 E1330.71895
G1 F2535.2 X83.975 Y35.037 E1330.80069
G1 F2891.6 X84.084 Y35.307 E1330.83686
G1 F3185.8 X84.18 Y35.423 E1330.85384
G1 F3380.3 X84.335 Y35.455 E1330.87066
G1 F3546.8 X84.459 Y35.429 E1330.88349
G1 F3600 X84.68 Y35.274 E1330.91043
G1 X84.842 Y35.388 E1330.93019
G1 X84.989 Y35.4 E1330.94491
G1 X85.125 Y35.345 E1330.95955
G1 F3130.4 X85.435 Y35.018 E1331.01125
G1 F2416.1 X85.451 Y34.757 E1331.05013
G1 F2260.6 X85.259 Y34.467 E1331.10539
G1 F2722.1 X84.969 Y34.363 E1331.14605
G1 F2812.5 X84.463 Y33.908 E1331.23296
G1 F2642.2 X84.327 Y33.869 E1331.25219
G1 F3006.3 X83.987 Y33.46 E1331.31574
G1 F3310.3 X83.788 Y33.141 E1331.35654
G1 F3116.9 X83.569 Y32.632 E1331.4204
G1 F3050.8 X83.56 Y32.354 E1331.45315
G1 F2932.8 X83.594 Y32.342 E1331.45757
G1 F2742.9 X83.48 Y32.023 E1331.50193
G1 X83.498 Y31.885 E1331.52016
G1 F2926.8 X83.74 Y31.417 E1331.58482
G1 F2769.2 X84.062 Y30.978 E1331.65544
G1 F2521.9 X84.2 Y30.704 E1331.69914
G1 F2571.4 X84.311 Y30.618 E1331.71875
G1 F2637.4 X84.876 Y30.111 E1331.82215
G1 F2656.8 X85.283 Y29.983 E1331.87983
G1 F2495.7 X85.41 Y29.842 E1331.90714
G1 X85.394 Y29.656 E1331.93401
G1 F2834.6 X85.536 Y29.224 E1331.99164
G1 F2758.6 X85.442 Y28.74 E1332.05584
G1 F2504.3 X85.184 Y28.651 E1332.09499
G1 F2618.2 X85.117 Y28.68 E1332.105
G1 F3076.9 X85.064 Y28.772 E1332.1174
G1 F3573.2 X84.847 Y28.934 E1332.14462
G1 F3600 X84.656 Y28.953 E1332.16377
G1 X84.522 Y29.142 E1332.18689
G1 X84.455 Y29.163 E1332.1939
G1 X84.217 Y28.992 E1332.22314
G1 F3103.4 X83.953 Y28.954 E1332.25401
G1 F2544.2 X83.783 Y29.111 E1332.28668
G1 F2376.2 X83.756 Y29.325 E1332.31929
G1 X83.704 Y29.418 E1332.33539
G1 X83.534 Y29.341 E1332.36361
G1 F2408 X83.449 Y29.347 E1332.37632
G1 F2539.7 X83.271 Y29.47 E1332.40692
G1 F2530.8 X83.187 Y29.619 E1332.4312
G1 F2412.1 X83.169 Y29.84 E1332.46422
G1 F2400 X83.121 Y29.922 E1332.47844
G1 X82.947 Y29.914 E1332.50451
G1 F2526.3 X82.782 Y30.066 E1332.53641
G1 F1500 E1326.03641
G0 F7200 X82.782 Y30.066 Z8
G0 X81.802 Y30.945
G1 F1500 E1332.53641
G1 F2891.6 X82.141 Y30.245 Z7.9 E1332.63382
G1 F2539.7 X82.313 Y29.789 E1332.70275
G1 F2526.3 X82.645 Y29.437 E1332.77155
G1 F2517.5 X82.884 Y29.081 E1332.83274
G1 F2504.3 X83.343 Y28.769 E1332.91234
G1 F2478.5 X83.494 Y28.591 E1332.94617
G1 F2656.8 X83.676 Y28.509 E1332.97316
G1 F3103.4 X84.167 Y28.157 E1333.04309
G1 F3600 X84.685 Y28.011 E1333.09679
G1 F3096.8 X85.042 Y27.977 E1333.13838
G1 F2627.7 X85.375 Y28.115 E1333.18766
G1 F2517.5 X85.859 Y28.298 E1333.26149
G1 F2482.8 X85.949 Y28.442 E1333.28606
G1 X85.923 Y28.552 E1333.30241
G1 F2656.8 X85.993 Y28.841 E1333.34262
G1 F2975.2 X86.01 Y29.239 E1333.39071
G1 F3031.6 X85.955 Y29.45 E1333.41655
G1 F2647.1 X85.955 Y29.766 E1333.45943
G1 F2823.5 X86.463 Y29.865 E1333.52527
G1 F3520.8 X86.599 Y29.841 E1333.53936
G1 F3600 X87.096 Y30.065 E1333.59376
G1 F3478.3 X87.302 Y30.223 E1333.62057
G1 F3348.8 X87.416 Y30.256 E1333.6333
G1 F2903.2 X87.66 Y30.608 E1333.68629
G1 F2823.5 X88.045 Y30.944 E1333.7513
G1 F3348.8 X88.233 Y31.367 E1333.80095
G1 F2956.9 X88.284 Y31.757 E1333.84874
G1 F2526.3 X88.439 Y32.011 E1333.89105
G1 F2539.7 X88.628 Y32.056 E1333.91852
G1 X88.647 Y32.176 E1333.93571
G1 F2823.5 X88.347 Y32.676 E1334.00989
G1 F3257.9 X88.23 Y32.989 E1334.04673
G1 F3469.9 X88.289 Y33.201 E1334.06951
G1 F3600 X88.517 Y33.292 E1334.09401
G1 X88.639 Y33.244 E1334.10709
G1 X88.745 Y33.081 E1334.12649
G1 X88.873 Y33.004 E1334.1414
G1 X89.074 Y33.067 E1334.16241
G1 X89.332 Y32.994 E1334.18917
G1 X89.613 Y33.153 E1334.22138
G1 X89.771 Y33.132 E1334.23729
G1 F3364.5 X89.892 Y33.006 E1334.25594
G1 F3090.1 X89.925 Y32.797 E1334.28053
G1 F3287.7 X89.715 Y32.583 E1334.31329
G1 F3600 X89.594 Y32.356 E1334.33896
G1 X89.599 Y32.212 E1334.35334
G1 X89.68 Y32.029 E1334.37331
G1 X89.456 Y31.693 E1334.4136
G1 X89.564 Y31.456 E1334.43959
G1 X89.537 Y31.324 E1334.45303
G1 X89.613 Y31.197 E1334.4678
G1 X89.838 Y31.044 E1334.49495
G1 X90.326 Y30.909 E1334.54547
G1 X90.425 Y30.938 E1334.55576
G1 F3380.3 X91.113 Y31.635 E1334.65984
G1 F3000 X91.582 Y32.228 E1334.75036
G1 F2627.7 X91.734 Y32.545 E1334.79842
G1 F2576 X91.884 Y32.745 E1334.83328
G1 F2975.2 X92.06 Y32.884 E1334.86036
G1 F3265.3 X92.09 Y32.988 E1334.87227
G1 X92.064 Y33.095 E1334.88438
G1 F3428.6 X92.125 Y33.392 E1334.91614
G1 F3600 X92.096 Y33.616 E1334.93868
G1 X92.131 Y33.787 E1334.9561
G1 X92.1 Y33.904 E1334.96818
G1 X92.008 Y33.996 E1334.98116
G1 X91.892 Y34.027 E1334.99314
G1 X91.728 Y33.997 E1335.00977
G1 X91.493 Y34.03 E1335.03345
G1 F3116.9 X91.138 Y33.909 E1335.07668
G1 F2891.6 X90.465 Y33.961 E1335.16053
G1 F3295.2 X90.209 Y34.031 E1335.18946
G1 F3600 X89.655 Y33.996 E1335.24485
G1 X89.493 Y34.027 E1335.26131
G1 X89.347 Y33.996 E1335.2762
G1 X89.093 Y34.03 E1335.30177
G1 X88.86 Y33.997 E1335.32525
G1 X88.69 Y34.028 E1335.34249
G1 X88.106 Y34.032 E1335.40077
G1 X88.013 Y34.095 E1335.41197
G1 X87.81 Y34.593 E1335.46563
G1 F3333.3 X87.797 Y34.925 E1335.50144
G1 F2748.1 X87.707 Y35.232 E1335.54326
G1 F2453.2 X87.734 Y35.725 E1335.61555
G1 F2384.1 X87.696 Y35.902 E1335.64283
G1 F2428.3 X87.719 Y36.196 E1335.68645
G1 F2457.3 X87.7 Y36.851 E1335.78224
G1 F2553.2 X87.743 Y36.857 E1335.78835
G1 F2758.6 X87.736 Y37.049 E1335.81337
G1 F3025.2 X87.815 Y37.325 E1335.84745
G1 F3461.5 X87.796 Y37.583 E1335.8743
G1 F3600 X87.827 Y37.726 E1335.8889
G1 X87.794 Y37.843 E1335.90103
G1 X87.704 Y37.932 E1335.91366
G1 X87.558 Y37.982 E1335.92906
G1 X87.361 Y38.142 E1335.95438
G1 X87.127 Y38.238 E1335.97962
G1 X87.012 Y38.34 E1335.99496
G1 X86.899 Y38.371 E1336.00665
G1 F3503.6 X86.457 Y38.134 E1336.05807
G1 F3063.8 X86.244 Y37.91 E1336.09431
G1 F2769.2 X86.122 Y37.866 E1336.11113
G1 F2637.4 X85.615 Y37.389 E1336.20594
G1 F2963 X85.162 Y37.052 E1336.27439
G1 F3546.8 X84.078 Y35.961 E1336.43015
G1 F3287.7 X83.694 Y35.531 E1336.49314
G1 F2891.6 X83.542 Y35.331 E1336.52434
G1 F2535.2 X83.097 Y34.824 E1336.61993
G1 F2508.7 X82.678 Y34.443 E1336.70102
G1 F2651.9 X82.662 Y34.386 E1336.70903
G1 F3050.8 X82.592 Y34.402 E1336.71749
G1 F3600 X82.128 Y33.8 E1336.79333
G1 F2975.2 X82.028 Y33.306 E1336.85418
G1 F2880 X81.82 Y32.865 E1336.915
G1 F3461.5 X81.722 Y32.359 E1336.96848
G1 F3600 X81.668 Y32.169 E1336.98819
G1 X81.704 Y31.997 E1337.00572
G1 X81.675 Y31.776 E1337.02796
G1 X81.718 Y31.522 E1337.05367
G1 X81.695 Y31.369 E1337.06911
G1 X81.802 Y30.945 E1337.11274
G1 F1500 E1330.61274
G0 F7200 X81.802 Y30.945 Z8
G0 X91.361 Y37.644
G1 F1500 E1337.11274
G1 F3348.8 X91.258 Y37.613 Z7.9 E1337.12849
G1 X91.161 Y37.515 E1337.14328
G1 X91.132 Y37.413 E1337.15466
G1 X91.161 Y37.309 E1337.16624
G1 X91.249 Y37.215 E1337.18005
G1 X91.358 Y37.184 E1337.19221
G1 X91.467 Y37.215 E1337.20436
G1 X91.556 Y37.31 E1337.21833
G1 X91.587 Y37.417 E1337.23027
G1 X91.556 Y37.522 E1337.24202
G1 X91.465 Y37.613 E1337.25582
G1 X91.361 Y37.644 E1337.26746
G1 F1500 E1330.76746
G0 F7200 X91.361 Y37.644 Z8
G0 X91.44 Y81.842
G1 F1500 E1337.26746
G1 F3348.8 X91.411 Y81.952 Z7.9 E1337.28371
G1 X91.324 Y82.039 E1337.29691
G1 X91.219 Y82.068 E1337.30859
G1 X91.11 Y82.036 E1337.32078
G1 X91.015 Y81.942 E1337.33511
G1 X90.985 Y81.84 E1337.34652
G1 X91.016 Y81.734 E1337.35836
G1 X91.105 Y81.639 E1337.37233
G1 X91.214 Y81.608 E1337.38448
G1 X91.323 Y81.639 E1337.39664
G1 X91.411 Y81.734 E1337.41053
G1 X91.44 Y81.842 E1337.42252
G1 F1500 E1330.92252
G0 F7200 X91.44 Y81.842 Z8
G0 X85.164 Y83.64
G1 F1500 E1337.42252
G1 F3600 X85.019 Y83.53 Z7.9 E1337.44324
G1 F3302.8 X84.613 Y83.617 E1337.4884
G1 F2868.5 X84.356 Y84.018 E1337.54804
G1 X84.049 Y84.181 E1337.59157
G1 X83.792 Y84.582 E1337.65121
G1 F2834.6 X83.519 Y84.71 E1337.68942
G1 F2857.1 X83.23 Y85.148 E1337.7554
G1 F2753.3 X83.142 Y85.205 E1337.76907
G1 F2711.9 X83.007 Y85.396 E1337.80006
G1 F2535.2 X82.948 Y85.669 E1337.83963
G1 F2420.2 X82.885 Y85.778 E1337.85832
G1 X82.772 Y85.823 E1337.87637
G1 F2526.3 X82.632 Y85.976 E1337.90586
G1 F2557.7 X82.562 Y86.352 E1337.95957
G1 F2487 X82.44 Y86.669 E1338.00863
G1 F2706.8 X82.574 Y86.886 E1338.04247
G1 F2944.8 X82.573 Y87.015 E1338.05821
G1 X82.525 Y87.088 E1338.06887
G1 F3243.2 X82.577 Y87.278 E1338.09068
G1 F3600 X82.676 Y87.435 E1338.1092
G1 X82.747 Y87.474 E1338.11729
G1 X82.622 Y87.623 E1338.13669
G1 X82.615 Y87.739 E1338.14829
G1 F3000 X82.377 Y88.096 E1338.19966
G1 F2580.6 X82.427 Y88.237 E1338.22049
G1 F2671.6 X82.463 Y88.697 E1338.28252
G1 F2594.6 X82.567 Y88.845 E1338.30757
G1 F2444.8 X82.694 Y88.883 E1338.32704
G1 F2599.3 X82.793 Y89.395 E1338.39911
G1 F2790.7 X82.91 Y89.513 E1338.4205
G1 F2857.1 X83.155 Y89.92 E1338.48023
G1 F2717 X83.328 Y90.01 E1338.50601
G1 F2548.7 X83.435 Y89.985 E1338.52149
G1 X83.515 Y90.034 E1338.53472
G1 F2834.6 X83.806 Y90.542 E1338.6089
G1 F3214.3 X84.181 Y90.714 E1338.65501
G1 F3325.6 X84.274 Y90.701 E1338.66515
G1 F3512.2 X84.461 Y90.537 E1338.69059
G1 F3600 X84.687 Y90.418 E1338.71608
G1 X84.817 Y90.421 E1338.72905
G1 X84.932 Y90.551 E1338.74637
G1 X85.063 Y90.58 E1338.75976
G1 X85.287 Y90.464 E1338.78493
G1 X85.38 Y90.48 E1338.79434
G1 F3495.1 X85.542 Y90.408 E1338.81256
G1 F3228.7 X85.603 Y90.32 E1338.82448
G1 F2637.4 X85.602 Y89.522 E1338.93316
G1 F2392 X85.432 Y89.423 E1338.96271
G1 F2915 X84.955 Y89.38 E1339.02173
G1 F3555.6 X84.665 Y89.186 E1339.05697
G1 F3250.6 X84.239 Y88.807 E1339.11998
G1 F2647.1 X83.432 Y87.567 E1339.32075
G1 F2396 X83.125 Y87.431 E1339.37109
G1 X83.386 Y87.189 E1339.42445
G1 F2449 X83.413 Y86.87 E1339.47141
G1 F2544.2 X83.508 Y86.677 E1339.50178
G1 F2891.6 X83.798 Y86.304 E1339.56047
G1 F3436.8 X84.128 Y85.663 E1339.63583
G1 F3600 X84.707 Y85.195 E1339.71011
G1 X84.84 Y85.055 E1339.72938
G1 X85.032 Y84.998 E1339.74937
G1 X85.135 Y84.866 E1339.76607
G1 X85.105 Y84.546 E1339.79814
G1 X85.31 Y84.235 E1339.83531
G1 X85.314 Y84.12 E1339.84679
G1 X85.19 Y83.961 E1339.86691
G1 X85.164 Y83.64 E1339.89904
G1 F1500 E1333.39904
G0 F7200 X85.164 Y83.64 Z8
G0 X87.225 Y85.687
G1 F1500 E1339.89904
G1 F2356.8 X86.898 Y85.776 Z7.9 E1339.9529
G1 F2322.6 X86.701 Y85.746 E1339.98372
G1 X86.653 Y85.625 E1340.00385
G1 F2465.8 X86.444 Y85.452 E1340.04338
G1 F2440.7 X86.143 Y85.443 E1340.08769
G1 F2274.9 X85.968 Y85.687 E1340.13511
G1 X85.757 Y85.431 E1340.18749
G1 F2790.7 X85.675 Y85.515 E1340.2026
G1 F3600 X85.575 Y85.476 E1340.21331
G1 X85.37 Y85.532 E1340.23452
G1 X85.304 Y85.621 E1340.24557
G1 X85.275 Y85.903 E1340.27386
G1 X85.197 Y86.039 E1340.2895
G1 X85.008 Y86.098 E1340.30926
G1 X84.904 Y86.195 E1340.32345
G1 X84.884 Y86.353 E1340.33934
G1 X84.829 Y86.415 E1340.34761
G1 X84.697 Y86.421 E1340.36079
G1 X84.51 Y86.317 E1340.38214
G1 X84.374 Y86.295 E1340.39589
G1 F3555.6 X84.286 Y86.33 E1340.40546
G1 F3236 X84.091 Y86.655 E1340.44753
G1 F2666.7 X83.936 Y87.299 E1340.53676
G1 F2396 X84.013 Y87.612 E1340.58508
G1 F2779.9 X84.192 Y87.986 E1340.63866
G1 F3123.6 X84.529 Y88.443 E1340.70396
G1 F3214.3 X84.777 Y88.376 E1340.73266
G1 F3555.6 X85.043 Y88.392 E1340.75959
G1 F3600 X85.177 Y88.474 E1340.77526
G1 F3116.9 X85.364 Y88.677 E1340.80707
G1 F2753.3 X85.605 Y88.667 E1340.83854
G1 F2613.4 X85.704 Y88.924 E1340.87639
G1 F2392 X85.895 Y89.035 E1340.90957
G1 F2388.1 X86.255 Y88.89 E1340.96795
G1 F2487 X86.561 Y88.837 E1341.0128
G1 F2950.8 X86.74 Y88.388 E1341.07164
G1 F3600 X86.8 Y88.324 E1341.08039
G1 X86.992 Y88.317 E1341.09956
G1 X87.289 Y88.101 E1341.13621
G1 F3546.8 X87.691 Y88.036 E1341.17745
G1 F3404.3 X87.785 Y87.96 E1341.1902
G1 F3396.2 X87.931 Y87.512 E1341.24004
G1 F3546.8 X87.899 Y87.182 E1341.27362
G1 F3310.3 X87.923 Y86.928 E1341.3013
G1 F2769.2 X87.793 Y86.765 E1341.32835
G1 F2521.9 X87.647 Y86.726 E1341.34987
G1 X87.593 Y86.634 E1341.36507
G1 F2779.9 X87.597 Y86.096 E1341.43459
G1 F2696.6 X87.225 Y85.687 E1341.50823
G1 F1500 E1335.00823
G0 F7200 X87.225 Y85.687 Z8
G0 X89.17 Y87.346
G1 F1500 E1341.50823
G1 F4235.3 X89.188 Y87.345 Z7.9 E1341.51685
G1 F1500 E1335.01685
G0 F7200 X89.188 Y87.345 Z8
G0 X90.14 Y85.806
G1 F1500 E1341.51685
G1 F2706.8 X90.516 Y85.476 Z7.9 E1341.58456
G1 F2608.7 X91.223 Y85.468 E1341.68191
G1 F2706.8 X91.389 Y85.435 E1341.70437
G1 F2748.1 X91.518 Y85.465 E1341.72169
G1 F3018.9 X91.793 Y85.386 E1341.75573
G1 F3461.5 X92.19 Y85.376 E1341.79694
G1 F3600 X92.308 Y85.41 E1341.8092
G1 X92.401 Y85.508 E1341.82268
G1 X92.435 Y85.62 E1341.83436
G1 X92.291 Y86.106 E1341.88493
G1 F3038 X92.044 Y86.509 E1341.94082
G1 F2632.5 X92.071 Y86.651 E1341.96054
G1 X92.033 Y86.911 E1341.9964
G1 X91.913 Y87.074 E1342.02402
G1 X91.818 Y87.044 E1342.03761
G1 X91.672 Y87.069 E1342.05782
G1 F3038 X91.635 Y87.186 E1342.07233
G1 F3600 X91.187 Y87.712 E1342.14127
G1 X90.119 Y88.781 E1342.29205
G1 X90.062 Y88.822 E1342.29905
G1 X89.632 Y89.251 E1342.35966
G1 F2963 X89.126 Y89.634 E1342.4366
G1 F2862.8 X88.813 Y90.043 E1342.50122
G1 F3445 X88.225 Y90.627 E1342.58763
G1 F3591 X88.086 Y90.684 E1342.60266
G1 F3600 X87.851 Y90.881 E1342.63326
G1 X87.693 Y90.955 E1342.65067
G1 X87.544 Y91.088 E1342.67059
G1 X87.217 Y91.196 E1342.70496
G1 F2920.9 X86.816 Y91.264 E1342.75497
G1 F2482.8 X86.66 Y91.335 E1342.77977
G1 F2508.7 X86.484 Y91.353 E1342.8051
G1 F2748.1 X86.281 Y91.447 E1342.83435
G1 F3287.7 X85.791 Y91.56 E1342.88929
G1 F3600 X85.2 Y91.468 E1342.94897
G1 X85.1 Y91.495 E1342.9593
G1 F3564.4 X84.402 Y91.284 E1343.03279
G1 F3478.3 X84.208 Y91.241 E1343.05331
G1 F3364.5 X84.122 Y91.17 E1343.06522
G1 F3257.9 X83.51 Y90.88 E1343.13989
G1 F2834.6 X83.169 Y90.514 E1343.20328
G1 F2717 X82.798 Y90.269 E1343.26206
G1 F2857.1 X82.507 Y89.844 E1343.32682
G1 F2790.7 X82.33 Y89.642 E1343.36139
G1 F2599.3 X82.164 Y89.214 E1343.42483
G1 F2594.6 X81.989 Y88.932 E1343.47078
G1 F2717 X81.848 Y88.231 E1343.56531
G1 F2686.6 X81.77 Y88.064 E1343.58995
G1 F2706.8 X81.786 Y88.003 E1343.59832
G1 F3090.1 X81.675 Y87.658 E1343.64045
G1 F3600 X81.699 Y87.409 E1343.66541
G1 X81.661 Y87.271 E1343.6797
G1 F2950.8 X81.871 Y86.626 E1343.76227
G1 F2508.7 X81.873 Y86.503 E1343.77988
G1 F2580.6 X82.156 Y85.702 E1343.89813
G1 F2604 X82.34 Y85.498 E1343.93603
G1 F2706.8 X82.683 Y84.963 E1344.02037
G1 F2891.6 X83.196 Y84.344 E1344.12024
G1 F2812.5 X83.418 Y84.192 E1344.1546
G1 F2868.5 X83.716 Y83.849 E1344.2115
G1 X83.981 Y83.627 E1344.25479
G1 F3063.8 X84.506 Y83.01 E1344.34977
G1 F3564.4 X84.898 Y82.601 E1344.40686
G1 F3600 X85.796 Y82.395 E1344.49879
G1 X85.916 Y82.427 E1344.51119
G1 X86.009 Y82.526 E1344.52474
G1 X86.043 Y82.641 E1344.5367
G1 X86.013 Y82.808 E1344.55363
G1 X86.045 Y83.041 E1344.5771
G1 X86.013 Y83.277 E1344.60087
G1 X86.043 Y83.441 E1344.6175
G1 X86.016 Y83.537 E1344.62745
G1 X86.046 Y83.841 E1344.65793
G1 X86.014 Y84.134 E1344.68734
G1 X86.043 Y84.239 E1344.69821
G1 X85.998 Y84.398 E1344.7147
G1 X86.042 Y84.715 E1344.74663
G1 X86.122 Y84.787 E1344.75737
G1 F2790.7 X86.085 Y84.898 E1344.77243
G1 F2440.7 X86.677 Y84.938 E1344.85976
G1 F2465.8 X87.175 Y85.265 E1344.94655
G1 F2400 X87.376 Y85.323 E1344.97786
G1 F2845.8 X87.685 Y85.541 E1345.02559
G1 F3214.3 X88.034 Y85.937 E1345.08458
G1 F2779.9 X88.135 Y86.385 E1345.14392
G1 F2769.2 X88.314 Y86.673 E1345.18791
G1 F3310.3 X88.62 Y86.942 E1345.23212
G1 F3600 X88.771 Y87.23 E1345.26457
G1 F3654.8 X88.95 Y87.353 E1345.28591
G1 F3902.4 X89.105 Y87.364 E1345.30021
G1 F3850.3 X88.641 Y87.694 E1345.35333
G1 F3546.8 X88.34 Y87.788 E1345.38527
G1 F3412.3 X88.271 Y87.875 E1345.39696
G1 X88.091 Y88.448 E1345.46019
G1 F3546.8 X87.456 Y89.134 E1345.55486
G1 F3295.2 X87.062 Y89.303 E1345.60159
G1 F2737.6 X86.835 Y89.341 E1345.63179
G1 F2487 X86.711 Y89.429 E1345.65375
G1 F2478.5 X86.375 Y89.465 E1345.70273
G1 F2388.1 X86.087 Y89.558 E1345.74825
G1 F2562.3 X86.106 Y90.135 E1345.82919
G1 F2981.4 X86.067 Y90.359 E1345.85658
G1 F3050.8 X86.305 Y90.729 E1345.90838
G1 F2748.1 X86.424 Y90.786 E1345.92563
G1 F2482.8 X86.565 Y90.747 E1345.94679
G1 F2758.6 X86.709 Y90.478 E1345.98652
G1 F3137.3 X86.809 Y90.419 E1345.99982
G1 X86.921 Y90.437 E1346.0128
G1 F3348.8 X87.03 Y90.361 E1346.02706
G1 F3600 X87.18 Y90.113 E1346.05598
G1 X87.513 Y90.007 E1346.09085
G1 X87.629 Y89.77 E1346.11718
G1 X87.737 Y89.764 E1346.12797
G1 F3591 X88.106 Y89.987 E1346.1711
G1 F3436.8 X88.262 Y89.969 E1346.18751
G1 F3185.8 X88.499 Y89.731 E1346.22538
G1 F2801.6 X88.606 Y89.398 E1346.27023
G1 F2544.2 X88.721 Y89.22 E1346.30015
G1 F2571.4 X88.903 Y89.095 E1346.33099
G1 F3031.6 X88.924 Y88.703 E1346.37751
G1 F3600 X89.004 Y88.557 E1346.39412
G1 X89.146 Y88.49 E1346.40978
G1 X89.197 Y88.402 E1346.41993
G1 X89.209 Y88.231 E1346.43704
G1 X89.271 Y88.165 E1346.44607
G1 X89.393 Y88.13 E1346.45874
G1 X89.48 Y88.016 E1346.47305
G1 X89.497 Y87.866 E1346.48811
G1 X89.416 Y87.718 E1346.50494
G1 X89.468 Y87.517 E1346.52566
G1 X89.43 Y87.352 E1346.54255
G1 F3891.9 X89.188 Y87.345 E1346.5649
G1 X89.446 Y87.212 E1346.59169
G1 F3600 X89.611 Y87.012 E1346.61756
G1 X89.586 Y86.696 E1346.64919
G1 X89.707 Y86.469 E1346.67486
G1 F3396.2 X89.987 Y86.208 E1346.71534
G1 F3083.5 X90.027 Y86.006 E1346.73933
G1 F2926.8 X90.14 Y85.806 E1346.76752
G1 F1500 E1340.26752
G0 F7200 X90.14 Y85.806 Z8
G0 X91.446 Y85.981
G1 F1500 E1346.76752
G1 F2676.6 X91.263 Y85.989 Z7.9 E1346.79553
G1 F2491.3 X90.98 Y86.104 E1346.83958
G1 F2465.8 X90.659 Y86.038 E1346.88732
G1 F2706.8 X90.513 Y86.138 E1346.9108
G1 F3038 X90.398 Y86.379 E1346.94237
G1 F3396.2 X90.435 Y86.876 E1346.99509
G1 F3600 X90.576 Y87.044 E1347.01697
G1 X90.745 Y87.062 E1347.03393
G1 X90.966 Y86.921 E1347.06009
G1 F3038 X91.434 Y86.796 E1347.11736
G1 F2632.5 X91.665 Y86.436 E1347.17573
G1 F3038 X91.6 Y86.172 E1347.20788
G1 F3116.9 X91.446 Y85.981 E1347.23615
G1 F1500 E1340.73615
G0 F7200 X91.446 Y85.981 Z8
G0 X90.653 Y115.668
G1 F1500 E1347.23615
G1 F3600 X90.542 Y115.688 Z7.9 E1347.25119
G1 X90.438 Y115.817 E1347.26773
G1 F3287.7 X90.384 Y116.105 E1347.29974
G1 F3025.2 X90.386 Y116.429 E1347.33821
G1 F2891.6 X90.619 Y116.667 E1347.37959
G1 F2779.9 X90.696 Y116.666 E1347.38954
G1 F2637.4 X90.868 Y116.78 E1347.41764
G1 F2500 X91.025 Y116.782 E1347.4402
G1 F2656.8 X91.238 Y116.391 E1347.5004
G1 F2647.1 X91.244 Y116.307 E1347.51183
G1 F2478.5 X91.18 Y116.204 E1347.52941
G1 F2470 X91.211 Y116.091 E1347.54645
G1 F2642.2 X91.14 Y115.912 E1347.57263
G1 F2834.6 X91.056 Y115.825 E1347.58795
G1 F3157.9 X90.653 Y115.668 E1347.63715
G1 F1500 E1341.13715
G0 F7200 X90.653 Y115.668 Z8
G0 X88.128 Y117.29
G0 X86.746 Y118.322
G1 F1500 E1347.63715
G1 F4235.3 X86.717 Y118.288 Z7.9 E1347.64644
G0 F7200 X86.717 Y118.288 Z8
G0 X87.099 Y117.821
G1 F3461.5 X86.886 Y117.822 Z7.9 E1347.67086
G1 F2938.8 X86.559 Y118.022 E1347.71771
G1 F2774.6 X86.574 Y118.141 E1347.73324
G1 X86.464 Y118.115 E1347.74787
G1 F2580.6 X86.125 Y118.24 E1347.79816
G1 F2975.2 X86.009 Y118.533 E1347.83621
G1 F3116.9 X85.949 Y118.549 E1347.84337
G1 F2950.8 X86.016 Y119.197 E1347.92267
G1 F3200 X85.988 Y119.322 E1347.93705
G1 F3348.8 X86.04 Y119.597 E1347.96707
G1 F3546.8 X86.017 Y119.908 E1347.99865
G1 F3600 X86.048 Y120.013 E1348.00958
G1 F2975.2 X86.023 Y120.414 E1348.05808
G1 F2517.5 X86.116 Y120.484 E1348.07469
G1 F2589.9 X86.291 Y120.746 E1348.11839
G1 F2732.4 X86.445 Y120.859 E1348.1435
G1 F3144.1 X86.898 Y120.7 E1348.19835
G1 F3130.4 X87.222 Y120.392 E1348.24965
G1 F2666.7 X87.211 Y120.194 E1348.27636
G1 F2474.2 X87.086 Y119.923 E1348.31969
G1 F2372.3 X87.128 Y119.773 E1348.34327
G1 F2352.9 X87.113 Y119.512 E1348.38318
G1 F2333.9 X86.936 Y119.311 E1348.42441
G1 X87.149 Y119.159 E1348.46468
G1 X87.224 Y118.968 E1348.49626
G1 F2416.1 X87.1 Y118.733 E1348.53577
G1 F2661.7 X86.859 Y118.581 E1348.57422
G1 F3404.3 X86.746 Y118.322 E1348.60404
G1 F3673.5 X86.854 Y118.432 E1348.61911
G1 F2891.6 X86.987 Y118.488 E1348.63704
G1 F2548.7 X87.172 Y118.478 E1348.66315
G1 F2500 X87.341 Y118.391 E1348.69046
G1 X87.44 Y118.147 E1348.72829
G1 F2950.8 X87.352 Y118.139 E1348.73905
G1 F3600 X87.326 Y118.036 E1348.74965
G1 X87.099 Y117.821 E1348.78085
G1 F1500 E1342.28085
G0 F7200 X87.099 Y117.821 Z8
G0 X85.836 Y113.615
G1 F1500 E1348.78085
G1 F2500 X85.607 Y113.853 Z7.9 E1348.83043
G1 F2627.7 X85.384 Y113.967 E1348.86467
G1 F2676.6 X85.133 Y114.005 E1348.89874
G1 F2637.4 X84.851 Y114.325 E1348.95683
G1 F2566.8 X84.659 Y114.459 E1348.98959
G1 F2526.3 X84.583 Y114.606 E1349.01312
G1 F2474.2 X84.569 Y114.806 E1349.04223
G1 X84.521 Y114.89 E1349.05628
G1 X84.35 Y114.857 E1349.08156
G1 F2758.6 X84.132 Y115.056 E1349.12
G1 F3083.5 X84.008 Y115.582 E1349.18295
G1 F2880 X84.06 Y116.022 E1349.23821
G1 F3025.2 X84.204 Y116.431 E1349.2897
G1 F3310.3 X84.296 Y116.573 E1349.30806
G1 F3012.6 X84.394 Y116.64 E1349.32221
G1 F2807 X84.546 Y116.651 E1349.34172
G1 X84.615 Y116.752 E1349.35737
G1 F2862.8 X84.673 Y116.966 E1349.38519
G1 F3006.3 X85.037 Y117.241 E1349.4397
G1 F3333.3 X85.418 Y117.202 E1349.48097
G1 F3600 X85.648 Y117.32 E1349.50677
G1 F2975.2 X86.004 Y117.647 E1349.56513
G1 F2580.6 X86.296 Y117.604 E1349.60621
G1 F2932.8 X86.602 Y117.496 E1349.64595
G1 F3428.6 X86.896 Y117.256 E1349.68572
G1 F3564.4 X87.211 Y117.142 E1349.71948
G1 F3600 X87.437 Y116.863 E1349.7553
G1 X87.44 Y116.765 E1349.76509
G1 X87.217 Y116.422 E1349.80591
G1 X87.225 Y116.309 E1349.81721
G1 X87.299 Y116.244 E1349.82704
G1 X87.714 Y116.291 E1349.86871
G1 F3461.5 X87.841 Y116.208 E1349.88446
G1 F2969.1 X88.001 Y115.827 E1349.93445
G1 F2580.6 X88.015 Y115.27 E1350.01201
G1 F2491.3 X87.957 Y115.075 E1350.04134
G1 F2944.8 X87.689 Y114.96 E1350.07691
G1 F3600 X87.465 Y115.046 E1350.10085
G1 X87.315 Y115.041 E1350.11583
G1 X87.246 Y114.975 E1350.12536
G1 X87.242 Y114.839 E1350.13893
G1 X87.305 Y114.627 E1350.161
G1 X87.212 Y114.48 E1350.17836
G1 X87.111 Y114.421 E1350.19003
G1 X86.767 Y114.462 E1350.2246
G1 X86.598 Y114.304 E1350.24768
G1 X86.334 Y114.268 E1350.27427
G1 X86.249 Y114.13 E1350.29044
G1 X86.234 Y113.862 E1350.31722
G1 F3412.3 X86.114 Y113.686 E1350.33965
G1 F2748.1 X85.836 Y113.615 E1350.37715
G1 F1500 E1343.87715
G0 F7200 X85.836 Y113.615 Z8
G0 X85.101 Y112.064
G1 F1500 E1350.37715
G1 F2322.6 X84.846 Y112.22 Z7.9 E1350.4259
G1 F2307.7 X84.721 Y112.086 E1350.45443
G1 F2491.3 X84.451 Y112.116 E1350.49359
G1 F2599.3 X84.299 Y112.231 E1350.51994
G1 F2608.7 X84.186 Y112.444 E1350.55314
G1 F3110.2 X83.933 Y112.684 E1350.59341
G1 F3600 X83.803 Y112.933 E1350.62144
G1 X83.733 Y112.954 E1350.62873
G1 X83.562 Y112.851 E1350.64865
G1 F3116.9 X83.314 Y112.836 E1350.67728
G1 F2599.3 X83.192 Y113.014 E1350.70711
G1 F2400 X83.114 Y113.34 E1350.75728
G1 F2341.5 X82.951 Y113.39 E1350.78343
G1 F2440.7 X82.808 Y113.523 E1350.81217
G1 F2474.2 X82.732 Y113.893 E1350.86701
G1 F2420.2 X82.556 Y114.157 E1350.91411
G1 F2823.5 X82.701 Y114.412 E1350.95143
G1 F3364.5 X82.698 Y114.562 E1350.96744
G1 X82.625 Y114.654 E1350.97998
G1 F3478.3 X82.632 Y114.832 E1350.99838
G1 F3600 X82.718 Y114.973 E1351.01486
G1 X82.646 Y115.178 E1351.03654
G1 X82.702 Y115.427 E1351.062
G1 X82.56 Y115.688 E1351.09165
G1 X82.6 Y115.859 E1351.10917
G1 X82.72 Y115.962 E1351.12495
G1 X82.73 Y116.067 E1351.13548
G1 F2956.9 X82.535 Y116.441 E1351.18672
G1 F2482.8 X82.569 Y116.516 E1351.19863
G1 F2769.2 X82.896 Y116.567 E1351.24156
G1 F3164.8 X82.943 Y116.616 E1351.24927
G1 X82.952 Y116.858 E1351.27675
G1 F3364.5 X83.163 Y117.137 E1351.3141
G1 F3600 X83.206 Y117.537 E1351.35424
G1 F3050.8 X83.149 Y117.579 E1351.36258
G1 F2508.7 X83.348 Y117.738 E1351.39905
G1 F2376.2 X83.557 Y117.683 E1351.43172
G1 X83.599 Y117.76 E1351.44498
G1 X83.618 Y118.012 E1351.48318
G1 F2517.5 X83.727 Y118.172 E1351.51081
G1 F2647.1 X83.838 Y118.256 E1351.5297
G1 F2834.6 X84.152 Y118.765 E1351.60548
G1 F2769.2 X84.321 Y118.856 E1351.63038
G1 F2517.5 X84.504 Y118.782 E1351.65855
G1 X84.614 Y118.947 E1351.68684
G1 X84.638 Y119.088 E1351.70725
G1 F2627.7 X84.769 Y119.251 E1351.73584
G1 F2686.6 X84.967 Y119.385 E1351.7678
G1 F2651.9 X85.105 Y119.557 E1351.79767
G1 F3063.8 X85.324 Y119.526 E1351.8236
G1 F3546.8 X85.439 Y119.439 E1351.83821
G1 F3333.3 X85.555 Y119.201 E1351.86674
G1 F2950.8 X85.448 Y118.795 E1351.91785
G1 F2742.9 X85.457 Y118.573 E1351.94695
G1 F3116.9 X85.396 Y118.553 E1351.95435
G1 F3600 X85.375 Y118.454 E1351.96444
G1 X85.189 Y118.282 E1351.98972
G1 X85.086 Y118.111 E1352.00964
G1 X85.092 Y117.941 E1352.02661
G1 F3380.3 X84.993 Y117.784 E1352.04634
G1 F3044.4 X84.241 Y117.224 E1352.15697
G1 F2862.8 X84.176 Y117.055 E1352.17969
G1 F3012.6 X84.006 Y116.899 E1352.2072
G1 F3000 X83.617 Y116.313 E1352.29141
G1 F2758.6 X83.526 Y116.11 E1352.32038
G1 F2732.4 X83.531 Y115.997 E1352.33525
G1 X83.584 Y115.934 E1352.34608
G1 F2950.8 X83.588 Y115.776 E1352.36532
G1 F3057.3 X83.518 Y115.471 E1352.40208
G1 F2903.2 X83.542 Y115.301 E1352.42332
G1 F3000 X83.743 Y114.803 E1352.48763
G1 F2758.6 X84.062 Y114.398 E1352.55476
G1 F2526.3 X84.201 Y114.123 E1352.59857
G1 F2647.1 X84.876 Y113.534 E1352.72014
G1 F2666.7 X85.283 Y113.406 E1352.77761
G1 F2500 X85.41 Y113.265 E1352.80488
G1 F2416.1 X85.412 Y113.08 E1352.83238
G1 F2727.3 X85.536 Y112.645 E1352.89196
G1 F2769.2 X85.442 Y112.168 E1352.95502
G1 F2424.2 X85.101 Y112.064 E1353.00785
G0 F7200 X85.101 Y112.064 Z8
G0 X85.068 Y111.433
G1 F2465.8 X85.87 Y111.727 Z7.9 E1353.13313
G1 F2508.7 X85.952 Y111.863 E1353.15587
G1 X85.926 Y111.982 E1353.17331
G1 F2666.7 X85.992 Y112.261 E1353.21193
G1 F2963 X86.008 Y112.662 E1353.26059
G1 F2696.6 X85.921 Y113.106 E1353.32086
G1 F2388.1 X85.956 Y113.187 E1353.33413
G1 F2823.5 X86.463 Y113.285 E1353.39982
G1 F3520.8 X86.597 Y113.263 E1353.41368
G1 F3600 X87.096 Y113.485 E1353.46817
G1 X87.236 Y113.594 E1353.48588
G1 X87.424 Y113.662 E1353.50582
G1 X88.071 Y114.349 E1353.59999
G1 F3478.3 X88.231 Y114.771 E1353.6466
G1 F2862.8 X88.232 Y114.87 E1353.65902
G1 F2491.3 X88.332 Y114.911 E1353.6746
G1 X88.736 Y114.887 E1353.73295
G1 X88.791 Y114.932 E1353.7432
G1 X88.577 Y115.254 E1353.79895
G1 F2440.7 X88.63 Y115.593 E1353.84944
G1 F2696.6 X88.341 Y116.097 E1353.92683
G1 F3214.3 X88.219 Y116.44 E1353.96752
G1 F3478.3 X88.276 Y116.651 E1353.99009
G1 F3600 X88.511 Y116.744 E1354.01531
G1 X88.634 Y116.69 E1354.02871
G1 X88.749 Y116.502 E1354.0507
G1 X88.879 Y116.427 E1354.06568
G1 X89.158 Y116.487 E1354.09415
G1 X89.341 Y116.415 E1354.11377
G1 X89.621 Y116.577 E1354.14605
G1 X89.744 Y116.573 E1354.15833
G1 F3287.7 X89.913 Y116.417 E1354.18346
G1 F3025.2 X89.925 Y116.221 E1354.20678
G1 F3287.7 X89.715 Y116.005 E1354.23969
G1 F3600 X89.594 Y115.776 E1354.26554
G1 X89.598 Y115.635 E1354.27961
G1 X89.667 Y115.547 E1354.29077
G1 X89.655 Y115.358 E1354.30966
G1 X89.459 Y115.109 E1354.34128
G1 X89.564 Y114.874 E1354.36697
G1 X89.539 Y114.745 E1354.38008
G1 X89.617 Y114.617 E1354.39503
G1 X89.838 Y114.465 E1354.4218
G1 X90.327 Y114.332 E1354.47236
G1 X90.424 Y114.359 E1354.48241
G1 X90.964 Y114.902 E1354.55882
G1 F3157.9 X91.378 Y115.435 E1354.63559
G1 F2834.6 X91.582 Y115.654 E1354.67352
G1 F2642.2 X91.726 Y115.954 E1354.71876
G1 F2637.4 X91.893 Y116.165 E1354.75541
G1 F3130.4 X92.072 Y116.302 E1354.78127
G1 F3478.3 X92.103 Y116.407 E1354.79258
G1 X92.077 Y116.514 E1354.80395
G1 F3538.1 X92.129 Y116.821 E1354.83556
G1 F3600 X92.104 Y117.032 E1354.85676
G1 X92.14 Y117.205 E1354.8744
G1 X92.105 Y117.327 E1354.88706
G1 X92.014 Y117.418 E1354.8999
G1 X91.901 Y117.451 E1354.91165
G1 X91.808 Y117.424 E1354.92131
G1 X91.497 Y117.454 E1354.95249
G1 F3116.9 X91.144 Y117.331 E1354.99557
G1 F2903.2 X90.473 Y117.387 E1355.07888
G1 F3310.3 X90.287 Y117.455 E1355.10037
G1 F3600 X90.108 Y117.428 E1355.11843
G1 X89.896 Y117.454 E1355.13974
G1 X89.663 Y117.42 E1355.16324
G1 X89.501 Y117.451 E1355.17969
G1 X89.353 Y117.42 E1355.19478
G1 X89.097 Y117.454 E1355.22055
G1 X88.868 Y117.421 E1355.24364
G1 X88.7 Y117.451 E1355.26066
G1 X88.616 Y117.425 E1355.26944
G1 X88.104 Y117.458 E1355.32063
G1 X88.009 Y117.539 E1355.33309
G1 X87.811 Y118.006 E1355.3837
G1 X87.797 Y118.112 E1355.39437
G1 F2950.8 X87.712 Y118.132 E1355.405
G1 F2500 X87.735 Y118.746 E1355.49328
G1 F2416.1 X87.693 Y118.944 E1355.52338
G1 F2333.9 X87.72 Y119.145 E1355.55459
G1 X87.688 Y119.384 E1355.5917
G1 F2384.1 X87.709 Y119.615 E1355.62665
G1 F2585.3 X87.743 Y120.281 E1355.71931
G1 F2758.6 X87.736 Y120.468 E1355.74368
G1 F3025.2 X87.814 Y120.745 E1355.77784
G1 F3469.9 X87.796 Y121.001 E1355.80441
G1 F3600 X87.828 Y121.145 E1355.81913
G1 X87.794 Y121.263 E1355.83138
G1 X87.703 Y121.353 E1355.84415
G1 X87.571 Y121.399 E1355.8581
G1 X87.357 Y121.562 E1355.88494
G1 X87.136 Y121.659 E1355.90903
G1 X87.016 Y121.764 E1355.92494
G1 X86.902 Y121.795 E1355.93672
G1 X86.783 Y121.761 E1355.94907
G1 F3512.2 X86.462 Y121.558 E1355.98792
G1 F3070.4 X86.248 Y121.334 E1356.02416
G1 F2769.2 X86.126 Y121.29 E1356.04098
G1 F2637.4 X85.62 Y120.816 E1356.13542
G1 F2975.2 X85.112 Y120.416 E1356.21348
G1 F3063.8 X84.76 Y119.967 E1356.28037
G1 F2717 X84.368 Y119.588 E1356.35246
G1 F2637.4 X84.157 Y119.343 E1356.3965
G1 F2769.2 X83.857 Y119.123 E1356.44475
G1 F2686.6 X83.098 Y118.25 E1356.59943
G1 F2508.7 X82.677 Y117.862 E1356.6814
G1 F2651.9 X82.661 Y117.808 E1356.68903
G1 F3050.8 X82.592 Y117.826 E1356.69743
G1 F3529.4 X82.146 Y117.227 E1356.77343
G1 F2975.2 X82.123 Y116.951 E1356.80687
G1 F2909.1 X81.821 Y116.324 E1356.89281
G1 F3436.8 X81.668 Y115.593 E1356.97087
G1 F3600 X81.704 Y115.425 E1356.98801
G1 X81.675 Y115.197 E1357.01094
G1 X81.718 Y114.946 E1357.03635
G1 X81.692 Y114.787 E1357.05243
G1 X81.793 Y114.39 E1357.0933
G1 F2880 X82.165 Y113.657 E1357.19583
G1 F2474.2 X82.324 Y113.219 E1357.26348
G1 F2440.7 X82.619 Y112.907 E1357.32667
G1 F2500 X82.879 Y112.502 E1357.39582
G1 F3076.9 X83.451 Y111.947 E1357.48887
G1 F3214.3 X83.668 Y111.918 E1357.51333
G1 F2686.6 X83.952 Y111.802 E1357.55435
G1 F2599.3 X84.199 Y111.639 E1357.59525
G1 F2491.3 X84.792 Y111.517 E1357.68254
G1 F2364.5 X85.068 Y111.433 E1357.72637
G1 F1500 E1351.22637
G0 F7200 X85.068 Y111.433 Z8
G0 X91.363 Y121.065
G1 F1500 E1357.72637
G1 F3356.6 X91.256 Y121.033 Z7.9 E1357.74241
G1 X91.159 Y120.938 E1357.75694
G1 X91.131 Y120.836 E1357.76826
G1 X91.161 Y120.729 E1357.78015
G1 X91.247 Y120.639 E1357.79347
G1 X91.358 Y120.607 E1357.80583
G1 X91.469 Y120.639 E1357.8182
G1 X91.557 Y120.731 E1357.83182
G1 X91.588 Y120.838 E1357.84374
G1 X91.557 Y120.947 E1357.85587
G1 X91.468 Y121.036 E1357.86934
G1 X91.363 Y121.065 E1357.88099
G1 F1500 E1351.38099
G0 F7200 X91.363 Y121.065 Z8
G0 X91.441 Y165.265
G1 F1500 E1357.88099
G1 F3356.6 X91.412 Y165.372 Z7.9 E1357.89697
G1 X91.324 Y165.46 E1357.91029
G1 X91.219 Y165.489 E1357.92195
G1 X91.109 Y165.457 E1357.93421
G1 X91.014 Y165.362 E1357.94858
G1 X90.984 Y165.26 E1357.95996
G1 X91.015 Y165.155 E1357.97168
G1 X91.103 Y165.062 E1357.98538
G1 X91.213 Y165.031 E1357.99761
G1 X91.324 Y165.062 E1358.00994
G1 X91.412 Y165.156 E1358.02372
G1 X91.441 Y165.265 E1358.03579
G1 F1500 E1351.53579
G0 F7200 X91.441 Y165.265 Z8
G0 X82.758 Y170.965
G1 F1500 E1358.03579
G1 F4235.3 X82.773 Y170.961 Z7.9 E1358.04438
G1 F1500 E1351.54438
G0 F7200 X82.773 Y170.961 Z8
G0 X85.409 Y167.103
G1 F1500 E1358.04438
G1 F3063.8 X85.202 Y166.916 Z7.9 E1358.07912
G1 F3600 X85.108 Y166.884 E1358.08903
G1 F3243.2 X84.643 Y167.044 E1358.14349
G1 F2769.2 X84.399 Y167.458 E1358.20583
G1 F2608.7 X84.329 Y167.498 E1358.21693
G1 X84.228 Y167.475 E1358.23119
G1 F2823.5 X84.054 Y167.587 E1358.25752
G1 F2880 X83.792 Y168.001 E1358.31863
G1 F2834.6 X83.523 Y168.128 E1358.35632
G1 F2857.1 X83.23 Y168.569 E1358.42289
G1 F2880 X82.975 Y168.722 E1358.45998
G1 F2975.2 X82.851 Y168.967 E1358.49313
G1 F2891.6 X82.596 Y169.317 E1358.54693
G1 F2676.6 X82.563 Y169.773 E1358.60828
G1 F2513.1 X82.509 Y169.866 E1358.62365
G1 X82.412 Y169.899 E1358.6383
G1 F2691.6 X82.314 Y170.052 E1358.66255
G1 F2790.7 X82.278 Y170.659 E1358.74082
G1 F2576 X82.308 Y170.795 E1358.76024
G1 F2384.1 X82.439 Y171.013 E1358.79856
G1 F2981.4 X82.758 Y170.965 E1358.83742
G1 X82.462 Y171.094 E1358.87633
G1 F2300.3 X82.315 Y171.361 E1358.92392
G1 X82.299 Y171.464 E1358.9402
G1 F2453.2 X82.338 Y171.467 E1358.94593
G1 F2627.7 X82.41 Y171.662 E1358.97434
G1 F2779.9 X82.425 Y172.16 E1359.03872
G1 F2891.6 X82.612 Y172.475 E1359.08423
G1 F2903.2 X82.718 Y172.802 E1359.12676
G1 F2897.4 X82.894 Y172.942 E1359.15464
G1 F2857.1 X83.16 Y173.362 E1359.21714
G1 F2711.9 X83.322 Y173.434 E1359.24063
G1 F2544.2 X83.431 Y173.409 E1359.25642
G1 X83.513 Y173.457 E1359.26983
G1 F2618.2 X83.787 Y173.786 E1359.32857
G1 F2562.3 X83.953 Y173.84 E1359.35304
G1 F2436.5 X84.073 Y173.816 E1359.37109
G1 X84.182 Y173.881 E1359.3898
G1 F2491.3 X84.309 Y174.039 E1359.41902
G1 F2642.2 X84.446 Y174.122 E1359.4408
G1 F2686.6 X84.692 Y174.145 E1359.47384
G1 F2845.8 X85.164 Y174.415 E1359.54247
G1 F3221.5 X85.349 Y174.367 E1359.56378
G1 F3478.3 X85.461 Y174.236 E1359.58158
G1 F3364.5 X85.576 Y173.883 E1359.62122
G1 F3070.4 X85.5 Y173.56 E1359.66004
G1 F3000 X85.518 Y173.319 E1359.68898
G1 F3018.9 X85.586 Y173.17 E1359.70847
G1 F3287.7 X85.55 Y173.16 E1359.71255
G1 F3044.4 X85.468 Y172.877 E1359.74731
G1 F2647.1 X84.988 Y172.741 E1359.81501
G1 F2553.2 X84.603 Y172.438 E1359.88394
G1 F2604 X84.331 Y172.293 E1359.92646
G1 F2779.9 X84.02 Y171.86 E1359.99535
G1 F2807 X83.958 Y171.727 E1360.01413
G1 F2566.8 X83.579 Y171.232 E1360.10137
G1 F2360.7 X83.434 Y170.99 E1360.1443
G1 X83.138 Y170.842 E1360.19466
G1 X83.39 Y170.611 E1360.24667
G1 F2432.4 X83.414 Y170.294 E1360.29362
G1 F2535.2 X83.509 Y170.097 E1360.32461
G1 F2915 X83.798 Y169.721 E1360.38305
G1 F3272.7 X84.103 Y169.234 E1360.44612
G1 F3200 X84.156 Y169.08 E1360.4644
G1 F3243.2 X84.733 Y168.62 E1360.54613
G1 F3302.8 X84.848 Y168.489 E1360.56509
G1 F3478.3 X85.363 Y168.309 E1360.62143
G1 F3436.8 X85.449 Y168.226 E1360.63392
G1 F3221.5 X85.55 Y167.693 E1360.69441
G1 F2834.6 X85.501 Y167.506 E1360.71891
G1 F2566.8 X85.386 Y167.413 E1360.73961
G1 F2618.2 X85.409 Y167.103 E1360.78225
G1 F1500 E1354.28225
G0 F7200 X85.409 Y167.103 Z8
G0 X87.366 Y169.357
G1 F1500 E1360.78225
G1 F2880 X87.19 Y169.194 Z7.9 E1360.81467
G1 F2544.2 X87.019 Y169.155 E1360.83943
G1 F2330.1 X86.899 Y169.196 E1360.85898
G1 F2318.8 X86.739 Y169.189 E1360.88379
G1 X86.648 Y169.046 E1360.91005
G1 F2388.1 X86.473 Y168.945 E1360.94044
G1 F2376.2 X86.27 Y168.94 E1360.97114
G1 F2296.7 X86.182 Y168.984 E1360.98653
G1 X86.035 Y168.946 E1361.01027
G1 F2801.6 X85.981 Y169.048 E1361.02507
G1 F3600 X85.884 Y169.043 E1361.03476
G1 X85.596 Y169.229 E1361.06897
G1 X85.537 Y169.212 E1361.0751
G1 X85.413 Y169.056 E1361.09498
G1 F3412.3 X84.964 Y168.994 E1361.1427
G1 F3228.7 X84.549 Y169.31 E1361.20073
G1 F3200 X84.501 Y169.462 E1361.21862
G1 F3228.7 X84.145 Y169.944 E1361.28529
G1 F2845.8 X83.987 Y170.412 E1361.34763
G1 F2436.5 X83.944 Y170.697 E1361.39013
G1 F2457.3 X84.081 Y171.192 E1361.4652
G1 F2676.6 X84.383 Y171.434 E1361.51714
G1 F2785.3 X84.626 Y171.851 E1361.57939
G1 F2604 X84.779 Y171.924 E1361.60277
G1 F2465.8 X84.888 Y171.901 E1361.619
G1 X84.965 Y171.947 E1361.63207
G1 F2500 X85.1 Y172.145 E1361.6665
G1 F2594.6 X85.235 Y172.249 E1361.69009
G1 F2580.6 X85.411 Y172.279 E1361.71494
G1 F2571.4 X85.654 Y172.082 E1361.75864
G1 F2637.4 X85.753 Y172.141 E1361.77434
G1 X85.872 Y172.322 E1361.80384
G1 F2711.9 X86.333 Y172.41 E1361.86601
G1 F2748.1 X86.476 Y172.386 E1361.88496
G1 F2535.2 X86.626 Y172.272 E1361.91166
G1 F2380.2 X86.664 Y172.144 E1361.93181
G1 X86.737 Y172.097 E1361.94491
G1 F2416.1 X86.956 Y172.078 E1361.97759
G1 F2513.1 X87.099 Y172.014 E1361.99998
G1 F2576 X87.225 Y171.857 E1362.02806
G1 F2823.5 X87.71 Y171.564 E1362.10014
G1 F2727.3 X88.032 Y170.908 E1362.19639
G1 F2517.5 X88.008 Y170.385 E1362.2711
G1 F2950.8 X87.855 Y170.057 E1362.31515
G1 F2874.3 X87.696 Y169.847 E1362.34807
G1 F2500 X87.443 Y169.914 E1362.38568
G1 X87.307 Y169.892 E1362.40547
G1 X87.45 Y169.527 E1362.4618
G1 F2717 X87.366 Y169.357 E1362.48687
G1 F1500 E1355.98687
G0 F7200 X87.366 Y169.357 Z8
G0 X90.771 Y169.465
G1 F1500 E1362.48687
G1 F2517.5 X90.659 Y169.459 Z7.9 E1362.50831
G1 F2717 X90.514 Y169.558 E1362.53152
G1 F2857.1 X90.357 Y169.883 E1362.5769
G1 F2604 X90.324 Y170.12 E1362.60991
G1 F2521.9 X90.368 Y170.352 E1362.64354
G1 F3044.4 X90.585 Y170.477 E1362.67309
G1 F3600 X90.717 Y170.497 E1362.68641
G1 F3428.6 X90.975 Y170.362 E1362.71692
G1 F3076.9 X91.147 Y170.325 E1362.73746
G1 F2763.9 X91.386 Y169.87 E1362.80425
G1 F3044.4 X91.261 Y169.693 E1362.82982
G1 F3341.1 X91.124 Y169.601 E1362.84756
G1 F2880 X90.88 Y169.553 E1362.87858
G1 F2576 X90.771 Y169.465 E1362.89811
G0 F7200 X90.771 Y169.465 Z8
G0 X90.143 Y169.226
G1 F2717 X90.516 Y168.9 Z7.9 E1362.96493
G1 F2517.5 X90.818 Y168.904 E1363.00802
G1 F2938.8 X91.393 Y168.793 E1363.0796
G1 F3600 X91.564 Y168.823 E1363.09693
G1 X91.792 Y168.791 E1363.1199
G1 X92.022 Y168.83 E1363.14318
G1 X92.193 Y168.801 E1363.16048
G1 X92.307 Y168.834 E1363.17233
G1 X92.402 Y168.935 E1363.18616
G1 X92.433 Y169.037 E1363.1968
G1 F3512.2 X92.135 Y169.844 E1363.28478
G1 F2981.4 X91.906 Y170.018 E1363.31943
G1 F2758.6 X91.618 Y170.551 E1363.39832
G1 F2897.4 X91.478 Y170.691 E1363.42287
G1 F3214.3 X91.147 Y171.173 E1363.48821
G1 F3600 X90.122 Y172.202 E1363.63313
G1 X90.072 Y172.233 E1363.639
G1 X89.585 Y172.719 E1363.70765
G1 F3076.9 X89.161 Y173.047 E1363.77023
G1 F2920.9 X88.872 Y173.394 E1363.82577
G1 F3287.7 X88.461 Y173.781 E1363.88745
G1 F2801.6 X88.024 Y174.027 E1363.95175
G1 F2474.2 X87.797 Y174.24 E1363.99694
G1 F2517.5 X87.498 Y174.43 E1364.04749
G1 F2491.3 X87.344 Y174.474 E1364.07058
G1 F2956.9 X87.086 Y174.673 E1364.11016
G1 F3600 X86.634 Y174.86 E1364.15897
G1 X86.076 Y174.914 E1364.21491
G1 X85.792 Y174.98 E1364.244
G1 F3364.5 X85.231 Y174.869 E1364.30506
G1 F3000 X85.092 Y174.885 E1364.32181
G1 F2737.6 X84.552 Y174.679 E1364.39765
G1 F2686.6 X84.197 Y174.58 E1364.44692
G1 F2656.8 X83.738 Y174.328 E1364.51772
G1 F2637.4 X83.528 Y174.262 E1364.5477
G1 F2618.2 X83.171 Y173.939 E1364.61375
G1 F2711.9 X82.886 Y173.787 E1364.65654
G1 F2938.8 X82.315 Y173.078 E1364.76781
G1 F2993.8 X82.242 Y172.881 E1364.79302
G1 F2981.4 X82.007 Y172.397 E1364.85784
G1 F2956.9 X81.972 Y172.36 E1364.86403
G1 F2868.5 X81.807 Y171.428 E1364.98255
G1 F2517.5 X81.834 Y171.43 E1364.98642
G1 F2416.1 X81.782 Y170.891 E1365.06692
G1 F2608.7 X81.732 Y170.693 E1365.09504
G1 F2717 X81.768 Y170.551 E1365.11441
G1 F2818 X81.835 Y169.917 E1365.19568
G1 F2691.6 X82.016 Y169.542 E1365.25125
G1 F2676.6 X82.141 Y169.106 E1365.31212
G1 F2926.8 X82.305 Y168.903 E1365.34415
G1 F3006.3 X82.616 Y168.416 E1365.41319
G1 F2880 X82.851 Y168.198 E1365.45317
G1 F2857.1 X83.245 Y167.732 E1365.52989
G1 F2834.6 X83.42 Y167.61 E1365.55692
G1 F2880 X83.725 Y167.257 E1365.61511
G1 F2823.5 X84.04 Y167.003 E1365.66659
G1 F3025.2 X84.569 Y166.367 E1365.76482
G1 F3600 X84.899 Y166.021 E1365.81252
G1 X85.794 Y165.815 E1365.90416
G1 X85.916 Y165.85 E1365.91683
G1 X86.009 Y165.948 E1365.93031
G1 X86.043 Y166.062 E1365.94218
G1 X86.014 Y166.232 E1365.95939
G1 X86.046 Y166.461 E1365.98246
G1 F3333.3 X85.986 Y166.784 E1366.01786
G1 F3096.8 X86.01 Y166.863 E1366.02744
G1 F2868.5 X85.945 Y167.042 E1366.05128
G1 F2891.6 X86.014 Y167.663 E1366.1289
G1 F3050.8 X85.972 Y168.073 E1366.17743
G1 F3110.2 X86.031 Y168.153 E1366.18891
G1 F3436.8 X86.176 Y168.226 E1366.20588
G1 F2801.6 X86.199 Y168.345 E1366.22142
G1 F2376.2 X86.668 Y168.377 E1366.29248
G1 F2388.1 X87.091 Y168.621 E1366.36594
G1 F2530.8 X87.393 Y168.714 E1366.41079
G1 F2880 X87.743 Y169.058 E1366.472
G1 F2737.6 X87.988 Y169.38 E1366.52509
G1 F2891.6 X88.252 Y169.904 E1366.59797
G1 F3207.1 X88.328 Y170.115 E1366.62309
G1 F2671.6 X88.628 Y170.612 E1366.70115
G1 F2396 X88.634 Y170.957 E1366.75288
G1 F2416.1 X88.831 Y171.208 E1366.80032
G1 X88.769 Y171.244 E1366.81097
G1 X88.318 Y171.257 E1366.87805
G1 F2727.3 X88.066 Y171.858 E1366.96389
G1 F2823.5 X87.413 Y172.488 E1367.07932
G1 F2474.2 X87.016 Y172.671 E1367.14279
G1 F2535.2 X86.724 Y172.869 E1367.19278
G1 F2903.2 X86.185 Y172.981 E1367.26089
G1 F3348.8 X86.055 Y173.106 E1367.28024
G1 F3600 X86.028 Y173.205 E1367.29047
G1 F3287.7 X85.99 Y173.208 E1367.29464
G1 F3090.1 X86.014 Y173.766 E1367.35956
G1 F3364.5 X86.176 Y173.882 E1367.38084
G1 F3600 X86.48 Y173.837 E1367.4115
G1 X86.568 Y173.881 E1367.42132
G1 F3272.7 X86.772 Y173.878 E1367.44371
G1 F3000 X86.902 Y173.743 E1367.46615
G1 X87.026 Y173.742 E1367.481
G1 F2706.8 X87.284 Y173.884 E1367.52008
G1 F2513.1 X87.454 Y173.796 E1367.54744
G1 F2474.2 X87.543 Y173.697 E1367.56677
G1 F2392 X87.569 Y173.372 E1367.61573
G1 X87.658 Y173.362 E1367.62918
G1 X87.961 Y173.534 E1367.6815
G1 F2589.9 X88.08 Y173.548 E1367.69812
G1 F3000 X88.507 Y173.164 E1367.76688
G1 F2975.2 X88.63 Y172.875 E1367.8048
G1 F2727.3 X88.78 Y172.661 E1367.83922
G1 F2706.8 X88.891 Y172.579 E1367.85754
G1 F3103.4 X88.925 Y172.126 E1367.91012
G1 F3600 X89.004 Y171.981 E1367.92659
G1 X89.121 Y171.937 E1367.93906
G1 X89.202 Y171.806 E1367.95443
G1 X89.207 Y171.654 E1367.96961
G1 X89.277 Y171.535 E1367.98338
G1 X89.254 Y171.444 E1367.99275
G1 X89.344 Y171.416 E1368.00215
G1 X89.446 Y171.237 E1368.02271
G1 X89.515 Y171.19 E1368.03104
G1 X89.572 Y171.057 E1368.04548
G1 X89.567 Y170.901 E1368.06105
G1 F3044.4 X89.838 Y170.473 E1368.12082
G1 F2521.9 X89.797 Y170.322 E1368.14311
G1 F2416.1 X89.688 Y170.21 E1368.16635
G1 X89.685 Y170.14 E1368.17676
G1 F2627.7 X89.965 Y169.705 E1368.24748
G1 F2926.8 X90.025 Y169.431 E1368.28191
G1 F2932.8 X90.143 Y169.226 E1368.31088
G1 F1500 E1361.81088
G0 F7200 X90.143 Y169.226 Z8
G0 X213.561 Y169.209
G1 F1500 E1368.31088
G1 F3164.8 X213.658 Y169.504 Z7.9 E1368.34791
G1 F3600 X213.791 Y169.601 E1368.36433
G1 X213.881 Y169.614 E1368.3734
G1 X214.04 Y169.548 E1368.39058
G1 F3012.6 X214.191 Y169.219 E1368.43375
G1 F2544.2 X214.091 Y169.081 E1368.45781
G1 F2956.9 X213.865 Y169.085 E1368.48527
G1 F3185.8 X213.588 Y169.163 E1368.51771
G1 F2840.2 X213.561 Y169.209 E1368.52446
G1 F1500 E1362.02446
G0 F7200 X213.561 Y169.209 Z8
G0 X213.583 Y171.801
G1 F1500 E1368.52446
G1 F2706.8 X213.632 Y172.077 Z7.9 E1368.56396
G1 F2915 X213.996 Y172.077 E1368.60881
G1 F3600 X214.228 Y171.886 E1368.6388
G1 F2963 X214.527 Y171.802 E1368.67645
G1 F2436.5 X214.579 Y171.544 E1368.71525
G1 F2239.5 X214.551 Y171.412 E1368.73689
G1 F2127 X214.424 Y171.275 E1368.76844
G1 F2120.8 X214.496 Y171.067 E1368.80572
G1 F2117.6 X214.45 Y170.873 E1368.83954
G1 F2120.8 X214.605 Y170.738 E1368.87436
G1 F2271.3 X214.656 Y170.587 E1368.89956
G1 F2517.5 X214.634 Y170.352 E1368.93324
G1 F2796.1 X214.558 Y170.284 E1368.94634
G1 F3295.2 X214.198 Y170.135 E1368.98881
G1 F3600 X214.177 Y170.066 E1368.99601
G1 X214.222 Y169.894 E1369.01375
G1 X214.044 Y169.672 E1369.04214
G1 X213.881 Y169.614 E1369.05941
G1 X213.669 Y169.748 E1369.08443
G1 X213.614 Y170.161 E1369.126
G1 X213.643 Y170.269 E1369.13716
G1 X213.613 Y170.436 E1369.15409
G1 X213.646 Y170.669 E1369.17757
G1 X213.615 Y170.969 E1369.20767
G1 X213.643 Y171.069 E1369.21803
G1 X213.612 Y171.225 E1369.2339
G1 X213.646 Y171.469 E1369.25848
G1 F3287.7 X213.583 Y171.801 E1369.2954
G1 F1500 E1362.7954
G0 F7200 X213.583 Y171.801 Z8
G0 X209.369 Y173.033
G1 F1500 E1369.2954
G1 F2753.3 X209.378 Y173.132 Z7.9 E1369.3138
G1 F3116.9 X209.713 Y173.5 E1369.37115
G1 F3420.4 X209.845 Y173.547 E1369.38586
G1 X209.916 Y173.678 E1369.40151
G1 F2845.8 X209.912 Y173.986 E1369.44039
G1 F2474.2 X210.144 Y174.086 E1369.47707
G1 F2963 X210.517 Y173.822 E1369.53247
G1 F3600 X210.585 Y173.84 E1369.53949
G1 X210.678 Y173.947 E1369.55363
G1 X210.787 Y173.974 E1369.56484
G1 X210.956 Y173.926 E1369.58237
G1 X211.085 Y174.004 E1369.59741
G1 X211.279 Y174.244 E1369.6282
G1 X211.404 Y174.256 E1369.64073
G1 X211.527 Y174.173 E1369.65554
G1 X211.674 Y173.901 E1369.68639
G1 X211.75 Y173.878 E1369.69431
G1 X211.929 Y173.969 E1369.71435
G1 X212.063 Y173.949 E1369.72787
G1 X212.168 Y173.85 E1369.74227
G1 X212.309 Y173.846 E1369.75634
G1 X212.536 Y173.966 E1369.78196
G1 F3512.2 X212.718 Y174.124 E1369.80661
G1 F3341.1 X212.813 Y174.137 E1369.81692
G1 F3257.9 X213.045 Y174.027 E1369.84523
G1 F3396.2 X213.092 Y173.905 E1369.85906
G1 F3564.4 X213.063 Y173.735 E1369.87644
G1 F3600 X213.12 Y173.342 E1369.91606
G1 X213.059 Y173.101 E1369.94087
G1 X213.08 Y172.843 E1369.9667
G1 F3257.9 X213.165 Y172.588 E1369.99633
G1 F2696.6 X213.099 Y172.317 E1370.03349
G1 F2717 X212.98 Y172.277 E1370.05008
G1 F3287.7 X212.722 Y172.29 E1370.07831
G1 F3600 X212.493 Y172.526 E1370.11112
G1 X212.345 Y172.577 E1370.12674
G1 X211.801 Y172.913 E1370.19054
G1 X210.921 Y173.062 E1370.2796
G1 X210.202 Y172.863 E1370.35404
G1 X209.99 Y172.819 E1370.37564
G1 X209.815 Y172.689 E1370.39739
G1 X209.643 Y172.727 E1370.41497
G1 F3050.8 X209.369 Y173.033 E1370.46333
G1 F1500 E1363.96333
G0 F7200 X209.369 Y173.033 Z8
G0 X205.514 Y169.913
G1 F1500 E1370.46333
G1 F2627.7 X205.669 Y170.347 Z7.9 E1370.52779
G1 F2938.8 X205.723 Y170.324 E1370.53497
G1 F3318 X206.011 Y170.638 E1370.5811
G1 F3333.3 X206.135 Y170.84 E1370.60664
G1 F3348.8 X206.677 Y171.389 E1370.68939
G1 F3302.8 X206.737 Y171.432 E1370.69742
G1 F3310.3 X207.497 Y172.191 E1370.81397
G1 F3341.1 X207.514 Y172.199 E1370.81599
G1 F3333.3 X208.392 Y173.081 E1370.9501
G1 F3396.2 X208.486 Y173.109 E1370.96047
G1 F3144.1 X208.791 Y172.999 E1370.99752
G1 F2753.3 X208.841 Y172.914 E1371.01038
G1 F2880 X208.787 Y172.77 E1371.02956
G1 F3364.5 X208.756 Y172.308 E1371.079
G1 F3600 X208.788 Y172.169 E1371.09323
G1 X208.751 Y171.911 E1371.11924
G1 X208.787 Y171.678 E1371.14276
G1 X208.754 Y171.506 E1371.16024
G1 X208.787 Y171.395 E1371.17179
G1 X208.879 Y171.298 E1371.18513
G1 X208.999 Y171.265 E1371.19755
G1 X209.475 Y171.403 E1371.247
G1 X209.703 Y171.564 E1371.27485
G1 X209.873 Y171.781 E1371.30236
G1 X210.372 Y171.848 E1371.3526
G1 X210.455 Y171.983 E1371.36841
G1 X210.609 Y172.04 E1371.38479
G1 X210.72 Y172.013 E1371.39619
G1 X210.958 Y172.145 E1371.42335
G1 X211.086 Y172.139 E1371.43613
G1 X211.149 Y172.094 E1371.44386
G1 X211.486 Y172.123 E1371.47761
G1 X211.739 Y171.97 E1371.50711
G1 X211.989 Y171.948 E1371.53215
G1 X212.082 Y171.878 E1371.54377
G1 X212.155 Y171.624 E1371.57014
G1 X212.382 Y171.472 E1371.5974
G1 X212.423 Y171.378 E1371.60763
G1 X212.366 Y171.123 E1371.6337
G1 X212.534 Y170.922 E1371.65984
G1 X212.569 Y170.767 E1371.67569
G1 X212.526 Y170.538 E1371.69894
G1 X212.672 Y170.227 E1371.73323
G1 X212.63 Y170.084 E1371.7481
G1 X212.526 Y170.015 E1371.76055
G1 X212.286 Y170.004 E1371.78452
G1 X212.219 Y169.94 E1371.79377
G1 X212.214 Y169.783 E1371.80944
G1 F3445 X212.133 Y169.631 E1371.8274
G1 F3302.8 X212.019 Y169.591 E1371.84054
G1 X211.943 Y169.462 E1371.85682
G1 F2801.6 X211.949 Y169.158 E1371.89581
G1 F2491.3 X211.811 Y169.073 E1371.91918
G1 F2396 X211.578 Y169.012 E1371.95529
G1 F2257.1 X211.354 Y169.136 E1371.99603
G1 F2253.5 X211.217 Y168.911 E1372.03802
G1 F2416.1 X211.048 Y168.846 E1372.06494
G1 F2566.8 X210.816 Y168.871 E1372.0976
G1 F2812.5 X210.68 Y169.131 E1372.13507
G1 F3164.8 X210.481 Y169.209 E1372.15933
G1 F3364.5 X210.303 Y169.412 E1372.18816
G1 F3600 X210.219 Y169.43 E1372.19673
G1 X209.987 Y169.289 E1372.22382
G1 F3445 X209.857 Y169.258 E1372.23776
G1 F3076.9 X209.745 Y169.28 E1372.25108
G1 F2785.3 X209.665 Y169.35 E1372.26479
G1 F2686.6 X209.613 Y169.786 E1372.3235
G1 X209.554 Y169.885 E1372.33891
G1 X209.45 Y169.845 E1372.35381
G1 X209.303 Y169.623 E1372.38941
G1 X209.217 Y169.396 E1372.42186
G1 F2897.4 X208.652 Y169.276 E1372.49347
G1 F2722.1 X208.157 Y169.525 E1372.56659
G1 F2400 X208.07 Y169.523 E1372.57962
G1 X207.982 Y169.446 E1372.59712
G1 F2416.1 X207.653 Y169.449 E1372.64603
G1 F2384.1 X207.408 Y169.594 E1372.68893
G1 F2330.1 X207.277 Y169.493 E1372.71443
G1 F2392 X207.063 Y169.483 E1372.7466
G1 F2834.6 X206.906 Y169.724 E1372.78305
G1 F3348.8 X206.775 Y169.804 E1372.79951
G1 X206.592 Y169.758 E1372.81975
G1 F3469.9 X206.335 Y169.831 E1372.84741
G1 F3600 X206.21 Y169.758 E1372.86185
G1 F3272.7 X206.024 Y169.461 E1372.90032
G1 F2840.2 X205.906 Y169.409 E1372.91662
G1 F2647.1 X205.546 Y169.768 E1372.98562
G1 F2613.4 X205.514 Y169.913 E1373.00603
G0 F7200 X205.514 Y169.913 Z8
G0 X204.955 Y169.813
G1 F2613.4 X205.041 Y169.549 Z7.9 E1373.04659
G1 F3018.9 X205.157 Y168.925 E1373.12211
G1 F3600 X205.252 Y168.826 E1373.1358
G1 X205.368 Y168.793 E1373.14783
G1 F3090.1 X206.025 Y168.889 E1373.22502
G1 F2845.8 X206.169 Y168.835 E1373.24443
G1 F3000 X206.249 Y168.857 E1373.25436
G1 F3272.7 X206.569 Y168.791 E1373.29023
G1 F2932.8 X206.9 Y168.908 E1373.33322
G1 F2400 X207.459 Y168.913 E1373.41689
G1 F2474.2 X207.77 Y168.869 E1373.46249
G1 F2696.6 X208.396 Y168.883 E1373.5459
G1 F2823.5 X208.604 Y168.811 E1373.57391
G1 F2790.7 X209.337 Y168.977 E1373.67064
G1 F3076.9 X209.868 Y168.465 E1373.75676
G1 F3600 X210.184 Y168.374 E1373.78957
G1 F2975.2 X210.584 Y168.351 E1373.83794
G1 F2539.7 X210.751 Y168.295 E1373.86286
G1 F2571.4 X211.133 Y168.301 E1373.91622
G1 F2416.1 X211.453 Y168.391 E1373.96565
G1 F2257.1 X211.552 Y168.372 E1373.98169
G1 F2392 X212.022 Y168.544 E1374.05685
G1 F2975.2 X212.82 Y169.05 E1374.17093
G1 F3325.6 X213.043 Y169.032 E1374.19509
G1 F2950.8 X213.104 Y168.99 E1374.20411
G1 F3164.8 X213.224 Y168.478 E1374.2638
G1 F3600 X213.451 Y167.797 E1374.33542
G1 X213.546 Y167.703 E1374.34876
G1 X213.664 Y167.668 E1374.36104
G1 X213.778 Y167.701 E1374.37288
G1 X214.236 Y168.203 E1374.44069
G1 F3280.2 X214.647 Y168.93 E1374.53214
G1 F3025.2 X214.864 Y169.09 E1374.56415
G1 F3295.2 X215.012 Y169.381 E1374.59974
G1 F3512.2 X215.198 Y169.904 E1374.65651
G1 F3228.7 X215.17 Y170.013 E1374.66903
G1 F2711.9 X215.237 Y170.689 E1374.75901
G1 F2322.6 X215.173 Y170.892 E1374.79193
G1 F2168.7 X215.152 Y171.259 E1374.85282
G1 F2239.5 X215.19 Y171.48 E1374.88879
G1 F2436.5 X215.066 Y171.991 E1374.96631
G1 F2963 X214.999 Y172.466 E1375.02447
G1 F3600 X214.775 Y172.938 E1375.0766
G1 X214.723 Y173.112 E1375.09472
G1 X214.269 Y173.66 E1375.16572
G1 X214.242 Y173.721 E1375.17238
G1 F3564.4 X213.64 Y174.192 E1375.24941
G1 F3495.1 X213.515 Y174.31 E1375.26708
G1 F3364.5 X213.325 Y174.364 E1375.28817
G1 F3280.2 X212.904 Y174.577 E1375.33983
G1 F3364.5 X212.799 Y174.668 E1375.35467
G1 F3512.2 X211.918 Y174.915 E1375.44825
G1 F3600 X211.843 Y174.894 E1375.45602
G1 X211.489 Y174.946 E1375.49172
G1 X211.307 Y174.925 E1375.51
G1 X211.114 Y174.963 E1375.52963
G1 F3396.2 X210.33 Y174.825 E1375.61382
G1 F2823.5 X209.993 Y174.634 E1375.6631
G1 F2474.2 X209.553 Y174.461 E1375.73174
G1 F2491.3 X209.438 Y174.365 E1375.75334
G1 F2915 X209.241 Y174.334 E1375.77792
G1 F3512.2 X208.884 Y174.115 E1375.82075
G1 X208.248 Y173.538 E1375.90858
G1 F3420.4 X208.227 Y173.529 E1375.91098
G1 F3388.2 X206.612 Y171.908 E1376.15357
G1 F3325.6 X206.435 Y171.757 E1376.1787
G1 F3302.8 X205.965 Y171.288 E1376.25091
G1 F3310.3 X205.312 Y170.513 E1376.36088
G1 F2932.8 X205.387 Y170.475 E1376.37118
G1 F2627.7 X204.955 Y169.813 E1376.47924
G1 F1500 E1369.97924
G0 F7200 X204.955 Y169.813 Z8
G0 X205.68 Y165.072
G1 F1500 E1376.47924
G1 F3348.8 X205.787 Y165.103 Z7.9 E1376.49529
G1 X205.877 Y165.198 E1376.50933
G1 X205.908 Y165.308 E1376.52159
G1 X205.878 Y165.416 E1376.53361
G1 X205.792 Y165.503 E1376.54673
G1 X205.687 Y165.532 E1376.55842
G1 X205.578 Y165.5 E1376.5706
G1 X205.483 Y165.406 E1376.58494
G1 X205.453 Y165.304 E1376.59634
G1 X205.484 Y165.198 E1376.60819
G1 X205.573 Y165.103 E1376.62215
G1 X205.68 Y165.072 E1376.6341
G1 F1500 E1370.1341
G0 F7200 X205.68 Y165.072 Z8
G0 X213.603 Y117.04
G1 F1500 E1376.6341
G1 F2508.7 X214.167 Y117.074 Z7.9 E1376.71626
G1 F2580.6 X214.213 Y117.005 E1376.7278
G1 F2823.5 X214.211 Y116.904 E1376.74066
G1 F3302.8 X214.058 Y116.594 E1376.77826
G1 F3600 X213.956 Y116.556 E1376.78912
G1 X214.058 Y116.518 E1376.79998
G1 X214.248 Y116.294 E1376.82929
G1 X214.256 Y116.181 E1376.84059
G1 X214.209 Y116.085 E1376.85125
G1 F3348.8 X214.382 Y115.818 E1376.88538
G1 F3130.4 X214.342 Y115.661 E1376.90397
G1 X214.408 Y115.553 E1376.91849
G1 F2763.9 X214.671 Y115.4 E1376.95804
G1 F2508.7 X214.681 Y115.199 E1376.98685
G1 F2356.8 X214.598 Y114.955 E1377.02614
G1 F2191.8 X214.413 Y114.849 E1377.06108
G1 X214.48 Y114.675 E1377.09164
G1 F2215.4 X214.432 Y114.487 E1377.1231
G1 F2236 X214.347 Y114.387 E1377.14418
G1 X214.424 Y114.182 E1377.17936
G1 F2416.1 X214.388 Y113.931 E1377.21706
G1 F2880 X214.287 Y113.866 E1377.23204
G1 F3372.4 X213.776 Y113.829 E1377.28661
G1 F3318 X213.65 Y113.868 E1377.30089
G1 F2926.8 X213.573 Y113.96 E1377.31562
G1 F3137.3 X213.647 Y114.326 E1377.35837
G1 F3600 X213.615 Y114.638 E1377.38966
G1 X213.643 Y114.735 E1377.39974
G1 X213.615 Y114.838 E1377.41039
G1 X213.645 Y115.133 E1377.43998
G1 X213.613 Y115.373 E1377.46414
G1 X213.643 Y115.535 E1377.48057
G1 X213.612 Y115.677 E1377.49508
G1 X213.646 Y115.933 E1377.52085
G1 X213.612 Y116.205 E1377.5482
G1 X213.685 Y116.466 E1377.57524
G1 X213.798 Y116.553 E1377.58947
G1 X213.678 Y116.631 E1377.60375
G1 F2932.8 X213.576 Y116.999 E1377.65052
G1 F2474.2 X213.603 Y117.04 E1377.65765
G1 F1500 E1371.15765
G0 F7200 X213.603 Y117.04 Z8
G0 X210.786 Y117.619
G1 F1500 E1377.65765
G1 F2696.6 X211.02 Y117.591 Z7.9 E1377.69175
G1 F2880 X211.246 Y117.507 E1377.72182
G1 F2666.7 X211.484 Y117.291 E1377.76512
G1 F2474.2 X211.643 Y117.203 E1377.7915
G1 F2457.3 X211.835 Y117.162 E1377.8202
G1 F2449 X211.904 Y117.099 E1377.8339
G1 F2909.1 X212.041 Y116.537 E1377.90533
G1 F3600 X212.107 Y116.474 E1377.91443
G1 X212.262 Y116.453 E1377.93004
G1 X212.556 Y116.216 E1377.96772
G1 X212.578 Y115.926 E1377.99674
G1 X212.734 Y115.606 E1378.03226
G1 X212.661 Y115.389 E1378.05511
G1 X212.619 Y114.998 E1378.09435
G1 X212.519 Y114.91 E1378.10764
G1 X212.311 Y114.852 E1378.12918
G1 X212.229 Y114.715 E1378.14512
G1 F2915 X212.212 Y114.409 E1378.18288
G1 F2432.4 X212.029 Y114.289 E1378.2152
G1 F2557.7 X211.751 Y113.975 E1378.2741
G1 F2566.8 X211.487 Y113.937 E1378.31142
G1 F2432.4 X211.317 Y114.131 E1378.34951
G1 X211.259 Y114.095 E1378.3596
G1 X211.101 Y113.817 E1378.40682
G1 F2618.2 X210.975 Y113.717 E1378.42889
G1 F3038 X210.454 Y113.729 E1378.49051
G1 F3096.8 X210.167 Y113.962 E1378.53339
G1 F3038 X209.81 Y114.119 E1378.5795
G1 F3356.6 X209.532 Y114.53 E1378.6326
G1 F3573.2 X209.336 Y114.646 E1378.65549
G1 F3412.3 X209.253 Y114.743 E1378.66893
G1 F3295.2 X209.188 Y114.974 E1378.69509
G1 F3310.3 X209.042 Y115.19 E1378.72338
G1 X208.909 Y115.269 E1378.74017
G1 X208.854 Y115.254 E1378.74635
G1 X208.774 Y115.121 E1378.7632
G1 X208.76 Y114.886 E1378.78874
G1 F3295.2 X208.823 Y114.665 E1378.81379
G1 F3428.6 X208.653 Y114.335 E1378.85268
G1 F3600 X208.638 Y114.092 E1378.87698
G1 F3364.5 X208.766 Y113.699 E1378.92111
G1 F3287.7 X208.655 Y113.51 E1378.94505
G1 F3050.8 X208.424 Y113.363 E1378.97729
G1 F2779.9 X208.295 Y113.439 E1378.99664
G1 F2753.3 X208.11 Y113.686 E1379.0369
G1 F2701.7 X207.97 Y113.799 E1379.06082
G1 F3090.1 X207.964 Y114.235 E1379.11151
G1 F3600 X207.886 Y114.371 E1379.12715
G1 X207.73 Y114.442 E1379.14425
G1 X207.684 Y114.513 E1379.15269
G1 X207.672 Y114.715 E1379.17289
G1 X207.617 Y114.773 E1379.18086
G1 X207.409 Y114.788 E1379.20167
G1 X207.284 Y114.927 E1379.22032
G1 X207.137 Y115.013 E1379.23732
G1 F3096.8 X206.728 Y115.048 E1379.28493
G1 F2676.6 X206.618 Y115.202 E1379.31033
G1 F2753.3 X206.188 Y115.505 E1379.37896
G1 F2706.8 X206.13 Y115.631 E1379.39736
G1 F2553.2 X206.153 Y115.734 E1379.41221
G1 X206.106 Y115.815 E1379.42539
G1 F2737.6 X205.687 Y116.094 E1379.49144
G1 F2885.8 X205.552 Y116.359 E1379.52846
G1 F2637.4 X205.523 Y116.51 E1379.5494
G1 F2449 X205.749 Y116.749 E1379.59765
G1 F2408 X206.099 Y116.729 E1379.64994
G1 F2392 X206.156 Y116.767 E1379.66023
G1 F2368.4 X206.443 Y116.752 E1379.70382
G1 F2345.3 X206.658 Y116.586 E1379.74542
G1 X206.79 Y116.766 E1379.77961
G1 X206.871 Y116.809 E1379.79365
G1 F2517.5 X206.973 Y116.785 E1379.80861
G1 F3090.1 X207.227 Y116.505 E1379.85255
G1 F3600 X207.366 Y116.421 E1379.86876
G1 X207.608 Y116.471 E1379.89341
G1 X207.813 Y116.411 E1379.91473
G1 X207.944 Y116.491 E1379.93004
G1 F3348.8 X208.132 Y116.781 E1379.96711
G1 F2926.8 X208.214 Y116.838 E1379.97937
G1 F2513.1 X208.415 Y116.83 E1380.00812
G1 F2282.1 X208.482 Y116.783 E1380.021
G1 F2243 X208.618 Y116.543 E1380.06518
G1 X208.82 Y116.543 E1380.09753
G1 X208.879 Y116.578 E1380.10852
G1 X209.036 Y116.904 E1380.16647
G1 F2360.7 X209.278 Y117.134 E1380.21727
G1 F2257.1 X209.589 Y117.285 E1380.27229
G1 F2060.1 X209.899 Y117.261 E1380.3265
G1 X209.976 Y117.398 E1380.35391
G1 X210.148 Y117.506 E1380.38932
G1 F2271.3 X210.786 Y117.619 E1380.49179
G1 F1500 E1373.99179
G0 F7200 X210.786 Y117.619 Z8
G0 X210.312 Y120.955
G1 F1500 E1380.49179
G1 F2737.6 X210.682 Y120.799 Z7.9 E1380.54609
G1 F2758.6 X210.966 Y120.407 E1380.60912
G1 F2623 X211.06 Y120.351 E1380.6241
G1 X211.146 Y120.362 E1380.63598
G1 F2796.1 X211.279 Y120.286 E1380.65566
G1 F2845.8 X211.566 Y119.876 E1380.71883
G1 F2840.2 X211.846 Y119.719 E1380.75943
G1 F2790.7 X212.098 Y119.311 E1380.82115
G1 F2637.4 X212.269 Y119.177 E1380.85074
G1 F3057.3 X212.268 Y118.783 E1380.89703
G1 F3600 X212.35 Y118.634 E1380.914
G1 F3412.3 X212.545 Y118.526 E1380.93747
G1 F3250.6 X212.574 Y118.319 E1380.96057
G1 X212.614 Y118.276 E1380.96706
G1 F2915 X212.984 Y118.319 E1381.01296
G1 F2535.2 X213.078 Y118.28 E1381.02738
G1 F2903.2 X213.122 Y117.881 E1381.07704
G1 F3228.7 X213.12 Y117.32 E1381.13946
G1 X212.745 Y117.277 E1381.18145
G1 F2909.1 X212.322 Y117.506 E1381.24085
G1 F2449 X212.136 Y117.674 E1381.27761
G1 F2457.3 X211.804 Y117.776 E1381.32838
G1 F2748.1 X211.257 Y118.007 E1381.40599
G1 F2790.7 X211.045 Y118.072 E1381.43454
G1 F2530.8 X210.975 Y118.294 E1381.46757
G1 X210.894 Y118.297 E1381.47908
G1 F2566.8 X210.312 Y117.92 E1381.57612
G1 F2300.3 X210.076 Y117.846 E1381.61474
G1 F2060.1 X209.86 Y117.921 E1381.65461
G1 F2341.5 X209.794 Y118.305 E1381.71439
G1 F3090.1 X210.12 Y118.549 E1381.76172
G1 F3600 X210.2 Y118.678 E1381.77687
G1 X210.179 Y118.761 E1381.78541
G1 X210.071 Y118.87 E1381.80072
G1 X210.061 Y118.997 E1381.81343
G1 X210.207 Y119.211 E1381.83928
G1 X210.149 Y119.318 E1381.85142
G1 X209.971 Y119.437 E1381.87279
G1 X209.921 Y119.547 E1381.88484
G1 X209.964 Y119.698 E1381.90051
G1 X210.181 Y119.846 E1381.92672
G1 X210.203 Y119.921 E1381.93452
G1 X210.053 Y120.104 E1381.95813
G1 X209.992 Y120.262 E1381.97503
G1 X210.034 Y120.368 E1381.9864
G1 X210.016 Y120.716 E1382.02117
G1 F3412.3 X210.196 Y120.9 E1382.04827
G1 F2880 X210.312 Y120.955 E1382.06428
G1 F1500 E1375.56428
G0 F7200 X210.312 Y120.955 Z8
G0 X209.41 Y121.931
G1 F1500 E1382.06428
G1 F3600 X209.308 Y121.904 Z7.9 E1382.07879
G1 X209.201 Y121.798 E1382.09382
G1 X209.169 Y121.691 E1382.10496
G1 X209.205 Y121.554 E1382.11909
G1 X209.167 Y121.286 E1382.1461
G1 X209.199 Y121.056 E1382.16927
G1 X209.168 Y120.888 E1382.18632
G1 X209.2 Y120.746 E1382.20084
G1 X209.166 Y120.493 E1382.22632
G1 X209.204 Y120.249 E1382.25096
G1 X209.17 Y120.088 E1382.26737
G1 X209.2 Y119.994 E1382.27722
G1 X209.166 Y119.697 E1382.30705
G1 X209.199 Y119.455 E1382.33142
G1 X209.168 Y119.288 E1382.34837
G1 X209.2 Y119.133 E1382.36416
G1 X209.166 Y118.891 E1382.38854
G1 F3265.3 X209.234 Y118.571 E1382.42453
G1 F2987.6 X209.211 Y118.492 E1382.43442
G1 F2845.8 X209.269 Y118.349 E1382.4539
G1 F2647.1 X209.246 Y118.09 E1382.48919
G1 F2293 X209.318 Y117.773 E1382.54011
G1 F2060.1 X209.284 Y117.706 E1382.55321
G1 F2345.3 X208.945 Y117.528 E1382.61186
G1 F2461.5 X208.684 Y117.306 E1382.66186
G1 F2388.1 X208.412 Y117.369 E1382.70386
G1 F2642.2 X208.157 Y117.36 E1382.73854
G1 F2926.8 X207.981 Y117.421 E1382.76141
G1 F3137.3 X207.901 Y117.397 E1382.77097
G1 F3348.8 X207.577 Y117.454 E1382.80626
G1 F3600 X207.348 Y117.421 E1382.82934
G1 X207.181 Y117.451 E1382.84627
G1 F3090.1 X207.008 Y117.357 E1382.86916
G1 F2517.5 X206.563 Y117.316 E1382.93292
G1 F2416.1 X206.382 Y117.36 E1382.96062
G1 F2474.2 X205.506 Y117.315 E1383.08796
G1 F2465.8 X204.925 Y116.675 E1383.21389
G1 F2478.5 X204.903 Y116.598 E1383.22549
G1 X205.002 Y116.444 E1383.25202
G1 F2637.4 X205.083 Y116.172 E1383.29068
G1 F2885.8 X205.278 Y115.816 E1383.3412
G1 F2737.6 X205.629 Y115.471 E1383.40578
G1 F2706.8 X205.765 Y115.241 E1383.44124
G1 F2753.3 X206.224 Y114.815 E1383.52294
G1 F3031.6 X206.578 Y114.361 E1383.59116
G1 F3582.1 X207.219 Y113.718 E1383.6822
G1 F3090.1 X207.567 Y113.46 E1383.73256
G1 F2711.9 X208.124 Y112.891 E1383.83803
G1 F3025.2 X208.628 Y112.734 E1383.90071
G1 F3503.6 X209 Y112.668 E1383.93944
G1 F3600 X209.116 Y112.699 E1383.95143
G1 X209.209 Y112.798 E1383.96498
G1 X209.243 Y112.912 E1383.97685
G1 X209.212 Y113.032 E1383.98922
G1 F3529.4 X209.239 Y113.312 E1384.01784
G1 F3318 X209.196 Y113.552 E1384.04424
G1 F3272.7 X209.264 Y113.666 E1384.05881
G1 F3388.2 X209.452 Y113.73 E1384.07987
G1 F3265.3 X209.641 Y113.697 E1384.10097
G1 F3178.8 X210.123 Y113.432 E1384.16313
G1 F3243.2 X210.238 Y113.336 E1384.17972
G1 F3265.3 X210.791 Y113.251 E1384.24127
G1 F3031.6 X211.136 Y113.251 E1384.28215
G1 F2618.2 X211.433 Y113.385 E1384.32685
G1 F2566.8 X212.02 Y113.508 E1384.41078
G1 F2571.4 X212.545 Y113.928 E1384.5047
G1 F2666.7 X212.708 Y113.94 E1384.52671
G1 F3018.9 X213.018 Y113.842 E1384.5654
G1 F2926.8 X213.099 Y113.748 E1384.58063
G1 F3012.6 X213.057 Y113.514 E1384.60898
G1 F3436.8 X213.185 Y113.025 E1384.66181
G1 F3600 X213.714 Y112.526 E1384.73437
G1 X213.862 Y112.369 E1384.7559
G1 X213.976 Y112.334 E1384.7678
G1 X214.084 Y112.367 E1384.77907
G1 X214.683 Y113.084 E1384.87229
G1 F2975.2 X214.962 Y113.84 E1384.96958
G1 F2376.2 X215.021 Y114.24 E1385.0307
G1 F2384.1 X215.239 Y115.117 E1385.16686
G1 F2513.1 X215.249 Y115.49 E1385.22019
G1 F2474.2 X215.213 Y115.608 E1385.23811
G1 F2753.3 X215.264 Y115.758 E1385.25878
G1 F3333.3 X215.234 Y116.277 E1385.3148
G1 F3512.2 X214.936 Y117.08 E1385.4024
G1 F2975.2 X214.697 Y117.26 E1385.43852
G1 F2807 X214.475 Y117.657 E1385.49673
G1 F3272.7 X214.453 Y117.794 E1385.51196
G1 F3582.1 X214.319 Y117.921 E1385.53047
G1 F3600 X213.948 Y118.362 E1385.58797
G1 F2897.4 X213.388 Y118.794 E1385.67566
G1 X213.209 Y119.098 E1385.7194
G1 F3600 X213.02 Y119.286 E1385.746
G1 F3057.3 X212.68 Y119.525 E1385.79483
G1 F2812.5 X212.185 Y120.06 E1385.88792
G1 F2840.2 X211.945 Y120.262 E1385.92759
G1 F2845.8 X211.586 Y120.655 E1385.99478
G1 F2796.1 X211.329 Y120.844 E1386.03576
G1 F2758.6 X210.95 Y121.225 E1386.10574
G1 F2812.5 X210.428 Y121.521 E1386.18238
G1 F2963 X210.312 Y121.671 E1386.20537
G1 F3412.3 X209.41 Y121.931 E1386.30418
G1 F1500 E1379.80418
G0 F7200 X209.41 Y121.931 Z8
G0 X205.439 Y120.938
G1 F1500 E1386.30418
G1 F3356.6 X205.411 Y120.836 Z7.9 E1386.31976
G1 X205.441 Y120.729 E1386.33165
G1 X205.527 Y120.639 E1386.34497
G1 X205.638 Y120.607 E1386.35734
G1 X205.749 Y120.639 E1386.3697
G1 X205.837 Y120.731 E1386.38332
G1 X205.868 Y120.838 E1386.39524
G1 X205.837 Y120.947 E1386.40737
G1 X205.748 Y121.036 E1386.42084
G1 X205.643 Y121.065 E1386.4325
G1 X205.536 Y121.033 E1386.44445
G1 X205.439 Y120.938 E1386.45898
G1 F1500 E1379.95898
G0 F7200 X205.439 Y120.938 Z8
G0 X213.795 Y86.172
G1 F1500 E1386.45898
G1 F3600 X213.878 Y86.18 Z7.9 E1386.47197
G1 X214.044 Y86.11 E1386.48995
G1 F3000 X214.187 Y85.788 E1386.53213
G1 F2553.2 X214.098 Y85.664 E1386.55361
G1 F2975.2 X213.861 Y85.657 E1386.58223
G1 F3185.8 X213.6 Y85.75 E1386.61347
G1 F2834.6 X213.569 Y85.799 E1386.62082
G1 F3157.9 X213.659 Y86.077 E1386.65406
G1 F3600 X213.795 Y86.172 E1386.67061
G1 F1500 E1380.17061
G0 F7200 X213.795 Y86.172 Z8
G0 X213.928 Y88.566
G1 F1500 E1386.67061
G1 F4235.3 X213.884 Y88.564 Z7.9 E1386.67988
G0 F7200 X213.884 Y88.564 Z8
G0 X213.878 Y88.565
G1 F4235.3 X213.884 Y88.564 Z7.9 E1386.68838
G0 F7200 X213.884 Y88.564 Z8
G1 F4235.3 X213.878 Y88.565 Z7.9 E1386.69688
G0 F7200 X213.878 Y88.565 Z8
G0 X213.805 Y88.955
G1 F3600 X214.028 Y88.94 Z7.9 E1386.72131
G1 F3380.3 X214.173 Y88.779 E1386.74433
G1 F3221.5 X214.144 Y88.675 E1386.75637
G1 F3692.3 X213.928 Y88.566 E1386.77991
G1 F3819.6 X214.092 Y88.545 E1386.79546
G1 F3478.3 X214.132 Y88.499 E1386.80175
G1 F2885.8 X214.517 Y88.405 E1386.85108
G1 F2416.1 X214.579 Y88.116 E1386.89503
G1 F2239.5 X214.551 Y87.984 E1386.91667
G1 F2127 X214.433 Y87.86 E1386.94558
G1 F2120.8 X214.496 Y87.639 E1386.9845
G1 F2117.6 X214.45 Y87.445 E1387.01832
G1 F2120.8 X214.605 Y87.31 E1387.05314
G1 F2271.3 X214.656 Y87.159 E1387.07834
G1 F2513.1 X214.633 Y86.924 E1387.11209
G1 F3006.3 X214.196 Y86.706 E1387.17045
G1 F3600 X214.174 Y86.636 E1387.17777
G1 X214.218 Y86.466 E1387.19529
G1 X214.05 Y86.25 E1387.22259
G1 X213.879 Y86.193 E1387.24058
G1 X213.67 Y86.323 E1387.26514
G1 X213.613 Y86.681 E1387.30131
G1 X213.643 Y86.845 E1387.31795
G1 X213.612 Y86.99 E1387.33274
G1 X213.646 Y87.241 E1387.35801
G1 X213.615 Y87.546 E1387.3886
G1 X213.643 Y87.644 E1387.39877
G1 X213.615 Y87.742 E1387.40894
G1 X213.635 Y88.418 E1387.47642
G1 F3673.5 X213.724 Y88.558 E1387.49265
G1 F3380.3 X213.599 Y88.676 E1387.51091
G1 F2944.8 X213.579 Y88.795 E1387.52563
G1 F2812.5 X213.613 Y88.888 E1387.53828
G1 F3157.9 X213.805 Y88.955 E1387.56141
G1 F1500 E1381.06141
G0 F7200 X213.805 Y88.955 Z8
G0 X208.488 Y89.689
G1 F1500 E1387.56141
G1 F3151 X208.79 Y89.576 Z7.9 E1387.5999
G1 F2758.6 X208.841 Y89.491 E1387.6128
G1 F2880 X208.786 Y89.343 E1387.6325
G1 F3364.5 X208.757 Y88.887 E1387.68128
G1 F3600 X208.788 Y88.749 E1387.69539
G1 X208.751 Y88.487 E1387.7218
G1 X208.786 Y88.254 E1387.7453
G1 X208.754 Y88.083 E1387.76266
G1 X208.787 Y87.975 E1387.77393
G1 X208.879 Y87.875 E1387.78749
G1 X208.997 Y87.844 E1387.79966
G1 X209.475 Y87.983 E1387.84933
G1 X209.703 Y88.144 E1387.87718
G1 X209.875 Y88.364 E1387.90505
G1 X210.176 Y88.436 E1387.93593
G1 X210.374 Y88.427 E1387.95571
G1 X210.457 Y88.565 E1387.97178
G1 X210.575 Y88.62 E1387.98477
G1 X210.721 Y88.591 E1387.99962
G1 X210.846 Y88.667 E1388.01421
G1 F3529.4 X211.075 Y89.063 E1388.06077
G1 F3356.6 X211.169 Y89.119 E1388.07248
G1 F3257.9 X211.432 Y89.076 E1388.10186
G1 F3396.2 X211.529 Y88.966 E1388.11738
G1 F3573.2 X211.572 Y88.816 E1388.13306
G1 F3600 X211.87 Y88.436 E1388.18125
G1 X211.885 Y88.317 E1388.19322
G1 X211.946 Y88.228 E1388.20398
G1 X212.062 Y88.188 E1388.21622
G1 X212.143 Y88.046 E1388.23254
G1 X212.368 Y87.872 E1388.26092
G1 X212.383 Y87.739 E1388.27427
G1 X212.555 Y87.527 E1388.30151
G1 X212.592 Y87.359 E1388.31868
G1 X212.53 Y87.254 E1388.33084
G1 X212.526 Y87.12 E1388.34422
G1 X212.602 Y86.976 E1388.36047
G1 X212.601 Y86.82 E1388.37603
G1 X212.481 Y86.622 E1388.39914
G1 F3050.8 X212.44 Y86.12 E1388.45844
G1 F2571.4 X212.345 Y86.059 E1388.47421
G1 F2666.7 X212.04 Y86.144 E1388.51686
G1 F2862.8 X211.906 Y85.925 E1388.54907
G1 F3185.8 X211.592 Y85.791 E1388.58757
G1 F3555.6 X211.443 Y85.552 E1388.61602
G1 F3214.3 X211.375 Y85.311 E1388.644
G1 F3116.9 X211.019 Y85.271 E1388.68529
G1 F3364.5 X210.943 Y85.315 E1388.69467
G1 F3520.8 X210.703 Y85.726 E1388.74322
G1 F3600 X210.403 Y85.855 E1388.77581
G1 X210.304 Y85.991 E1388.79259
G1 X210.22 Y86.008 E1388.80115
G1 X209.966 Y85.857 E1388.83063
G1 F3207.1 X209.744 Y85.857 E1388.85549
G1 F2785.3 X209.665 Y85.926 E1388.86902
G1 F2686.6 X209.613 Y86.366 E1388.92826
G1 X209.554 Y86.465 E1388.94367
G1 X209.45 Y86.425 E1388.95857
G1 X209.305 Y86.203 E1388.99402
G1 X209.217 Y85.972 E1389.02707
G1 F2897.4 X208.652 Y85.852 E1389.09868
G1 F2727.3 X208.155 Y86.106 E1389.1722
G1 F2404 X208.069 Y86.104 E1389.18505
G1 X207.981 Y86.025 E1389.20272
G1 F2416.1 X207.655 Y86.027 E1389.25119
G1 F2376.2 X207.39 Y86.17 E1389.29671
G1 F2326.3 X207.277 Y86.072 E1389.3198
G1 F2392 X207.074 Y86.062 E1389.35033
G1 F2874.3 X206.912 Y86.306 E1389.38693
G1 F3453.2 X206.776 Y86.391 E1389.40361
G1 X206.593 Y86.341 E1389.42335
G1 F3529.4 X206.335 Y86.41 E1389.45053
G1 F3600 X206.21 Y86.335 E1389.46507
G1 F3090.1 X205.968 Y85.994 E1389.51368
G1 F2513.1 X205.704 Y86.034 E1389.55184
G1 F2478.5 X205.522 Y86.414 E1389.61291
G1 F2920.9 X205.732 Y86.918 E1389.68006
G1 F3287.7 X206.011 Y87.22 E1389.72498
G1 F3325.6 X206.139 Y87.419 E1389.75053
G1 F3348.8 X206.677 Y87.968 E1389.83298
G1 F3333.3 X206.925 Y88.192 E1389.869
G1 X208.388 Y89.661 E1390.09242
G1 F3412.3 X208.488 Y89.689 E1390.10335
G1 F1500 E1383.60335
G0 F7200 X208.488 Y89.689 Z8
G0 X210.871 Y90.866
G1 F1500 E1390.10335
G1 F2400 X211.148 Y90.828 Z7.9 E1390.14779
G1 F2250 X211.315 Y90.65 E1390.18676
G1 X211.397 Y90.728 E1390.20482
G1 F2260.6 X211.528 Y90.771 E1390.22673
G1 F2236 X211.813 Y90.72 E1390.27324
G1 F2205.2 X211.921 Y90.591 E1390.30065
G1 X212.091 Y90.668 E1390.33105
G1 F2218.8 X212.391 Y90.593 E1390.38111
G1 F2229.1 X212.527 Y90.389 E1390.42062
G1 F2222.2 X212.75 Y90.516 E1390.4621
G1 F2432.4 X213.006 Y90.449 E1390.50118
G1 F2868.5 X213.053 Y90.366 E1390.51313
G1 F3318 X213.124 Y89.924 E1390.56159
G1 F3600 X213.059 Y89.676 E1390.58717
G1 X213.08 Y89.419 E1390.6129
G1 F3221.5 X213.17 Y89.167 E1390.64274
G1 F2862.8 X213.087 Y88.924 E1390.67496
G1 F3157.9 X212.883 Y88.818 E1390.70111
G1 F3600 X212.763 Y88.834 E1390.71319
G1 X212.492 Y89.105 E1390.75143
G1 X212.329 Y89.165 E1390.76876
G1 X212.159 Y89.297 E1390.79024
G1 F3486.7 X211.789 Y89.48 E1390.83276
G1 F3318 X211.562 Y89.496 E1390.8574
G1 F3364.5 X210.884 Y89.624 E1390.93107
G1 F3529.4 X210.203 Y89.439 E1391.00289
G1 F3600 X209.985 Y89.395 E1391.02508
G1 X209.877 Y89.295 E1391.03976
G1 X209.737 Y89.266 E1391.05403
G1 X209.643 Y89.307 E1391.06426
G1 F3050.8 X209.369 Y89.612 E1391.11254
G1 F2758.6 X209.378 Y89.712 E1391.12561
G1 F3116.9 X209.715 Y90.084 E1391.18346
G1 F3396.2 X209.848 Y90.13 E1391.19834
G1 X209.919 Y90.261 E1391.2141
G1 F2834.6 X209.92 Y90.566 E1391.25275
G1 F2356.8 X210.29 Y90.687 E1391.31208
G1 F2278.5 X210.513 Y90.551 E1391.35326
G1 F2274.9 X210.628 Y90.782 E1391.39401
G1 F2416.1 X210.871 Y90.866 E1391.43223
G0 F7200 X210.871 Y90.866 Z8
G0 X210.792 Y91.421
G1 F2544.2 X209.991 Y91.211 Z7.9 E1391.55
G1 F2482.8 X209.558 Y91.037 E1391.61751
G1 F2491.3 X209.446 Y90.945 E1391.63841
G1 F2981.4 X209.188 Y90.876 E1391.67059
G1 F3600 X208.927 Y90.721 E1391.70088
G1 F3495.1 X208.244 Y90.118 E1391.79452
G1 F3380.3 X206.487 Y88.368 E1392.05804
G1 F3341.1 X206.412 Y88.316 E1392.06785
G1 F3310.3 X205.965 Y87.864 E1392.13683
G1 F3364.5 X205.85 Y87.709 E1392.15744
G1 F3356.6 X205.359 Y87.154 E1392.23674
G1 F3151 X205.136 Y86.773 E1392.28706
G1 F2807 X205.049 Y86.522 E1392.32106
G1 F2548.7 X204.95 Y86.376 E1392.34592
G1 F2412.1 X205.251 Y85.558 E1392.47572
G1 F2349.1 X205.368 Y85.479 E1392.49731
G1 X205.5 Y85.506 E1392.51791
G1 F2474.2 X205.769 Y85.446 E1392.55793
G1 F2656.8 X206.025 Y85.466 E1392.59264
G1 F2834.6 X206.169 Y85.411 E1392.61218
G1 F2987.6 X206.249 Y85.433 E1392.62215
G1 F3265.3 X206.569 Y85.37 E1392.65803
G1 F2963 X206.899 Y85.479 E1392.70016
G1 F2416.1 X207.455 Y85.491 E1392.78285
G1 F2465.8 X207.77 Y85.446 E1392.8292
G1 F2696.6 X208.4 Y85.456 E1392.91313
G1 F2834.6 X208.605 Y85.387 E1392.94054
G1 F2790.7 X209.337 Y85.553 E1393.03715
G1 F3076.9 X209.867 Y85.045 E1393.12286
G1 F3529.4 X210.752 Y84.793 E1393.21651
G1 F3380.3 X210.943 Y84.841 E1393.23744
G1 F3272.7 X211.134 Y84.82 E1393.25853
G1 F3096.8 X211.552 Y84.87 E1393.30736
G1 F3243.2 X212.061 Y85.049 E1393.36712
G1 F3428.6 X212.253 Y85.197 E1393.39252
G1 F3257.9 X212.379 Y85.233 E1393.40697
G1 F2818 X212.633 Y85.591 E1393.46292
G1 F2571.4 X212.754 Y85.679 E1393.48382
G1 F2727.3 X213.112 Y85.576 E1393.53289
G1 F3103.4 X213.183 Y85.219 E1393.57502
G1 F3529.4 X213.45 Y84.372 E1393.6654
G1 F3600 X213.541 Y84.274 E1393.67875
G1 X213.659 Y84.24 E1393.691
G1 X213.774 Y84.273 E1393.70294
G1 X214.402 Y84.963 E1393.79603
G1 F3287.7 X214.421 Y85.092 E1393.81028
G1 F2785.3 X214.672 Y85.517 E1393.87393
G1 F2790.7 X214.864 Y85.66 E1393.90475
G1 F3295.2 X215.011 Y85.955 E1393.94068
G1 F3495.1 X215.193 Y86.48 E1393.99778
G1 F3200 X215.168 Y86.585 E1394.0099
G1 F2706.8 X215.237 Y87.261 E1394.10008
G1 F2322.6 X215.173 Y87.464 E1394.133
G1 F2168.7 X215.152 Y87.831 E1394.19388
G1 F2239.5 X215.19 Y88.052 E1394.22985
G1 F2416.1 X215.048 Y88.623 E1394.31733
G1 F2647.1 X215.024 Y88.928 E1394.35885
G1 F2857.1 X214.979 Y88.978 E1394.3673
G1 F3171.8 X214.995 Y89.053 E1394.37599
G1 F3582.1 X214.886 Y89.348 E1394.40753
G1 F3600 X214.791 Y89.477 E1394.42351
G1 X214.727 Y89.677 E1394.44446
G1 X214.592 Y89.815 E1394.46373
G1 X214.275 Y90.236 E1394.51631
G1 X214.249 Y90.294 E1394.52265
G1 X213.79 Y90.686 E1394.58288
G1 F3356.6 X213.508 Y90.863 E1394.61851
G1 F2891.6 X213.297 Y90.899 E1394.6451
G1 F2642.2 X213.158 Y90.991 E1394.66776
G1 F2400 X212.806 Y91.085 E1394.72229
G1 F2236 X212.722 Y91.157 E1394.74007
G1 F2257.1 X211.892 Y91.363 E1394.87617
G1 F2267.7 X211.496 Y91.404 E1394.93923
G1 F2260.6 X211.328 Y91.382 E1394.96616
G1 F2352.9 X211.119 Y91.448 E1394.99962
G1 F2517.5 X210.792 Y91.421 E1395.04643
G1 F1500 E1388.54643
G0 F7200 X210.792 Y91.421 Z8
G0 X205.681 Y81.651
G1 F1500 E1395.04643
G1 F3356.6 X205.792 Y81.682 Z7.9 E1395.06276
G1 X205.88 Y81.776 E1395.07654
G1 X205.909 Y81.885 E1395.08861
G1 X205.88 Y81.992 E1395.10047
G1 X205.792 Y82.08 E1395.11379
G1 X205.687 Y82.109 E1395.12545
G1 X205.577 Y82.077 E1395.13771
G1 X205.482 Y81.982 E1395.15209
G1 X205.452 Y81.88 E1395.16346
G1 X205.483 Y81.775 E1395.17518
G1 X205.571 Y81.682 E1395.18888
G1 X205.681 Y81.651 E1395.20111
G1 F1500 E1388.70111
G0 F7200 X205.681 Y81.651 Z8
G0 X213.775 Y33.617
G1 F1500 E1395.20111
G1 F2963 X214.159 Y33.642 Z7.9 E1395.24931
G1 F2553.2 X214.206 Y33.573 E1395.26106
G1 F2796.1 X214.205 Y33.472 E1395.27404
G1 F3295.2 X214.062 Y33.178 E1395.30967
G1 F3600 X213.954 Y33.136 E1395.32124
G1 X214.062 Y33.094 E1395.3328
G1 X214.23 Y32.902 E1395.35826
G1 X214.253 Y32.759 E1395.37271
G1 X214.208 Y32.665 E1395.38311
G1 F3341.1 X214.382 Y32.394 E1395.41773
G1 F3116.9 X214.342 Y32.237 E1395.4364
G1 X214.408 Y32.129 E1395.45099
G1 F2758.6 X214.672 Y31.975 E1395.49079
G1 F2508.7 X214.681 Y31.775 E1395.51945
G1 F2352.9 X214.598 Y31.534 E1395.55837
G1 F2185.1 X214.414 Y31.428 E1395.59327
G1 X214.48 Y31.253 E1395.62402
G1 F2208.6 X214.432 Y31.064 E1395.65574
G1 F2232.6 X214.346 Y30.964 E1395.67696
G1 X214.42 Y30.769 E1395.71051
G1 F2400 X214.38 Y30.517 E1395.7487
G1 F2834.6 X214.281 Y30.459 E1395.76324
G1 F3348.8 X213.852 Y30.397 E1395.80974
G1 F3318 X213.654 Y30.44 E1395.83167
G1 F2915 X213.576 Y30.532 E1395.84654
G1 F3130.4 X213.647 Y30.904 E1395.88999
G1 F3600 X213.613 Y31.148 E1395.91457
G1 X213.643 Y31.313 E1395.93131
G1 X213.613 Y31.48 E1395.94824
G1 X213.645 Y31.713 E1395.97171
G1 X213.616 Y32.021 E1396.00257
G1 X213.643 Y32.113 E1396.01214
G1 X213.612 Y32.268 E1396.02791
G1 X213.645 Y32.513 E1396.05258
G1 X213.619 Y32.83 E1396.08432
G1 X213.684 Y33.045 E1396.10673
G1 X213.798 Y33.133 E1396.1211
G1 X213.677 Y33.212 E1396.13552
G1 X213.635 Y33.461 E1396.16071
G1 X213.693 Y33.569 E1396.17294
G1 X213.775 Y33.617 E1396.18243
G1 F1500 E1389.68243
G0 F7200 X213.775 Y33.617 Z8
G0 X210.686 Y34.185
G1 F1500 E1396.18243
G1 F2903.2 X211.093 Y34.17 Z7.9 E1396.23431
G1 F3050.8 X211.297 Y34.104 E1396.25956
G1 F2915 X211.485 Y33.954 E1396.2892
G1 F2748.1 X211.707 Y33.849 E1396.3213
G1 F2737.6 X211.899 Y33.817 E1396.34684
G1 F2763.9 X211.982 Y33.748 E1396.36086
G1 F3012.6 X212.134 Y33.451 E1396.40065
G1 F3445 X212.402 Y33.262 E1396.43484
G1 F3600 X212.476 Y32.99 E1396.46297
G1 X212.443 Y32.891 E1396.47338
G1 X212.481 Y32.801 E1396.48313
G1 X212.648 Y32.663 E1396.50474
G1 X212.792 Y32.26 E1396.54745
G1 X212.662 Y31.966 E1396.57952
G1 X212.647 Y31.719 E1396.60421
G1 F3364.5 X212.694 Y31.532 E1396.6248
G1 F2963 X212.386 Y30.955 E1396.70409
G1 F2618.2 X212.217 Y30.881 E1396.7294
G1 F2461.5 X212.095 Y30.911 E1396.74774
G1 F2580.6 X211.744 Y30.548 E1396.81802
G1 F2562.3 X211.486 Y30.513 E1396.85452
G1 F2428.3 X211.315 Y30.705 E1396.89256
G1 X211.259 Y30.672 E1396.90217
G1 F2474.2 X211.064 Y30.354 E1396.95633
G1 F2666.7 X210.974 Y30.296 E1396.97075
G1 F3038 X210.452 Y30.308 E1397.03249
G1 F3096.8 X210.166 Y30.539 E1397.07513
G1 F3038 X209.81 Y30.696 E1397.12114
G1 F3364.5 X209.535 Y31.106 E1397.17384
G1 F3564.4 X209.334 Y31.223 E1397.19728
G1 F3404.3 X209.253 Y31.32 E1397.21062
G1 F3295.2 X209.188 Y31.554 E1397.23709
G1 F3310.3 X209.038 Y31.771 E1397.26572
G1 X208.907 Y31.85 E1397.28232
G1 X208.85 Y31.834 E1397.28874
G1 X208.773 Y31.703 E1397.30523
G1 X208.76 Y31.466 E1397.33099
G1 F3295.2 X208.823 Y31.244 E1397.35614
G1 F3428.6 X208.653 Y30.915 E1397.39494
G1 F3600 X208.638 Y30.669 E1397.41953
G1 F3364.5 X208.766 Y30.279 E1397.46335
G1 F3287.7 X208.655 Y30.09 E1397.4873
G1 F3050.8 X208.424 Y29.943 E1397.51954
G1 F2727.3 X208.369 Y29.957 E1397.52702
G1 F2717 X207.971 Y30.375 E1397.60332
G1 F3096.8 X207.964 Y30.811 E1397.6539
G1 F3600 X207.887 Y30.948 E1397.66958
G1 X207.73 Y31.018 E1397.68674
G1 X207.684 Y31.09 E1397.69526
G1 X207.672 Y31.293 E1397.71555
G1 X207.617 Y31.352 E1397.7236
G1 X207.41 Y31.364 E1397.74429
G1 X207.283 Y31.508 E1397.76345
G1 X207.138 Y31.592 E1397.78017
G1 F3096.8 X206.729 Y31.624 E1397.82776
G1 F2676.6 X206.618 Y31.778 E1397.85323
G1 F2758.6 X206.191 Y32.079 E1397.92126
G1 F2706.8 X206.13 Y32.21 E1397.94044
G1 F2553.2 X206.152 Y32.311 E1397.95498
G1 X206.105 Y32.392 E1397.96816
G1 F2737.6 X205.69 Y32.67 E1398.0337
G1 F2880 X205.551 Y32.942 E1398.07179
G1 F2637.4 X205.523 Y33.088 E1398.09204
G1 F2449 X205.747 Y33.328 E1398.1402
G1 F2412.1 X206.099 Y33.308 E1398.1927
G1 F2400 X206.156 Y33.346 E1398.20295
G1 F2376.2 X206.446 Y33.331 E1398.24685
G1 F2349.1 X206.659 Y33.163 E1398.28833
G1 X206.793 Y33.343 E1398.32265
G1 X206.872 Y33.384 E1398.33626
G1 F2517.5 X206.973 Y33.361 E1398.35104
G1 F3090.1 X207.226 Y33.085 E1398.39456
G1 F3600 X207.368 Y32.999 E1398.41113
G1 X207.608 Y33.047 E1398.43555
G1 X207.812 Y32.989 E1398.45671
G1 X207.945 Y33.068 E1398.47214
G1 F3348.8 X208.132 Y33.357 E1398.50907
G1 F2926.8 X208.214 Y33.414 E1398.52132
G1 F2517.5 X208.415 Y33.405 E1398.55003
G1 F2285.7 X208.482 Y33.359 E1398.5628
G1 F2246.5 X208.616 Y33.119 E1398.60676
G1 X208.819 Y33.119 E1398.63922
G1 X208.88 Y33.155 E1398.65054
G1 X209.036 Y33.481 E1398.70833
G1 F2360.7 X209.278 Y33.714 E1398.75945
G1 F2257.1 X209.589 Y33.865 E1398.81447
G1 F2060.1 X209.898 Y33.839 E1398.86854
G1 X209.976 Y33.978 E1398.89633
G1 X210.148 Y34.086 E1398.93174
G1 F2368.4 X210.686 Y34.185 E1399.01471
G1 F1500 E1392.51471
G0 F7200 X210.686 Y34.185 Z8
G0 X210.253 Y37.631
G1 F1500 E1399.01471
G1 F2897.4 X210.676 Y37.41 Z7.9 E1399.07516
G1 F2779.9 X210.962 Y36.991 E1399.14071
G1 F2604 X211.058 Y36.933 E1399.15619
G1 X211.141 Y36.944 E1399.16774
G1 F2785.3 X211.279 Y36.866 E1399.18818
G1 F2845.8 X211.566 Y36.454 E1399.25156
G1 F2868.5 X211.863 Y36.3 E1399.29345
G1 F2851.5 X212.124 Y35.894 E1399.35425
G1 F2717 X212.338 Y35.731 E1399.38982
G1 F2571.4 X212.522 Y35.298 E1399.45554
G1 F2408 X212.672 Y35.302 E1399.47792
G1 F2508.7 X212.841 Y35.167 E1399.50889
G1 F3025.2 X212.833 Y34.798 E1399.55272
G1 F3600 X212.924 Y34.589 E1399.57546
G1 X212.914 Y34.512 E1399.58321
G1 X212.632 Y34.135 E1399.63019
G1 F3445 X212.476 Y34.091 E1399.64709
G1 F3012.6 X212.354 Y34.107 E1399.66176
G1 F2758.6 X212.155 Y34.278 E1399.69593
G1 F2737.6 X211.846 Y34.368 E1399.73815
G1 F2956.9 X211.326 Y34.572 E1399.80601
G1 F2845.8 X211.059 Y34.647 E1399.84102
G1 F2530.8 X211.004 Y34.852 E1399.87114
G1 X210.902 Y34.863 E1399.88571
G1 F2585.3 X210.324 Y34.504 E1399.98025
G1 F2315.1 X210.076 Y34.426 E1400.02058
G1 F2060.1 X209.86 Y34.501 E1400.06045
G1 F2293 X209.792 Y34.747 E1400.10044
G1 F2424.2 X209.84 Y35.07 E1400.14882
G1 F2282.1 X210.071 Y35.266 E1400.19651
G1 X209.936 Y35.384 E1400.22473
G1 F2307.7 X209.894 Y35.508 E1400.24511
G1 F2293 X209.915 Y35.698 E1400.27505
G1 F2260.6 X210.074 Y35.856 E1400.31067
G1 X209.899 Y36.01 E1400.34771
G1 F2322.6 X209.87 Y36.227 E1400.38157
G1 F2326.3 X209.901 Y36.352 E1400.40146
G1 F2267.7 X210.072 Y36.493 E1400.43657
G1 X209.913 Y36.676 E1400.47497
G1 F2289.3 X209.927 Y37.065 E1400.53604
G1 F2322.6 X209.861 Y37.2 E1400.55928
G1 F2400 X209.855 Y37.421 E1400.59237
G1 F2627.7 X210.253 Y37.631 E1400.65389
G1 F1500 E1394.15389
G0 F7200 X210.253 Y37.631 Z8
G0 X209.412 Y38.511
G1 F1500 E1400.65389
G1 F3600 X209.308 Y38.481 Z7.9 E1400.66859
G1 X209.202 Y38.377 E1400.68341
G1 X209.169 Y38.267 E1400.69487
G1 X209.2 Y38.144 E1400.70752
G1 F3529.4 X209.183 Y37.8 E1400.74258
G1 F2880 X209.287 Y37.555 E1400.77577
G1 F2400 X209.3 Y36.738 E1400.89807
G1 F2307.7 X209.317 Y36.526 E1400.93118
G1 F2326.3 X209.268 Y36.274 E1400.97082
G1 F2322.6 X209.317 Y35.784 E1401.04698
G1 F2293 X209.277 Y35.462 E1401.09781
G1 F2307.7 X209.312 Y35.255 E1401.13049
G1 F2416.1 X209.253 Y35.069 E1401.1595
G1 F2576 X209.245 Y34.664 E1401.21598
G1 F2293 X209.318 Y34.353 E1401.26603
G1 F2060.1 X209.284 Y34.286 E1401.27913
G1 F2352.9 X208.941 Y34.103 E1401.33848
G1 F2465.8 X208.684 Y33.882 E1401.38786
G1 F2392 X208.412 Y33.945 E1401.42978
G1 F2642.2 X208.157 Y33.936 E1401.46447
G1 F2926.8 X207.981 Y33.997 E1401.48733
G1 F3137.3 X207.901 Y33.973 E1401.4969
G1 F3348.8 X207.577 Y34.03 E1401.53218
G1 F3600 X207.348 Y33.997 E1401.55527
G1 X207.181 Y34.027 E1401.5722
G1 F3090.1 X207.008 Y33.933 E1401.59509
G1 F2517.5 X206.568 Y33.892 E1401.65814
G1 F2424.2 X206.382 Y33.937 E1401.6865
G1 F2465.8 X205.683 Y33.901 E1401.78846
G1 F2424.2 X205.58 Y33.927 E1401.8042
G1 F2440.7 X205.48 Y33.898 E1401.81953
G1 F2465.8 X204.924 Y33.251 E1401.9438
G1 F2478.5 X204.902 Y33.177 E1401.95499
G1 X205.001 Y33.02 E1401.98189
G1 F2637.4 X205.081 Y32.752 E1402.01998
G1 F2880 X205.281 Y32.392 E1402.07135
G1 F2737.6 X205.629 Y32.048 E1402.13555
G1 F2706.8 X205.769 Y31.812 E1402.17197
G1 F2845.8 X206.31 Y31.312 E1402.26495
G1 F3144.1 X206.584 Y30.932 E1402.31848
G1 F3591 X207.221 Y30.295 E1402.40859
G1 F3096.8 X207.568 Y30.036 E1402.45882
G1 F2717 X208.124 Y29.471 E1402.56362
G1 F3025.2 X208.628 Y29.314 E1402.6263
G1 F3503.6 X209 Y29.248 E1402.66503
G1 F3600 X209.116 Y29.279 E1402.67701
G1 X209.209 Y29.378 E1402.69057
G1 X209.243 Y29.492 E1402.70244
G1 X209.212 Y29.612 E1402.7148
G1 F3529.4 X209.239 Y29.889 E1402.74313
G1 F3318 X209.196 Y30.132 E1402.76984
G1 F3272.7 X209.264 Y30.246 E1402.78441
G1 F3396.2 X209.451 Y30.309 E1402.80528
G1 F3214.3 X209.73 Y30.24 E1402.8374
G1 F3157.9 X210.238 Y29.91 E1402.90631
G1 F3272.7 X210.792 Y29.831 E1402.96773
G1 F3025.2 X211.135 Y29.83 E1403.00846
G1 F2613.4 X211.432 Y29.961 E1403.05308
G1 F2562.3 X212.013 Y30.081 E1403.13625
G1 F2580.6 X212.381 Y30.368 E1403.20121
G1 F2676.6 X212.707 Y30.522 E1403.24959
G1 F3130.4 X212.948 Y30.455 E1403.27829
G1 F3038 X213.086 Y30.362 E1403.29797
G1 F3000 X213.059 Y30.094 E1403.33022
G1 F3428.6 X213.185 Y29.601 E1403.38353
G1 F3600 X213.724 Y29.096 E1403.45723
G1 X213.862 Y28.945 E1403.47764
G1 X213.976 Y28.913 E1403.48946
G1 X214.085 Y28.944 E1403.50077
G1 X214.682 Y29.664 E1403.59409
G1 F3348.8 X214.849 Y30.066 E1403.64079
G1 F2834.6 X214.889 Y30.303 E1403.67124
G1 F2557.7 X214.96 Y30.421 E1403.69058
G1 F2368.4 X215.021 Y30.817 E1403.75135
G1 F2384.1 X215.239 Y31.694 E1403.88751
G1 F2508.7 X215.249 Y32.068 E1403.94108
G1 F2470 X215.215 Y32.181 E1403.95824
G1 F2748.1 X215.265 Y32.335 E1403.9794
G1 F3333.3 X215.234 Y32.857 E1404.03576
G1 F3512.2 X214.937 Y33.653 E1404.12265
G1 F2950.8 X214.694 Y33.835 E1404.15961
G1 F2769.2 X214.474 Y34.226 E1404.2178
G1 F3257.9 X214.454 Y34.373 E1404.23416
G1 F3600 X214.326 Y34.495 E1404.2518
G1 X213.706 Y35.22 E1404.34699
G1 F3025.2 X213.259 Y35.522 E1404.41104
G1 F2508.7 X212.937 Y35.809 E1404.47281
G1 F2571.4 X212.734 Y36.066 E1404.51855
G1 F2891.6 X212.196 Y36.635 E1404.61583
G1 F2868.5 X211.94 Y36.847 E1404.65746
G1 F2857.1 X211.646 Y37.177 E1404.71302
G1 F2790.7 X211.32 Y37.43 E1404.76614
G1 F2779.9 X210.951 Y37.811 E1404.83467
G1 F2897.4 X210.427 Y38.11 E1404.90947
G1 F2975.2 X210.311 Y38.242 E1404.93069
G1 F3364.5 X209.412 Y38.511 E1405.03087
G1 F1500 E1398.53087
G0 F7200 X209.412 Y38.511 Z8
G0 X205.441 Y37.515
G1 F1500 E1405.03087
G1 F3348.8 X205.412 Y37.413 Z7.9 E1405.04651
G1 X205.441 Y37.309 E1405.05809
G1 X205.529 Y37.215 E1405.0719
G1 X205.638 Y37.184 E1405.08405
G1 X205.747 Y37.215 E1405.09621
G1 X205.836 Y37.31 E1405.11017
G1 X205.867 Y37.417 E1405.12212
G1 F3333.3 X205.854 Y37.461 E1405.12707
G1 X205.836 Y37.522 E1405.13392
G1 F3348.8 X205.745 Y37.613 E1405.14772
G1 X205.641 Y37.644 E1405.15937
G1 X205.538 Y37.613 E1405.1709
G1 X205.441 Y37.515 E1405.18569
G1 F1500 E1398.68569
;MESH:manette_front-Body_(Meshed).stl(1)
G0 F7200 X205.441 Y37.515 Z8
G0 X205.441 Y36.291
G0 X206.5 Y35.7
;TYPE:WALL-INNER
G1 F1500 E1405.18569
G1 F3600 X90.5 Y35.7 E1416.76022
G1 F3529.4 X90.326 Y35.707 E1416.77794
G0 F7200 X89.803 Y36.003
G1 F3654.8 X90.326 Y35.707 E1416.83701
G1 X89.486 Y35.686 E1416.91959
G1 F3730.6 X89.5 Y36.7 E1417.01724
G1 X89.803 Y36.003 E1417.09042
G0 F7200 X89.5 Y36.7
G1 F3600 X89.5 Y82.7 E1421.68032
G1 F3529.4 X89.507 Y82.874 E1421.69804
G0 F7200 X89.803 Y83.397
G1 F3654.8 X89.507 Y82.874 E1421.7571
G1 X89.486 Y83.714 E1421.83969
G1 F3730.6 X90.5 Y83.7 E1421.93733
G1 X89.803 Y83.397 E1422.01051
G0 F7200 X90.5 Y83.7
G1 F3600 X206.5 Y83.7 E1433.58504
G1 F3529.4 X206.674 Y83.693 E1433.60276
G0 F7200 X207.197 Y83.397
G1 F3654.8 X206.674 Y83.693 E1433.66183
G1 X207.514 Y83.714 E1433.74441
G1 F3664.1 X207.493 Y82.874 E1433.82679
G1 X207.197 Y83.397 E1433.8857
G0 F7200 X206.924 Y83.124
G1 F3600 X206.589 Y83.3 E1433.92346
G1 X90.5 Y83.3 E1445.50687
G1 X90.075 Y83.125 E1445.55273
G1 X89.9 Y82.789 E1445.59053
G1 X89.9 Y36.7 E1450.18931
G1 X90.075 Y36.275 E1450.23517
G1 X90.411 Y36.1 E1450.27297
G1 X206.5 Y36.1 E1461.85638
G1 X206.924 Y36.276 E1461.90218
G1 X207.1 Y36.7 E1461.94799
G1 X207.1 Y82.789 E1466.54677
G1 X206.924 Y83.124 E1466.58453
G0 F7200 X207.493 Y82.874
G1 F3538.1 X207.5 Y82.7 E1466.60221
G1 F3600 X207.5 Y36.7 E1471.19211
G0 F7200 X207.197 Y36.003
G1 F3730.6 X207.5 Y36.7 E1471.26529
G1 X207.514 Y35.686 E1471.36293
G1 X206.5 Y35.7 E1471.46058
G1 X207.197 Y36.003 E1471.53376
G0 F7200 X207.197 Y35.791
G0 X207.62 Y83.821
G0 X207.9 Y84.1
G1 F3600 X207.9 Y35.3 E1476.40304
G1 X89.101 Y35.301 E1488.25685
G1 X89.101 Y84.099 E1493.12594
G1 X207.9 Y84.1 E1504.97975
G0 F7200 X208.3 Y84.5
;TYPE:WALL-OUTER
G1 F1800 X208.3 Y34.9 E1509.92886
G1 X88.701 Y34.901 E1521.8625
G1 X88.701 Y84.499 E1526.8114
G1 X208.3 Y84.5 E1538.74504
G0 F7200 X208.3 Y84.3
G0 X207.62 Y83.821
G0 X207.41 Y82.735
G0 X206.698 Y82.735
G1 F1800 X206.642 Y82.842 E1538.75709
G1 X206.535 Y82.898 E1538.76914
G1 X90.5 Y82.9 E1550.34716
G1 X90.358 Y82.842 E1550.36247
G1 X90.302 Y82.735 E1550.37452
G1 X90.3 Y36.7 E1554.96791
G1 X90.358 Y36.558 E1554.98321
G1 X90.465 Y36.502 E1554.99526
G1 X206.5 Y36.5 E1566.57328
G1 X206.642 Y36.558 E1566.58859
G1 X206.7 Y36.7 E1566.60389
G1 X206.698 Y82.735 E1571.19728
G0 F7200 X206.642 Y82.842
G0 X206.573 Y82.878
G1 F1500 E1564.69728
;MESH:manette_front-Body_(Meshed).stl
G0 F7200 X206.573 Y83.611
G0 X206.5 Y85.366
G0 X206.5 Y117.458
G0 X206.5 Y118.553
G0 X206.5 Y119.12
;TYPE:WALL-INNER
G1 F1500 E1571.19728
G1 F3600 X90.5 Y119.12 E1582.77181
G1 F3529.4 X90.326 Y119.127 E1582.78953
G0 F7200 X89.803 Y119.423
G1 F3654.8 X90.326 Y119.127 E1582.8486
G1 X89.486 Y119.106 E1582.93118
G1 F3730.6 X89.5 Y120.12 E1583.02883
G1 X89.803 Y119.423 E1583.10201
G0 F7200 X89.5 Y120.12
G1 F3600 X89.5 Y166.12 E1587.69191
G1 F3529.4 X89.507 Y166.294 E1587.70963
G0 F7200 X89.803 Y166.817
G1 F3654.8 X89.507 Y166.294 E1587.76869
G1 X89.486 Y167.134 E1587.85128
G1 F3730.6 X90.5 Y167.12 E1587.94892
G1 X89.803 Y166.817 E1588.0221
G0 F7200 X90.5 Y167.12
G1 F3600 X206.5 Y167.12 E1599.59663
G1 F3529.4 X206.674 Y167.113 E1599.61435
G0 F7200 X207.197 Y166.817
G1 F3654.8 X206.674 Y167.113 E1599.67342
G1 X207.514 Y167.134 E1599.756
G1 F3664.1 X207.493 Y166.294 E1599.83838
G1 X207.197 Y166.817 E1599.89729
G0 F7200 X206.924 Y166.544
G1 F3600 X206.589 Y166.72 E1599.93505
G1 X90.5 Y166.72 E1611.51846
G1 X90.075 Y166.545 E1611.56432
G1 X89.9 Y166.209 E1611.60212
G1 X89.9 Y120.12 E1616.2009
G1 X90.075 Y119.695 E1616.24676
G1 X90.411 Y119.52 E1616.28456
G1 X206.5 Y119.52 E1627.86797
G1 X206.924 Y119.696 E1627.91377
G1 X207.1 Y120.12 E1627.95958
G1 X207.1 Y166.209 E1632.55836
G1 X206.924 Y166.544 E1632.59612
G0 F7200 X207.493 Y166.294
G1 F3538.1 X207.5 Y166.12 E1632.6138
G1 F3600 X207.5 Y120.12 E1637.2037
G0 F7200 X207.197 Y119.423
G1 F3730.6 X207.5 Y120.12 E1637.27688
G1 X207.514 Y119.106 E1637.37452
G1 X206.5 Y119.12 E1637.47217
G1 X207.197 Y119.423 E1637.54535
G0 F7200 X207.197 Y119.213
G0 X207.62 Y167.243
G0 X207.9 Y167.52
G1 F3600 X207.9 Y118.72 E1642.41463
G1 X89.101 Y118.721 E1654.26844
G1 X89.101 Y167.519 E1659.13753
G1 X207.9 Y167.52 E1670.99134
G0 F7200 X208.3 Y167.92
;TYPE:WALL-OUTER
G1 F1800 X208.3 Y118.32 E1675.94045
G1 X88.701 Y118.321 E1687.87408
G1 X88.701 Y167.919 E1692.82299
G1 X208.3 Y167.92 E1704.75663
G0 F7200 X208.3 Y167.72
G0 X207.62 Y167.243
G0 X207.41 Y166.155
G0 X206.698 Y166.155
G1 F1800 X206.642 Y166.262 E1704.76868
G1 X206.535 Y166.318 E1704.78073
G1 X90.5 Y166.32 E1716.35875
G1 X90.358 Y166.262 E1716.37405
G1 X90.302 Y166.155 E1716.38611
G1 X90.3 Y120.12 E1720.9795
G1 X90.358 Y119.978 E1720.9948
G1 X90.465 Y119.922 E1721.00685
G1 X206.5 Y119.92 E1732.58487
G1 X206.642 Y119.978 E1732.60018
G1 X206.7 Y120.12 E1732.61548
G1 X206.698 Y166.155 E1737.20887
G0 F7200 X206.642 Y166.262
G0 X206.573 Y166.298
G1 F1500 E1730.70887
;MESH:NONMESH
G0 F600 X206.573 Y166.298 Z8.6
G0 F7200 X206.573 Y167.033
G0 X206.938 Y119.685
G0 X89.861 Y118.553
G0 X89.861 Y117.458
G0 X89.861 Y85.366
G0 X89.861 Y84.271
G0 X89.861 Y35.791
G0 X89.861 Y36.061
;TIME_ELAPSED:5672.973595
;LAYER:14
;TYPE:FILL
;MESH:manette_front-Body_(Meshed).stl(1)
G1 F1500 E1737.20887
G1 F3600 X90.751 Y36.061 E1737.29768
G1 X90.516 Y36.391 E1737.3381
G1 X90.189 Y36.719 E1737.38431
G1 X89.86 Y36.878 E1737.42077
G1 X89.861 Y36.061 E1737.5023
G0 F7200 X89.655 Y37.725
G0 X89.655 Y81.677
G0 X91.524 Y83.546
G0 X205.476 Y83.546
G0 X206.243 Y83.341
G1 F3600 X206.482 Y83.006 E1737.54336
G1 X206.804 Y82.684 E1737.58879
G1 X207.097 Y82.479 E1737.62448
G1 X207.14 Y82.449 E1737.62971
G1 X207.14 Y82.522 E1737.63699
G1 X207.14 Y83.341 E1737.71871
G1 X206.243 Y83.341 E1737.80821
G0 F7200 X207.345 Y81.677
G0 X207.345 Y37.725
G0 X206.245 Y36.061
G1 F3600 X206.48 Y36.391 E1737.84864
G1 X206.806 Y36.719 E1737.89478
G1 X207.14 Y36.956 E1737.93564
G1 X207.14 Y36.061 E1738.02495
G0 F7200 X205.476 Y35.856
G0 X91.524 Y35.856
G0 X89.655 Y37.725
G0 X89.655 Y81.677
G0 X90 Y82.547
G1 F3600 X89.86 Y82.445 E1738.04223
G0 F7200 X89.861 Y83.341
G1 F3600 X90 Y83.341 E1738.0561
G1 X90 Y82.547 E1738.13533
G1 X90.188 Y82.68 E1738.15831
G1 X90.52 Y83.01 E1738.20501
G1 X90.751 Y83.341 E1738.24529
G1 X90 Y83.341 E1738.32022
G0 F7200 X92.326 Y83.707
;TYPE:WALL-INNER
G1 F3529.4 X92.5 Y83.7 E1738.33795
G1 F3600 X204.496 Y83.7 E1749.51295
G0 F7200 X205.476 Y83.546
G0 X205.469 Y83.112
G1 F3600 X205.272 Y83.25 E1749.53695
G1 X205.032 Y83.3 E1749.56141
G1 X91.964 Y83.3 E1760.84339
G1 X91.721 Y83.249 E1760.86816
G1 X91.525 Y83.11 E1760.89214
G1 X91.099 Y82.516 E1760.96507
G1 X90.68 Y82.097 E1761.0242
G1 X90.093 Y81.678 E1761.09616
G1 X89.952 Y81.482 E1761.12025
G1 X89.9 Y81.236 E1761.14534
G1 X89.9 Y38.164 E1765.44308
G1 X89.952 Y37.918 E1765.46817
G1 X90.137 Y37.685 E1765.49786
G1 X90.68 Y37.303 E1765.5641
G1 X91.099 Y36.883 E1765.6233
G1 X91.487 Y36.334 E1765.69038
G1 X91.721 Y36.151 E1765.72002
G1 X91.964 Y36.1 E1765.74479
G1 X205.032 Y36.1 E1777.02676
G1 X205.273 Y36.15 E1777.05132
G1 X205.47 Y36.288 E1777.07532
G1 X205.897 Y36.883 E1777.1484
G1 X206.315 Y37.302 E1777.20745
G1 X206.91 Y37.725 E1777.28029
G1 X207.049 Y37.921 E1777.30427
G1 X207.1 Y38.164 E1777.32905
G1 X207.1 Y81.236 E1781.62679
G1 X207.049 Y81.478 E1781.65146
G1 X206.866 Y81.713 E1781.68118
G1 X206.315 Y82.098 E1781.74825
G1 X205.897 Y82.517 E1781.80731
G1 X205.469 Y83.112 E1781.88044
G0 F7200 X205.73 Y83.295
G0 X205.47 Y84.47
G1 F3600 X205.61 Y85.472 E1781.98139
G1 X205.91 Y86.195 E1782.0595
G1 X206.422 Y86.863 E1782.14348
G1 X207.849 Y88.294 E1782.34513
G1 F3495.1 X208.228 Y88.656 E1782.39899
G1 F3341.1 X208.423 Y88.815 E1782.42604
G1 F3356.6 X208.091 Y87.962 E1782.524
G1 F3478.3 X207.991 Y87.2 E1782.60336
G1 F3564.4 X208.097 Y86.395 E1782.68519
G1 F3600 X208.405 Y85.68 E1782.76287
G1 X208.883 Y85.06 E1782.84099
G1 X209.484 Y84.6 E1782.9165
G1 X210.197 Y84.302 E1782.99361
G1 F3564.4 X210.997 Y84.19 E1783.07502
G1 F3478.3 X211.769 Y84.292 E1783.15544
G1 F3364.5 X212.613 Y84.622 E1783.25219
G1 F3348.8 X212.454 Y84.431 E1783.27885
G1 F3503.6 X212.092 Y84.054 E1783.33243
G1 F3600 X210.658 Y82.621 E1783.53472
G1 X209.995 Y82.11 E1783.61824
G1 X209.271 Y81.811 E1783.6964
G1 X208.274 Y81.675 E1783.7968
G1 X207.909 Y81.507 E1783.83689
G1 X207.634 Y81.2 E1783.87802
G1 F3529.4 X207.507 Y80.874 E1783.91363
G1 X207.5 Y81.236 E1783.95048
G1 F3600 X207.415 Y81.64 E1783.99167
G1 X207.149 Y82.004 E1784.03666
G1 X206.573 Y82.406 E1784.10674
G1 X206.204 Y82.775 E1784.15881
G1 X205.791 Y83.359 E1784.23018
G1 X205.432 Y83.617 E1784.27429
G1 X205.032 Y83.7 E1784.31506
G1 X204.496 Y83.7 E1784.36854
G1 X204.996 Y83.834 E1784.42019
G1 X205.301 Y84.106 E1784.46097
G1 X205.47 Y84.47 E1784.50101
G0 F7200 X207.345 Y81.677
G0 X207.507 Y80.874
G1 F3529.4 X207.5 Y80.7 E1784.51873
G1 F3600 X207.5 Y38.7 E1788.70951
G0 F7200 X208.274 Y37.725
G1 F3600 X209.271 Y37.589 E1788.80991
G1 X209.994 Y37.29 E1788.88798
G1 X210.662 Y36.775 E1788.97214
G1 X212.092 Y35.347 E1789.17379
G1 F3512.2 X212.455 Y34.97 E1789.22732
G1 F3356.6 X212.614 Y34.777 E1789.25408
G1 F3364.5 X211.763 Y35.109 E1789.3516
G1 F3478.3 X210.996 Y35.21 E1789.4315
G1 F3564.4 X210.2 Y35.098 E1789.51251
G1 F3600 X209.479 Y34.798 E1789.59043
G1 X208.859 Y34.311 E1789.66909
G1 X208.402 Y33.715 E1789.74403
G1 X208.102 Y33.002 E1789.82122
G1 X207.991 Y32.208 E1789.90121
G1 F3512.2 X208.087 Y31.429 E1789.98149
G1 F3364.5 X208.422 Y30.588 E1790.07814
G1 F3333.3 X208.239 Y30.738 E1790.10364
G1 F3486.7 X207.862 Y31.099 E1790.15741
G1 F3600 X206.422 Y32.537 E1790.36047
G1 X205.909 Y33.205 E1790.44451
G1 X205.61 Y33.928 E1790.52258
G1 X205.47 Y34.93 E1790.62353
G1 X205.301 Y35.293 E1790.66348
G1 X204.996 Y35.566 E1790.70433
G1 F3529.4 X204.67 Y35.693 E1790.73993
G1 X205.032 Y35.7 E1790.77678
G1 F3600 X205.433 Y35.783 E1790.81764
G1 X205.797 Y36.047 E1790.86251
G1 X206.204 Y36.625 E1790.93305
G1 X206.573 Y36.994 E1790.98512
G1 X207.155 Y37.402 E1791.05604
G1 X207.415 Y37.759 E1791.10011
G1 X207.5 Y38.164 E1791.1414
G1 X207.5 Y38.7 E1791.19488
G1 X207.634 Y38.2 E1791.24653
G1 X207.91 Y37.892 E1791.2878
G1 X208.274 Y37.725 E1791.32776
G0 F7200 X205.476 Y35.856
G0 X204.67 Y35.693
G1 F3529.4 X204.496 Y35.7 E1791.34548
G1 F3600 X92.5 Y35.7 E1802.52049
G0 F7200 X91.524 Y35.856
G0 X89.587 Y37.754
G1 F3600 X89.719 Y37.538 E1802.54574
G1 X89.895 Y37.366 E1802.5703
G1 X90.421 Y36.996 E1802.63447
G1 X90.792 Y36.625 E1802.68682
G1 X91.203 Y36.045 E1802.75775
G1 X91.559 Y35.785 E1802.80174
G1 X91.964 Y35.7 E1802.84303
G1 X92.5 Y35.7 E1802.89651
G1 X92 Y35.566 E1802.94816
G1 X91.692 Y35.29 E1802.98943
G1 X91.525 Y34.926 E1803.02939
G1 X91.39 Y33.927 E1803.12997
G1 X91.087 Y33.205 E1803.2081
G1 X90.577 Y32.536 E1803.29204
G1 X89.136 Y31.098 E1803.49517
G1 F3453.2 X88.755 Y30.741 E1803.54948
G1 F3151 X88.581 Y30.599 E1803.57508
G1 F3130.4 X88.91 Y31.437 E1803.67839
G1 F3428.6 X89.005 Y32.205 E1803.75946
G1 F3600 X88.898 Y33 E1803.8395
G1 X88.594 Y33.723 E1803.91776
G1 X88.12 Y34.32 E1803.99383
G1 X87.532 Y34.787 E1804.06875
G1 X86.807 Y35.096 E1804.14739
G1 X86.006 Y35.21 E1804.22812
G1 X85.222 Y35.107 E1804.30702
G1 F3445 X84.371 Y34.765 E1804.40265
G1 F3356.6 X84.541 Y34.97 E1804.43115
G1 F3512.2 X84.904 Y35.346 E1804.4846
G1 F3600 X86.342 Y36.782 E1804.68738
G1 X86.839 Y37.191 E1804.7516
G1 X87.355 Y37.466 E1804.80994
G1 X87.913 Y37.634 E1804.86809
G1 X88.682 Y37.713 E1804.94522
G1 X89.085 Y37.889 E1804.9891
G1 X89.366 Y38.2 E1805.03092
G1 X89.5 Y38.7 E1805.08258
G1 X89.5 Y38.164 E1805.13606
G1 X89.587 Y37.754 E1805.17788
G0 F7200 X89.5 Y38.7
G1 F3600 X89.5 Y80.7 E1809.36866
G1 F3538.1 X89.493 Y80.874 E1809.38634
G0 F7200 X89.005 Y87.198
G1 F3600 X88.907 Y87.97 E1809.46398
G1 F3445 X88.572 Y88.82 E1809.55925
G1 F3356.6 X88.771 Y88.656 E1809.58684
G1 F3512.2 X89.148 Y88.292 E1809.64044
G1 F3600 X90.577 Y86.864 E1809.84202
G1 X91.086 Y86.195 E1809.9259
G1 X91.389 Y85.473 E1810.00402
G1 X91.525 Y84.474 E1810.10462
G1 X91.692 Y84.11 E1810.14458
G1 X92 Y83.834 E1810.18585
G1 F3529.4 X92.326 Y83.707 E1810.22146
G1 X91.964 Y83.7 E1810.25831
G1 F3600 X91.559 Y83.615 E1810.2996
G1 X91.344 Y83.485 E1810.32467
G1 X91.166 Y83.305 E1810.34993
G1 X90.792 Y82.775 E1810.41465
G1 X90.421 Y82.404 E1810.46701
G1 X89.895 Y82.034 E1810.53117
G1 X89.719 Y81.861 E1810.5558
G1 X89.587 Y81.645 E1810.58106
G1 X89.5 Y81.236 E1810.62278
G1 F3529.4 X89.493 Y80.874 E1810.65963
G1 X89.366 Y81.2 E1810.69524
G1 F3600 X89.086 Y81.511 E1810.73699
G1 X88.683 Y81.687 E1810.78087
G1 X87.91 Y81.762 E1810.85837
G1 X87.354 Y81.929 E1810.91629
G1 X86.84 Y82.207 E1810.9746
G1 X86.34 Y82.615 E1811.03899
G1 X84.904 Y84.052 E1811.2417
G1 F3503.6 X84.542 Y84.431 E1811.29543
G1 F3348.8 X84.383 Y84.621 E1811.32201
G1 F3364.5 X85.23 Y84.292 E1811.41902
G1 F3478.3 X86.006 Y84.19 E1811.49985
G1 F3564.4 X86.808 Y84.305 E1811.5815
G1 F3600 X87.523 Y84.608 E1811.65898
G1 X88.125 Y85.07 E1811.7347
G1 X88.592 Y85.683 E1811.81159
G1 X88.899 Y86.396 E1811.88905
G1 X89.005 Y87.198 E1811.96977
G0 F7200 X88.552 Y88.837
G1 F3287.7 X88.121 Y89.319 E1812.04042
G1 F3356.6 X87.478 Y89.845 E1812.12932
G1 F2834.6 X87.128 Y90.048 E1812.18059
G1 F2352.9 X86.409 Y90.289 E1812.29636
G1 F2165.4 X86.148 Y90.323 E1812.34002
G0 F7200 X86.676 Y89.715
G1 F3600 X86.001 Y89.805 E1812.40797
G1 X85.321 Y89.717 E1812.47639
G1 X84.693 Y89.457 E1812.54421
G1 X84.16 Y89.038 E1812.61185
G1 X83.739 Y88.493 E1812.68057
G1 X83.482 Y87.864 E1812.74837
G1 X83.396 Y87.192 E1812.81597
G1 X83.483 Y86.511 E1812.88447
G1 X83.75 Y85.886 E1812.95229
G1 X84.159 Y85.359 E1813.01885
G1 X84.689 Y84.945 E1813.08595
G1 X85.321 Y84.684 E1813.15418
G1 X85.998 Y84.594 E1813.22233
G1 X86.691 Y84.69 E1813.29213
G1 X87.317 Y84.952 E1813.35985
G1 X87.837 Y85.359 E1813.42574
G1 X88.247 Y85.89 E1813.49267
G1 X88.512 Y86.507 E1813.55968
G1 X88.601 Y87.199 E1813.62929
G1 X88.516 Y87.876 E1813.69738
G1 X88.252 Y88.511 E1813.76599
G1 X87.841 Y89.041 E1813.83292
G1 X87.309 Y89.453 E1813.90006
G1 X86.676 Y89.715 E1813.96841
G0 F7200 X86.795 Y90.003
G0 X85.098 Y90.055
G1 F3582.1 X84.462 Y89.798 E1814.0372
G1 F3445 X83.868 Y89.331 E1814.11599
G1 F3461.5 X83.394 Y88.722 E1814.19607
G1 F3654.8 X83.121 Y88.014 E1814.27065
G1 F3809.5 X83.042 Y87.466 E1814.32286
G1 F2785.3 X82.874 Y87.091 E1814.37585
G1 F2758.6 X82.663 Y87.487 E1814.43428
G1 F3730.6 X82.769 Y88.265 E1814.50988
G1 F3546.8 X83.092 Y89.019 E1814.59296
G1 F3388.2 X83.565 Y89.634 E1814.67521
G1 X84.178 Y90.109 E1814.75743
G1 F3478.3 X84.898 Y90.414 E1814.83818
G1 F3645.6 X85.748 Y90.542 E1814.92288
G1 F2737.6 X86.148 Y90.323 E1814.98271
G1 F2790.7 X85.782 Y90.161 E1815.03423
G1 F3789.5 X85.098 Y90.055 E1815.09984
G0 F7200 X83.98 Y89.221
G0 X82.874 Y87.091
G1 F2175.2 X82.911 Y86.788 E1815.15025
G1 F2364.5 X83.151 Y86.071 E1815.26511
G1 F2880 X83.608 Y85.379 E1815.36855
G1 F3380.3 X83.973 Y84.987 E1815.42546
G1 F3257.9 X84.364 Y84.644 E1815.48281
G0 F7200 X89.339 Y81.461
G0 X89.339 Y37.941
G0 X84.36 Y34.751
G1 F3287.7 X83.877 Y34.32 E1815.55354
G1 F3396.2 X83.456 Y33.823 E1815.62243
G1 F2857.1 X83.152 Y33.329 E1815.69536
G1 F2449 X82.926 Y32.721 E1815.7905
G1 F2250 X82.877 Y32.348 E1815.85056
G0 F7200 X83.166 Y31.229
G1 F3478.3 X83.448 Y30.608 E1815.92099
G1 F3388.2 X83.866 Y30.069 E1815.99331
G1 F3469.9 X84.469 Y29.597 E1816.07258
G1 F3654.8 X85.182 Y29.321 E1816.14772
G1 F3829.8 X85.738 Y29.241 E1816.20041
G1 F2790.7 X86.115 Y29.074 E1816.25348
G1 F2758.6 X85.716 Y28.863 E1816.31226
G1 F3750 X84.933 Y28.971 E1816.38797
G1 F3546.8 X84.178 Y29.291 E1816.47102
G1 F3396.2 X83.563 Y29.766 E1816.55321
G1 F3388.2 X83.092 Y30.378 E1816.63508
G1 F3478.3 X82.785 Y31.098 E1816.71591
G1 F3654.8 X82.658 Y31.945 E1816.80009
G1 F2748.1 X82.877 Y32.348 E1816.86004
G1 F2801.6 X83.037 Y31.978 E1816.91173
G1 F3750 X83.166 Y31.229 E1816.98453
G0 F7200 X83.98 Y30.181
G0 X86.115 Y29.074
G1 F2168.7 X86.409 Y29.111 E1817.03361
G1 F2474.2 X87.222 Y29.383 E1817.15807
G1 F3063.8 X87.817 Y29.808 E1817.2438
G1 F3445 X88.117 Y30.077 E1817.28582
G1 F3287.7 X88.581 Y30.599 E1817.36212
G0 F7200 X88.857 Y32.201
G0 X88.473 Y33.629
G0 X87.685 Y34.478
G0 X86.809 Y34.997
G0 X86.691 Y34.71
G1 F3600 X85.998 Y34.806 E1817.43193
G1 X85.321 Y34.716 E1817.50008
G1 X84.692 Y34.457 E1817.56795
G1 X84.16 Y34.037 E1817.63558
G1 X83.745 Y33.507 E1817.70275
G1 X83.481 Y32.866 E1817.77192
G1 X83.395 Y32.2 E1817.83893
G1 X83.478 Y31.522 E1817.90708
G1 X83.745 Y30.895 E1817.97508
G1 X84.159 Y30.36 E1818.04258
G1 X84.703 Y29.939 E1818.11122
G1 X85.332 Y29.682 E1818.17902
G1 X86.006 Y29.596 E1818.24681
G1 X86.67 Y29.682 E1818.31362
G1 X87.304 Y29.944 E1818.38207
G1 X87.836 Y30.358 E1818.44933
G1 X88.249 Y30.889 E1818.51646
G1 X88.518 Y31.526 E1818.58545
G1 X88.601 Y32.202 E1818.65341
G1 X88.512 Y32.886 E1818.72224
G1 X88.251 Y33.511 E1818.78982
G1 X87.837 Y34.037 E1818.85661
G1 X87.319 Y34.445 E1818.9224
G1 X86.691 Y34.71 E1818.99041
G0 F7200 X86.809 Y34.997
G0 X91.763 Y35.541
G0 X205.237 Y35.541
G0 X208.441 Y30.572
G1 F3302.8 X208.877 Y30.079 E1819.06199
G1 F3436.8 X209.179 Y29.808 E1819.1044
G1 F3050.8 X209.774 Y29.383 E1819.1905
G1 F2465.8 X210.587 Y29.112 E1819.31534
G1 F2162.2 X210.853 Y29.077 E1819.35991
G0 F7200 X212.429 Y29.728
G0 X213.851 Y31.289
G1 F3779.5 X213.959 Y31.984 E1819.42676
G1 F2796.1 X214.119 Y32.36 E1819.47925
G1 F2737.6 X214.339 Y31.947 E1819.54065
G1 F3636.4 X214.214 Y31.096 E1819.62562
G1 F3461.5 X213.908 Y30.38 E1819.70642
G1 F3380.3 X213.434 Y29.768 E1819.78868
G1 F3396.2 X212.818 Y29.291 E1819.87108
G1 F3478.3 X212.098 Y28.986 E1819.95184
G1 F3645.6 X211.257 Y28.858 E1820.03566
G1 F2742.9 X210.853 Y29.077 E1820.09584
G1 F2801.6 X211.219 Y29.238 E1820.14711
G1 F3789.5 X211.898 Y29.345 E1820.21226
G1 F3582.1 X212.531 Y29.601 E1820.28074
G1 F3445 X213.131 Y30.07 E1820.36014
G1 F3436.8 X213.598 Y30.672 E1820.43978
G1 F3564.4 X213.851 Y31.289 E1820.50698
G0 F7200 X214.119 Y32.36
G1 F2162.2 X214.087 Y32.614 E1820.54951
G1 F2250 X213.897 Y33.242 E1820.65426
G1 F2632.5 X213.693 Y33.597 E1820.71013
G1 F3130.4 X213.272 Y34.184 E1820.79302
G1 F3144.1 X212.636 Y34.751 E1820.89036
G0 F7200 X211.675 Y34.717
G1 F3600 X210.999 Y34.805 E1820.95838
G1 X210.31 Y34.712 E1821.02776
G1 X209.687 Y34.452 E1821.09512
G1 X209.159 Y34.037 E1821.16213
G1 X208.749 Y33.513 E1821.22851
G1 X208.488 Y32.886 E1821.29628
G1 X208.395 Y32.203 E1821.36506
G1 X208.478 Y31.522 E1821.43351
G1 X208.749 Y30.887 E1821.5024
G1 X209.158 Y30.36 E1821.56896
G1 X209.692 Y29.944 E1821.63651
G1 X210.325 Y29.682 E1821.70486
G1 X211.001 Y29.595 E1821.77287
G1 X211.674 Y29.683 E1821.8406
G1 X212.298 Y29.941 E1821.90797
G1 X212.838 Y30.353 E1821.97574
G1 X213.253 Y30.899 E1822.04417
G1 X213.517 Y31.522 E1822.11169
G1 X213.601 Y32.2 E1822.17986
G1 X213.518 Y32.871 E1822.24732
G1 X213.256 Y33.506 E1822.31586
G1 X212.837 Y34.037 E1822.38335
G1 X212.304 Y34.456 E1822.451
G1 X211.675 Y34.717 E1822.51895
G0 F7200 X211.715 Y35.025
G0 X207.66 Y37.965
G0 X207.66 Y81.438
G0 X212.632 Y84.644
G1 F3287.7 X213.118 Y85.076 E1822.59
G1 F3341.1 X213.642 Y85.722 E1822.67943
G1 F2812.5 X213.848 Y86.073 E1822.73141
G1 F2341.5 X214.087 Y86.786 E1822.84677
G1 F2152.5 X214.121 Y87.061 E1822.89301
G0 F7200 X213.473 Y88.629
G0 X212.541 Y89.588
G0 X211.704 Y90.027
G0 X211.664 Y89.718
G1 F3600 X210.993 Y89.804 E1822.96051
G1 X210.312 Y89.713 E1823.02907
G1 X209.681 Y89.448 E1823.09736
G1 X209.159 Y89.037 E1823.16365
G1 X208.744 Y88.504 E1823.23105
G1 X208.484 Y87.875 E1823.29897
G1 X208.394 Y87.204 E1823.36652
G1 X208.484 Y86.507 E1823.43664
G1 X208.749 Y85.89 E1823.50364
G1 X209.164 Y85.348 E1823.57176
G1 X209.689 Y84.947 E1823.63768
G1 X210.31 Y84.688 E1823.70481
G1 X210.999 Y84.595 E1823.77418
G1 X211.674 Y84.683 E1823.84211
G1 X212.301 Y84.942 E1823.9098
G1 X212.838 Y85.353 E1823.97727
G1 X213.245 Y85.885 E1824.04411
G1 X213.513 Y86.511 E1824.11205
G1 X213.6 Y87.196 E1824.18095
G1 X213.521 Y87.861 E1824.24777
G1 X213.26 Y88.496 E1824.31628
G1 X212.841 Y89.04 E1824.38479
G1 X212.302 Y89.457 E1824.45279
G1 X211.664 Y89.718 E1824.52157
G0 F7200 X211.814 Y90.079
G1 F3809.5 X211.26 Y90.158 E1824.57434
G1 F2779.9 X210.885 Y90.326 E1824.62743
G1 F2758.6 X211.282 Y90.537 E1824.68597
G1 F3730.6 X212.064 Y90.428 E1824.762
G1 F3546.8 X212.818 Y90.109 E1824.84492
G1 F3388.2 X213.433 Y89.633 E1824.92736
G1 F3380.3 X213.909 Y89.017 E1825.01009
G1 F3546.8 X214.23 Y88.264 E1825.09299
G1 F3740.3 X214.335 Y87.479 E1825.16905
G1 F2742.9 X214.121 Y87.061 E1825.23055
G1 F2769.2 X213.956 Y87.455 E1825.28596
G1 F3829.8 X213.882 Y88.009 E1825.33838
G1 F3673.5 X213.604 Y88.725 E1825.41349
G1 F3461.5 X213.129 Y89.329 E1825.49323
G1 X212.526 Y89.804 E1825.57289
G1 F3664.1 X211.814 Y90.079 E1825.64771
G0 F7200 X210.885 Y90.326
G1 F2168.7 X210.587 Y90.288 E1825.69747
G1 F2352.9 X209.868 Y90.048 E1825.81319
G1 F2823.5 X209.519 Y89.845 E1825.86455
G1 F3341.1 X208.876 Y89.32 E1825.9538
G1 F3272.7 X208.443 Y88.832 E1826.02541
G0 F7200 X205.395 Y84.522
G0 X205.081 Y84.562
G1 F3600 X205.221 Y85.578 E1826.12774
G1 X205.56 Y86.397 E1826.21619
G1 X206.121 Y87.127 E1826.30805
G1 X208.897 Y89.907 E1826.70006
G1 X209.627 Y90.467 E1826.79186
G1 X210.449 Y90.806 E1826.88058
G1 X211.328 Y90.922 E1826.96905
G1 X212.203 Y90.807 E1827.05711
G1 X213.025 Y90.467 E1827.14587
G1 X213.728 Y89.928 E1827.23426
G1 X214.268 Y89.225 E1827.32271
G1 X214.606 Y88.408 E1827.41093
G1 X214.718 Y87.528 E1827.49944
G1 X214.607 Y86.648 E1827.58795
G1 X214.268 Y85.831 E1827.67621
G1 X213.707 Y85.101 E1827.76807
G1 X210.923 Y82.32 E1828.16071
G1 X210.197 Y81.76 E1828.2522
G1 X209.375 Y81.421 E1828.34092
G1 X208.364 Y81.285 E1828.44271
G1 X208.145 Y81.184 E1828.46677
G1 X207.98 Y81 E1828.49143
G1 X207.9 Y80.782 E1828.5146
G1 X207.9 Y38.7 E1832.71356
G1 X207.98 Y38.4 E1832.74454
G1 X208.146 Y38.215 E1832.76934
G1 X208.364 Y38.115 E1832.79327
G1 X209.375 Y37.979 E1832.89506
G1 X210.196 Y37.64 E1832.98369
G1 X210.927 Y37.076 E1833.07581
G1 X213.707 Y34.299 E1833.46789
G1 X214.268 Y33.569 E1833.55975
G1 X214.606 Y32.752 E1833.64798
G1 X214.718 Y31.872 E1833.73649
G1 X214.607 Y30.992 E1833.82499
G1 X214.268 Y30.172 E1833.91353
G1 X213.728 Y29.473 E1834.00166
G1 X213.025 Y28.933 E1834.09012
G1 X212.203 Y28.593 E1834.17887
G1 X211.328 Y28.478 E1834.26693
G1 X210.449 Y28.593 E1834.35539
G1 X209.628 Y28.932 E1834.44402
G1 X208.901 Y29.492 E1834.53558
G1 X206.121 Y32.273 E1834.92794
G1 X205.56 Y33.003 E1835.0198
G1 X205.221 Y33.822 E1835.10825
G1 X205.081 Y34.838 E1835.21058
G1 X204.979 Y35.056 E1835.2346
G1 X204.796 Y35.22 E1835.25912
G1 X204.578 Y35.3 E1835.28229
G1 X92.5 Y35.3 E1846.46548
G1 X92.2 Y35.22 E1846.49646
G1 X92.015 Y35.054 E1846.52126
G1 X91.915 Y34.836 E1846.54519
G1 X91.779 Y33.822 E1846.64727
G1 X91.436 Y33.003 E1846.73587
G1 X90.879 Y32.272 E1846.82757
G1 X88.094 Y29.492 E1847.22021
G1 X87.368 Y28.932 E1847.3117
G1 X86.547 Y28.593 E1847.40033
G1 X85.672 Y28.478 E1847.48839
G1 X84.793 Y28.594 E1847.57685
G1 X83.971 Y28.932 E1847.66554
G1 X83.268 Y29.472 E1847.75399
G1 X82.733 Y30.171 E1847.84182
G1 X82.393 Y30.993 E1847.93058
G1 X82.278 Y31.872 E1848.01903
G1 X82.393 Y32.751 E1848.10749
G1 X82.732 Y33.57 E1848.19593
G1 X83.289 Y34.3 E1848.28755
G1 X86.072 Y37.078 E1848.67991
G1 X86.616 Y37.526 E1848.75023
G1 X87.202 Y37.838 E1848.81647
G1 X87.834 Y38.028 E1848.88232
G1 X88.632 Y38.114 E1848.96241
G1 X88.851 Y38.213 E1848.98639
G1 X89.02 Y38.4 E1849.01154
G1 X89.1 Y38.7 E1849.04252
G1 X89.1 Y80.782 E1853.24148
G1 X89.02 Y81 E1853.26465
G1 X88.852 Y81.187 E1853.28973
G1 X88.632 Y81.286 E1853.3138
G1 X87.833 Y81.368 E1853.39395
G1 X87.2 Y81.557 E1853.45986
G1 X86.616 Y81.873 E1853.52612
G1 X86.072 Y82.318 E1853.59625
G1 X83.29 Y85.101 E1853.98889
G1 X82.733 Y85.831 E1854.08051
G1 X82.394 Y86.65 E1854.16895
G1 X82.278 Y87.528 E1854.25732
G1 X82.393 Y88.407 E1854.34577
G1 X82.733 Y89.226 E1854.43426
G1 X83.269 Y89.928 E1854.52239
G1 X83.971 Y90.468 E1854.61076
G1 X84.793 Y90.806 E1854.69944
G1 X85.672 Y90.922 E1854.78791
G1 X86.547 Y90.807 E1854.87597
G1 X87.369 Y90.467 E1854.96473
G1 X88.099 Y89.907 E1855.05653
G1 X90.879 Y87.128 E1855.44875
G1 X91.436 Y86.397 E1855.54045
G1 X91.779 Y85.578 E1855.62904
G1 X91.915 Y84.564 E1855.73113
G1 X92.015 Y84.346 E1855.75506
G1 X92.2 Y84.18 E1855.77986
G1 X92.418 Y84.1 E1855.80303
G1 X204.496 Y84.1 E1866.98622
G1 X204.796 Y84.18 E1867.0172
G1 X204.979 Y84.344 E1867.04172
G1 X205.081 Y84.562 E1867.06573
G0 F7200 X204.691 Y84.654
;TYPE:WALL-OUTER
G1 F1800 X204.831 Y85.683 E1867.16935
G1 X205.211 Y86.599 E1867.26831
G1 X205.819 Y87.391 E1867.36793
G1 X208.633 Y90.209 E1867.7653
G1 X209.425 Y90.817 E1867.86493
G1 X210.345 Y91.196 E1867.96421
G1 X211.328 Y91.326 E1868.06315
G1 X212.307 Y91.197 E1868.16168
G1 X213.227 Y90.817 E1868.261
G1 X214.013 Y90.213 E1868.35991
G1 X214.617 Y89.427 E1868.45882
G1 X214.996 Y88.512 E1868.55764
G1 X215.122 Y87.528 E1868.65662
G1 X214.997 Y86.544 E1868.7556
G1 X214.617 Y85.629 E1868.85446
G1 X214.009 Y84.837 E1868.95408
G1 X211.187 Y82.019 E1869.35202
G1 X210.399 Y81.411 E1869.45133
G1 X209.479 Y81.031 E1869.55065
G1 X208.397 Y80.887 E1869.65956
G1 X208.302 Y80.735 E1869.67745
G1 X208.3 Y38.619 E1873.8798
G1 X208.454 Y38.505 E1873.89892
G1 X209.479 Y38.369 E1874.00209
G1 X210.398 Y37.989 E1874.10132
G1 X211.191 Y37.377 E1874.20126
G1 X214.009 Y34.563 E1874.59863
G1 X214.617 Y33.771 E1874.69826
G1 X214.996 Y32.856 E1874.79708
G1 X215.122 Y31.872 E1874.89607
G1 X214.997 Y30.888 E1874.99504
G1 X214.617 Y29.97 E1875.09418
G1 X214.013 Y29.187 E1875.19285
G1 X213.227 Y28.583 E1875.29176
G1 X212.307 Y28.203 E1875.39108
G1 X211.328 Y28.074 E1875.48961
G1 X210.345 Y28.203 E1875.58853
G1 X209.426 Y28.583 E1875.68776
G1 X208.637 Y29.191 E1875.78715
G1 X205.819 Y32.009 E1876.1848
G1 X205.211 Y32.801 E1876.28443
G1 X204.831 Y33.717 E1876.38338
G1 X204.682 Y34.775 E1876.48999
G1 X204.531 Y34.898 E1876.50942
G1 X92.418 Y34.9 E1887.6961
G1 X92.301 Y34.727 E1887.71694
G1 X92.169 Y33.717 E1887.81858
G1 X91.785 Y32.801 E1887.91768
G1 X91.181 Y32.008 E1888.01714
G1 X88.359 Y29.191 E1888.41501
G1 X87.57 Y28.583 E1888.5144
G1 X86.651 Y28.203 E1888.61362
G1 X85.672 Y28.074 E1888.71215
G1 X84.689 Y28.204 E1888.81109
G1 X83.769 Y28.583 E1888.91037
G1 X82.983 Y29.187 E1889.00928
G1 X82.383 Y29.969 E1889.10763
G1 X82.003 Y30.889 E1889.20695
G1 X81.874 Y31.872 E1889.30588
G1 X82.003 Y32.855 E1889.4048
G1 X82.383 Y33.771 E1889.50376
G1 X82.987 Y34.564 E1889.60322
G1 X85.803 Y37.375 E1890.00023
G1 X86.392 Y37.86 E1890.07637
G1 X87.049 Y38.21 E1890.15064
G1 X87.756 Y38.422 E1890.22429
G1 X88.544 Y38.504 E1890.30334
G1 X88.7 Y38.619 E1890.32268
G1 X88.698 Y80.735 E1894.52503
G1 X88.6 Y80.892 E1894.5435
G1 X87.755 Y80.974 E1894.62821
G1 X87.046 Y81.186 E1894.70205
G1 X86.392 Y81.539 E1894.7762
G1 X85.803 Y82.021 E1894.85215
G1 X82.988 Y84.837 E1895.24944
G1 X82.383 Y85.629 E1895.34889
G1 X82.004 Y86.545 E1895.4478
G1 X81.874 Y87.528 E1895.54674
G1 X82.003 Y88.511 E1895.64566
G1 X82.383 Y89.427 E1895.74462
G1 X82.983 Y90.213 E1895.84328
G1 X83.769 Y90.817 E1895.94219
G1 X84.689 Y91.196 E1896.04147
G1 X85.672 Y91.326 E1896.14041
G1 X86.651 Y91.197 E1896.23894
G1 X87.571 Y90.817 E1896.33826
G1 X88.363 Y90.209 E1896.43789
G1 X91.181 Y87.392 E1896.83547
G1 X91.785 Y86.599 E1896.93493
G1 X92.169 Y85.683 E1897.03404
G1 X92.312 Y84.598 E1897.14324
G1 X92.465 Y84.502 E1897.16126
G1 X204.577 Y84.5 E1908.34784
G1 X204.691 Y84.654 E1908.36696
G0 F7200 X204.717 Y84.852
G0 X205.426 Y84.761
G0 X205.763 Y83.248
G0 X205.178 Y82.838
G1 F1800 X205.089 Y82.9 E1908.37778
G1 X91.907 Y82.9 E1919.67113
G1 X91.817 Y82.837 E1919.68209
G1 X91.406 Y82.258 E1919.75294
G1 X90.938 Y81.79 E1919.81898
G1 X90.364 Y81.384 E1919.88913
G1 X90.3 Y81.236 E1919.90522
G1 X90.3 Y38.164 E1924.20296
G1 X90.352 Y38.022 E1924.21805
G1 X90.938 Y37.61 E1924.28953
G1 X91.406 Y37.142 E1924.35556
G1 X91.817 Y36.563 E1924.42641
G1 X91.964 Y36.5 E1924.44237
G1 X205.09 Y36.5 E1935.73013
G1 X205.178 Y36.562 E1935.74087
G1 X205.59 Y37.142 E1935.81186
G1 X206.057 Y37.61 E1935.87783
G1 X206.637 Y38.017 E1935.94853
G1 X206.7 Y38.164 E1935.96449
G1 X206.7 Y81.293 E1940.26791
G1 X206.637 Y81.383 E1940.27888
G1 X206.057 Y81.79 E1940.34958
G1 X205.59 Y82.258 E1940.41555
G1 X205.178 Y82.838 E1940.48653
G0 F7200 X205.089 Y82.9
G0 X204.997 Y82.9
G0 X204.997 Y83.611
G0 X208.143 Y87.201
G0 X208.527 Y88.629
G0 X209.571 Y89.674
G0 X210.859 Y90.039
G0 X211.848 Y89.981
G0 X211.576 Y89.323
G1 F1800 X211.009 Y89.4 E1940.54363
G1 X210.436 Y89.328 E1940.60125
G1 X209.903 Y89.11 E1940.65871
G1 X209.442 Y88.754 E1940.71683
G1 X209.092 Y88.3 E1940.77403
G1 X208.869 Y87.743 E1940.83389
G1 X208.801 Y87.227 E1940.88583
G1 X208.869 Y86.633 E1940.94548
G1 X209.089 Y86.109 E1941.00219
G1 X209.436 Y85.648 E1941.05976
G1 X209.906 Y85.289 E1941.11877
G1 X210.429 Y85.072 E1941.17527
G1 X211.001 Y84.998 E1941.23282
G1 X211.543 Y85.069 E1941.28737
G1 X212.1 Y85.292 E1941.34723
G1 X212.554 Y85.642 E1941.40443
G1 X212.913 Y86.121 E1941.46416
G1 X213.128 Y86.636 E1941.51985
G1 X213.196 Y87.21 E1941.57752
G1 X213.124 Y87.776 E1941.63445
G1 X212.902 Y88.308 E1941.69197
G1 X212.554 Y88.754 E1941.74842
G1 X212.117 Y89.095 E1941.80373
G1 X211.576 Y89.323 E1941.8623
G0 F7200 X211.378 Y89.349
G0 X211.471 Y90.057
G0 X212.429 Y89.674
G0 X213.473 Y88.629
G0 X213.857 Y87.201
G0 X213.473 Y85.772
G0 X210.766 Y82.512
G0 X207.66 Y81.438
G0 X207.66 Y37.965
G0 X211.635 Y35.036
G0 X211.543 Y34.331
G1 F1800 X211 Y34.403 E1941.91696
G1 X210.433 Y34.327 E1941.97404
G1 X209.906 Y34.111 E1942.03087
G1 X209.442 Y33.754 E1942.08929
G1 X209.089 Y33.291 E1942.14738
G1 X208.869 Y32.743 E1942.2063
G1 X208.801 Y32.227 E1942.25823
G1 X208.868 Y31.625 E1942.31867
G1 X209.108 Y31.078 E1942.37827
G1 X209.424 Y30.662 E1942.4304
G1 X209.895 Y30.293 E1942.4901
G1 X210.454 Y30.069 E1942.55019
G1 X211.001 Y29.998 E1942.60523
G1 X211.543 Y30.069 E1942.65977
G1 X212.108 Y30.298 E1942.7206
G1 X212.557 Y30.642 E1942.77704
G1 X212.913 Y31.121 E1942.83659
G1 X213.128 Y31.63 E1942.89172
G1 X213.195 Y32.225 E1942.95147
G1 X213.128 Y32.767 E1943.00596
G1 X212.907 Y33.301 E1943.06363
G1 X212.554 Y33.754 E1943.12093
G1 X212.1 Y34.108 E1943.17837
G1 X211.543 Y34.331 E1943.23824
G0 F7200 X211.345 Y34.357
G0 X211.437 Y35.062
G0 X205.237 Y35.541
G0 X91.763 Y35.541
G0 X86.658 Y35.033
G0 X86.566 Y34.326
G1 F1800 X86.001 Y34.403 E1943.29514
G1 X85.428 Y34.328 E1943.3528
G1 X84.881 Y34.096 E1943.41209
G1 X84.442 Y33.754 E1943.46761
G1 X84.092 Y33.3 E1943.52481
G1 X83.869 Y32.743 E1943.58468
G1 X83.801 Y32.227 E1943.63661
G1 X83.868 Y31.625 E1943.69705
G1 X84.108 Y31.078 E1943.75665
G1 X84.442 Y30.642 E1943.81145
G1 X84.888 Y30.299 E1943.86759
G1 X85.42 Y30.077 E1943.92511
G1 X85.991 Y30 E1943.9826
G1 X86.543 Y30.069 E1944.03811
G1 X87.1 Y30.292 E1944.09798
G1 X87.554 Y30.642 E1944.15518
G1 X87.893 Y31.084 E1944.21076
G1 X88.128 Y31.629 E1944.26998
G1 X88.195 Y32.225 E1944.32982
G1 X88.127 Y32.763 E1944.38393
G1 X87.911 Y33.29 E1944.44076
G1 X87.554 Y33.754 E1944.49918
G1 X87.097 Y34.108 E1944.55686
G1 X86.566 Y34.326 E1944.61413
G0 F7200 X86.368 Y34.353
G0 X86.46 Y35.059
G0 X89.339 Y37.941
G0 X89.339 Y81.461
G0 X88.759 Y87.939
G0 X88.02 Y89.221
G0 X86.652 Y90.033
G0 X86.56 Y89.328
G1 F1800 X86.001 Y89.402 E1944.6704
G1 X85.428 Y89.328 E1944.72804
G1 X84.879 Y89.095 E1944.78755
G1 X84.442 Y88.754 E1944.84286
G1 X84.099 Y88.308 E1944.899
G1 X83.877 Y87.776 E1944.95652
G1 X83.8 Y87.18 E1945.01649
G1 X83.868 Y86.636 E1945.07119
G1 X84.108 Y86.078 E1945.1318
G1 X84.442 Y85.642 E1945.1866
G1 X84.896 Y85.292 E1945.2438
G1 X85.454 Y85.069 E1945.30376
G1 X86.001 Y84.997 E1945.35881
G1 X86.565 Y85.074 E1945.41561
G1 X87.096 Y85.292 E1945.47288
G1 X87.554 Y85.642 E1945.5304
G1 X87.913 Y86.121 E1945.59013
G1 X88.128 Y86.626 E1945.64489
G1 X88.195 Y87.225 E1945.70503
G1 X88.128 Y87.768 E1945.75962
G1 X87.891 Y88.323 E1945.81984
G1 X87.554 Y88.754 E1945.87443
G1 X87.093 Y89.11 E1945.93255
G1 X86.56 Y89.328 E1945.99001
G0 F7200 X86.362 Y89.354
G0 X86.454 Y90.059
G0 X87.429 Y89.674
G0 X88.473 Y88.629
G0 X89.72 Y83.68
;TYPE:SKIN
G1 F1800 X91.003 Y83.68 E1946.11803
G1 X91.359 Y83.935 E1946.16172
G1 X91.149 Y84.404 E1946.21299
G1 X91.017 Y85.37 E1946.31028
G1 X90.753 Y86.003 E1946.37871
G1 X90.293 Y86.608 E1946.45455
G1 X89.339 Y87.563 E1946.58924
G1 X89.383 Y87.166 E1946.62909
G1 X89.267 Y86.286 E1946.71766
G1 X88.917 Y85.484 E1946.80497
G1 X88.406 Y84.811 E1946.88929
G1 X87.704 Y84.272 E1946.9776
G1 X86.872 Y83.92 E1947.06774
G1 X86.178 Y83.829 E1947.13758
G1 X85.637 Y83.853 E1947.19161
G1 X86.599 Y82.893 E1947.32722
G1 X87.052 Y82.523 E1947.38558
G1 X87.502 Y82.278 E1947.43671
G1 X87.979 Y82.137 E1947.48634
G1 X88.772 Y82.057 E1947.56587
G1 X89.264 Y81.841 E1947.61948
G1 X89.52 Y82.19 E1947.66267
G1 X89.52 Y83.48 E1947.79139
G1 X89.56 Y83.601 E1947.8041
G1 X89.72 Y83.68 E1947.82191
G0 F7200 X88.967 Y82.179
G1 F1800 X89.32 Y82.532 E1947.87172
G0 F7200 X89.32 Y83.098
G1 F1800 X88.508 Y82.285 E1947.98637
G0 F7200 X87.997 Y82.34
G1 F1800 X90.841 Y85.184 E1948.38769
G0 F7200 X90.701 Y85.609
G1 F1800 X87.564 Y82.473 E1948.83028
G0 F7200 X87.198 Y82.672
G1 F1800 X90.513 Y85.988 E1949.29814
G0 F7200 X90.269 Y86.309
G1 F1800 X86.882 Y82.922 E1949.77608
G0 F7200 X86.585 Y83.19
G1 F1800 X87.261 Y83.866 E1949.87147
G0 F7200 X86.498 Y83.67
G1 F1800 X86.302 Y83.473 E1949.8992
G0 F7200 X90.103 Y83.881
G1 F1800 X90.909 Y84.687 E1950.01293
G0 F7200 X90.977 Y84.189
G1 F1800 X90.669 Y83.881 E1950.0564
G0 F7200 X89.333 Y85.939
G1 F1800 X90.006 Y86.612 E1950.15136
G0 F7200 X89.723 Y86.895
G1 F1800 X89.522 Y86.693 E1950.1798
G0 F7200 X89.655 Y37.725
G0 X89.72 Y35.72
G1 F1800 X89.597 Y35.761 E1950.19274
G1 X89.52 Y35.92 E1950.21036
G1 X89.52 Y37.203 E1950.33838
G1 X89.264 Y37.553 E1950.38165
G1 X88.994 Y37.408 E1950.41223
G1 X88.741 Y37.337 E1950.43845
G1 X87.984 Y37.258 E1950.51439
G1 X87.501 Y37.114 E1950.56468
G1 X87.052 Y36.873 E1950.61553
G1 X86.595 Y36.495 E1950.67471
G1 X85.639 Y35.543 E1950.80933
G1 X86.156 Y35.568 E1950.86097
G1 X86.879 Y35.476 E1950.9337
G1 X87.726 Y35.111 E1951.02572
G1 X88.395 Y34.595 E1951.11003
G1 X88.917 Y33.916 E1951.19548
G1 X89.268 Y33.104 E1951.28375
G1 X89.383 Y32.235 E1951.37122
G1 X89.341 Y31.839 E1951.41095
G1 X90.293 Y32.792 E1951.54536
G1 X90.757 Y33.402 E1951.62183
G1 X91.017 Y34.018 E1951.68855
G1 X91.149 Y34.992 E1951.78662
G1 X91.356 Y35.466 E1951.83823
G1 X91.007 Y35.72 E1951.8813
G1 X89.72 Y35.72 E1952.00972
G0 F7200 X90.411 Y33.276
G1 F1800 X89.559 Y32.425 E1952.12987
G0 F7200 X89.493 Y32.924
G1 F1800 X90.852 Y34.283 E1952.32164
G0 F7200 X90.94 Y34.937
G1 F1800 X89.371 Y33.368 E1952.54305
G0 F7200 X89.199 Y33.762
G1 F1800 X90.95 Y35.513 E1952.79013
G0 F7200 X90.392 Y35.52
G1 F1800 X89.002 Y34.131 E1952.98621
G0 F7200 X88.757 Y34.451
G1 F1800 X89.826 Y35.52 E1953.13705
G0 F7200 X89.409 Y35.669
G1 F1800 X88.504 Y34.763 E1953.26483
G0 F7200 X88.184 Y35.01
G1 F1800 X89.32 Y36.146 E1953.42513
G0 F7200 X89.32 Y36.712
G1 F1800 X87.864 Y35.256 E1953.63059
G0 F7200 X87.478 Y35.435
G1 F1800 X89.252 Y37.209 E1953.88092
G0 F7200 X88.603 Y37.126
G1 F1800 X87.084 Y35.606 E1954.09534
G0 F7200 X86.621 Y35.71
G1 F1800 X87.951 Y37.039 E1954.28294
G1 X88.021 Y37.109
G0 F7200 X91.524 Y35.856
G0 X205.476 Y35.856
G0 X207.48 Y35.92
G1 F1800 X207.432 Y35.788 E1954.29696
G1 X207.28 Y35.72 E1954.31357
G1 X205.989 Y35.72 E1954.44239
G1 X205.634 Y35.464 E1954.48606
G1 X205.843 Y34.996 E1954.5372
G1 X205.979 Y34.026 E1954.63494
G1 X206.243 Y33.393 E1954.70337
G1 X206.703 Y32.793 E1954.77881
G1 X207.65 Y31.844 E1954.91258
G1 X207.606 Y32.209 E1954.94927
G1 X207.743 Y33.134 E1955.04257
G1 X208.075 Y33.913 E1955.12706
G1 X208.565 Y34.554 E1955.20757
G1 X209.28 Y35.121 E1955.29862
G1 X210.062 Y35.453 E1955.38339
G1 X210.815 Y35.567 E1955.45938
G1 X211.352 Y35.544 E1955.51301
G1 X210.407 Y36.489 E1955.64636
G1 X209.802 Y36.957 E1955.72268
G1 X209.171 Y37.217 E1955.79078
G1 X208.204 Y37.349 E1955.88816
G1 X207.731 Y37.557 E1955.93972
G1 X207.48 Y37.207 E1955.9827
G1 X207.48 Y35.92 E1956.11111
G0 F7200 X205.988 Y35.151
G1 F1800 X206.357 Y35.52 E1956.16318
G0 F7200 X206.923 Y35.52
G1 F1800 X206.088 Y34.685 E1956.28101
G0 F7200 X206.158 Y34.189
G1 F1800 X209.005 Y37.037 E1956.68282
G0 F7200 X209.428 Y36.894
G1 F1800 X206.303 Y33.769 E1957.1238
G0 F7200 X206.494 Y33.394
G1 F1800 X209.803 Y36.703 E1957.59073
G0 F7200 X210.122 Y36.456
G1 F1800 X206.739 Y33.074 E1958.06804
G0 F7200 X207.004 Y32.773
G1 F1800 X207.647 Y33.416 E1958.15877
G0 F7200 X207.47 Y32.673
G1 F1800 X207.286 Y32.489 E1958.18474
G0 F7200 X207.68 Y36.277
G1 F1800 X208.508 Y37.105 E1958.30158
G0 F7200 X208.011 Y37.174
G1 F1800 X207.68 Y36.843 E1958.34828
G0 F7200 X209.782 Y35.551
G1 F1800 X210.422 Y36.191 E1958.43859
G0 F7200 X210.705 Y35.908
G1 F1800 X210.522 Y35.725 E1958.46442
G0 F7200 X207.66 Y37.965
G0 X207.48 Y83.48
G1 F1800 X207.48 Y82.195 E1958.59264
G1 X207.733 Y81.844 E1958.63581
G1 X208.209 Y82.052 E1958.68764
G1 X209.171 Y82.179 E1958.78446
G1 X209.802 Y82.443 E1958.85271
G1 X210.399 Y82.903 E1958.92791
G1 X211.352 Y83.852 E1959.06211
G1 X210.815 Y83.829 E1959.11574
G1 X210.106 Y83.93 E1959.1872
G1 X209.274 Y84.28 E1959.27726
G1 X208.601 Y84.8 E1959.36213
G1 X208.079 Y85.48 E1959.44766
G1 X207.726 Y86.308 E1959.53748
G1 X207.609 Y87.173 E1959.62457
G1 X207.654 Y87.558 E1959.66325
G1 X206.703 Y86.604 E1959.79766
G1 X206.243 Y86.002 E1959.87325
G1 X205.979 Y85.37 E1959.9416
G1 X205.843 Y84.4 E1960.03933
G1 X205.634 Y83.933 E1960.09038
G1 X205.985 Y83.68 E1960.13355
G1 X207.28 Y83.68 E1960.26277
G1 X207.406 Y83.637 E1960.27605
G1 X207.48 Y83.48 E1960.29337
G0 F7200 X210.401 Y83.688
G1 F1800 X209.084 Y82.37 E1960.47928
G0 F7200 X208.434 Y82.286
G1 F1800 X209.929 Y83.782 E1960.69032
G0 F7200 X209.533 Y83.951
G1 F1800 X207.758 Y82.176 E1960.94079
G0 F7200 X207.68 Y82.664
G1 F1800 X209.145 Y84.129 E1961.14752
G0 F7200 X208.823 Y84.373
G1 F1800 X207.68 Y83.229 E1961.30888
G0 F7200 X207.602 Y83.717
G1 F1800 X208.502 Y84.617 E1961.43588
G0 F7200 X208.25 Y84.931
G1 F1800 X207.199 Y83.88 E1961.58418
G0 F7200 X206.634 Y83.88
G1 F1800 X208.004 Y85.25 E1961.7775
G0 F7200 X207.804 Y85.616
G1 F1800 X206.068 Y83.88 E1962.02247
G0 F7200 X206.049 Y84.426
G1 F1800 X207.632 Y86.01 E1962.24592
G0 F7200 X207.506 Y86.449
G1 F1800 X206.14 Y85.083 E1962.43868
G1 X206.07 Y85.013
G0 F7200 X206.5 Y86.009
G1 F1800 X207.438 Y86.947 E1962.57104
G1 X207.508 Y87.017
G1 F1500 E1956.07104
;MESH:manette_front-Body_(Meshed).stl
G0 F7200 X208.784 Y90.034
G0 X208.119 Y90.903
G0 X209.125 Y111.196
G0 X209.544 Y112.206
G0 X208.631 Y114.988
G0 X208.06 Y121.738
G0 X207.14 Y165.867
;TYPE:FILL
G1 F1500 E1962.57104
G1 F3600 X207.14 Y165.945 E1962.57882
G1 X207.14 Y166.763 E1962.66044
G1 X206.239 Y166.763 E1962.75035
G1 X206.479 Y166.43 E1962.7913
G1 X206.805 Y166.103 E1962.83738
G1 X207.095 Y165.9 E1962.8727
G1 X207.14 Y165.867 E1962.87827
G0 F7200 X207.345 Y121.147
G0 X205.476 Y119.278
G0 X91.524 Y119.278
G0 X90.751 Y119.483
G1 F3600 X90.516 Y119.811 E1962.91853
G1 X90.186 Y120.142 E1962.96516
G1 X89.86 Y120.301 E1963.00135
G1 X89.86 Y119.483 E1963.08298
G1 X90.751 Y119.483 E1963.17188
G0 F7200 X89.655 Y121.147
G0 X89.655 Y165.098
G0 X89.86 Y165.865
G1 F3600 X90.188 Y166.1 E1963.21214
G1 X90.516 Y166.427 E1963.25835
G1 X90.752 Y166.763 E1963.29932
G1 X89.86 Y166.763 E1963.38833
G0 F7200 X89.655 Y165.098
G0 X89.655 Y121.147
G0 X91.524 Y119.278
G0 X205.476 Y119.278
G0 X206.246 Y119.483
G1 F3600 X206.484 Y119.815 E1963.42909
G1 X206.806 Y120.137 E1963.47453
G1 X207.14 Y120.376 E1963.51551
G1 X207.14 Y119.483 E1963.60461
G0 F7200 X206.8 Y119.323
G1 F3600 X206.8 Y120.132 E1963.68533
G0 F7200 X208.27 Y121.15
;TYPE:WALL-INNER
G1 F3600 X209.269 Y121.01 E1963.78599
G1 X209.996 Y120.709 E1963.8645
G1 X210.663 Y120.198 E1963.94834
G1 X212.093 Y118.769 E1964.15006
G1 F3503.6 X212.454 Y118.389 E1964.20379
G1 F3348.8 X212.613 Y118.199 E1964.23037
G1 F3364.5 X211.761 Y118.529 E1964.32792
G1 F3478.3 X210.993 Y118.629 E1964.4079
G1 F3564.4 X210.197 Y118.519 E1964.48888
G1 F3600 X209.485 Y118.218 E1964.56601
G1 X208.859 Y117.736 E1964.64485
G1 X208.402 Y117.136 E1964.7201
G1 X208.103 Y116.428 E1964.79679
G1 X207.991 Y115.627 E1964.87749
G1 F3512.2 X208.086 Y114.856 E1964.95694
G1 F3364.5 X208.422 Y114.006 E1965.05452
G1 F3341.1 X208.236 Y114.16 E1965.08049
G1 F3495.1 X207.856 Y114.523 E1965.1345
G1 F3600 X206.422 Y115.957 E1965.33685
G1 X205.91 Y116.625 E1965.42083
G1 X205.61 Y117.348 E1965.49893
G1 X205.47 Y118.35 E1965.59988
G1 X205.301 Y118.713 E1965.63984
G1 X204.996 Y118.986 E1965.68068
G1 F3529.4 X204.67 Y119.113 E1965.71629
G1 X205.032 Y119.12 E1965.75314
G1 F3600 X205.433 Y119.203 E1965.794
G1 X205.649 Y119.332 E1965.8191
G1 X205.824 Y119.508 E1965.84387
G1 X206.204 Y120.045 E1965.90951
G1 X206.575 Y120.416 E1965.96186
G1 X207.157 Y120.826 E1966.0329
G1 X207.417 Y121.187 E1966.07729
G1 X207.5 Y121.588 E1966.11815
G1 X207.5 Y122.124 E1966.17163
G1 X207.634 Y121.624 E1966.22328
G1 X207.906 Y121.318 E1966.26413
G1 X208.27 Y121.15 E1966.30413
G0 F7200 X207.5 Y122.124
G1 F3600 X207.5 Y164.12 E1970.49451
G1 F3529.4 X207.507 Y164.294 E1970.51223
G0 F7200 X207.345 Y165.098
G0 X205.73 Y166.716
G0 X205.469 Y166.532
G1 F3600 X205.272 Y166.67 E1970.53623
G1 X205.032 Y166.72 E1970.5607
G1 X91.964 Y166.72 E1981.84267
G1 X91.721 Y166.669 E1981.86744
G1 X91.525 Y166.53 E1981.89142
G1 X91.099 Y165.936 E1981.96435
G1 X90.68 Y165.517 E1982.02348
G1 X90.093 Y165.098 E1982.09544
G1 X89.952 Y164.902 E1982.11953
G1 X89.9 Y164.656 E1982.14462
G1 X89.9 Y121.588 E1986.44196
G1 X89.953 Y121.341 E1986.46717
G1 X90.094 Y121.146 E1986.49118
G1 X90.679 Y120.724 E1986.56315
G1 X91.099 Y120.303 E1986.62249
G1 X91.487 Y119.754 E1986.68957
G1 X91.721 Y119.571 E1986.71921
G1 X91.964 Y119.52 E1986.74399
G1 X205.032 Y119.52 E1998.02596
G1 X205.273 Y119.57 E1998.05052
G1 X205.47 Y119.708 E1998.07452
G1 X205.897 Y120.303 E1998.14759
G1 X206.317 Y120.723 E1998.20686
G1 X206.868 Y121.113 E1998.27422
G1 X207.051 Y121.347 E1998.30386
G1 X207.1 Y121.588 E1998.3284
G1 X207.1 Y164.656 E2002.62574
G1 X207.049 Y164.898 E2002.65041
G1 X206.863 Y165.135 E2002.68048
G1 X206.315 Y165.518 E2002.74719
G1 X205.897 Y165.937 E2002.80624
G1 X205.469 Y166.532 E2002.87938
G0 F7200 X205.73 Y166.716
G0 X204.496 Y167.12
G1 F3600 X92.5 Y167.12 E2014.05438
G1 F3529.4 X92.326 Y167.127 E2014.0721
G0 F7200 X91.524 Y166.968
G0 X89.655 Y165.098
G0 X89.493 Y164.294
G1 F3538.1 X89.5 Y164.12 E2014.08978
G1 F3600 X89.5 Y122.12 E2018.28056
G0 F7200 X89.588 Y121.177
G1 F3600 X89.849 Y120.823 E2018.32445
G1 X90.42 Y120.417 E2018.39436
G1 X90.792 Y120.045 E2018.44685
G1 X91.203 Y119.465 E2018.51778
G1 X91.559 Y119.205 E2018.56177
G1 X91.964 Y119.12 E2018.60306
G1 X92.5 Y119.12 E2018.65654
G1 X92 Y118.986 E2018.70819
G1 X91.692 Y118.71 E2018.74946
G1 X91.525 Y118.346 E2018.78942
G1 X91.39 Y117.347 E2018.89
G1 X91.087 Y116.625 E2018.96813
G1 X90.577 Y115.956 E2019.05207
G1 X89.141 Y114.522 E2019.25456
G1 F3453.2 X88.757 Y114.164 E2019.30917
G1 F3151 X88.581 Y114.019 E2019.33517
G1 F3130.4 X88.91 Y114.862 E2019.43901
G1 F3428.6 X89.005 Y115.624 E2019.51946
G1 F3600 X88.898 Y116.427 E2019.60029
G1 X88.597 Y117.136 E2019.67715
G1 X88.131 Y117.745 E2019.75366
G1 X87.522 Y118.213 E2019.8303
G1 X86.807 Y118.515 E2019.90775
G1 X86.007 Y118.63 E2019.98839
G1 F3428.6 X85.224 Y118.527 E2020.07113
G1 F3130.4 X84.371 Y118.18 E2020.1768
G1 F3185.8 X84.541 Y118.39 E2020.20726
G1 F3495.1 X84.901 Y118.766 E2020.26076
G1 F3600 X86.34 Y120.205 E2020.46382
G1 X86.839 Y120.612 E2020.52807
G1 X87.357 Y120.891 E2020.58678
G1 X87.911 Y121.057 E2020.64449
G1 X88.682 Y121.133 E2020.72179
G1 X89.087 Y121.311 E2020.76593
G1 X89.368 Y121.623 E2020.80783
G1 X89.5 Y122.12 E2020.85914
G1 X89.5 Y121.588 E2020.91222
G1 X89.588 Y121.177 E2020.95416
G0 F7200 X91.524 Y119.278
G0 X92.5 Y119.12
G1 F3600 X204.496 Y119.12 E2032.12917
G1 F3529.4 X204.67 Y119.113 E2032.14689
G0 F7200 X208.444 Y113.988
G1 F3257.9 X208.787 Y113.597 E2032.20424
G1 F3380.3 X209.18 Y113.229 E2032.26145
G1 F3038 X209.762 Y112.812 E2032.34611
G1 F2608.7 X210.346 Y112.596 E2032.43185
G1 F2264.2 X210.82 Y112.503 E2032.50848
G0 F7200 X212.427 Y113.148
G0 X213.853 Y114.715
G1 F3789.5 X213.959 Y115.403 E2032.57447
G1 F2796.1 X214.119 Y115.779 E2032.62696
G1 F2737.6 X214.339 Y115.367 E2032.68825
G1 F3636.4 X214.214 Y114.517 E2032.77311
G1 F3461.5 X213.908 Y113.803 E2032.85372
G1 F3380.3 X213.433 Y113.187 E2032.93639
G1 F3388.2 X212.818 Y112.711 E2033.01883
G1 F3478.3 X212.098 Y112.406 E2033.09959
G1 F3645.6 X211.238 Y112.277 E2033.18527
G1 F2727.3 X210.82 Y112.503 E2033.24786
G1 F2785.3 X211.197 Y112.658 E2033.30043
G1 F3799.5 X211.898 Y112.765 E2033.36747
G1 F3582.1 X212.532 Y113.021 E2033.43603
G1 F3445 X213.129 Y113.491 E2033.51526
G1 F3428.6 X213.593 Y114.084 E2033.59415
G1 F3573.2 X213.853 Y114.715 E2033.66275
G0 F7200 X214.119 Y115.779
G1 F2274.9 X214.024 Y116.274 E2033.74234
G1 F2618.2 X213.809 Y116.855 E2033.82734
G1 F3050.8 X213.39 Y117.441 E2033.91216
G1 F3428.6 X213.119 Y117.742 E2033.95459
G1 F3295.2 X212.632 Y118.176 E2034.0257
G0 F7200 X211.673 Y118.137
G1 F3600 X210.995 Y118.226 E2034.09393
G1 X210.311 Y118.132 E2034.16282
G1 X209.693 Y117.873 E2034.22968
G1 X209.177 Y117.478 E2034.29452
G1 X208.749 Y116.932 E2034.36375
G1 X208.488 Y116.309 E2034.43115
G1 X208.395 Y115.622 E2034.50032
G1 X208.479 Y114.945 E2034.56839
G1 X208.743 Y114.318 E2034.63627
G1 X209.159 Y113.783 E2034.70389
G1 X209.694 Y113.365 E2034.77164
G1 X210.326 Y113.102 E2034.83994
G1 X211 Y113.019 E2034.9077
G1 X211.671 Y113.102 E2034.97516
G1 X212.298 Y113.362 E2035.04289
G1 X212.838 Y113.777 E2035.11085
G1 X213.254 Y114.319 E2035.17902
G1 X213.518 Y114.945 E2035.24681
G1 X213.601 Y115.619 E2035.31457
G1 X213.518 Y116.298 E2035.38283
G1 X213.254 Y116.927 E2035.45089
G1 X212.837 Y117.461 E2035.5185
G1 X212.307 Y117.875 E2035.5856
G1 X211.673 Y118.137 E2035.65405
G0 F7200 X211.713 Y118.446
G0 X207.66 Y121.387
G0 X207.66 Y164.86
G0 X212.598 Y168.036
G1 F3265.3 X213.119 Y168.501 E2035.73087
G1 F3356.6 X213.641 Y169.14 E2035.81917
G1 F2818 X213.848 Y169.495 E2035.87155
G1 F2337.7 X214.087 Y170.206 E2035.98681
G1 F2152.5 X214.121 Y170.48 E2036.03289
G0 F7200 X213.473 Y172.051
G0 X212.539 Y173.011
G0 X211.704 Y173.448
G0 X211.664 Y173.138
G1 F3600 X210.993 Y173.224 E2036.10039
G1 X210.314 Y173.133 E2036.16875
G1 X209.683 Y172.868 E2036.23704
G1 X209.159 Y172.461 E2036.30324
G1 X208.743 Y171.923 E2036.3711
G1 X208.484 Y171.298 E2036.4386
G1 X208.394 Y170.623 E2036.50655
G1 X208.484 Y169.93 E2036.57628
G1 X208.751 Y169.305 E2036.64409
G1 X209.159 Y168.783 E2036.7102
G1 X209.688 Y168.37 E2036.77717
G1 X210.309 Y168.108 E2036.84442
G1 X210.998 Y168.019 E2036.91374
G1 X211.671 Y168.102 E2036.9814
G1 X212.304 Y168.363 E2037.04972
G1 X212.837 Y168.783 E2037.11743
G1 X213.25 Y169.314 E2037.18455
G1 X213.514 Y169.938 E2037.25216
G1 X213.6 Y170.615 E2037.32025
G1 X213.519 Y171.289 E2037.38799
G1 X213.258 Y171.919 E2037.45603
G1 X212.838 Y172.459 E2037.52429
G1 X212.303 Y172.877 E2037.59204
G1 X211.664 Y173.138 E2037.66091
G0 F7200 X211.814 Y173.499
G1 F3809.5 X211.26 Y173.578 E2037.71368
G1 F2779.9 X210.885 Y173.746 E2037.76677
G1 F2758.6 X211.282 Y173.957 E2037.82532
G1 F3730.6 X212.064 Y173.848 E2037.90134
G1 F3546.8 X212.818 Y173.529 E2037.98426
G1 F3396.2 X213.434 Y173.052 E2038.06666
G1 F3380.3 X213.909 Y172.441 E2038.1489
G1 F3546.8 X214.23 Y171.683 E2038.23227
G1 F3740.3 X214.335 Y170.898 E2038.30833
G1 F2742.9 X214.121 Y170.48 E2038.36983
G1 F2769.2 X213.956 Y170.874 E2038.42524
G1 F3829.8 X213.882 Y171.433 E2038.47813
G1 F3673.5 X213.6 Y172.151 E2038.55356
G1 F3469.9 X213.131 Y172.75 E2038.63231
G1 X212.525 Y173.224 E2038.71196
G1 F3664.1 X211.814 Y173.499 E2038.78669
G0 F7200 X210.885 Y173.746
G1 F2168.7 X210.587 Y173.708 E2038.83645
G1 F2349.1 X209.868 Y173.468 E2038.95236
G1 F2807 X209.523 Y173.267 E2039.00345
G1 F3333.3 X208.877 Y172.743 E2039.09309
G1 F3272.7 X208.44 Y172.249 E2039.16548
G0 F7200 X205.47 Y167.89
G1 F3600 X205.61 Y168.893 E2039.26653
G1 X205.91 Y169.618 E2039.34482
G1 X206.421 Y170.282 E2039.42842
G1 X207.855 Y171.718 E2039.63092
G1 F3486.7 X208.233 Y172.077 E2039.68463
G1 F3325.6 X208.418 Y172.231 E2039.71063
G1 F3348.8 X208.091 Y171.386 E2039.80781
G1 F3469.9 X207.991 Y170.617 E2039.88809
G1 F3555.6 X208.098 Y169.819 E2039.96943
G1 F3600 X208.403 Y169.102 E2040.04718
G1 X208.884 Y168.485 E2040.12524
G1 X209.486 Y168.021 E2040.20108
G1 X210.196 Y167.721 E2040.27799
G1 X210.997 Y167.615 E2040.35861
G1 F3512.2 X211.757 Y167.71 E2040.43695
G1 F3348.8 X212.585 Y168.021 E2040.53182
G1 F3287.7 X212.449 Y167.857 E2040.5551
G1 F3453.2 X212.091 Y167.474 E2040.60963
G1 F3600 X210.658 Y166.041 E2040.81184
G1 X209.994 Y165.53 E2040.89544
G1 X209.271 Y165.23 E2040.97355
G1 X208.274 Y165.095 E2041.07394
G1 X207.909 Y164.927 E2041.11403
G1 X207.634 Y164.62 E2041.15516
G1 F3529.4 X207.507 Y164.294 E2041.19076
G1 X207.5 Y164.656 E2041.22761
G1 F3600 X207.415 Y165.06 E2041.26881
G1 X207.286 Y165.276 E2041.29391
G1 X207.105 Y165.454 E2041.31924
G1 X206.573 Y165.826 E2041.38402
G1 X206.204 Y166.195 E2041.43609
G1 X205.791 Y166.779 E2041.50746
G1 X205.432 Y167.037 E2041.55157
G1 X205.032 Y167.12 E2041.59233
G1 X204.496 Y167.12 E2041.64581
G1 X204.996 Y167.254 E2041.69746
G1 X205.301 Y167.526 E2041.73824
G1 X205.47 Y167.89 E2041.77828
G0 F7200 X91.763 Y167.283
G0 X89.005 Y170.61
G1 F3512.2 X88.91 Y171.388 E2041.85845
G1 F3364.5 X88.578 Y172.234 E2041.95547
G1 F3348.8 X88.768 Y172.077 E2041.98191
G1 F3495.1 X89.143 Y171.718 E2042.03527
G1 F3600 X90.578 Y170.283 E2042.23776
G1 X91.087 Y169.619 E2042.32124
G1 X91.389 Y168.893 E2042.3997
G1 X91.525 Y167.894 E2042.5003
G1 X91.692 Y167.53 E2042.54026
G1 X92 Y167.254 E2042.58153
G1 F3529.4 X92.326 Y167.127 E2042.61713
G1 X91.964 Y167.12 E2042.65398
G1 F3600 X91.559 Y167.035 E2042.69527
G1 X91.344 Y166.905 E2042.72034
G1 X91.166 Y166.725 E2042.7456
G1 X90.792 Y166.195 E2042.81033
G1 X90.421 Y165.824 E2042.86268
G1 X89.895 Y165.454 E2042.92685
G1 X89.719 Y165.281 E2042.95147
G1 X89.587 Y165.065 E2042.97673
G1 X89.5 Y164.656 E2043.01846
G1 F3529.4 X89.493 Y164.294 E2043.05531
G1 X89.366 Y164.62 E2043.09091
G1 F3600 X89.086 Y164.931 E2043.13267
G1 X88.684 Y165.107 E2043.17646
G1 X87.913 Y165.185 E2043.25378
G1 X87.357 Y165.353 E2043.31173
G1 X86.839 Y165.632 E2043.37044
G1 X86.34 Y166.039 E2043.43469
G1 X84.902 Y167.476 E2043.63754
G1 F3495.1 X84.542 Y167.851 E2043.69097
G1 F3348.8 X84.384 Y168.044 E2043.71772
G1 F3364.5 X85.235 Y167.71 E2043.81532
G1 F3512.2 X86.001 Y167.616 E2043.89425
G1 F3600 X86.781 Y167.713 E2043.97268
G1 X87.531 Y168.032 E2044.05401
G1 X88.146 Y168.52 E2044.13234
G1 X88.595 Y169.106 E2044.206
G1 X88.898 Y169.819 E2044.28331
G1 X89.005 Y170.61 E2044.36295
G0 F7200 X88.555 Y172.253
G1 F3280.2 X88.119 Y172.742 E2044.43469
G1 F3356.6 X87.478 Y173.265 E2044.52323
G1 F2834.6 X87.128 Y173.468 E2044.5745
G1 F2352.9 X86.409 Y173.709 E2044.69027
G1 F2165.4 X86.148 Y173.743 E2044.73393
G0 F7200 X86.676 Y173.135
G1 F3600 X86.001 Y173.225 E2044.80188
G1 X85.323 Y173.137 E2044.8701
G1 X84.697 Y172.876 E2044.93777
G1 X84.159 Y172.46 E2045.00563
G1 X83.741 Y171.915 E2045.07416
G1 X83.482 Y171.289 E2045.14176
G1 X83.396 Y170.611 E2045.20995
G1 X83.482 Y169.938 E2045.27765
G1 X83.753 Y169.303 E2045.34654
G1 X84.159 Y168.783 E2045.41237
G1 X84.694 Y168.365 E2045.48011
G1 X85.327 Y168.102 E2045.54851
G1 X86.003 Y168.019 E2045.61646
G1 X86.691 Y168.11 E2045.68571
G1 X87.317 Y168.374 E2045.7535
G1 X87.837 Y168.783 E2045.81951
G1 X88.247 Y169.308 E2045.88598
G1 X88.512 Y169.934 E2045.95381
G1 X88.601 Y170.618 E2046.02263
G1 X88.518 Y171.297 E2046.09089
G1 X88.258 Y171.921 E2046.15834
G1 X87.838 Y172.467 E2046.22707
G1 X87.309 Y172.872 E2046.29355
G1 X86.676 Y173.135 E2046.36195
G0 F7200 X86.795 Y173.424
G0 X85.096 Y173.474
G1 F3582.1 X84.465 Y173.217 E2046.43027
G1 F3445 X83.866 Y172.751 E2046.5094
G1 F3469.9 X83.396 Y172.145 E2046.58879
G1 F3654.8 X83.121 Y171.438 E2046.66335
G1 F3819.6 X83.041 Y170.884 E2046.71599
G1 F2785.3 X82.874 Y170.507 E2046.76917
G1 F2758.6 X82.662 Y170.908 E2046.82823
G1 F3740.3 X82.772 Y171.688 E2046.90388
G1 F3546.8 X83.092 Y172.442 E2046.98684
G1 F3388.2 X83.563 Y173.054 E2047.06871
G1 X84.179 Y173.529 E2047.15118
G1 F3478.3 X84.898 Y173.834 E2047.23184
G1 F3645.6 X85.748 Y173.962 E2047.31653
G1 F2737.6 X86.148 Y173.743 E2047.37637
G1 F2790.7 X85.782 Y173.581 E2047.42789
G1 F3789.5 X85.096 Y173.474 E2047.4937
G0 F7200 X83.98 Y172.643
G0 X82.874 Y170.507
G1 F2171.9 X82.911 Y170.208 E2047.54353
G1 F2360.7 X83.151 Y169.492 E2047.65844
G1 F2823.5 X83.354 Y169.144 E2047.70969
G1 F3348.8 X83.877 Y168.502 E2047.79851
G1 F3295.2 X84.367 Y168.065 E2047.87009
G0 F7200 X89.339 Y164.884
G0 X89.339 Y121.363
G0 X84.371 Y118.18
G1 F3116.9 X83.854 Y117.73 E2047.94908
G1 F3228.7 X83.453 Y117.239 E2048.01961
G1 F2862.8 X83.152 Y116.749 E2048.09176
G1 F2349.1 X82.912 Y116.032 E2048.20738
G1 F2162.2 X82.877 Y115.767 E2048.25179
G0 F7200 X83.145 Y114.716
G1 F3582.1 X83.402 Y114.087 E2048.31993
G1 F3445 X83.868 Y113.489 E2048.39898
G1 F3380.3 X84.408 Y113.067 E2048.4718
G1 F3478.3 X85.027 Y112.79 E2048.54184
G1 F3740.3 X85.778 Y112.66 E2048.61504
G1 F2779.9 X86.14 Y112.498 E2048.66628
G1 F2727.3 X85.745 Y112.279 E2048.72577
G1 F3645.6 X84.898 Y112.406 E2048.81016
G1 F3478.3 X84.179 Y112.711 E2048.89082
G1 F3380.3 X83.565 Y113.186 E2048.97331
G1 F3388.2 X83.092 Y113.801 E2049.05556
G1 F3486.7 X82.786 Y114.519 E2049.13597
G1 F3654.8 X82.658 Y115.363 E2049.21987
G1 F2748.1 X82.877 Y115.767 E2049.27994
G1 F2801.6 X83.037 Y115.397 E2049.33163
G1 F3799.5 X83.145 Y114.716 E2049.39681
G0 F7200 X83.98 Y113.603
G0 X86.14 Y112.498
G1 F2243 X86.514 Y112.545 E2049.45718
G1 F2585.3 X87.233 Y112.811 E2049.5637
G1 F3050.8 X87.817 Y113.229 E2049.64826
G1 F3420.4 X88.118 Y113.5 E2049.69079
G1 F3272.7 X88.581 Y114.019 E2049.76713
G0 F7200 X91.763 Y118.963
G0 X205.476 Y119.278
G0 X207.345 Y121.147
G0 X207.345 Y165.098
G0 X205.394 Y167.943
G0 X205.081 Y167.982
G1 F3600 X205.221 Y168.998 E2049.86946
G1 X205.561 Y169.82 E2049.95822
G1 X206.12 Y170.547 E2050.04973
G1 X208.897 Y173.328 E2050.44188
G1 X209.626 Y173.888 E2050.5336
G1 X210.449 Y174.226 E2050.62237
G1 X211.328 Y174.342 E2050.71084
G1 X212.203 Y174.227 E2050.7989
G1 X213.025 Y173.887 E2050.88766
G1 X213.728 Y173.347 E2050.97611
G1 X214.268 Y172.648 E2051.06425
G1 X214.606 Y171.828 E2051.15274
G1 X214.718 Y170.948 E2051.24126
G1 X214.607 Y170.068 E2051.32976
G1 X214.268 Y169.252 E2051.41793
G1 X213.708 Y168.525 E2051.5095
G1 X210.923 Y165.74 E2051.90249
G1 X210.196 Y165.18 E2051.99406
G1 X209.375 Y164.841 E2052.08268
G1 X208.364 Y164.705 E2052.18447
G1 X208.145 Y164.604 E2052.20853
G1 X207.98 Y164.42 E2052.23319
G1 X207.9 Y164.202 E2052.25636
G1 X207.9 Y122.124 E2056.45492
G1 X207.98 Y121.824 E2056.4859
G1 X208.143 Y121.64 E2056.51043
G1 X208.362 Y121.539 E2056.5345
G1 X209.374 Y121.399 E2056.63644
G1 X210.197 Y121.059 E2056.72529
G1 X210.927 Y120.499 E2056.81709
G1 X213.707 Y117.719 E2057.20938
G1 X214.268 Y116.989 E2057.30124
G1 X214.606 Y116.172 E2057.38946
G1 X214.718 Y115.292 E2057.47798
G1 X214.607 Y114.412 E2057.56648
G1 X214.268 Y113.595 E2057.65474
G1 X213.728 Y112.892 E2057.74319
G1 X213.025 Y112.353 E2057.83158
G1 X212.203 Y112.013 E2057.92034
G1 X211.328 Y111.898 E2058.0084
G1 X210.449 Y112.014 E2058.09687
G1 X209.628 Y112.352 E2058.18546
G1 X208.901 Y112.912 E2058.27702
G1 X206.12 Y115.693 E2058.66945
G1 X205.56 Y116.423 E2058.76126
G1 X205.221 Y117.242 E2058.8497
G1 X205.081 Y118.258 E2058.95204
G1 X204.979 Y118.476 E2058.97605
G1 X204.796 Y118.64 E2059.00057
G1 X204.578 Y118.72 E2059.02374
G1 X92.5 Y118.72 E2070.20693
G1 X92.2 Y118.64 E2070.23791
G1 X92.015 Y118.474 E2070.26271
G1 X91.915 Y118.256 E2070.28664
G1 X91.779 Y117.242 E2070.38873
G1 X91.436 Y116.423 E2070.47732
G1 X90.879 Y115.692 E2070.56902
G1 X88.095 Y112.912 E2070.96159
G1 X87.368 Y112.352 E2071.05316
G1 X86.547 Y112.013 E2071.14179
G1 X85.672 Y111.898 E2071.22985
G1 X84.793 Y112.014 E2071.31831
G1 X83.971 Y112.352 E2071.407
G1 X83.269 Y112.892 E2071.49537
G1 X82.733 Y113.594 E2071.5835
G1 X82.394 Y114.413 E2071.67194
G1 X82.278 Y115.292 E2071.76041
G1 X82.393 Y116.171 E2071.84886
G1 X82.733 Y116.99 E2071.93735
G1 X83.29 Y117.719 E2072.02889
G1 X86.072 Y120.502 E2072.42153
G1 X86.615 Y120.946 E2072.49152
G1 X87.203 Y121.262 E2072.55812
G1 X87.833 Y121.452 E2072.62378
G1 X88.576 Y121.524 E2072.69827
G1 X88.852 Y121.634 E2072.72791
G1 X89.021 Y121.821 E2072.75306
G1 X89.1 Y122.12 E2072.78392
G1 X89.1 Y164.202 E2076.98288
G1 X89.02 Y164.42 E2077.00605
G1 X88.852 Y164.607 E2077.03113
G1 X88.632 Y164.706 E2077.05521
G1 X87.834 Y164.791 E2077.13528
G1 X87.203 Y164.982 E2077.20106
G1 X86.615 Y165.298 E2077.26767
G1 X86.071 Y165.742 E2077.33773
G1 X83.288 Y168.524 E2077.73038
G1 X82.733 Y169.251 E2077.82164
G1 X82.394 Y170.07 E2077.91008
G1 X82.277 Y170.948 E2077.99846
G1 X82.394 Y171.827 E2078.08694
G1 X82.733 Y172.649 E2078.17566
G1 X83.268 Y173.348 E2078.2635
G1 X83.971 Y173.888 E2078.35195
G1 X84.793 Y174.226 E2078.44063
G1 X85.672 Y174.342 E2078.5291
G1 X86.547 Y174.227 E2078.61716
G1 X87.369 Y173.887 E2078.70591
G1 X88.099 Y173.327 E2078.79772
G1 X90.879 Y170.547 E2079.19001
G1 X91.436 Y169.821 E2079.28131
G1 X91.779 Y168.998 E2079.37028
G1 X91.915 Y167.984 E2079.47236
G1 X92.015 Y167.766 E2079.49629
G1 X92.2 Y167.6 E2079.52109
G1 X92.418 Y167.52 E2079.54426
G1 X204.496 Y167.52 E2090.72745
G1 X204.796 Y167.6 E2090.75843
G1 X204.979 Y167.764 E2090.78295
G1 X205.081 Y167.982 E2090.80697
G0 F7200 X205.394 Y167.943
G0 X91.524 Y166.968
G0 X89.655 Y165.098
G0 X89.655 Y121.147
G0 X86.809 Y118.418
G0 X86.691 Y118.13
G1 F3600 X85.998 Y118.226 E2090.87677
G1 X85.322 Y118.136 E2090.94482
G1 X84.696 Y117.875 E2091.01249
G1 X84.159 Y117.461 E2091.08015
G1 X83.747 Y116.929 E2091.14729
G1 X83.482 Y116.294 E2091.21595
G1 X83.395 Y115.619 E2091.28386
G1 X83.478 Y114.949 E2091.35122
G1 X83.747 Y114.312 E2091.42022
G1 X84.16 Y113.782 E2091.48726
G1 X84.704 Y113.361 E2091.5559
G1 X85.335 Y113.1 E2091.62403
G1 X86.009 Y113.02 E2091.69176
G1 X86.671 Y113.102 E2091.75832
G1 X87.304 Y113.364 E2091.82667
G1 X87.836 Y113.783 E2091.89424
G1 X88.25 Y114.31 E2091.96111
G1 X88.518 Y114.95 E2092.03035
G1 X88.601 Y115.622 E2092.09791
G1 X88.512 Y116.313 E2092.16743
G1 X88.251 Y116.93 E2092.23427
G1 X87.847 Y117.456 E2092.30045
G1 X87.318 Y117.867 E2092.36729
G1 X86.691 Y118.13 E2092.43514
G0 F7200 X86.543 Y117.751
;TYPE:WALL-OUTER
G1 F1800 X86.001 Y117.822 E2092.48968
G1 X85.428 Y117.748 E2092.54733
G1 X84.879 Y117.512 E2092.60695
G1 X84.442 Y117.178 E2092.66184
G1 X84.108 Y116.742 E2092.71664
G1 X83.872 Y116.192 E2092.77636
G1 X83.801 Y115.646 E2092.83129
G1 X83.868 Y115.052 E2092.89094
G1 X84.083 Y114.542 E2092.94617
G1 X84.442 Y114.066 E2093.00565
G1 X84.892 Y113.719 E2093.06235
G1 X85.42 Y113.497 E2093.11951
G1 X85.991 Y113.424 E2093.17694
G1 X86.566 Y113.492 E2093.23472
G1 X87.101 Y113.713 E2093.29248
G1 X87.554 Y114.066 E2093.34978
G1 X87.893 Y114.504 E2093.40504
G1 X88.128 Y115.051 E2093.46445
G1 X88.195 Y115.645 E2093.52409
G1 X88.127 Y116.187 E2093.5786
G1 X87.911 Y116.71 E2093.63506
G1 X87.548 Y117.184 E2093.69463
G1 X87.096 Y117.528 E2093.75131
G1 X86.543 Y117.751 E2093.8108
G0 F7200 X86.345 Y117.776
G0 X86.438 Y118.483
G0 X89.339 Y121.363
G0 X89.339 Y164.884
G0 X88.759 Y171.361
G0 X88.02 Y172.643
G0 X86.653 Y173.454
G0 X86.56 Y172.748
G1 F1800 X86.001 Y172.822 E2093.86707
G1 X85.428 Y172.748 E2093.92472
G1 X84.878 Y172.512 E2093.98443
G1 X84.462 Y172.196 E2094.03656
G1 X84.105 Y171.738 E2094.0945
G1 X83.877 Y171.2 E2094.15281
G1 X83.8 Y170.629 E2094.2103
G1 X83.868 Y170.06 E2094.26748
G1 X84.09 Y169.527 E2094.32509
G1 X84.442 Y169.066 E2094.38296
G1 X84.898 Y168.713 E2094.4405
G1 X85.43 Y168.492 E2094.49798
G1 X86.025 Y168.425 E2094.55773
G1 X86.565 Y168.494 E2094.61205
G1 X87.097 Y168.712 E2094.66942
G1 X87.548 Y169.06 E2094.72626
G1 X87.913 Y169.542 E2094.78658
G1 X88.128 Y170.052 E2094.84181
G1 X88.195 Y170.645 E2094.90135
G1 X88.128 Y171.191 E2094.95624
G1 X87.907 Y171.722 E2095.01363
G1 X87.554 Y172.178 E2095.07117
G1 X87.093 Y172.53 E2095.12905
G1 X86.56 Y172.748 E2095.18651
G0 F7200 X86.362 Y172.774
G0 X86.455 Y173.481
G0 X87.934 Y173.143
G0 X91.763 Y167.283
G0 X205.237 Y167.283
G0 X204.691 Y168.074
G1 F1800 X204.831 Y169.103 E2095.29013
G1 X205.211 Y170.022 E2095.38935
G1 X205.819 Y170.811 E2095.48874
G1 X208.633 Y173.629 E2095.88611
G1 X209.425 Y174.237 E2095.98574
G1 X210.345 Y174.616 E2096.08502
G1 X211.328 Y174.746 E2096.18396
G1 X212.307 Y174.617 E2096.28249
G1 X213.227 Y174.237 E2096.38181
G1 X214.013 Y173.633 E2096.48072
G1 X214.617 Y172.85 E2096.57939
G1 X214.996 Y171.932 E2096.67849
G1 X215.122 Y170.948 E2096.77747
G1 X214.997 Y169.964 E2096.87645
G1 X214.617 Y169.05 E2096.97521
G1 X214.009 Y168.261 E2097.0746
G1 X211.187 Y165.439 E2097.47282
G1 X210.398 Y164.831 E2097.57221
G1 X209.479 Y164.451 E2097.67144
G1 X208.397 Y164.307 E2097.78035
G1 X208.302 Y164.155 E2097.79824
G1 X208.3 Y122.042 E2102.00029
G1 X208.473 Y121.925 E2102.02113
G1 X209.479 Y121.789 E2102.12242
G1 X210.399 Y121.409 E2102.22174
G1 X211.191 Y120.801 E2102.32137
G1 X214.009 Y117.983 E2102.71902
G1 X214.617 Y117.191 E2102.81864
G1 X214.996 Y116.276 E2102.91747
G1 X215.122 Y115.292 E2103.01645
G1 X214.997 Y114.308 E2103.11542
G1 X214.617 Y113.393 E2103.21428
G1 X214.013 Y112.607 E2103.31319
G1 X213.227 Y112.003 E2103.4121
G1 X212.307 Y111.623 E2103.51142
G1 X211.328 Y111.494 E2103.60995
G1 X210.345 Y111.624 E2103.70889
G1 X209.426 Y112.003 E2103.80808
G1 X208.637 Y112.611 E2103.90747
G1 X205.819 Y115.429 E2104.30512
G1 X205.211 Y116.221 E2104.40475
G1 X204.831 Y117.137 E2104.5037
G1 X204.682 Y118.195 E2104.61031
G1 X204.531 Y118.318 E2104.62974
G1 X92.418 Y118.32 E2115.81642
G1 X92.301 Y118.147 E2115.83726
G1 X92.169 Y117.137 E2115.9389
G1 X91.785 Y116.221 E2116.038
G1 X91.181 Y115.428 E2116.13746
G1 X88.359 Y112.611 E2116.53533
G1 X87.57 Y112.003 E2116.63472
G1 X86.651 Y111.623 E2116.73394
G1 X85.672 Y111.494 E2116.83247
G1 X84.689 Y111.624 E2116.93141
G1 X83.769 Y112.003 E2117.03069
G1 X82.983 Y112.607 E2117.1296
G1 X82.383 Y113.393 E2117.22827
G1 X82.004 Y114.309 E2117.32718
G1 X81.874 Y115.292 E2117.42612
G1 X82.003 Y116.275 E2117.52505
G1 X82.383 Y117.191 E2117.624
G1 X82.988 Y117.983 E2117.72344
G1 X85.803 Y120.799 E2118.12074
G1 X86.392 Y121.28 E2118.19662
G1 X87.049 Y121.634 E2118.27108
G1 X87.755 Y121.846 E2118.34464
G1 X88.557 Y121.924 E2118.42504
G1 X88.7 Y122.041 E2118.44347
G1 X88.698 Y164.155 E2122.64563
G1 X88.601 Y164.31 E2122.66387
G1 X87.756 Y164.397 E2122.74863
G1 X87.049 Y164.61 E2122.82231
G1 X86.392 Y164.964 E2122.89677
G1 X85.803 Y165.445 E2122.97265
G1 X82.987 Y168.26 E2123.36995
G1 X82.383 Y169.049 E2123.4691
G1 X82.004 Y169.965 E2123.56801
G1 X81.874 Y170.948 E2123.66695
G1 X82.004 Y171.931 E2123.76589
G1 X82.383 Y172.851 E2123.86517
G1 X82.983 Y173.633 E2123.96352
G1 X83.769 Y174.237 E2124.06243
G1 X84.689 Y174.616 E2124.16171
G1 X85.672 Y174.746 E2124.26065
G1 X86.651 Y174.617 E2124.35918
G1 X87.571 Y174.237 E2124.4585
G1 X88.363 Y173.629 E2124.55812
G1 X91.181 Y170.811 E2124.95577
G1 X91.785 Y170.023 E2125.05484
G1 X92.169 Y169.103 E2125.15432
G1 X92.312 Y168.018 E2125.26351
G1 X92.465 Y167.922 E2125.28154
G1 X204.577 Y167.92 E2136.46812
G1 X204.691 Y168.074 E2136.48724
G0 F7200 X204.717 Y168.272
G0 X205.426 Y168.181
G0 X205.764 Y166.669
G0 X205.178 Y166.258
G1 F1800 X205.089 Y166.32 E2136.49806
G1 X91.907 Y166.32 E2147.7914
G1 X91.817 Y166.257 E2147.80237
G1 X91.406 Y165.678 E2147.87321
G1 X90.938 Y165.21 E2147.93925
G1 X90.364 Y164.804 E2148.00941
G1 X90.3 Y164.656 E2148.0255
G1 X90.3 Y121.529 E2152.32873
G1 X90.364 Y121.44 E2152.33966
G1 X90.938 Y121.03 E2152.41005
G1 X91.406 Y120.562 E2152.47609
G1 X91.817 Y119.983 E2152.54694
G1 X91.964 Y119.92 E2152.56289
G1 X205.09 Y119.92 E2163.85065
G1 X205.178 Y119.982 E2163.86139
G1 X205.59 Y120.562 E2163.93238
G1 X206.058 Y121.03 E2163.99842
G1 X206.638 Y121.442 E2164.06941
G1 X206.7 Y121.53 E2164.08015
G1 X206.7 Y164.713 E2168.38897
G1 X206.637 Y164.803 E2168.39993
G1 X206.057 Y165.21 E2168.47063
G1 X205.59 Y165.678 E2168.5366
G1 X205.178 Y166.258 E2168.60759
G0 F7200 X205.089 Y166.32
G0 X204.997 Y166.32
G0 X204.997 Y167.033
G0 X208.143 Y170.623
G0 X208.527 Y172.051
G0 X209.573 Y173.097
G0 X210.859 Y173.461
G0 X211.848 Y173.402
G0 X211.576 Y172.743
G1 F1800 X211.009 Y172.82 E2168.66468
G1 X210.436 Y172.748 E2168.7223
G1 X209.907 Y172.53 E2168.77939
G1 X209.442 Y172.178 E2168.83759
G1 X209.083 Y171.698 E2168.89739
G1 X208.872 Y171.191 E2168.95219
G1 X208.801 Y170.646 E2169.00703
G1 X208.869 Y170.057 E2169.06619
G1 X209.089 Y169.53 E2169.12317
G1 X209.442 Y169.066 E2169.18135
G1 X209.91 Y168.709 E2169.24008
G1 X210.432 Y168.493 E2169.29645
G1 X211.025 Y168.425 E2169.356
G1 X211.568 Y168.492 E2169.4106
G1 X212.115 Y168.724 E2169.46988
G1 X212.554 Y169.066 E2169.52541
G1 X212.906 Y169.526 E2169.58321
G1 X213.128 Y170.06 E2169.64091
G1 X213.196 Y170.63 E2169.69819
G1 X213.124 Y171.2 E2169.75551
G1 X212.902 Y171.728 E2169.81267
G1 X212.554 Y172.177 E2169.86935
G1 X212.117 Y172.515 E2169.92447
G1 X211.576 Y172.743 E2169.98305
G0 F7200 X211.378 Y172.769
G0 X211.472 Y173.479
G0 X212.427 Y173.097
G0 X213.473 Y172.051
G0 X213.857 Y170.623
G0 X213.473 Y169.195
G0 X210.762 Y165.93
G0 X207.66 Y164.86
G0 X207.66 Y121.387
G0 X211.636 Y118.457
G0 X211.543 Y117.751
G1 F1800 X211 Y117.823 E2170.03771
G1 X210.433 Y117.747 E2170.09479
G1 X209.909 Y117.531 E2170.15134
G1 X209.436 Y117.172 E2170.21059
G1 X209.089 Y116.711 E2170.26816
G1 X208.872 Y116.191 E2170.32439
G1 X208.801 Y115.646 E2170.37923
G1 X208.868 Y115.052 E2170.43887
G1 X209.083 Y114.542 E2170.4941
G1 X209.442 Y114.066 E2170.55359
G1 X209.898 Y113.713 E2170.61113
G1 X210.43 Y113.492 E2170.66861
G1 X211.025 Y113.425 E2170.72835
G1 X211.567 Y113.492 E2170.78285
G1 X212.108 Y113.718 E2170.84135
G1 X212.554 Y114.066 E2170.89779
G1 X212.891 Y114.503 E2170.95286
G1 X213.128 Y115.051 E2171.01243
G1 X213.195 Y115.645 E2171.07208
G1 X213.128 Y116.191 E2171.12697
G1 X212.907 Y116.722 E2171.18435
G1 X212.554 Y117.178 E2171.24189
G1 X212.1 Y117.528 E2171.29909
G1 X211.543 Y117.751 E2171.35896
G0 F7200 X211.345 Y117.777
G0 X211.438 Y118.483
G0 X207.48 Y119.34
;TYPE:SKIN
G1 F1800 X207.438 Y119.216 E2171.37202
G1 X207.28 Y119.139 E2171.38956
G1 X206.002 Y119.14 E2171.51708
G1 X205.634 Y118.882 E2171.56193
G1 X205.843 Y118.416 E2171.61289
G1 X205.979 Y117.446 E2171.71062
G1 X206.243 Y116.814 E2171.77896
G1 X206.703 Y116.212 E2171.85456
G1 X207.653 Y115.259 E2171.98882
G1 X207.609 Y115.652 E2172.02828
G1 X207.73 Y116.508 E2172.11454
G1 X208.075 Y117.336 E2172.20405
G1 X208.615 Y118.026 E2172.29147
G1 X209.265 Y118.531 E2172.3736
G1 X210.083 Y118.886 E2172.46258
G1 X210.964 Y119.007 E2172.55131
G1 X211.361 Y118.961 E2172.59119
G1 X210.408 Y119.913 E2172.7256
G1 X209.803 Y120.373 E2172.80143
G1 X209.167 Y120.637 E2172.87014
G1 X208.2 Y120.773 E2172.96758
G1 X207.734 Y120.98 E2173.01846
G1 X207.48 Y120.63 E2173.06161
G1 X207.48 Y119.34 E2173.19033
G0 F7200 X205.9 Y118.784
G1 F1800 X205.991 Y118.875 E2173.20317
G0 F7200 X206.05 Y118.369
G1 F1800 X206.62 Y118.939 E2173.2836
G0 F7200 X207.186 Y118.939
G1 F1800 X206.12 Y117.873 E2173.43402
G0 F7200 X206.214 Y117.401
G1 F1800 X209.213 Y120.4 E2173.85722
G0 F7200 X209.613 Y120.235
G1 F1800 X206.381 Y117.003 E2174.31329
G0 F7200 X206.608 Y116.664
G1 F1800 X209.952 Y120.008 E2174.78516
G0 F7200 X210.273 Y119.763
G1 F1800 X209.257 Y118.747 E2174.92853
G1 X209.187 Y118.677
G0 F7200 X210.177 Y119.102
G1 F1800 X210.557 Y119.481 E2174.98208
G0 F7200 X208.741 Y120.494
G1 F1800 X207.68 Y119.433 E2175.1318
G0 F7200 X207.68 Y119.999
G1 F1800 X208.245 Y120.564 E2175.21153
G0 F7200 X207.831 Y120.716
G1 F1800 X207.751 Y120.635 E2175.22289
G1 X207.75 Y120.635
G1 X207.68 Y120.565 E2175.23276
G0 F7200 X207.872 Y117.363
G1 F1800 X206.853 Y116.344 E2175.37656
G0 F7200 X207.136 Y116.06
G1 F1800 X207.519 Y116.444 E2175.43067
G0 F7200 X207.48 Y166.9
G1 F1800 X207.48 Y165.613 E2175.55909
G1 X207.733 Y165.264 E2175.6021
G1 X208.209 Y165.472 E2175.65393
G1 X209.171 Y165.599 E2175.75075
G1 X209.802 Y165.863 E2175.819
G1 X210.399 Y166.323 E2175.8942
G1 X211.357 Y167.276 E2176.02904
G1 X210.969 Y167.233 E2176.06799
G1 X210.084 Y167.352 E2176.15709
G1 X209.28 Y167.699 E2176.24447
G1 X208.601 Y168.224 E2176.33011
G1 X208.078 Y168.897 E2176.41515
G1 X207.726 Y169.728 E2176.5052
G1 X207.609 Y170.589 E2176.5919
G1 X207.654 Y170.979 E2176.63107
G1 X206.703 Y170.023 E2176.76562
G1 X206.243 Y169.426 E2176.84082
G1 X205.979 Y168.79 E2176.90953
G1 X205.843 Y167.82 E2177.00727
G1 X205.633 Y167.353 E2177.05836
G1 X205.981 Y167.1 E2177.10129
G1 X207.28 Y167.1 E2177.23091
G1 X207.406 Y167.056 E2177.24422
G1 X207.48 Y166.9 E2177.26145
G0 F7200 X210.634 Y167.076
G1 F1800 X209.519 Y165.961 E2177.41879
G1 X209.449 Y165.891
G0 F7200 X208.737 Y165.745
G1 F1800 X210.136 Y167.144 E2177.6162
G0 F7200 X209.719 Y167.292
G1 F1800 X208.042 Y165.616 E2177.85278
G0 F7200 X207.679 Y165.819
G1 F1800 X209.324 Y167.463 E2178.08483
G0 F7200 X208.975 Y167.68
G1 F1800 X207.679 Y166.384 E2178.26771
G0 F7200 X207.667 Y166.938
G1 F1800 X208.654 Y167.924 E2178.40692
G0 F7200 X208.365 Y168.202
G1 F1800 X207.416 Y167.253 E2178.54083
G0 F7200 X206.898 Y167.3
G1 F1800 X208.118 Y168.521 E2178.71306
G0 F7200 X207.882 Y168.85
G1 F1800 X206.332 Y167.3 E2178.93178
G0 F7200 X205.884 Y167.417
G1 F1800 X207.711 Y169.245 E2179.18966
G0 F7200 X207.539 Y169.638
G1 F1800 X206.097 Y168.196 E2179.39314
G0 F7200 X206.244 Y168.909
G1 F1800 X207.469 Y170.134 E2179.566
G1 X207.539 Y170.204
G0 F7200 X205.237 Y167.283
G0 X89.72 Y167.1
G1 F1800 X91.003 Y167.1 E2179.69402
G1 X91.359 Y167.355 E2179.73771
G1 X91.149 Y167.824 E2179.78899
G1 X91.017 Y168.791 E2179.88637
G1 X90.753 Y169.426 E2179.95499
G1 X90.293 Y170.023 E2180.03019
G1 X89.341 Y170.978 E2180.16474
G1 X89.383 Y170.58 E2180.20467
G1 X89.263 Y169.709 E2180.2924
G1 X88.917 Y168.904 E2180.37983
G1 X88.41 Y168.235 E2180.46359
G1 X87.688 Y167.678 E2180.55458
G1 X86.868 Y167.34 E2180.64307
G1 X86.029 Y167.233 E2180.72747
G1 X85.634 Y167.277 E2180.76712
G1 X86.599 Y166.317 E2180.90294
G1 X87.048 Y165.951 E2180.96074
G1 X87.506 Y165.702 E2181.01276
G1 X87.984 Y165.557 E2181.0626
G1 X88.775 Y165.476 E2181.14194
G1 X89.264 Y165.261 E2181.19524
G1 X89.52 Y165.61 E2181.23843
G1 X89.52 Y166.9 E2181.36715
G1 X89.561 Y167.023 E2181.38008
G1 X89.72 Y167.1 E2181.39771
G0 F7200 X89.158 Y165.525
G1 F1800 X89.32 Y165.687 E2181.42057
G0 F7200 X89.32 Y166.253
G1 F1800 X88.747 Y165.68 E2181.50143
G0 F7200 X88.233 Y165.732
G1 F1800 X89.32 Y166.819 E2181.65481
G0 F7200 X89.801 Y167.3
G1 F1800 X90.872 Y168.371 E2181.80594
G0 F7200 X90.778 Y168.843
G1 F1800 X87.768 Y165.832 E2182.23076
G0 F7200 X87.373 Y166.003
G1 F1800 X90.612 Y169.242 E2182.68782
G0 F7200 X90.383 Y169.579
G1 F1800 X87.029 Y166.225 E2183.1611
G0 F7200 X86.719 Y166.481
G1 F1800 X87.71 Y167.471 E2183.30087
G1 X87.78 Y167.541
G0 F7200 X86.803 Y167.13
G1 F1800 X86.435 Y166.763 E2183.35273
G0 F7200 X89.126 Y168.888
G1 F1800 X90.136 Y169.898 E2183.49525
G0 F7200 X89.854 Y170.182
G1 F1800 X89.477 Y169.805 E2183.54845
G0 F7200 X90.942 Y167.875
G1 F1800 X90.367 Y167.3 E2183.62959
G0 F7200 X91.01 Y167.378
G1 F1800 X91.092 Y167.459 E2183.64109
G0 F7200 X89.655 Y165.098
G0 X89.655 Y121.147
G0 X89.72 Y119.14
G1 F1800 X89.562 Y119.216 E2183.65858
G1 X89.52 Y119.34 E2183.67165
G1 X89.52 Y120.634 E2183.80076
G1 X89.266 Y120.977 E2183.84335
G1 X89.024 Y120.844 E2183.8709
G1 X88.703 Y120.754 E2183.90417
G1 X87.979 Y120.678 E2183.97681
G1 X87.502 Y120.538 E2184.02641
G1 X87.053 Y120.293 E2184.07745
G1 X86.595 Y119.919 E2184.13645
G1 X85.637 Y118.963 E2184.27149
G1 X86.152 Y118.988 E2184.32294
G1 X86.864 Y118.896 E2184.39457
G1 X87.706 Y118.552 E2184.48533
G1 X88.385 Y118.026 E2184.57103
G1 X88.917 Y117.34 E2184.65765
G1 X89.267 Y116.535 E2184.74524
G1 X89.383 Y115.654 E2184.8339
G1 X89.342 Y115.262 E2184.87323
G1 X90.293 Y116.212 E2185.00736
G1 X90.753 Y116.818 E2185.08327
G1 X91.017 Y117.442 E2185.15088
G1 X91.149 Y118.412 E2185.24855
G1 X91.355 Y118.885 E2185.30003
G1 X91.003 Y119.14 E2185.3434
G1 X89.72 Y119.14 E2185.47142
G0 F7200 X89.524 Y116.111
G1 F1800 X90.761 Y117.348 E2185.64598
G0 F7200 X90.899 Y118.051
G1 F1800 X89.455 Y116.608 E2185.84967
G0 F7200 X89.281 Y117
G1 F1800 X90.987 Y118.706 E2186.0904
G1 X90.988 Y118.706
G1 X91.102 Y118.821 E2186.10656
G0 F7200 X90.655 Y118.94
G1 F1800 X89.109 Y117.393 E2186.32479
G0 F7200 X88.874 Y117.724
G1 F1800 X90.09 Y118.94 E2186.49638
G0 F7200 X89.573 Y118.989
G1 F1800 X88.629 Y118.044 E2186.62966
G0 F7200 X88.336 Y118.317
G1 F1800 X89.33 Y119.312 E2186.76999
G0 F7200 X89.32 Y119.867
G1 F1800 X88.017 Y118.564 E2186.95386
G0 F7200 X87.673 Y118.785
G1 F1800 X89.32 Y120.433 E2187.18634
G0 F7200 X88.957 Y120.635
G1 F1800 X87.268 Y118.947 E2187.42461
G0 F7200 X86.855 Y119.099
G1 F1800 X88.262 Y120.506 E2187.62315
G0 F7200 X87.497 Y120.307
G1 F1800 X86.355 Y119.164 E2187.78437
G1 X86.285 Y119.094
G1 F1500 E2181.28437
;MESH:NONMESH
G0 F600 X86.285 Y119.094 Z9.2
G0 F7200 X84.266 Y117.357
G0 X83.631 Y116.257
G0 X83.631 Y114.988
G0 X85.672 Y111.728
G0 X85.53 Y110.643
G0 X85.815 Y92.18
G0 X85.672 Y91.095
G0 X83.876 Y88.428
G0 X83.546 Y87.201
G0 X85.326 Y82.84
G0 X88.939 Y81.099
G0 X88.939 Y38.303
G0 X84.375 Y35.258
G0 X83.166 Y31.229
;TIME_ELAPSED:5811.874749
;LAYER:15
;TYPE:WALL-INNER
;MESH:manette_front-Body_(Meshed).stl(1)
G1 F1500 E2187.78437
G1 F3478.3 X83.448 Y30.608 E2187.8548
G1 F3388.2 X83.866 Y30.069 E2187.92712
G1 F3469.9 X84.469 Y29.597 E2188.00639
G1 F3654.8 X85.182 Y29.321 E2188.08153
G1 F3829.8 X85.738 Y29.241 E2188.13422
G1 F2790.7 X86.115 Y29.074 E2188.18729
G1 F2758.6 X85.716 Y28.863 E2188.24607
G1 F3750 X84.933 Y28.971 E2188.32178
G1 F3546.8 X84.178 Y29.291 E2188.40483
G1 F3396.2 X83.563 Y29.766 E2188.48702
G1 F3388.2 X83.092 Y30.378 E2188.56889
G1 F3478.3 X82.785 Y31.098 E2188.64972
G1 F3654.8 X82.658 Y31.945 E2188.7339
G1 F2748.1 X82.877 Y32.348 E2188.79385
G1 F2801.6 X83.037 Y31.978 E2188.84554
G1 F3750 X83.166 Y31.229 E2188.91834
G0 F7200 X82.877 Y32.348
G1 F2250 X82.926 Y32.721 E2188.9784
G1 F2449 X83.152 Y33.329 E2189.07354
G1 F2857.1 X83.456 Y33.823 E2189.14647
G1 F3396.2 X83.877 Y34.32 E2189.21536
G1 F3287.7 X84.36 Y34.751 E2189.28609
G0 F7200 X85.26 Y34.96
G0 X86.809 Y34.997
G0 X86.691 Y34.71
G1 F3600 X85.998 Y34.806 E2189.3559
G1 X85.321 Y34.716 E2189.42404
G1 X84.692 Y34.457 E2189.49192
G1 X84.16 Y34.037 E2189.55955
G1 X83.745 Y33.507 E2189.62671
G1 X83.481 Y32.866 E2189.69589
G1 X83.395 Y32.2 E2189.76289
G1 X83.478 Y31.522 E2189.83105
G1 X83.745 Y30.895 E2189.89905
G1 X84.159 Y30.36 E2189.96655
G1 X84.703 Y29.939 E2190.03518
G1 X85.332 Y29.682 E2190.10298
G1 X86.006 Y29.596 E2190.17078
G1 X86.67 Y29.682 E2190.23759
G1 X87.304 Y29.944 E2190.30604
G1 X87.836 Y30.358 E2190.3733
G1 X88.249 Y30.889 E2190.44042
G1 X88.518 Y31.526 E2190.50942
G1 X88.601 Y32.202 E2190.57737
G1 X88.512 Y32.886 E2190.6462
G1 X88.251 Y33.511 E2190.71378
G1 X87.837 Y34.037 E2190.78057
G1 X87.319 Y34.445 E2190.84637
G1 X86.691 Y34.71 E2190.91438
G0 F7200 X86.809 Y34.997
G0 X89.587 Y37.754
G1 F3600 X89.719 Y37.538 E2190.93964
G1 X89.895 Y37.366 E2190.96419
G1 X90.421 Y36.996 E2191.02836
G1 X90.792 Y36.625 E2191.08071
G1 X91.203 Y36.045 E2191.15164
G1 X91.559 Y35.785 E2191.19563
G1 X91.964 Y35.7 E2191.23692
G1 X92.5 Y35.7 E2191.2904
G1 X92 Y35.566 E2191.34205
G1 X91.692 Y35.29 E2191.38332
G1 X91.525 Y34.926 E2191.42328
G1 X91.39 Y33.927 E2191.52387
G1 X91.087 Y33.205 E2191.60199
G1 X90.577 Y32.536 E2191.68593
G1 X89.136 Y31.098 E2191.88906
G1 F3453.2 X88.755 Y30.741 E2191.94337
G1 F3151 X88.581 Y30.599 E2191.96898
G1 F3130.4 X88.91 Y31.437 E2192.07228
G1 F3428.6 X89.005 Y32.205 E2192.15336
G1 F3600 X88.898 Y33 E2192.2334
G1 X88.594 Y33.723 E2192.31166
G1 X88.12 Y34.32 E2192.38772
G1 X87.532 Y34.787 E2192.46264
G1 X86.807 Y35.096 E2192.54128
G1 X86.006 Y35.21 E2192.62201
G1 X85.222 Y35.107 E2192.70091
G1 F3445 X84.371 Y34.765 E2192.79654
G1 F3356.6 X84.541 Y34.97 E2192.82504
G1 F3512.2 X84.904 Y35.346 E2192.87849
G1 F3600 X86.342 Y36.782 E2193.08127
G1 X86.839 Y37.191 E2193.14549
G1 X87.355 Y37.466 E2193.20383
G1 X87.913 Y37.634 E2193.26198
G1 X88.682 Y37.713 E2193.33912
G1 X89.085 Y37.889 E2193.38299
G1 X89.366 Y38.2 E2193.42482
G1 X89.5 Y38.7 E2193.47647
G1 X89.5 Y38.164 E2193.52995
G1 X89.587 Y37.754 E2193.57177
G0 F7200 X89.5 Y38.7
G1 F3600 X89.5 Y80.7 E2197.76255
G1 F3538.1 X89.493 Y80.874 E2197.78023
G0 F7200 X89.655 Y81.677
G0 X91.524 Y83.546
G0 X92.326 Y83.707
G1 F3529.4 X92.5 Y83.7 E2197.79795
G1 F3600 X204.496 Y83.7 E2208.97296
G0 F7200 X205.476 Y83.546
G0 X205.469 Y83.112
G1 F3600 X205.272 Y83.25 E2208.99696
G1 X205.032 Y83.3 E2209.02142
G1 X91.964 Y83.3 E2220.30339
G1 X91.721 Y83.249 E2220.32816
G1 X91.525 Y83.11 E2220.35214
G1 X91.099 Y82.516 E2220.42508
G1 X90.68 Y82.097 E2220.4842
G1 X90.093 Y81.678 E2220.55616
G1 X89.952 Y81.482 E2220.58025
G1 X89.9 Y81.236 E2220.60534
G1 X89.9 Y38.164 E2224.90308
G1 X89.952 Y37.918 E2224.92817
G1 X90.137 Y37.685 E2224.95786
G1 X90.68 Y37.303 E2225.0241
G1 X91.099 Y36.883 E2225.0833
G1 X91.487 Y36.334 E2225.15038
G1 X91.721 Y36.151 E2225.18002
G1 X91.964 Y36.1 E2225.2048
G1 X205.032 Y36.1 E2236.48677
G1 X205.273 Y36.15 E2236.51133
G1 X205.47 Y36.288 E2236.53532
G1 X205.897 Y36.883 E2236.6084
G1 X206.315 Y37.302 E2236.66746
G1 X206.91 Y37.725 E2236.7403
G1 X207.049 Y37.921 E2236.76427
G1 X207.1 Y38.164 E2236.78905
G1 X207.1 Y81.236 E2241.08679
G1 X207.049 Y81.478 E2241.11147
G1 X206.866 Y81.713 E2241.14119
G1 X206.315 Y82.098 E2241.20826
G1 X205.897 Y82.517 E2241.26731
G1 X205.469 Y83.112 E2241.34045
G0 F7200 X205.73 Y83.295
G0 X205.47 Y84.47
G1 F3600 X205.61 Y85.472 E2241.4414
G1 X205.91 Y86.195 E2241.5195
G1 X206.422 Y86.863 E2241.60348
G1 X207.849 Y88.294 E2241.80513
G1 F3495.1 X208.228 Y88.656 E2241.85899
G1 F3341.1 X208.423 Y88.815 E2241.88605
G1 F3356.6 X208.091 Y87.962 E2241.984
G1 F3478.3 X207.991 Y87.2 E2242.06337
G1 F3564.4 X208.097 Y86.395 E2242.14519
G1 F3600 X208.405 Y85.68 E2242.22288
G1 X208.883 Y85.06 E2242.30099
G1 X209.484 Y84.6 E2242.37651
G1 X210.197 Y84.302 E2242.45361
G1 F3564.4 X210.997 Y84.19 E2242.53502
G1 F3478.3 X211.769 Y84.292 E2242.61544
G1 F3364.5 X212.613 Y84.622 E2242.7122
G1 F3348.8 X212.454 Y84.431 E2242.73885
G1 F3503.6 X212.092 Y84.054 E2242.79244
G1 F3600 X210.658 Y82.621 E2242.99472
G1 X209.995 Y82.11 E2243.07824
G1 X209.271 Y81.811 E2243.1564
G1 X208.274 Y81.675 E2243.25681
G1 X207.909 Y81.507 E2243.2969
G1 X207.634 Y81.2 E2243.33802
G1 F3529.4 X207.507 Y80.874 E2243.37363
G1 X207.5 Y81.236 E2243.41048
G1 F3600 X207.415 Y81.64 E2243.45167
G1 X207.149 Y82.004 E2243.49666
G1 X206.573 Y82.406 E2243.56675
G1 X206.204 Y82.775 E2243.61882
G1 X205.791 Y83.359 E2243.69019
G1 X205.432 Y83.617 E2243.7343
G1 X205.032 Y83.7 E2243.77506
G1 X204.496 Y83.7 E2243.82854
G1 X204.996 Y83.834 E2243.88019
G1 X205.301 Y84.106 E2243.92097
G1 X205.47 Y84.47 E2243.96102
G0 F7200 X207.345 Y81.677
G0 X207.507 Y80.874
G1 F3529.4 X207.5 Y80.7 E2243.97874
G1 F3600 X207.5 Y38.7 E2248.16952
G0 F7200 X208.274 Y37.725
G1 F3600 X209.271 Y37.589 E2248.26992
G1 X209.994 Y37.29 E2248.34798
G1 X210.662 Y36.775 E2248.43215
G1 X212.092 Y35.347 E2248.63379
G1 F3512.2 X212.455 Y34.97 E2248.68732
G1 F3356.6 X212.614 Y34.777 E2248.71408
G1 F3364.5 X211.763 Y35.109 E2248.81161
G1 F3478.3 X210.996 Y35.21 E2248.8915
G1 F3564.4 X210.2 Y35.098 E2248.97251
G1 F3600 X209.479 Y34.798 E2249.05043
G1 X208.859 Y34.311 E2249.1291
G1 X208.402 Y33.715 E2249.20404
G1 X208.102 Y33.002 E2249.28122
G1 X207.991 Y32.208 E2249.36122
G1 F3512.2 X208.087 Y31.429 E2249.44149
G1 F3364.5 X208.422 Y30.588 E2249.53814
G1 F3333.3 X208.239 Y30.738 E2249.56364
G1 F3486.7 X207.862 Y31.099 E2249.61742
G1 F3600 X206.422 Y32.537 E2249.82048
G1 X205.909 Y33.205 E2249.90452
G1 X205.61 Y33.928 E2249.98258
G1 X205.47 Y34.93 E2250.08353
G1 X205.301 Y35.293 E2250.12349
G1 X204.996 Y35.566 E2250.16433
G1 F3529.4 X204.67 Y35.693 E2250.19994
G1 X205.032 Y35.7 E2250.23679
G1 F3600 X205.433 Y35.783 E2250.27765
G1 X205.797 Y36.047 E2250.32252
G1 X206.204 Y36.625 E2250.39305
G1 X206.573 Y36.994 E2250.44512
G1 X207.155 Y37.402 E2250.51604
G1 X207.415 Y37.759 E2250.56011
G1 X207.5 Y38.164 E2250.6014
G1 X207.5 Y38.7 E2250.65488
G1 X207.634 Y38.2 E2250.70653
G1 X207.91 Y37.892 E2250.7478
G1 X208.274 Y37.725 E2250.78776
G0 F7200 X205.476 Y35.856
G0 X204.67 Y35.693
G1 F3529.4 X204.496 Y35.7 E2250.80548
G1 F3600 X92.5 Y35.7 E2261.98049
G0 F7200 X88.581 Y30.599
G1 F3287.7 X88.117 Y30.077 E2262.0568
G1 F3445 X87.817 Y29.808 E2262.09881
G1 F3063.8 X87.222 Y29.383 E2262.18454
G1 F2474.2 X86.409 Y29.111 E2262.309
G1 F2168.7 X86.115 Y29.074 E2262.35808
G0 F7200 X87.429 Y29.728
G0 X88.473 Y30.772
G0 X89.339 Y37.941
G0 X89.339 Y81.461
G0 X84.364 Y84.644
G1 F3257.9 X83.973 Y84.987 E2262.41543
G1 F3380.3 X83.608 Y85.379 E2262.47235
G1 F2880 X83.151 Y86.071 E2262.57578
G1 F2364.5 X82.911 Y86.788 E2262.69065
G1 F2175.2 X82.874 Y87.091 E2262.74105
G0 F7200 X83.527 Y88.629
G0 X85.098 Y90.055
G1 F3582.1 X84.462 Y89.798 E2262.80984
G1 F3445 X83.868 Y89.331 E2262.88863
G1 F3461.5 X83.394 Y88.722 E2262.96871
G1 F3654.8 X83.121 Y88.014 E2263.04329
G1 F3809.5 X83.042 Y87.466 E2263.0955
G1 F2785.3 X82.874 Y87.091 E2263.14849
G1 F2758.6 X82.663 Y87.487 E2263.20692
G1 F3730.6 X82.769 Y88.265 E2263.28252
G1 F3546.8 X83.092 Y89.019 E2263.3656
G1 F3388.2 X83.565 Y89.634 E2263.44785
G1 X84.178 Y90.109 E2263.53007
G1 F3478.3 X84.898 Y90.414 E2263.61082
G1 F3645.6 X85.748 Y90.542 E2263.69552
G1 F2737.6 X86.148 Y90.323 E2263.75535
G1 F2790.7 X85.782 Y90.161 E2263.80687
G1 F3789.5 X85.098 Y90.055 E2263.87248
G0 F7200 X86.148 Y90.323
G1 F2165.4 X86.409 Y90.289 E2263.91614
G1 F2352.9 X87.128 Y90.048 E2264.03191
G1 F2834.6 X87.478 Y89.845 E2264.08318
G1 F3356.6 X88.121 Y89.319 E2264.17209
G1 F3287.7 X88.552 Y88.837 E2264.24273
G0 F7200 X89.005 Y87.198
G1 F3600 X88.907 Y87.97 E2264.32038
G1 F3445 X88.572 Y88.82 E2264.41565
G1 F3356.6 X88.771 Y88.656 E2264.44324
G1 F3512.2 X89.148 Y88.292 E2264.49684
G1 F3600 X90.577 Y86.864 E2264.69841
G1 X91.086 Y86.195 E2264.78229
G1 X91.389 Y85.473 E2264.86042
G1 X91.525 Y84.474 E2264.96102
G1 X91.692 Y84.11 E2265.00098
G1 X92 Y83.834 E2265.04225
G1 F3529.4 X92.326 Y83.707 E2265.07785
G1 X91.964 Y83.7 E2265.1147
G1 F3600 X91.559 Y83.615 E2265.156
G1 X91.344 Y83.485 E2265.18107
G1 X91.166 Y83.305 E2265.20632
G1 X90.792 Y82.775 E2265.27105
G1 X90.421 Y82.404 E2265.3234
G1 X89.895 Y82.034 E2265.38757
G1 X89.719 Y81.861 E2265.4122
G1 X89.587 Y81.645 E2265.43745
G1 X89.5 Y81.236 E2265.47918
G1 F3529.4 X89.493 Y80.874 E2265.51603
G1 X89.366 Y81.2 E2265.55163
G1 F3600 X89.086 Y81.511 E2265.59339
G1 X88.683 Y81.687 E2265.63727
G1 X87.91 Y81.762 E2265.71476
G1 X87.354 Y81.929 E2265.77269
G1 X86.84 Y82.207 E2265.831
G1 X86.34 Y82.615 E2265.89539
G1 X84.904 Y84.052 E2266.09809
G1 F3503.6 X84.542 Y84.431 E2266.15183
G1 F3348.8 X84.383 Y84.621 E2266.1784
G1 F3364.5 X85.23 Y84.292 E2266.27541
G1 F3478.3 X86.006 Y84.19 E2266.35624
G1 F3564.4 X86.808 Y84.305 E2266.43789
G1 F3600 X87.523 Y84.608 E2266.51538
G1 X88.125 Y85.07 E2266.5911
G1 X88.592 Y85.683 E2266.66799
G1 X88.899 Y86.396 E2266.74545
G1 X89.005 Y87.198 E2266.82617
G0 F7200 X88.473 Y88.629
G0 X87.685 Y89.478
G0 X86.795 Y90.003
G0 X86.676 Y89.715
G1 F3600 X86.001 Y89.805 E2266.89412
G1 X85.321 Y89.717 E2266.96253
G1 X84.693 Y89.457 E2267.03035
G1 X84.16 Y89.038 E2267.098
G1 X83.739 Y88.493 E2267.16672
G1 X83.482 Y87.864 E2267.23451
G1 X83.396 Y87.192 E2267.30211
G1 X83.483 Y86.511 E2267.37062
G1 X83.75 Y85.886 E2267.43843
G1 X84.159 Y85.359 E2267.50499
G1 X84.689 Y84.945 E2267.5721
G1 X85.321 Y84.684 E2267.64033
G1 X85.998 Y84.594 E2267.70847
G1 X86.691 Y84.69 E2267.77828
G1 X87.317 Y84.952 E2267.84599
G1 X87.837 Y85.359 E2267.91188
G1 X88.247 Y85.89 E2267.97882
G1 X88.512 Y86.507 E2268.04582
G1 X88.601 Y87.199 E2268.11544
G1 X88.516 Y87.876 E2268.18352
G1 X88.252 Y88.511 E2268.25214
G1 X87.841 Y89.041 E2268.31906
G1 X87.309 Y89.453 E2268.3862
G1 X86.676 Y89.715 E2268.45456
G0 F7200 X86.795 Y90.003
G0 X87.938 Y89.718
G0 X91.763 Y83.861
G0 X205.237 Y83.861
G0 X208.443 Y88.832
G1 F3272.7 X208.876 Y89.32 E2268.52617
G1 F3341.1 X209.519 Y89.845 E2268.61541
G1 F2823.5 X209.868 Y90.048 E2268.66678
G1 F2352.9 X210.587 Y90.288 E2268.7825
G1 F2168.7 X210.885 Y90.326 E2268.83226
G0 F7200 X211.814 Y90.079
G1 F3809.5 X211.26 Y90.158 E2268.88502
G1 F2779.9 X210.885 Y90.326 E2268.93812
G1 F2758.6 X211.282 Y90.537 E2268.99666
G1 F3730.6 X212.064 Y90.428 E2269.07269
G1 F3546.8 X212.818 Y90.109 E2269.1556
G1 F3388.2 X213.433 Y89.633 E2269.23805
G1 F3380.3 X213.909 Y89.017 E2269.32078
G1 F3546.8 X214.23 Y88.264 E2269.40368
G1 F3740.3 X214.335 Y87.479 E2269.47974
G1 F2742.9 X214.121 Y87.061 E2269.54124
G1 F2769.2 X213.956 Y87.455 E2269.59665
G1 F3829.8 X213.882 Y88.009 E2269.64907
G1 F3673.5 X213.604 Y88.725 E2269.72418
G1 F3461.5 X213.129 Y89.329 E2269.80392
G1 X212.526 Y89.804 E2269.88357
G1 F3664.1 X211.814 Y90.079 E2269.9584
G0 F7200 X211.664 Y89.718
G1 F3600 X210.993 Y89.804 E2270.0259
G1 X210.312 Y89.713 E2270.09445
G1 X209.681 Y89.448 E2270.16274
G1 X209.159 Y89.037 E2270.22903
G1 X208.744 Y88.504 E2270.29644
G1 X208.484 Y87.875 E2270.36435
G1 X208.394 Y87.204 E2270.4319
G1 X208.484 Y86.507 E2270.50203
G1 X208.749 Y85.89 E2270.56903
G1 X209.164 Y85.348 E2270.63714
G1 X209.689 Y84.947 E2270.70306
G1 X210.31 Y84.688 E2270.7702
G1 X210.999 Y84.595 E2270.83957
G1 X211.674 Y84.683 E2270.90749
G1 X212.301 Y84.942 E2270.97518
G1 X212.838 Y85.353 E2271.04265
G1 X213.245 Y85.885 E2271.10949
G1 X213.513 Y86.511 E2271.17744
G1 X213.6 Y87.196 E2271.24634
G1 X213.521 Y87.861 E2271.31316
G1 X213.26 Y88.496 E2271.38166
G1 X212.841 Y89.04 E2271.45017
G1 X212.302 Y89.457 E2271.51817
G1 X211.664 Y89.718 E2271.58695
G0 F7200 X211.704 Y90.027
G0 X212.429 Y89.674
G0 X213.387 Y88.741
G0 X214.121 Y87.061
G1 F2152.5 X214.087 Y86.786 E2271.6332
G1 F2341.5 X213.848 Y86.073 E2271.74856
G1 F2812.5 X213.642 Y85.722 E2271.80054
G1 F3341.1 X213.118 Y85.076 E2271.88997
G1 F3287.7 X212.632 Y84.644 E2271.96102
G0 F7200 X207.66 Y81.438
G0 X207.66 Y37.965
G0 X212.636 Y34.751
G1 F3144.1 X213.272 Y34.184 E2272.05836
G1 F3130.4 X213.693 Y33.597 E2272.14125
G1 F2632.5 X213.897 Y33.242 E2272.19712
G1 F2250 X214.087 Y32.614 E2272.30187
G1 F2162.2 X214.119 Y32.36 E2272.3444
G0 F7200 X213.851 Y31.289
G1 F3779.5 X213.959 Y31.984 E2272.41124
G1 F2796.1 X214.119 Y32.36 E2272.46374
G1 F2737.6 X214.339 Y31.947 E2272.52514
G1 F3636.4 X214.214 Y31.096 E2272.6101
G1 F3461.5 X213.908 Y30.38 E2272.69091
G1 F3380.3 X213.434 Y29.768 E2272.77317
G1 F3396.2 X212.818 Y29.291 E2272.85557
G1 F3478.3 X212.098 Y28.986 E2272.93632
G1 F3645.6 X211.257 Y28.858 E2273.02014
G1 F2742.9 X210.853 Y29.077 E2273.08032
G1 F2801.6 X211.219 Y29.238 E2273.13159
G1 F3789.5 X211.898 Y29.345 E2273.19675
G1 F3582.1 X212.531 Y29.601 E2273.26522
G1 F3445 X213.131 Y30.07 E2273.34463
G1 F3436.8 X213.598 Y30.672 E2273.42426
G1 F3564.4 X213.851 Y31.289 E2273.49147
G0 F7200 X213.02 Y30.181
G0 X210.853 Y29.077
G1 F2162.2 X210.587 Y29.112 E2273.53604
G1 F2465.8 X209.774 Y29.383 E2273.66088
G1 F3050.8 X209.179 Y29.808 E2273.74697
G1 F3436.8 X208.877 Y30.079 E2273.78938
G1 F3302.8 X208.441 Y30.572 E2273.86096
G0 F7200 X208.143 Y32.201
G0 X207.66 Y37.965
G0 X207.345 Y81.677
G0 X205.395 Y84.522
G0 X205.081 Y84.562
G1 F3600 X205.221 Y85.578 E2273.9633
G1 X205.56 Y86.397 E2274.05174
G1 X206.121 Y87.127 E2274.14361
G1 X208.897 Y89.907 E2274.53561
G1 X209.627 Y90.467 E2274.62742
G1 X210.449 Y90.806 E2274.71614
G1 X211.328 Y90.922 E2274.8046
G1 X212.203 Y90.807 E2274.89266
G1 X213.025 Y90.467 E2274.98142
G1 X213.728 Y89.928 E2275.06981
G1 X214.268 Y89.225 E2275.15826
G1 X214.606 Y88.408 E2275.24648
G1 X214.718 Y87.528 E2275.335
G1 X214.607 Y86.648 E2275.4235
G1 X214.268 Y85.831 E2275.51176
G1 X213.707 Y85.101 E2275.60363
G1 X210.923 Y82.32 E2275.99627
G1 X210.197 Y81.76 E2276.08775
G1 X209.375 Y81.421 E2276.17648
G1 X208.364 Y81.285 E2276.27826
G1 X208.145 Y81.184 E2276.30233
G1 X207.98 Y81 E2276.32699
G1 X207.9 Y80.782 E2276.35016
G1 X207.9 Y38.7 E2280.54912
G1 X207.98 Y38.4 E2280.5801
G1 X208.146 Y38.215 E2280.6049
G1 X208.364 Y38.115 E2280.62883
G1 X209.375 Y37.979 E2280.73061
G1 X210.196 Y37.64 E2280.81924
G1 X210.927 Y37.076 E2280.91137
G1 X213.707 Y34.299 E2281.30345
G1 X214.268 Y33.569 E2281.39531
G1 X214.606 Y32.752 E2281.48353
G1 X214.718 Y31.872 E2281.57205
G1 X214.607 Y30.992 E2281.66055
G1 X214.268 Y30.172 E2281.74909
G1 X213.728 Y29.473 E2281.83722
G1 X213.025 Y28.933 E2281.92567
G1 X212.203 Y28.593 E2282.01443
G1 X211.328 Y28.478 E2282.10249
G1 X210.449 Y28.593 E2282.19094
G1 X209.628 Y28.932 E2282.27957
G1 X208.901 Y29.492 E2282.37114
G1 X206.121 Y32.273 E2282.7635
G1 X205.56 Y33.003 E2282.85536
G1 X205.221 Y33.822 E2282.9438
G1 X205.081 Y34.838 E2283.04614
G1 X204.979 Y35.056 E2283.07015
G1 X204.796 Y35.22 E2283.09467
G1 X204.578 Y35.3 E2283.11784
G1 X92.5 Y35.3 E2294.30103
G1 X92.2 Y35.22 E2294.33201
G1 X92.015 Y35.054 E2294.35681
G1 X91.915 Y34.836 E2294.38075
G1 X91.779 Y33.822 E2294.48283
G1 X91.436 Y33.003 E2294.57143
G1 X90.879 Y32.272 E2294.66313
G1 X88.094 Y29.492 E2295.05577
G1 X87.368 Y28.932 E2295.14726
G1 X86.547 Y28.593 E2295.23588
G1 X85.672 Y28.478 E2295.32394
G1 X84.793 Y28.594 E2295.41241
G1 X83.971 Y28.932 E2295.50109
G1 X83.268 Y29.472 E2295.58954
G1 X82.733 Y30.171 E2295.67737
G1 X82.393 Y30.993 E2295.76613
G1 X82.278 Y31.872 E2295.85459
G1 X82.393 Y32.751 E2295.94304
G1 X82.732 Y33.57 E2296.03149
G1 X83.289 Y34.3 E2296.12311
G1 X86.072 Y37.078 E2296.51547
G1 X86.616 Y37.526 E2296.58578
G1 X87.202 Y37.838 E2296.65203
G1 X87.834 Y38.028 E2296.71788
G1 X88.632 Y38.114 E2296.79796
G1 X88.851 Y38.213 E2296.82194
G1 X89.02 Y38.4 E2296.84709
G1 X89.1 Y38.7 E2296.87807
G1 X89.1 Y80.782 E2301.07703
G1 X89.02 Y81 E2301.1002
G1 X88.852 Y81.187 E2301.12529
G1 X88.632 Y81.286 E2301.14936
G1 X87.833 Y81.368 E2301.2295
G1 X87.2 Y81.557 E2301.29542
G1 X86.616 Y81.873 E2301.36167
G1 X86.072 Y82.318 E2301.4318
G1 X83.29 Y85.101 E2301.82444
G1 X82.733 Y85.831 E2301.91606
G1 X82.394 Y86.65 E2302.00451
G1 X82.278 Y87.528 E2302.09288
G1 X82.393 Y88.407 E2302.18133
G1 X82.733 Y89.226 E2302.26981
G1 X83.269 Y89.928 E2302.35794
G1 X83.971 Y90.468 E2302.44631
G1 X84.793 Y90.806 E2302.535
G1 X85.672 Y90.922 E2302.62346
G1 X86.547 Y90.807 E2302.71152
G1 X87.369 Y90.467 E2302.80028
G1 X88.099 Y89.907 E2302.89208
G1 X90.879 Y87.128 E2303.2843
G1 X91.436 Y86.397 E2303.376
G1 X91.779 Y85.578 E2303.4646
G1 X91.915 Y84.564 E2303.56668
G1 X92.015 Y84.346 E2303.59062
G1 X92.2 Y84.18 E2303.61542
G1 X92.418 Y84.1 E2303.63859
G1 X204.496 Y84.1 E2314.82178
G1 X204.796 Y84.18 E2314.85276
G1 X204.979 Y84.344 E2314.87727
G1 X205.081 Y84.562 E2314.90129
G0 F7200 X205.395 Y84.522
G0 X207.345 Y81.677
G0 X207.66 Y37.965
G0 X211.715 Y35.025
G0 X211.675 Y34.717
G1 F3600 X210.999 Y34.805 E2314.96931
G1 X210.31 Y34.712 E2315.03868
G1 X209.687 Y34.452 E2315.10604
G1 X209.159 Y34.037 E2315.17305
G1 X208.749 Y33.513 E2315.23944
G1 X208.488 Y32.886 E2315.30721
G1 X208.395 Y32.203 E2315.37599
G1 X208.478 Y31.522 E2315.44444
G1 X208.749 Y30.887 E2315.51333
G1 X209.158 Y30.36 E2315.57989
G1 X209.692 Y29.944 E2315.64743
G1 X210.325 Y29.682 E2315.71579
G1 X211.001 Y29.595 E2315.7838
G1 X211.674 Y29.683 E2315.85152
G1 X212.298 Y29.941 E2315.9189
G1 X212.838 Y30.353 E2315.98667
G1 X213.253 Y30.899 E2316.0551
G1 X213.517 Y31.522 E2316.12262
G1 X213.601 Y32.2 E2316.19078
G1 X213.518 Y32.871 E2316.25825
G1 X213.256 Y33.506 E2316.32679
G1 X212.837 Y34.037 E2316.39428
G1 X212.304 Y34.456 E2316.46193
G1 X211.675 Y34.717 E2316.52988
G0 F7200 X211.543 Y34.331
;TYPE:WALL-OUTER
G1 F1800 X211 Y34.403 E2316.58453
G1 X210.433 Y34.327 E2316.64162
G1 X209.906 Y34.111 E2316.69845
G1 X209.442 Y33.754 E2316.75686
G1 X209.089 Y33.291 E2316.81496
G1 X208.869 Y32.743 E2316.87388
G1 X208.801 Y32.227 E2316.92581
G1 X208.868 Y31.625 E2316.98625
G1 X209.108 Y31.078 E2317.04585
G1 X209.424 Y30.662 E2317.09798
G1 X209.895 Y30.293 E2317.15768
G1 X210.454 Y30.069 E2317.21777
G1 X211.001 Y29.998 E2317.2728
G1 X211.543 Y30.069 E2317.32735
G1 X212.108 Y30.298 E2317.38818
G1 X212.557 Y30.642 E2317.44462
G1 X212.913 Y31.121 E2317.50417
G1 X213.128 Y31.629 E2317.55921
G1 X213.195 Y32.175 E2317.6141
G1 X213.128 Y32.766 E2317.67344
G1 X212.907 Y33.301 E2317.7312
G1 X212.554 Y33.754 E2317.78851
G1 X212.1 Y34.108 E2317.84595
G1 X211.543 Y34.331 E2317.90582
G0 F7200 X211.345 Y34.357
G0 X211.437 Y35.062
G0 X207.66 Y37.965
G0 X207.345 Y81.677
G0 X205.763 Y83.248
G0 X205.178 Y82.838
G1 F1800 X205.089 Y82.9 E2317.91664
G1 X91.907 Y82.9 E2329.20998
G1 X91.817 Y82.837 E2329.22095
G1 X91.406 Y82.258 E2329.29179
G1 X90.938 Y81.79 E2329.35783
G1 X90.364 Y81.384 E2329.42799
G1 X90.3 Y81.236 E2329.44408
G1 X90.3 Y38.164 E2333.74182
G1 X90.352 Y38.022 E2333.75691
G1 X90.938 Y37.61 E2333.82838
G1 X91.406 Y37.142 E2333.89442
G1 X91.817 Y36.563 E2333.96527
G1 X91.964 Y36.5 E2333.98123
G1 X205.09 Y36.5 E2345.26899
G1 X205.178 Y36.562 E2345.27973
G1 X205.59 Y37.142 E2345.35072
G1 X206.057 Y37.61 E2345.41669
G1 X206.637 Y38.017 E2345.48739
G1 X206.7 Y38.164 E2345.50334
G1 X206.7 Y81.293 E2349.80677
G1 X206.637 Y81.383 E2349.81774
G1 X206.057 Y81.79 E2349.88843
G1 X205.59 Y82.258 E2349.9544
G1 X205.178 Y82.838 E2350.02539
G0 F7200 X205.089 Y82.9
G0 X204.997 Y82.9
G0 X204.997 Y83.611
G0 X205.4 Y84.563
G0 X204.691 Y84.654
G1 F1800 X204.831 Y85.683 E2350.12901
G1 X205.211 Y86.599 E2350.22796
G1 X205.819 Y87.391 E2350.32759
G1 X208.633 Y90.209 E2350.72496
G1 X209.425 Y90.817 E2350.82459
G1 X210.345 Y91.196 E2350.92387
G1 X211.328 Y91.326 E2351.02281
G1 X212.307 Y91.197 E2351.12134
G1 X213.227 Y90.817 E2351.22066
G1 X214.013 Y90.213 E2351.31956
G1 X214.617 Y89.427 E2351.41847
G1 X214.996 Y88.512 E2351.5173
G1 X215.122 Y87.528 E2351.61628
G1 X214.997 Y86.544 E2351.71525
G1 X214.617 Y85.629 E2351.81411
G1 X214.009 Y84.837 E2351.91374
G1 X211.187 Y82.019 E2352.31167
G1 X210.399 Y81.411 E2352.41098
G1 X209.479 Y81.031 E2352.5103
G1 X208.397 Y80.887 E2352.61922
G1 X208.302 Y80.735 E2352.6371
G1 X208.3 Y38.619 E2356.83945
G1 X208.454 Y38.505 E2356.85857
G1 X209.479 Y38.369 E2356.96174
G1 X210.398 Y37.989 E2357.06097
G1 X211.191 Y37.377 E2357.16092
G1 X214.009 Y34.563 E2357.55829
G1 X214.617 Y33.771 E2357.65792
G1 X214.996 Y32.856 E2357.75674
G1 X215.122 Y31.872 E2357.85572
G1 X214.997 Y30.888 E2357.9547
G1 X214.617 Y29.97 E2358.05383
G1 X214.013 Y29.187 E2358.1525
G1 X213.227 Y28.583 E2358.25141
G1 X212.307 Y28.203 E2358.35073
G1 X211.328 Y28.074 E2358.44926
G1 X210.345 Y28.203 E2358.54819
G1 X209.426 Y28.583 E2358.64742
G1 X208.637 Y29.191 E2358.74681
G1 X205.819 Y32.009 E2359.14446
G1 X205.211 Y32.801 E2359.24408
G1 X204.831 Y33.717 E2359.34304
G1 X204.682 Y34.775 E2359.44964
G1 X204.531 Y34.898 E2359.46908
G1 X92.418 Y34.9 E2370.65576
G1 X92.301 Y34.727 E2370.6766
G1 X92.169 Y33.717 E2370.77823
G1 X91.785 Y32.801 E2370.87734
G1 X91.181 Y32.008 E2370.9768
G1 X88.359 Y29.191 E2371.37466
G1 X87.57 Y28.583 E2371.47405
G1 X86.651 Y28.203 E2371.57328
G1 X85.672 Y28.074 E2371.67181
G1 X84.689 Y28.204 E2371.77075
G1 X83.769 Y28.583 E2371.87003
G1 X82.983 Y29.187 E2371.96894
G1 X82.383 Y29.969 E2372.06729
G1 X82.003 Y30.889 E2372.16661
G1 X81.874 Y31.872 E2372.26554
G1 X82.003 Y32.855 E2372.36446
G1 X82.383 Y33.771 E2372.46341
G1 X82.987 Y34.564 E2372.56288
G1 X85.803 Y37.375 E2372.95989
G1 X86.392 Y37.86 E2373.03602
G1 X87.049 Y38.21 E2373.1103
G1 X87.756 Y38.422 E2373.18395
G1 X88.544 Y38.504 E2373.263
G1 X88.7 Y38.619 E2373.28234
G1 X88.698 Y80.735 E2377.48469
G1 X88.6 Y80.892 E2377.50316
G1 X87.755 Y80.974 E2377.58787
G1 X87.046 Y81.186 E2377.66171
G1 X86.392 Y81.539 E2377.73586
G1 X85.803 Y82.021 E2377.8118
G1 X82.988 Y84.837 E2378.2091
G1 X82.383 Y85.629 E2378.30854
G1 X82.004 Y86.545 E2378.40746
G1 X81.874 Y87.528 E2378.5064
G1 X82.003 Y88.511 E2378.60532
G1 X82.383 Y89.427 E2378.70427
G1 X82.983 Y90.213 E2378.80294
G1 X83.769 Y90.817 E2378.90185
G1 X84.689 Y91.196 E2379.00113
G1 X85.672 Y91.326 E2379.10007
G1 X86.651 Y91.197 E2379.1986
G1 X87.571 Y90.817 E2379.29792
G1 X88.363 Y90.209 E2379.39755
G1 X91.181 Y87.392 E2379.79513
G1 X91.785 Y86.599 E2379.89459
G1 X92.169 Y85.683 E2379.99369
G1 X92.312 Y84.598 E2380.10289
G1 X92.465 Y84.502 E2380.12092
G1 X204.577 Y84.5 E2391.3075
G1 X204.691 Y84.654 E2391.32661
G0 F7200 X204.717 Y84.852
G0 X205.426 Y84.761
G0 X208.98 Y89.221
G0 X210.26 Y89.96
G0 X211.848 Y89.981
G0 X211.576 Y89.323
G1 F1800 X211.009 Y89.4 E2391.38371
G1 X210.436 Y89.328 E2391.44133
G1 X209.903 Y89.11 E2391.49879
G1 X209.442 Y88.754 E2391.55691
G1 X209.092 Y88.3 E2391.61411
G1 X208.869 Y87.743 E2391.67398
G1 X208.801 Y87.227 E2391.72591
G1 X208.869 Y86.633 E2391.78556
G1 X209.089 Y86.109 E2391.84227
G1 X209.436 Y85.648 E2391.89984
G1 X209.906 Y85.289 E2391.95886
G1 X210.429 Y85.072 E2392.01536
G1 X211.001 Y84.998 E2392.07291
G1 X211.543 Y85.069 E2392.12745
G1 X212.1 Y85.292 E2392.18731
G1 X212.554 Y85.642 E2392.24451
G1 X212.913 Y86.121 E2392.30424
G1 X213.128 Y86.636 E2392.35993
G1 X213.196 Y87.21 E2392.4176
G1 X213.124 Y87.776 E2392.47453
G1 X212.902 Y88.308 E2392.53205
G1 X212.554 Y88.754 E2392.5885
G1 X212.117 Y89.095 E2392.64381
G1 X211.576 Y89.323 E2392.70239
G0 F7200 X211.378 Y89.349
G0 X211.471 Y90.057
G0 X209.298 Y89.91
G0 X205.237 Y83.861
G0 X91.763 Y83.861
G0 X87.974 Y89.416
G0 X86.652 Y90.033
G0 X86.56 Y89.328
G1 F1800 X86.001 Y89.402 E2392.75865
G1 X85.428 Y89.328 E2392.8163
G1 X84.879 Y89.095 E2392.87581
G1 X84.442 Y88.754 E2392.93112
G1 X84.099 Y88.308 E2392.98726
G1 X83.877 Y87.776 E2393.04478
G1 X83.8 Y87.18 E2393.10474
G1 X83.868 Y86.636 E2393.15944
G1 X84.108 Y86.078 E2393.22005
G1 X84.442 Y85.642 E2393.27485
G1 X84.896 Y85.292 E2393.33205
G1 X85.454 Y85.069 E2393.39201
G1 X86.001 Y84.997 E2393.44706
G1 X86.565 Y85.074 E2393.50386
G1 X87.096 Y85.292 E2393.56114
G1 X87.554 Y85.642 E2393.61865
G1 X87.913 Y86.121 E2393.67838
G1 X88.128 Y86.626 E2393.73315
G1 X88.195 Y87.225 E2393.79329
G1 X88.128 Y87.768 E2393.84788
G1 X87.891 Y88.323 E2393.90809
G1 X87.554 Y88.754 E2393.96269
G1 X87.093 Y89.11 E2394.0208
G1 X86.56 Y89.328 E2394.07826
G0 F7200 X86.362 Y89.354
G0 X86.454 Y90.059
G0 X87.429 Y89.674
G0 X88.473 Y88.629
G0 X89.339 Y81.461
G0 X89.339 Y37.941
G0 X86.658 Y35.033
G0 X86.566 Y34.326
G1 F1800 X86.001 Y34.403 E2394.13516
G1 X85.428 Y34.328 E2394.19282
G1 X84.881 Y34.096 E2394.25211
G1 X84.442 Y33.754 E2394.30763
G1 X84.092 Y33.3 E2394.36483
G1 X83.869 Y32.743 E2394.4247
G1 X83.801 Y32.227 E2394.47663
G1 X83.868 Y31.625 E2394.53707
G1 X84.108 Y31.078 E2394.59667
G1 X84.442 Y30.642 E2394.65148
G1 X84.888 Y30.299 E2394.70762
G1 X85.42 Y30.077 E2394.76514
G1 X85.991 Y30 E2394.82263
G1 X86.543 Y30.069 E2394.87813
G1 X87.1 Y30.292 E2394.938
G1 X87.554 Y30.642 E2394.9952
G1 X87.893 Y31.084 E2395.05078
G1 X88.128 Y31.629 E2395.11
G1 X88.195 Y32.225 E2395.16984
G1 X88.127 Y32.763 E2395.22395
G1 X87.911 Y33.29 E2395.28078
G1 X87.554 Y33.754 E2395.3392
G1 X87.097 Y34.108 E2395.39688
G1 X86.566 Y34.326 E2395.45415
G0 F7200 X86.368 Y34.353
G0 X86.46 Y35.059
G0 X86.88 Y35.476
;TYPE:SKIN
G1 F1800 X87.743 Y35.099 E2395.54812
G1 X88.403 Y34.584 E2395.63165
G1 X88.907 Y33.93 E2395.71404
G1 X89.268 Y33.104 E2395.80398
G1 X89.383 Y32.235 E2395.89145
G1 X89.341 Y31.839 E2395.93118
G1 X90.293 Y32.792 E2396.06559
G1 X90.757 Y33.402 E2396.14207
G1 X91.017 Y34.018 E2396.20878
G1 X91.149 Y34.991 E2396.30676
G1 X91.356 Y35.465 E2396.35837
G1 X90.921 Y35.783 E2396.41213
G1 X90.498 Y36.378 E2396.48498
G1 X90.174 Y36.702 E2396.5307
G1 X89.654 Y37.067 E2396.59409
G1 X89.435 Y37.281 E2396.62464
G1 X89.264 Y37.552 E2396.65661
G1 X88.981 Y37.403 E2396.68853
G1 X88.761 Y37.34 E2396.71136
G1 X87.984 Y37.258 E2396.78932
G1 X87.501 Y37.114 E2396.83961
G1 X87.052 Y36.873 E2396.89046
G1 X86.595 Y36.495 E2396.94963
G1 X85.639 Y35.543 E2397.08425
G1 X86.156 Y35.568 E2397.1359
G1 X86.88 Y35.476 E2397.20872
G0 F7200 X88.949 Y37.199
G1 F1800 X90.995 Y35.153 E2397.49744
G0 F7200 X90.904 Y34.678
G1 F1800 X88.472 Y37.11 E2397.84062
G0 F7200 X87.97 Y37.046
G1 F1800 X90.837 Y34.179 E2398.24518
G0 F7200 X90.691 Y33.759
G1 F1800 X87.542 Y36.909 E2398.68961
G0 F7200 X87.174 Y36.712
G1 F1800 X90.496 Y33.389 E2399.15845
G0 F7200 X90.251 Y33.069
G1 F1800 X86.862 Y36.458 E2399.63668
G0 F7200 X86.553 Y36.201
G1 F1800 X87.195 Y35.558 E2399.72734
G0 F7200 X86.458 Y35.73
G1 F1800 X86.287 Y35.901 E2399.75147
G0 F7200 X89.363 Y33.391
G1 F1800 X89.986 Y32.768 E2399.83938
G0 F7200 X89.703 Y32.485
G1 F1800 X89.528 Y32.66 E2399.86408
G0 F7200 X89.358 Y76.581
G0 X89.267 Y86.286
G1 F1800 X88.908 Y85.47 E2399.95303
G1 X88.393 Y84.797 E2400.03759
G1 X87.704 Y84.272 E2400.12402
G1 X86.872 Y83.92 E2400.21416
G1 X86.178 Y83.829 E2400.284
G1 X85.637 Y83.853 E2400.33803
G1 X86.599 Y82.893 E2400.47364
G1 X87.052 Y82.523 E2400.532
G1 X87.502 Y82.278 E2400.58313
G1 X87.979 Y82.137 E2400.63276
G1 X88.763 Y82.056 E2400.7114
G1 X89.264 Y81.841 E2400.7658
G1 X89.595 Y82.287 E2400.82122
G1 X90.175 Y82.698 E2400.89215
G1 X90.498 Y83.018 E2400.93752
G1 X90.864 Y83.538 E2401.00097
G1 X91.089 Y83.769 E2401.03314
G1 X91.359 Y83.935 E2401.06477
G1 X91.15 Y84.4 E2401.11564
G1 X91.017 Y85.37 E2401.21333
G1 X90.753 Y86.003 E2401.28176
G1 X90.293 Y86.608 E2401.3576
G1 X89.339 Y87.563 E2401.49229
G1 X89.383 Y87.166 E2401.53214
G1 X89.267 Y86.286 E2401.62071
G0 F7200 X90.533 Y85.961
G1 F1800 X89.555 Y86.939 E2401.75872
G0 F7200 X89.489 Y86.439
G1 F1800 X90.855 Y85.073 E2401.95147
G0 F7200 X90.946 Y84.417
G1 F1800 X89.363 Y86 E2402.17485
G0 F7200 X89.191 Y85.606
G1 F1800 X90.934 Y83.863 E2402.42081
G0 F7200 X90.649 Y83.582
G1 F1800 X88.987 Y85.244 E2402.65534
G0 F7200 X88.741 Y84.924
G1 F1800 X90.416 Y83.25 E2402.89163
G0 F7200 X90.148 Y82.952
G1 F1800 X88.483 Y84.617 E2403.12658
G0 F7200 X88.164 Y84.37
G1 F1800 X89.834 Y82.7 E2403.36223
G0 F7200 X89.503 Y82.465
G1 F1800 X87.845 Y84.123 E2403.59619
G0 F7200 X87.452 Y83.951
G1 F1800 X89.247 Y82.155 E2403.84956
G0 F7200 X88.559 Y82.278
G1 F1800 X87.053 Y83.784 E2404.06207
G0 F7200 X86.589 Y83.683
G1 F1800 X87.903 Y82.368 E2404.24756
G1 X87.973 Y82.298
G0 F7200 X91.524 Y83.546
G0 X205.237 Y83.861
G0 X207.726 Y86.308
G1 F1800 X207.609 Y87.173 E2404.33466
G1 X207.654 Y87.558 E2404.37333
G1 X206.703 Y86.604 E2404.50774
G1 X206.243 Y86.002 E2404.58334
G1 X205.979 Y85.37 E2404.65168
G1 X205.832 Y84.357 E2404.75382
G1 X205.635 Y83.935 E2404.80028
G1 X206.079 Y83.604 E2404.85554
G1 X206.498 Y83.022 E2404.9271
G1 X206.818 Y82.698 E2404.97254
G1 X207.351 Y82.325 E2405.03745
G1 X207.57 Y82.106 E2405.06835
G1 X207.733 Y81.844 E2405.09914
G1 X208.209 Y82.052 E2405.15097
G1 X209.171 Y82.179 E2405.2478
G1 X209.802 Y82.443 E2405.31605
G1 X210.399 Y82.903 E2405.39125
G1 X211.352 Y83.852 E2405.52544
G1 X210.815 Y83.829 E2405.57908
G1 X210.106 Y83.93 E2405.65053
G1 X209.274 Y84.28 E2405.7406
G1 X208.622 Y84.778 E2405.82246
G1 X208.064 Y85.508 E2405.91414
G1 X207.726 Y86.308 E2406.0008
G0 F7200 X207.269 Y86.887
G1 F1800 X207.474 Y86.683 E2406.02966
G0 F7200 X206.986 Y86.604
G1 F1800 X207.667 Y85.923 E2406.12575
G1 X207.737 Y85.853
G0 F7200 X206.724 Y86.301
G1 F1800 X210.101 Y82.925 E2406.60221
G0 F7200 X210.402 Y83.188
G1 F1800 X209.722 Y83.869 E2406.69824
G0 F7200 X210.479 Y83.678
G1 F1800 X210.686 Y83.47 E2406.72752
G0 F7200 X209.781 Y82.678
G1 F1800 X206.479 Y85.981 E2407.19354
G0 F7200 X206.293 Y85.601
G1 F1800 X209.402 Y82.492 E2407.63225
G0 F7200 X208.973 Y82.355
G1 F1800 X206.153 Y85.175 E2408.03018
G0 F7200 X206.083 Y84.68
G1 F1800 X208.473 Y82.29 E2408.36744
G0 F7200 X208.01 Y82.187
G1 F1800 X205.981 Y84.216 E2408.65375
G1 X205.911 Y84.286
G0 F7200 X207.345 Y81.677
G0 X207.66 Y37.965
G0 X210.062 Y35.453
G1 F1800 X210.815 Y35.567 E2408.72974
G1 X211.352 Y35.544 E2408.78337
G1 X210.407 Y36.489 E2408.91672
G1 X209.802 Y36.957 E2408.99305
G1 X209.171 Y37.217 E2409.06114
G1 X208.159 Y37.361 E2409.16314
G1 X207.732 Y37.557 E2409.21002
G1 X207.417 Y37.125 E2409.26336
G1 X206.818 Y36.698 E2409.33676
G1 X206.498 Y36.378 E2409.38192
G1 X206.082 Y35.791 E2409.45371
G1 X205.634 Y35.463 E2409.50911
G1 X205.832 Y35.04 E2409.55571
G1 X205.979 Y34.026 E2409.65795
G1 X206.243 Y33.393 E2409.72638
G1 X206.703 Y32.793 E2409.80182
G1 X207.65 Y31.844 E2409.93559
G1 X207.606 Y32.209 E2409.97228
G1 X207.743 Y33.134 E2410.06558
G1 X208.059 Y33.882 E2410.1466
G1 X208.575 Y34.567 E2410.23217
G1 X209.285 Y35.126 E2410.32234
G1 X210.062 Y35.453 E2410.40646
G0 F7200 X210.369 Y35.704
G1 F1800 X209.04 Y37.033 E2410.59399
G0 F7200 X208.382 Y37.125
G1 F1800 X209.904 Y35.604 E2410.80869
G0 F7200 X209.506 Y35.436
G1 F1800 X207.727 Y37.214 E2411.05966
G0 F7200 X207.464 Y36.912
G1 F1800 X209.124 Y35.252 E2411.2939
G0 F7200 X208.808 Y35.002
G1 F1800 X207.133 Y36.677 E2411.53026
G0 F7200 X206.823 Y36.422
G1 F1800 X208.493 Y34.752 E2411.76592
G0 F7200 X208.232 Y34.447
G1 F1800 X206.559 Y36.12 E2412.002
G0 F7200 X206.325 Y35.789
G1 F1800 X207.986 Y34.127 E2412.23645
G0 F7200 X207.789 Y33.759
G1 F1800 X206.036 Y35.512 E2412.48382
G0 F7200 X206.053 Y34.929
G1 F1800 X207.621 Y33.361 E2412.70508
G0 F7200 X207.503 Y32.914
G1 F1800 X206.146 Y34.27 E2412.8965
G1 X206.076 Y34.34
G0 F7200 X206.617 Y33.233
G1 F1800 X207.433 Y32.417 E2413.01164
G1 X207.503 Y32.347
G1 F1500 E2406.51164
;MESH:manette_front-Body_(Meshed).stl
G0 F7200 X208.06 Y81.087
G0 X208.631 Y87.835
G0 X210.404 Y90.974
G0 X210.262 Y92.059
G0 X211.185 Y110.643
G0 X211.328 Y111.728
G0 X210.82 Y112.503
;TYPE:WALL-INNER
G1 F1500 E2413.01164
G1 F2264.2 X210.346 Y112.596 E2413.08828
G1 F2608.7 X209.762 Y112.812 E2413.17402
G1 F3038 X209.18 Y113.229 E2413.25867
G1 F3380.3 X208.787 Y113.597 E2413.31589
G1 F3257.9 X208.444 Y113.988 E2413.37323
G0 F7200 X208.143 Y115.623
G0 X208.527 Y117.051
G0 X209.573 Y118.097
G0 X210.859 Y118.461
G0 X211.713 Y118.446
G0 X211.673 Y118.137
G1 F3600 X210.995 Y118.226 E2413.44147
G1 X210.311 Y118.132 E2413.51036
G1 X209.693 Y117.873 E2413.57722
G1 X209.177 Y117.478 E2413.64206
G1 X208.749 Y116.932 E2413.71128
G1 X208.488 Y116.309 E2413.77868
G1 X208.395 Y115.622 E2413.84785
G1 X208.479 Y114.945 E2413.91592
G1 X208.743 Y114.318 E2413.98381
G1 X209.159 Y113.783 E2414.05143
G1 X209.694 Y113.365 E2414.11917
G1 X210.326 Y113.102 E2414.18747
G1 X211 Y113.019 E2414.25523
G1 X211.671 Y113.102 E2414.3227
G1 X212.298 Y113.362 E2414.39043
G1 X212.838 Y113.777 E2414.45838
G1 X213.254 Y114.319 E2414.52655
G1 X213.518 Y114.945 E2414.59434
G1 X213.601 Y115.619 E2414.6621
G1 X213.518 Y116.298 E2414.73036
G1 X213.254 Y116.927 E2414.79843
G1 X212.837 Y117.461 E2414.86603
G1 X212.307 Y117.875 E2414.93313
G1 X211.673 Y118.137 E2415.00158
G0 F7200 X212.632 Y118.176
G1 F3295.2 X213.119 Y117.742 E2415.07269
G1 F3428.6 X213.39 Y117.441 E2415.11513
G1 F3050.8 X213.809 Y116.855 E2415.19995
G1 F2618.2 X214.024 Y116.274 E2415.28494
G1 F2274.9 X214.119 Y115.779 E2415.36453
G0 F7200 X213.853 Y114.715
G1 F3789.5 X213.959 Y115.403 E2415.43052
G1 F2796.1 X214.119 Y115.779 E2415.48301
G1 F2737.6 X214.339 Y115.367 E2415.54429
G1 F3636.4 X214.214 Y114.517 E2415.62916
G1 F3461.5 X213.908 Y113.803 E2415.70977
G1 F3380.3 X213.433 Y113.187 E2415.79243
G1 F3388.2 X212.818 Y112.711 E2415.87488
G1 F3478.3 X212.098 Y112.406 E2415.95564
G1 F3645.6 X211.238 Y112.277 E2416.04132
G1 F2727.3 X210.82 Y112.503 E2416.10391
G1 F2785.3 X211.197 Y112.658 E2416.15648
G1 F3799.5 X211.898 Y112.765 E2416.22352
G1 F3582.1 X212.532 Y113.021 E2416.29208
G1 F3445 X213.129 Y113.491 E2416.37131
G1 F3428.6 X213.593 Y114.084 E2416.4502
G1 F3573.2 X213.853 Y114.715 E2416.5188
G0 F7200 X213.857 Y115.623
G0 X213.473 Y117.051
G0 X208.27 Y121.15
G1 F3600 X209.269 Y121.01 E2416.61946
G1 X209.996 Y120.709 E2416.69797
G1 X210.663 Y120.198 E2416.78181
G1 X212.093 Y118.769 E2416.98353
G1 F3503.6 X212.454 Y118.389 E2417.03727
G1 F3348.8 X212.613 Y118.199 E2417.06384
G1 F3364.5 X211.761 Y118.529 E2417.16139
G1 F3478.3 X210.993 Y118.629 E2417.24137
G1 F3564.4 X210.197 Y118.519 E2417.32235
G1 F3600 X209.485 Y118.218 E2417.39948
G1 X208.859 Y117.736 E2417.47832
G1 X208.402 Y117.136 E2417.55357
G1 X208.103 Y116.428 E2417.63026
G1 X207.991 Y115.627 E2417.71096
G1 F3512.2 X208.086 Y114.856 E2417.79041
G1 F3364.5 X208.422 Y114.006 E2417.888
G1 F3341.1 X208.236 Y114.16 E2417.91396
G1 F3495.1 X207.856 Y114.523 E2417.96797
G1 F3600 X206.422 Y115.957 E2418.17032
G1 X205.91 Y116.625 E2418.2543
G1 X205.61 Y117.348 E2418.3324
G1 X205.47 Y118.35 E2418.43336
G1 X205.301 Y118.713 E2418.47331
G1 X204.996 Y118.986 E2418.51415
G1 F3529.4 X204.67 Y119.113 E2418.54976
G1 X205.032 Y119.12 E2418.58661
G1 F3600 X205.433 Y119.203 E2418.62747
G1 X205.649 Y119.332 E2418.65257
G1 X205.824 Y119.508 E2418.67734
G1 X206.204 Y120.045 E2418.74298
G1 X206.575 Y120.416 E2418.79533
G1 X207.157 Y120.826 E2418.86637
G1 X207.417 Y121.187 E2418.91076
G1 X207.5 Y121.588 E2418.95162
G1 X207.5 Y122.124 E2419.0051
G1 X207.634 Y121.624 E2419.05675
G1 X207.906 Y121.318 E2419.0976
G1 X208.27 Y121.15 E2419.1376
G0 F7200 X207.5 Y122.124
G1 F3600 X207.5 Y164.12 E2423.32798
G1 F3529.4 X207.507 Y164.294 E2423.34571
G0 F7200 X207.345 Y165.098
G0 X205.73 Y166.716
G0 X205.469 Y166.532
G1 F3600 X205.272 Y166.67 E2423.36971
G1 X205.032 Y166.72 E2423.39417
G1 X91.964 Y166.72 E2434.67614
G1 X91.721 Y166.669 E2434.70091
G1 X91.525 Y166.53 E2434.72489
G1 X91.099 Y165.936 E2434.79782
G1 X90.68 Y165.517 E2434.85695
G1 X90.093 Y165.098 E2434.92891
G1 X89.952 Y164.902 E2434.953
G1 X89.9 Y164.656 E2434.97809
G1 X89.9 Y121.588 E2439.27543
G1 X89.953 Y121.341 E2439.30064
G1 X90.094 Y121.146 E2439.32465
G1 X90.679 Y120.724 E2439.39663
G1 X91.099 Y120.303 E2439.45596
G1 X91.487 Y119.754 E2439.52304
G1 X91.721 Y119.571 E2439.55268
G1 X91.964 Y119.52 E2439.57746
G1 X205.032 Y119.52 E2450.85943
G1 X205.273 Y119.57 E2450.88399
G1 X205.47 Y119.708 E2450.90799
G1 X205.897 Y120.303 E2450.98106
G1 X206.317 Y120.723 E2451.04033
G1 X206.868 Y121.113 E2451.10769
G1 X207.051 Y121.347 E2451.13733
G1 X207.1 Y121.588 E2451.16187
G1 X207.1 Y164.656 E2455.45921
G1 X207.049 Y164.898 E2455.48389
G1 X206.863 Y165.135 E2455.51395
G1 X206.315 Y165.518 E2455.58066
G1 X205.897 Y165.937 E2455.63971
G1 X205.469 Y166.532 E2455.71285
G0 F7200 X205.73 Y166.716
G0 X204.496 Y167.12
G1 F3600 X92.5 Y167.12 E2466.88785
G1 F3529.4 X92.326 Y167.127 E2466.90558
G0 F7200 X91.524 Y166.968
G0 X89.655 Y165.098
G0 X89.493 Y164.294
G1 F3538.1 X89.5 Y164.12 E2466.92326
G1 F3600 X89.5 Y122.12 E2471.11403
G0 F7200 X89.588 Y121.177
G1 F3600 X89.849 Y120.823 E2471.15792
G1 X90.42 Y120.417 E2471.22783
G1 X90.792 Y120.045 E2471.28032
G1 X91.203 Y119.465 E2471.35125
G1 X91.559 Y119.205 E2471.39524
G1 X91.964 Y119.12 E2471.43653
G1 X92.5 Y119.12 E2471.49001
G1 X92 Y118.986 E2471.54166
G1 X91.692 Y118.71 E2471.58293
G1 X91.525 Y118.346 E2471.62289
G1 X91.39 Y117.347 E2471.72347
G1 X91.087 Y116.625 E2471.8016
G1 X90.577 Y115.956 E2471.88554
G1 X89.141 Y114.522 E2472.08803
G1 F3453.2 X88.757 Y114.164 E2472.14265
G1 F3151 X88.581 Y114.019 E2472.16864
G1 F3130.4 X88.91 Y114.862 E2472.27248
G1 F3428.6 X89.005 Y115.624 E2472.35293
G1 F3600 X88.898 Y116.427 E2472.43376
G1 X88.597 Y117.136 E2472.51062
G1 X88.131 Y117.745 E2472.58713
G1 X87.522 Y118.213 E2472.66377
G1 X86.807 Y118.515 E2472.74122
G1 X86.007 Y118.63 E2472.82186
G1 F3428.6 X85.224 Y118.527 E2472.9046
G1 F3130.4 X84.371 Y118.18 E2473.01027
G1 F3185.8 X84.541 Y118.39 E2473.04074
G1 F3495.1 X84.901 Y118.766 E2473.09423
G1 F3600 X86.34 Y120.205 E2473.29729
G1 X86.839 Y120.612 E2473.36154
G1 X87.357 Y120.891 E2473.42025
G1 X87.911 Y121.057 E2473.47796
G1 X88.682 Y121.133 E2473.55526
G1 X89.087 Y121.311 E2473.5994
G1 X89.368 Y121.623 E2473.6413
G1 X89.5 Y122.12 E2473.69261
G1 X89.5 Y121.588 E2473.74569
G1 X89.588 Y121.177 E2473.78763
G0 F7200 X91.524 Y119.278
G0 X92.5 Y119.12
G1 F3600 X204.496 Y119.12 E2484.96264
G1 F3529.4 X204.67 Y119.113 E2484.98036
G0 F7200 X205.476 Y119.278
G0 X207.345 Y121.147
G0 X207.345 Y165.098
G0 X205.47 Y167.89
G1 F3600 X205.61 Y168.893 E2485.08141
G1 X205.91 Y169.618 E2485.1597
G1 X206.421 Y170.282 E2485.2433
G1 X207.855 Y171.718 E2485.4458
G1 F3486.7 X208.233 Y172.077 E2485.49951
G1 F3325.6 X208.418 Y172.231 E2485.5255
G1 F3348.8 X208.091 Y171.386 E2485.62269
G1 F3469.9 X207.991 Y170.617 E2485.70297
G1 F3555.6 X208.098 Y169.819 E2485.78431
G1 F3600 X208.403 Y169.102 E2485.86206
G1 X208.884 Y168.485 E2485.94012
G1 X209.486 Y168.021 E2486.01596
G1 X210.196 Y167.721 E2486.09287
G1 X210.997 Y167.615 E2486.17349
G1 F3512.2 X211.757 Y167.71 E2486.25182
G1 F3348.8 X212.585 Y168.021 E2486.3467
G1 F3287.7 X212.449 Y167.857 E2486.36998
G1 F3453.2 X212.091 Y167.474 E2486.42451
G1 F3600 X210.658 Y166.041 E2486.62672
G1 X209.994 Y165.53 E2486.71032
G1 X209.271 Y165.23 E2486.78843
G1 X208.274 Y165.095 E2486.88882
G1 X207.909 Y164.927 E2486.92891
G1 X207.634 Y164.62 E2486.97004
G1 F3529.4 X207.507 Y164.294 E2487.00564
G1 X207.5 Y164.656 E2487.04249
G1 F3600 X207.415 Y165.06 E2487.08369
G1 X207.286 Y165.276 E2487.10879
G1 X207.105 Y165.454 E2487.13412
G1 X206.573 Y165.826 E2487.19889
G1 X206.204 Y166.195 E2487.25096
G1 X205.791 Y166.779 E2487.32234
G1 X205.432 Y167.037 E2487.36645
G1 X205.032 Y167.12 E2487.40721
G1 X204.496 Y167.12 E2487.46069
G1 X204.996 Y167.254 E2487.51234
G1 X205.301 Y167.526 E2487.55312
G1 X205.47 Y167.89 E2487.59316
G0 F7200 X208.44 Y172.249
G1 F3272.7 X208.877 Y172.743 E2487.66555
G1 F3333.3 X209.523 Y173.267 E2487.75519
G1 F2807 X209.868 Y173.468 E2487.80629
G1 F2349.1 X210.587 Y173.708 E2487.9222
G1 F2168.7 X210.885 Y173.746 E2487.97195
G0 F7200 X211.814 Y173.499
G1 F3809.5 X211.26 Y173.578 E2488.02472
G1 F2779.9 X210.885 Y173.746 E2488.07782
G1 F2758.6 X211.282 Y173.957 E2488.13636
G1 F3730.6 X212.064 Y173.848 E2488.21239
G1 F3546.8 X212.818 Y173.529 E2488.2953
G1 F3396.2 X213.434 Y173.052 E2488.3777
G1 F3380.3 X213.909 Y172.441 E2488.45994
G1 F3546.8 X214.23 Y171.683 E2488.54331
G1 F3740.3 X214.335 Y170.898 E2488.61937
G1 F2742.9 X214.121 Y170.48 E2488.68087
G1 F2769.2 X213.956 Y170.874 E2488.73628
G1 F3829.8 X213.882 Y171.433 E2488.78917
G1 F3673.5 X213.6 Y172.151 E2488.8646
G1 F3469.9 X213.131 Y172.75 E2488.94336
G1 X212.525 Y173.224 E2489.023
G1 F3664.1 X211.814 Y173.499 E2489.09774
G0 F7200 X211.664 Y173.138
G1 F3600 X210.993 Y173.224 E2489.16524
G1 X210.314 Y173.133 E2489.23359
G1 X209.683 Y172.868 E2489.30188
G1 X209.159 Y172.461 E2489.36809
G1 X208.743 Y171.923 E2489.43594
G1 X208.484 Y171.298 E2489.50345
G1 X208.394 Y170.623 E2489.5714
G1 X208.484 Y169.93 E2489.64113
G1 X208.751 Y169.305 E2489.70894
G1 X209.159 Y168.783 E2489.77505
G1 X209.688 Y168.37 E2489.84201
G1 X210.309 Y168.108 E2489.90927
G1 X210.998 Y168.019 E2489.97859
G1 X211.671 Y168.102 E2490.04625
G1 X212.304 Y168.363 E2490.11457
G1 X212.837 Y168.783 E2490.18228
G1 X213.25 Y169.314 E2490.2494
G1 X213.514 Y169.938 E2490.317
G1 X213.6 Y170.615 E2490.3851
G1 X213.519 Y171.289 E2490.45283
G1 X213.258 Y171.919 E2490.52088
G1 X212.838 Y172.459 E2490.58914
G1 X212.303 Y172.877 E2490.65688
G1 X211.664 Y173.138 E2490.72576
G0 F7200 X211.704 Y173.448
G0 X212.427 Y173.097
G0 X213.387 Y172.163
G0 X214.121 Y170.48
G1 F2152.5 X214.087 Y170.206 E2490.77183
G1 F2337.7 X213.848 Y169.495 E2490.88709
G1 F2818 X213.641 Y169.14 E2490.93948
G1 F3356.6 X213.119 Y168.501 E2491.02777
G1 F3265.3 X212.598 Y168.036 E2491.1046
G0 F7200 X211 Y167.766
G0 X205.237 Y167.283
G0 X91.763 Y167.283
G0 X89.005 Y170.61
G1 F3512.2 X88.91 Y171.388 E2491.18476
G1 F3364.5 X88.578 Y172.234 E2491.28179
G1 F3348.8 X88.768 Y172.077 E2491.30822
G1 F3495.1 X89.143 Y171.718 E2491.36158
G1 F3600 X90.578 Y170.283 E2491.56407
G1 X91.087 Y169.619 E2491.64755
G1 X91.389 Y168.893 E2491.72601
G1 X91.525 Y167.894 E2491.82661
G1 X91.692 Y167.53 E2491.86657
G1 X92 Y167.254 E2491.90784
G1 F3529.4 X92.326 Y167.127 E2491.94345
G1 X91.964 Y167.12 E2491.98029
G1 F3600 X91.559 Y167.035 E2492.02159
G1 X91.344 Y166.905 E2492.04666
G1 X91.166 Y166.725 E2492.07192
G1 X90.792 Y166.195 E2492.13664
G1 X90.421 Y165.824 E2492.18899
G1 X89.895 Y165.454 E2492.25316
G1 X89.719 Y165.281 E2492.27779
G1 X89.587 Y165.065 E2492.30304
G1 X89.5 Y164.656 E2492.34477
G1 F3529.4 X89.493 Y164.294 E2492.38162
G1 X89.366 Y164.62 E2492.41722
G1 F3600 X89.086 Y164.931 E2492.45898
G1 X88.684 Y165.107 E2492.50277
G1 X87.913 Y165.185 E2492.58009
G1 X87.357 Y165.353 E2492.63805
G1 X86.839 Y165.632 E2492.69675
G1 X86.34 Y166.039 E2492.761
G1 X84.902 Y167.476 E2492.96385
G1 F3495.1 X84.542 Y167.851 E2493.01728
G1 F3348.8 X84.384 Y168.044 E2493.04403
G1 F3364.5 X85.235 Y167.71 E2493.14164
G1 F3512.2 X86.001 Y167.616 E2493.22057
G1 F3600 X86.781 Y167.713 E2493.29899
G1 X87.531 Y168.032 E2493.38032
G1 X88.146 Y168.52 E2493.45865
G1 X88.595 Y169.106 E2493.53232
G1 X88.898 Y169.819 E2493.60962
G1 X89.005 Y170.61 E2493.68926
G0 F7200 X88.555 Y172.253
G1 F3280.2 X88.119 Y172.742 E2493.76101
G1 F3356.6 X87.478 Y173.265 E2493.84954
G1 F2834.6 X87.128 Y173.468 E2493.90081
G1 F2352.9 X86.409 Y173.709 E2494.01658
G1 F2165.4 X86.148 Y173.743 E2494.06024
G0 F7200 X86.676 Y173.135
G1 F3600 X86.001 Y173.225 E2494.12819
G1 X85.323 Y173.137 E2494.19641
G1 X84.697 Y172.876 E2494.26408
G1 X84.159 Y172.46 E2494.33194
G1 X83.741 Y171.915 E2494.40047
G1 X83.482 Y171.289 E2494.46807
G1 X83.396 Y170.611 E2494.53626
G1 X83.482 Y169.938 E2494.60396
G1 X83.753 Y169.303 E2494.67285
G1 X84.159 Y168.783 E2494.73868
G1 X84.694 Y168.365 E2494.80642
G1 X85.327 Y168.102 E2494.87482
G1 X86.003 Y168.019 E2494.94278
G1 X86.691 Y168.11 E2495.01202
G1 X87.317 Y168.374 E2495.07981
G1 X87.837 Y168.783 E2495.14582
G1 X88.247 Y169.308 E2495.21229
G1 X88.512 Y169.934 E2495.28012
G1 X88.601 Y170.618 E2495.34894
G1 X88.518 Y171.297 E2495.4172
G1 X88.258 Y171.921 E2495.48465
G1 X87.838 Y172.467 E2495.55339
G1 X87.309 Y172.872 E2495.61986
G1 X86.676 Y173.135 E2495.68826
G0 F7200 X86.795 Y173.424
G0 X85.096 Y173.474
G1 F3582.1 X84.465 Y173.217 E2495.75658
G1 F3445 X83.866 Y172.751 E2495.83571
G1 F3469.9 X83.396 Y172.145 E2495.91511
G1 F3654.8 X83.121 Y171.438 E2495.98966
G1 F3819.6 X83.041 Y170.884 E2496.0423
G1 F2785.3 X82.874 Y170.507 E2496.09548
G1 F2758.6 X82.662 Y170.908 E2496.15454
G1 F3740.3 X82.772 Y171.688 E2496.2302
G1 F3546.8 X83.092 Y172.442 E2496.31315
G1 F3388.2 X83.563 Y173.054 E2496.39502
G1 X84.179 Y173.529 E2496.47749
G1 F3478.3 X84.898 Y173.834 E2496.55815
G1 F3645.6 X85.748 Y173.962 E2496.64285
G1 F2737.6 X86.148 Y173.743 E2496.70268
G1 F2790.7 X85.782 Y173.581 E2496.7542
G1 F3789.5 X85.096 Y173.474 E2496.82001
G0 F7200 X83.98 Y172.643
G0 X82.874 Y170.507
G1 F2171.9 X82.911 Y170.208 E2496.86984
G1 F2360.7 X83.151 Y169.492 E2496.98475
G1 F2823.5 X83.354 Y169.144 E2497.036
G1 F3348.8 X83.877 Y168.502 E2497.12483
G1 F3295.2 X84.367 Y168.065 E2497.1964
G0 F7200 X89.339 Y164.884
G0 X89.339 Y121.363
G0 X84.371 Y118.18
G1 F3116.9 X83.854 Y117.73 E2497.27539
G1 F3228.7 X83.453 Y117.239 E2497.34592
G1 F2862.8 X83.152 Y116.749 E2497.41807
G1 F2349.1 X82.912 Y116.032 E2497.53369
G1 F2162.2 X82.877 Y115.767 E2497.5781
G0 F7200 X83.145 Y114.716
G1 F3582.1 X83.402 Y114.087 E2497.64624
G1 F3445 X83.868 Y113.489 E2497.72529
G1 F3380.3 X84.408 Y113.067 E2497.79812
G1 F3478.3 X85.027 Y112.79 E2497.86815
G1 F3740.3 X85.778 Y112.66 E2497.94135
G1 F2779.9 X86.14 Y112.498 E2497.99259
G1 F2727.3 X85.745 Y112.279 E2498.05208
G1 F3645.6 X84.898 Y112.406 E2498.13647
G1 F3478.3 X84.179 Y112.711 E2498.21713
G1 F3380.3 X83.565 Y113.186 E2498.29962
G1 F3388.2 X83.092 Y113.801 E2498.38188
G1 F3486.7 X82.786 Y114.519 E2498.46228
G1 F3654.8 X82.658 Y115.363 E2498.54618
G1 F2748.1 X82.877 Y115.767 E2498.60625
G1 F2801.6 X83.037 Y115.397 E2498.65794
G1 F3799.5 X83.145 Y114.716 E2498.72313
G0 F7200 X83.98 Y113.603
G0 X86.14 Y112.498
G1 F2243 X86.514 Y112.545 E2498.78349
G1 F2585.3 X87.233 Y112.811 E2498.89001
G1 F3050.8 X87.817 Y113.229 E2498.97457
G1 F3420.4 X88.118 Y113.5 E2499.0171
G1 F3272.7 X88.581 Y114.019 E2499.09344
G0 F7200 X91.763 Y118.963
G0 X205.476 Y119.278
G0 X207.345 Y121.147
G0 X207.345 Y165.098
G0 X205.394 Y167.943
G0 X205.081 Y167.982
G1 F3600 X205.221 Y168.998 E2499.19578
G1 X205.561 Y169.82 E2499.28453
G1 X206.12 Y170.547 E2499.37604
G1 X208.897 Y173.328 E2499.76819
G1 X209.626 Y173.888 E2499.85991
G1 X210.449 Y174.226 E2499.94869
G1 X211.328 Y174.342 E2500.03715
G1 X212.203 Y174.227 E2500.12521
G1 X213.025 Y173.887 E2500.21397
G1 X213.728 Y173.347 E2500.30242
G1 X214.268 Y172.648 E2500.39056
G1 X214.606 Y171.828 E2500.47906
G1 X214.718 Y170.948 E2500.56757
G1 X214.607 Y170.068 E2500.65607
G1 X214.268 Y169.252 E2500.74424
G1 X213.708 Y168.525 E2500.83581
G1 X210.923 Y165.74 E2501.2288
G1 X210.196 Y165.18 E2501.32037
G1 X209.375 Y164.841 E2501.409
G1 X208.364 Y164.705 E2501.51078
G1 X208.145 Y164.604 E2501.53485
G1 X207.98 Y164.42 E2501.55951
G1 X207.9 Y164.202 E2501.58268
G1 X207.9 Y122.124 E2505.78124
G1 X207.98 Y121.824 E2505.81222
G1 X208.143 Y121.64 E2505.83674
G1 X208.362 Y121.539 E2505.86081
G1 X209.374 Y121.399 E2505.96275
G1 X210.197 Y121.059 E2506.0516
G1 X210.927 Y120.499 E2506.1434
G1 X213.707 Y117.719 E2506.53569
G1 X214.268 Y116.989 E2506.62755
G1 X214.606 Y116.172 E2506.71578
G1 X214.718 Y115.292 E2506.80429
G1 X214.607 Y114.412 E2506.89279
G1 X214.268 Y113.595 E2506.98105
G1 X213.728 Y112.892 E2507.0695
G1 X213.025 Y112.353 E2507.15789
G1 X212.203 Y112.013 E2507.24665
G1 X211.328 Y111.898 E2507.33471
G1 X210.449 Y112.014 E2507.42318
G1 X209.628 Y112.352 E2507.51177
G1 X208.901 Y112.912 E2507.60334
G1 X206.12 Y115.693 E2507.99576
G1 X205.56 Y116.423 E2508.08757
G1 X205.221 Y117.242 E2508.17601
G1 X205.081 Y118.258 E2508.27835
G1 X204.979 Y118.476 E2508.30236
G1 X204.796 Y118.64 E2508.32688
G1 X204.578 Y118.72 E2508.35005
G1 X92.5 Y118.72 E2519.53324
G1 X92.2 Y118.64 E2519.56422
G1 X92.015 Y118.474 E2519.58902
G1 X91.915 Y118.256 E2519.61295
G1 X91.779 Y117.242 E2519.71504
G1 X91.436 Y116.423 E2519.80363
G1 X90.879 Y115.692 E2519.89534
G1 X88.095 Y112.912 E2520.28791
G1 X87.368 Y112.352 E2520.37947
G1 X86.547 Y112.013 E2520.4681
G1 X85.672 Y111.898 E2520.55616
G1 X84.793 Y112.014 E2520.64463
G1 X83.971 Y112.352 E2520.73331
G1 X83.269 Y112.892 E2520.82168
G1 X82.733 Y113.594 E2520.90981
G1 X82.394 Y114.413 E2520.99825
G1 X82.278 Y115.292 E2521.08672
G1 X82.393 Y116.171 E2521.17518
G1 X82.733 Y116.99 E2521.26366
G1 X83.29 Y117.719 E2521.3552
G1 X86.072 Y120.502 E2521.74784
G1 X86.615 Y120.946 E2521.81783
G1 X87.203 Y121.262 E2521.88444
G1 X87.833 Y121.452 E2521.95009
G1 X88.576 Y121.524 E2522.02458
G1 X88.852 Y121.634 E2522.05422
G1 X89.021 Y121.821 E2522.07937
G1 X89.1 Y122.12 E2522.11023
G1 X89.1 Y164.202 E2526.30919
G1 X89.02 Y164.42 E2526.33236
G1 X88.852 Y164.607 E2526.35744
G1 X88.632 Y164.706 E2526.38152
G1 X87.834 Y164.791 E2526.46159
G1 X87.203 Y164.982 E2526.52737
G1 X86.615 Y165.298 E2526.59398
G1 X86.071 Y165.742 E2526.66405
G1 X83.288 Y168.524 E2527.05669
G1 X82.733 Y169.251 E2527.14795
G1 X82.394 Y170.07 E2527.23639
G1 X82.277 Y170.948 E2527.32477
G1 X82.394 Y171.827 E2527.41326
G1 X82.733 Y172.649 E2527.50198
G1 X83.268 Y173.348 E2527.58981
G1 X83.971 Y173.888 E2527.67826
G1 X84.793 Y174.226 E2527.76694
G1 X85.672 Y174.342 E2527.85541
G1 X86.547 Y174.227 E2527.94347
G1 X87.369 Y173.887 E2528.03223
G1 X88.099 Y173.327 E2528.12403
G1 X90.879 Y170.547 E2528.51632
G1 X91.436 Y169.821 E2528.60762
G1 X91.779 Y168.998 E2528.69659
G1 X91.915 Y167.984 E2528.79867
G1 X92.015 Y167.766 E2528.8226
G1 X92.2 Y167.6 E2528.8474
G1 X92.418 Y167.52 E2528.87057
G1 X204.496 Y167.52 E2540.05376
G1 X204.796 Y167.6 E2540.08474
G1 X204.979 Y167.764 E2540.10926
G1 X205.081 Y167.982 E2540.13328
G0 F7200 X205.394 Y167.943
G0 X91.524 Y166.968
G0 X89.655 Y165.098
G0 X89.655 Y121.147
G0 X86.809 Y118.418
G0 X86.691 Y118.13
G1 F3600 X85.998 Y118.226 E2540.20309
G1 X85.322 Y118.136 E2540.27113
G1 X84.696 Y117.875 E2540.33881
G1 X84.159 Y117.461 E2540.40646
G1 X83.747 Y116.929 E2540.4736
G1 X83.482 Y116.294 E2540.54226
G1 X83.395 Y115.619 E2540.61017
G1 X83.478 Y114.949 E2540.67753
G1 X83.747 Y114.312 E2540.74653
G1 X84.16 Y113.782 E2540.81357
G1 X84.704 Y113.361 E2540.88221
G1 X85.335 Y113.1 E2540.95034
G1 X86.009 Y113.02 E2541.01807
G1 X86.671 Y113.102 E2541.08463
G1 X87.304 Y113.364 E2541.15298
G1 X87.836 Y113.783 E2541.22056
G1 X88.25 Y114.31 E2541.28742
G1 X88.518 Y114.95 E2541.35666
G1 X88.601 Y115.622 E2541.42422
G1 X88.512 Y116.313 E2541.49374
G1 X88.251 Y116.93 E2541.56058
G1 X87.847 Y117.456 E2541.62676
G1 X87.318 Y117.867 E2541.6936
G1 X86.691 Y118.13 E2541.76145
G0 F7200 X86.543 Y117.751
;TYPE:WALL-OUTER
G1 F1800 X86.001 Y117.822 E2541.81599
G1 X85.428 Y117.748 E2541.87364
G1 X84.879 Y117.512 E2541.93327
G1 X84.442 Y117.178 E2541.98815
G1 X84.108 Y116.742 E2542.04295
G1 X83.872 Y116.192 E2542.10267
G1 X83.801 Y115.646 E2542.15761
G1 X83.868 Y115.052 E2542.21725
G1 X84.083 Y114.542 E2542.27248
G1 X84.442 Y114.066 E2542.33197
G1 X84.892 Y113.719 E2542.38867
G1 X85.42 Y113.497 E2542.44582
G1 X85.991 Y113.424 E2542.50326
G1 X86.566 Y113.492 E2542.56103
G1 X87.101 Y113.713 E2542.61879
G1 X87.554 Y114.066 E2542.67609
G1 X87.893 Y114.504 E2542.73136
G1 X88.128 Y115.051 E2542.79076
G1 X88.195 Y115.645 E2542.8504
G1 X88.127 Y116.187 E2542.90491
G1 X87.911 Y116.71 E2542.96137
G1 X87.548 Y117.184 E2543.02094
G1 X87.096 Y117.528 E2543.07762
G1 X86.543 Y117.751 E2543.13712
G0 F7200 X86.345 Y117.776
G0 X86.438 Y118.483
G0 X89.339 Y121.363
G0 X89.339 Y164.884
G0 X88.759 Y171.361
G0 X88.02 Y172.643
G0 X86.653 Y173.454
G0 X86.56 Y172.748
G1 F1800 X86.001 Y172.822 E2543.19338
G1 X85.428 Y172.748 E2543.25103
G1 X84.878 Y172.512 E2543.31075
G1 X84.462 Y172.196 E2543.36287
G1 X84.105 Y171.738 E2543.42081
G1 X83.877 Y171.2 E2543.47912
G1 X83.8 Y170.629 E2543.53661
G1 X83.868 Y170.06 E2543.59379
G1 X84.09 Y169.527 E2543.6514
G1 X84.442 Y169.066 E2543.70927
G1 X84.898 Y168.713 E2543.76681
G1 X85.429 Y168.492 E2543.8242
G1 X85.975 Y168.425 E2543.87909
G1 X86.565 Y168.494 E2543.93836
G1 X87.097 Y168.712 E2543.99573
G1 X87.548 Y169.06 E2544.05257
G1 X87.913 Y169.542 E2544.1129
G1 X88.128 Y170.052 E2544.16812
G1 X88.195 Y170.645 E2544.22767
G1 X88.128 Y171.191 E2544.28256
G1 X87.907 Y171.722 E2544.33995
G1 X87.554 Y172.178 E2544.39749
G1 X87.093 Y172.53 E2544.45536
G1 X86.56 Y172.748 E2544.51282
G0 F7200 X86.362 Y172.774
G0 X86.455 Y173.481
G0 X87.934 Y173.143
G0 X91.763 Y167.283
G0 X205.237 Y167.283
G0 X204.691 Y168.074
G1 F1800 X204.831 Y169.103 E2544.61644
G1 X205.211 Y170.022 E2544.71567
G1 X205.819 Y170.811 E2544.81506
G1 X208.633 Y173.629 E2545.21243
G1 X209.425 Y174.237 E2545.31206
G1 X210.345 Y174.616 E2545.41134
G1 X211.328 Y174.746 E2545.51028
G1 X212.307 Y174.617 E2545.60881
G1 X213.227 Y174.237 E2545.70813
G1 X214.013 Y173.633 E2545.80703
G1 X214.617 Y172.85 E2545.90571
G1 X214.996 Y171.932 E2546.0048
G1 X215.122 Y170.948 E2546.10379
G1 X214.997 Y169.964 E2546.20276
G1 X214.617 Y169.05 E2546.30153
G1 X214.009 Y168.261 E2546.40092
G1 X211.187 Y165.439 E2546.79913
G1 X210.398 Y164.831 E2546.89852
G1 X209.479 Y164.451 E2546.99775
G1 X208.397 Y164.307 E2547.10667
G1 X208.302 Y164.155 E2547.12455
G1 X208.3 Y122.042 E2551.3266
G1 X208.473 Y121.925 E2551.34744
G1 X209.479 Y121.789 E2551.44874
G1 X210.399 Y121.409 E2551.54806
G1 X211.191 Y120.801 E2551.64768
G1 X214.009 Y117.983 E2552.04533
G1 X214.617 Y117.191 E2552.14496
G1 X214.996 Y116.276 E2552.24378
G1 X215.122 Y115.292 E2552.34277
G1 X214.997 Y114.308 E2552.44174
G1 X214.617 Y113.393 E2552.5406
G1 X214.013 Y112.607 E2552.63951
G1 X213.227 Y112.003 E2552.73842
G1 X212.307 Y111.623 E2552.83774
G1 X211.328 Y111.494 E2552.93627
G1 X210.345 Y111.624 E2553.03521
G1 X209.426 Y112.003 E2553.1344
G1 X208.637 Y112.611 E2553.23379
G1 X205.819 Y115.429 E2553.63144
G1 X205.211 Y116.221 E2553.73106
G1 X204.831 Y117.137 E2553.83001
G1 X204.682 Y118.195 E2553.93662
G1 X204.531 Y118.318 E2553.95606
G1 X92.418 Y118.32 E2565.14274
G1 X92.301 Y118.147 E2565.16358
G1 X92.169 Y117.137 E2565.26521
G1 X91.785 Y116.221 E2565.36432
G1 X91.181 Y115.428 E2565.46378
G1 X88.359 Y112.611 E2565.86164
G1 X87.57 Y112.003 E2565.96103
G1 X86.651 Y111.623 E2566.06026
G1 X85.672 Y111.494 E2566.15879
G1 X84.689 Y111.624 E2566.25773
G1 X83.769 Y112.003 E2566.35701
G1 X82.983 Y112.607 E2566.45592
G1 X82.383 Y113.393 E2566.55459
G1 X82.004 Y114.309 E2566.6535
G1 X81.874 Y115.292 E2566.75244
G1 X82.003 Y116.275 E2566.85136
G1 X82.383 Y117.191 E2566.95031
G1 X82.988 Y117.983 E2567.04976
G1 X85.803 Y120.799 E2567.44706
G1 X86.392 Y121.28 E2567.52293
G1 X87.049 Y121.634 E2567.5974
G1 X87.755 Y121.846 E2567.67095
G1 X88.557 Y121.924 E2567.75135
G1 X88.7 Y122.041 E2567.76979
G1 X88.698 Y164.155 E2571.97194
G1 X88.601 Y164.31 E2571.99019
G1 X87.756 Y164.397 E2572.07495
G1 X87.049 Y164.61 E2572.14862
G1 X86.392 Y164.964 E2572.22309
G1 X85.803 Y165.445 E2572.29897
G1 X82.987 Y168.26 E2572.69627
G1 X82.383 Y169.049 E2572.79541
G1 X82.004 Y169.965 E2572.89433
G1 X81.874 Y170.948 E2572.99326
G1 X82.004 Y171.931 E2573.0922
G1 X82.383 Y172.851 E2573.19148
G1 X82.983 Y173.633 E2573.28983
G1 X83.769 Y174.237 E2573.38874
G1 X84.689 Y174.616 E2573.48803
G1 X85.672 Y174.746 E2573.58696
G1 X86.651 Y174.617 E2573.68549
G1 X87.571 Y174.237 E2573.78481
G1 X88.363 Y173.629 E2573.88444
G1 X91.181 Y170.811 E2574.28209
G1 X91.785 Y170.023 E2574.38116
G1 X92.169 Y169.103 E2574.48063
G1 X92.312 Y168.018 E2574.58983
G1 X92.465 Y167.922 E2574.60785
G1 X204.577 Y167.92 E2585.79443
G1 X204.691 Y168.074 E2585.81355
G0 F7200 X204.717 Y168.272
G0 X205.426 Y168.181
G0 X205.764 Y166.669
G0 X205.178 Y166.258
G1 F1800 X205.089 Y166.32 E2585.82437
G1 X91.907 Y166.32 E2597.11772
G1 X91.817 Y166.257 E2597.12868
G1 X91.406 Y165.678 E2597.19953
G1 X90.938 Y165.21 E2597.26557
G1 X90.364 Y164.804 E2597.33572
G1 X90.3 Y164.656 E2597.35181
G1 X90.3 Y121.529 E2601.65504
G1 X90.364 Y121.44 E2601.66598
G1 X90.938 Y121.03 E2601.73636
G1 X91.406 Y120.562 E2601.8024
G1 X91.817 Y119.983 E2601.87325
G1 X91.964 Y119.92 E2601.88921
G1 X205.09 Y119.92 E2613.17697
G1 X205.178 Y119.982 E2613.18771
G1 X205.59 Y120.562 E2613.2587
G1 X206.058 Y121.03 E2613.32474
G1 X206.638 Y121.442 E2613.39572
G1 X206.7 Y121.53 E2613.40647
G1 X206.7 Y164.713 E2617.71528
G1 X206.637 Y164.803 E2617.72624
G1 X206.057 Y165.21 E2617.79694
G1 X205.59 Y165.678 E2617.86291
G1 X205.178 Y166.258 E2617.9339
G0 F7200 X205.089 Y166.32
G0 X204.997 Y166.32
G0 X204.997 Y167.033
G0 X208.143 Y170.623
G0 X208.527 Y172.051
G0 X209.573 Y173.097
G0 X210.859 Y173.461
G0 X211.848 Y173.402
G0 X211.576 Y172.743
G1 F1800 X211.009 Y172.82 E2617.991
G1 X210.436 Y172.748 E2618.04862
G1 X209.907 Y172.53 E2618.10571
G1 X209.442 Y172.178 E2618.1639
G1 X209.083 Y171.698 E2618.22371
G1 X208.872 Y171.191 E2618.27851
G1 X208.801 Y170.646 E2618.33335
G1 X208.869 Y170.057 E2618.39251
G1 X209.089 Y169.53 E2618.44949
G1 X209.442 Y169.066 E2618.50766
G1 X209.91 Y168.709 E2618.56639
G1 X210.432 Y168.493 E2618.62276
G1 X211.025 Y168.425 E2618.68232
G1 X211.568 Y168.492 E2618.73691
G1 X212.115 Y168.724 E2618.7962
G1 X212.554 Y169.066 E2618.85173
G1 X212.906 Y169.526 E2618.90952
G1 X213.128 Y170.06 E2618.96722
G1 X213.196 Y170.63 E2619.0245
G1 X213.124 Y171.2 E2619.08183
G1 X212.902 Y171.728 E2619.13898
G1 X212.554 Y172.177 E2619.19566
G1 X212.117 Y172.515 E2619.25079
G1 X211.576 Y172.743 E2619.30937
G0 F7200 X211.378 Y172.769
G0 X211.472 Y173.479
G0 X212.427 Y173.097
G0 X213.473 Y172.051
G0 X213.857 Y170.623
G0 X213.473 Y169.195
G0 X210.762 Y165.93
G0 X207.66 Y164.86
G0 X207.66 Y121.387
G0 X211.636 Y118.457
G0 X211.543 Y117.751
G1 F1800 X211 Y117.823 E2619.36402
G1 X210.433 Y117.747 E2619.4211
G1 X209.909 Y117.531 E2619.47766
G1 X209.436 Y117.172 E2619.53691
G1 X209.089 Y116.711 E2619.59448
G1 X208.872 Y116.191 E2619.6507
G1 X208.801 Y115.646 E2619.70554
G1 X208.868 Y115.052 E2619.76519
G1 X209.083 Y114.542 E2619.82041
G1 X209.442 Y114.066 E2619.8799
G1 X209.898 Y113.713 E2619.93744
G1 X210.43 Y113.492 E2619.99492
G1 X211.025 Y113.425 E2620.05467
G1 X211.567 Y113.492 E2620.10916
G1 X212.108 Y113.718 E2620.16766
G1 X212.554 Y114.066 E2620.22411
G1 X212.891 Y114.503 E2620.27917
G1 X213.128 Y115.051 E2620.33875
G1 X213.195 Y115.645 E2620.39839
G1 X213.128 Y116.191 E2620.45328
G1 X212.907 Y116.722 E2620.51067
G1 X212.554 Y117.178 E2620.56821
G1 X212.1 Y117.528 E2620.62541
G1 X211.543 Y117.751 E2620.68528
G0 F7200 X211.345 Y117.777
G0 X211.438 Y118.483
G0 X210.083 Y118.886
;TYPE:SKIN
G1 F1800 X210.964 Y119.007 E2620.77401
G1 X211.361 Y118.961 E2620.81389
G1 X210.408 Y119.913 E2620.94829
G1 X209.803 Y120.373 E2621.02413
G1 X209.167 Y120.637 E2621.09284
G1 X208.182 Y120.777 E2621.19211
G1 X207.735 Y120.98 E2621.2411
G1 X207.404 Y120.537 E2621.29627
G1 X206.822 Y120.122 E2621.3676
G1 X206.498 Y119.798 E2621.41332
G1 X206.082 Y119.211 E2621.48511
G1 X205.634 Y118.883 E2621.54051
G1 X205.832 Y118.46 E2621.58711
G1 X205.979 Y117.446 E2621.68935
G1 X206.243 Y116.814 E2621.75769
G1 X206.703 Y116.212 E2621.83328
G1 X207.653 Y115.259 E2621.96755
G1 X207.609 Y115.652 E2622.00701
G1 X207.73 Y116.508 E2622.09327
G1 X208.059 Y117.306 E2622.1794
G1 X208.593 Y118.004 E2622.26709
G1 X209.285 Y118.546 E2622.35479
G1 X210.083 Y118.886 E2622.44135
G0 F7200 X210.632 Y119.162
G1 F1800 X209.521 Y120.273 E2622.59812
G1 X209.451 Y120.343
G0 F7200 X208.732 Y120.497
G1 F1800 X210.134 Y119.094 E2622.79603
G0 F7200 X209.717 Y118.947
G1 F1800 X208.038 Y120.625 E2623.03288
G0 F7200 X207.616 Y120.482
G1 F1800 X209.32 Y118.778 E2623.27334
G0 F7200 X208.975 Y118.557
G1 F1800 X207.309 Y120.223 E2623.50843
G0 F7200 X206.978 Y119.988
G1 F1800 X208.656 Y118.31 E2623.74521
G0 F7200 X208.365 Y118.036
G1 F1800 X206.692 Y119.709 E2623.98129
G0 F7200 X206.45 Y119.384
G1 F1800 X208.117 Y117.718 E2624.21645
G0 F7200 X207.878 Y117.391
G1 F1800 X206.209 Y119.061 E2624.45203
G0 F7200 X205.885 Y118.818
G1 F1800 X207.71 Y116.993 E2624.70956
G0 F7200 X207.543 Y116.595
G1 F1800 X206.097 Y118.041 E2624.91361
G0 F7200 X206.246 Y117.326
G1 F1800 X207.47 Y116.102 E2625.08633
G1 X207.54 Y116.032
G0 F7200 X207.648 Y159.977
G0 X207.726 Y169.728
G1 F1800 X207.609 Y170.589 E2625.17303
G1 X207.654 Y170.979 E2625.2122
G1 X206.703 Y170.023 E2625.34675
G1 X206.243 Y169.426 E2625.42195
G1 X205.979 Y168.79 E2625.49066
G1 X205.832 Y167.777 E2625.5928
G1 X205.635 Y167.355 E2625.63927
G1 X206.079 Y167.024 E2625.69452
G1 X206.498 Y166.442 E2625.76608
G1 X206.818 Y166.118 E2625.81152
G1 X207.343 Y165.748 E2625.87561
G1 X207.576 Y165.524 E2625.90786
G1 X207.734 Y165.265 E2625.93813
G1 X208.001 Y165.408 E2625.96835
G1 X208.231 Y165.477 E2625.99231
G1 X209.171 Y165.599 E2626.08689
G1 X209.802 Y165.863 E2626.15514
G1 X210.399 Y166.323 E2626.23034
G1 X211.357 Y167.276 E2626.36517
G1 X210.969 Y167.233 E2626.40413
G1 X210.084 Y167.352 E2626.49323
G1 X209.266 Y167.709 E2626.58228
G1 X208.603 Y168.222 E2626.66593
G1 X208.074 Y168.902 E2626.75189
G1 X207.726 Y169.728 E2626.84133
G0 F7200 X207.137 Y170.175
G1 F1800 X207.515 Y169.798 E2626.89459
G0 F7200 X206.855 Y169.892
G1 F1800 X207.864 Y168.883 E2627.03698
G1 X207.934 Y168.813
G0 F7200 X206.609 Y169.572
G1 F1800 X209.951 Y166.229 E2627.50864
G0 F7200 X210.27 Y166.476
G1 F1800 X209.258 Y167.488 E2627.65144
G1 X209.188 Y167.558
G0 F7200 X210.173 Y167.14
G1 F1800 X210.554 Y166.758 E2627.70528
G0 F7200 X209.615 Y166
G1 F1800 X206.381 Y169.234 E2628.16163
G0 F7200 X206.214 Y168.835
G1 F1800 X209.215 Y165.834 E2628.5851
G0 F7200 X208.739 Y165.745
G1 F1800 X206.12 Y168.364 E2628.95467
G0 F7200 X206.05 Y167.868
G1 F1800 X208.238 Y165.68 E2629.26342
G0 F7200 X207.817 Y165.536
G1 F1800 X207.682 Y165.67 E2629.2824
G0 F7200 X207.401 Y165.951
G1 F1800 X206.324 Y167.029 E2629.43445
G0 F7200 X206.069 Y167.283
G1 F1800 X205.901 Y167.451 E2629.45815
G0 F7200 X91.763 Y167.283
G0 X89.263 Y169.709
G1 F1800 X88.933 Y168.933 E2629.54229
G1 X88.397 Y168.221 E2629.63122
G1 X87.688 Y167.678 E2629.72033
G1 X86.868 Y167.34 E2629.80883
G1 X86.029 Y167.233 E2629.89322
G1 X85.634 Y167.277 E2629.93288
G1 X86.599 Y166.317 E2630.0687
G1 X87.048 Y165.951 E2630.1265
G1 X87.506 Y165.702 E2630.17851
G1 X87.984 Y165.557 E2630.22835
G1 X88.763 Y165.476 E2630.3065
G1 X89.264 Y165.261 E2630.3609
G1 X89.595 Y165.707 E2630.41632
G1 X90.175 Y166.118 E2630.48725
G1 X90.498 Y166.438 E2630.53262
G1 X90.864 Y166.958 E2630.59607
G1 X91.089 Y167.189 E2630.62824
G1 X91.359 Y167.355 E2630.65987
G1 X91.15 Y167.82 E2630.71074
G1 X91.017 Y168.791 E2630.80853
G1 X90.753 Y169.426 E2630.87715
G1 X90.293 Y170.023 E2630.95235
G1 X89.341 Y170.978 E2631.0869
G1 X89.383 Y170.58 E2631.12683
G1 X89.263 Y169.709 E2631.21456
G0 F7200 X89.523 Y170.127
G1 F1800 X90.757 Y168.892 E2631.38876
G0 F7200 X90.898 Y168.186
G1 F1800 X89.449 Y169.635 E2631.59323
G0 F7200 X89.28 Y169.238
G1 F1800 X91.092 Y167.427 E2631.84885
G0 F7200 X90.796 Y167.157
G1 F1800 X89.111 Y168.842 E2632.08662
G0 F7200 X88.872 Y168.515
G1 F1800 X90.541 Y166.846 E2632.32214
G0 F7200 X90.299 Y166.522
G1 F1800 X88.627 Y168.195 E2632.55815
G0 F7200 X88.335 Y167.921
G1 F1800 X90.01 Y166.246 E2632.79451
G0 F7200 X89.68 Y166.01
G1 F1800 X88.016 Y167.673 E2633.02924
G0 F7200 X87.669 Y167.455
G1 F1800 X89.378 Y165.747 E2633.27033
G0 F7200 X88.946 Y165.612
G1 F1800 X87.268 Y167.29 E2633.50712
G0 F7200 X86.855 Y167.137
G1 F1800 X88.265 Y165.728 E2633.70601
G1 X88.335 Y165.658
G0 F7200 X87.485 Y165.942
G1 F1800 X86.353 Y167.074 E2633.86575
G1 X86.283 Y167.144
G0 F7200 X89.339 Y164.884
G0 X89.339 Y121.363
G0 X86.864 Y118.896
G1 F1800 X87.687 Y118.563 E2633.95434
G1 X88.387 Y118.024 E2634.04249
G1 X88.907 Y117.354 E2634.12711
G1 X89.267 Y116.535 E2634.21638
G1 X89.383 Y115.654 E2634.30505
G1 X89.342 Y115.262 E2634.34437
G1 X90.293 Y116.212 E2634.4785
G1 X90.753 Y116.818 E2634.55441
G1 X91.017 Y117.442 E2634.62202
G1 X91.149 Y118.412 E2634.7197
G1 X91.356 Y118.885 E2634.77122
G1 X90.921 Y119.203 E2634.82498
G1 X90.498 Y119.798 E2634.89783
G1 X90.17 Y120.122 E2634.94383
G1 X89.587 Y120.541 E2635.01547
G1 X89.265 Y120.975 E2635.06939
G1 X88.991 Y120.83 E2635.10032
G1 X88.688 Y120.751 E2635.13156
G1 X87.979 Y120.678 E2635.20268
G1 X87.502 Y120.538 E2635.25228
G1 X87.053 Y120.293 E2635.30332
G1 X86.595 Y119.919 E2635.36232
G1 X85.637 Y118.963 E2635.49737
G1 X86.152 Y118.988 E2635.54881
G1 X86.864 Y118.896 E2635.62045
G0 F7200 X86.435 Y119.475
G1 F1800 X86.805 Y119.104 E2635.67273
G0 F7200 X86.716 Y119.759
G1 F1800 X87.705 Y118.771 E2635.81222
G1 X87.775 Y118.701
G0 F7200 X87.026 Y120.014
G1 F1800 X90.381 Y116.66 E2636.28557
G0 F7200 X90.136 Y116.339
G1 F1800 X89.139 Y117.337 E2636.42633
G1 X89.069 Y117.407
G0 F7200 X89.484 Y116.426
G1 F1800 X89.853 Y116.056 E2636.47847
G0 F7200 X90.611 Y116.996
G1 F1800 X87.369 Y120.238 E2636.93595
G0 F7200 X87.765 Y120.407
G1 F1800 X90.779 Y117.393 E2637.36126
G0 F7200 X90.873 Y117.865
G1 F1800 X88.234 Y120.504 E2637.73365
G0 F7200 X88.743 Y120.56
G1 F1800 X90.942 Y118.362 E2638.04388
G0 F7200 X91.089 Y118.781
G1 F1800 X90.893 Y118.976 E2638.07147
G0 F7200 X90.683 Y119.186
G1 F1800 X89.544 Y120.325 E2638.2322
G0 F7200 X89.356 Y120.513
G1 F1800 X89.168 Y120.701 E2638.25873
G1 F1500 E2631.75873
;MESH:NONMESH
G0 F600 X89.168 Y120.701 Z9.8
G0 F7200 X88.369 Y114.988
G0 X87.456 Y112.206
G0 X87.874 Y111.195
G0 X85.815 Y92.18
G0 X85.672 Y91.095
G0 X83.876 Y88.428
G0 X83.546 Y87.201
G0 X85.326 Y82.84
G0 X88.939 Y81.099
G0 X88.939 Y38.303
G0 X84.375 Y35.258
G0 X83.166 Y31.229
;TIME_ELAPSED:5944.927873
;LAYER:16
;TYPE:WALL-INNER
;MESH:manette_front-Body_(Meshed).stl(1)
G1 F1500 E2638.25873
G1 F3478.3 X83.448 Y30.608 E2638.32916
G1 F3388.2 X83.866 Y30.069 E2638.40147
G1 F3469.9 X84.469 Y29.597 E2638.48075
G1 F3654.8 X85.182 Y29.321 E2638.55589
G1 F3829.8 X85.738 Y29.241 E2638.60858
G1 F2790.7 X86.115 Y29.074 E2638.66165
G1 F2758.6 X85.716 Y28.863 E2638.72042
G1 F3750 X84.933 Y28.971 E2638.79614
G1 F3546.8 X84.178 Y29.291 E2638.87919
G1 F3396.2 X83.563 Y29.766 E2638.96137
G1 F3388.2 X83.092 Y30.378 E2639.04325
G1 F3478.3 X82.785 Y31.098 E2639.12408
G1 F3654.8 X82.658 Y31.945 E2639.20826
G1 F2748.1 X82.877 Y32.348 E2639.26821
G1 F2801.6 X83.037 Y31.978 E2639.3199
G1 F3750 X83.166 Y31.229 E2639.3927
G0 F7200 X82.877 Y32.348
G1 F2250 X82.926 Y32.721 E2639.45276
G1 F2449 X83.152 Y33.329 E2639.5479
G1 F2857.1 X83.456 Y33.823 E2639.62083
G1 F3396.2 X83.877 Y34.32 E2639.68972
G1 F3287.7 X84.36 Y34.751 E2639.76044
G0 F7200 X85.26 Y34.96
G0 X86.809 Y34.997
G0 X86.691 Y34.71
G1 F3600 X85.998 Y34.806 E2639.83025
G1 X85.321 Y34.716 E2639.8984
G1 X84.692 Y34.457 E2639.96627
G1 X84.16 Y34.037 E2640.0339
G1 X83.745 Y33.507 E2640.10107
G1 X83.481 Y32.866 E2640.17024
G1 X83.395 Y32.2 E2640.23725
G1 X83.478 Y31.522 E2640.3054
G1 X83.745 Y30.895 E2640.3734
G1 X84.159 Y30.36 E2640.4409
G1 X84.703 Y29.939 E2640.50954
G1 X85.332 Y29.682 E2640.57734
G1 X86.006 Y29.596 E2640.64513
G1 X86.67 Y29.682 E2640.71194
G1 X87.304 Y29.944 E2640.78039
G1 X87.836 Y30.358 E2640.84765
G1 X88.249 Y30.889 E2640.91478
G1 X88.518 Y31.526 E2640.98377
G1 X88.601 Y32.202 E2641.05173
G1 X88.512 Y32.886 E2641.12056
G1 X88.251 Y33.511 E2641.18814
G1 X87.837 Y34.037 E2641.25493
G1 X87.319 Y34.445 E2641.32072
G1 X86.691 Y34.71 E2641.38874
G0 F7200 X86.809 Y34.997
G0 X89.587 Y37.754
G1 F3600 X89.719 Y37.538 E2641.41399
G1 X89.895 Y37.366 E2641.43855
G1 X90.421 Y36.996 E2641.50272
G1 X90.792 Y36.625 E2641.55507
G1 X91.203 Y36.045 E2641.626
G1 X91.559 Y35.785 E2641.66999
G1 X91.964 Y35.7 E2641.71128
G1 X92.5 Y35.7 E2641.76476
G1 X92 Y35.566 E2641.81641
G1 X91.692 Y35.29 E2641.85768
G1 X91.525 Y34.926 E2641.89764
G1 X91.39 Y33.927 E2641.99822
G1 X91.087 Y33.205 E2642.07635
G1 X90.577 Y32.536 E2642.16029
G1 X89.136 Y31.098 E2642.36342
G1 F3453.2 X88.755 Y30.741 E2642.41773
G1 F3151 X88.581 Y30.599 E2642.44333
G1 F3130.4 X88.91 Y31.437 E2642.54664
G1 F3428.6 X89.005 Y32.205 E2642.62771
G1 F3600 X88.898 Y33 E2642.70775
G1 X88.594 Y33.723 E2642.78601
G1 X88.12 Y34.32 E2642.86207
G1 X87.532 Y34.787 E2642.937
G1 X86.807 Y35.096 E2643.01564
G1 X86.006 Y35.21 E2643.09636
G1 X85.222 Y35.107 E2643.17526
G1 F3445 X84.371 Y34.765 E2643.2709
G1 F3356.6 X84.541 Y34.97 E2643.2994
G1 F3512.2 X84.904 Y35.346 E2643.35285
G1 F3600 X86.342 Y36.782 E2643.55562
G1 X86.839 Y37.191 E2643.61985
G1 X87.355 Y37.466 E2643.67819
G1 X87.913 Y37.634 E2643.73634
G1 X88.682 Y37.713 E2643.81347
G1 X89.085 Y37.889 E2643.85735
G1 X89.366 Y38.2 E2643.89917
G1 X89.5 Y38.7 E2643.95082
G1 X89.5 Y38.164 E2644.00431
G1 X89.587 Y37.754 E2644.04613
G0 F7200 X89.5 Y38.7
G1 F3600 X89.5 Y80.7 E2648.2369
G1 F3538.1 X89.493 Y80.874 E2648.25458
G0 F7200 X89.655 Y81.677
G0 X91.524 Y83.546
G0 X92.326 Y83.707
G1 F3529.4 X92.5 Y83.7 E2648.27231
G1 F3600 X204.496 Y83.7 E2659.44731
G0 F7200 X205.476 Y83.546
G0 X205.469 Y83.112
G1 F3600 X205.272 Y83.25 E2659.47131
G1 X205.032 Y83.3 E2659.49578
G1 X91.964 Y83.3 E2670.77775
G1 X91.721 Y83.249 E2670.80252
G1 X91.525 Y83.11 E2670.8265
G1 X91.099 Y82.516 E2670.89943
G1 X90.68 Y82.097 E2670.95856
G1 X90.093 Y81.678 E2671.03052
G1 X89.952 Y81.482 E2671.05461
G1 X89.9 Y81.236 E2671.0797
G1 X89.9 Y38.164 E2675.37744
G1 X89.952 Y37.918 E2675.40253
G1 X90.137 Y37.685 E2675.43222
G1 X90.68 Y37.303 E2675.49846
G1 X91.099 Y36.883 E2675.55766
G1 X91.487 Y36.334 E2675.62474
G1 X91.721 Y36.151 E2675.65438
G1 X91.964 Y36.1 E2675.67915
G1 X205.032 Y36.1 E2686.96112
G1 X205.273 Y36.15 E2686.98568
G1 X205.47 Y36.288 E2687.00968
G1 X205.897 Y36.883 E2687.08276
G1 X206.315 Y37.302 E2687.14181
G1 X206.91 Y37.725 E2687.21466
G1 X207.049 Y37.921 E2687.23863
G1 X207.1 Y38.164 E2687.26341
G1 X207.1 Y81.236 E2691.56115
G1 X207.049 Y81.478 E2691.58583
G1 X206.866 Y81.713 E2691.61554
G1 X206.315 Y82.098 E2691.68262
G1 X205.897 Y82.517 E2691.74167
G1 X205.469 Y83.112 E2691.8148
G0 F7200 X205.73 Y83.295
G0 X205.47 Y84.47
G1 F3600 X205.61 Y85.472 E2691.91575
G1 X205.91 Y86.195 E2691.99386
G1 X206.422 Y86.863 E2692.07784
G1 X207.849 Y88.294 E2692.27949
G1 F3495.1 X208.228 Y88.656 E2692.33335
G1 F3341.1 X208.423 Y88.815 E2692.3604
G1 F3356.6 X208.091 Y87.962 E2692.45836
G1 F3478.3 X207.991 Y87.2 E2692.53772
G1 F3564.4 X208.097 Y86.395 E2692.61955
G1 F3600 X208.405 Y85.68 E2692.69723
G1 X208.883 Y85.06 E2692.77535
G1 X209.484 Y84.6 E2692.85086
G1 X210.197 Y84.302 E2692.92797
G1 F3564.4 X210.997 Y84.19 E2693.00938
G1 F3478.3 X211.769 Y84.292 E2693.0898
G1 F3364.5 X212.613 Y84.622 E2693.18655
G1 F3348.8 X212.454 Y84.431 E2693.21321
G1 F3503.6 X212.092 Y84.054 E2693.2668
G1 F3600 X210.658 Y82.621 E2693.46908
G1 X209.995 Y82.11 E2693.5526
G1 X209.271 Y81.811 E2693.63076
G1 X208.274 Y81.675 E2693.73116
G1 X207.909 Y81.507 E2693.77126
G1 X207.634 Y81.2 E2693.81238
G1 F3529.4 X207.507 Y80.874 E2693.84799
G1 X207.5 Y81.236 E2693.88484
G1 F3600 X207.415 Y81.64 E2693.92603
G1 X207.149 Y82.004 E2693.97102
G1 X206.573 Y82.406 E2694.0411
G1 X206.204 Y82.775 E2694.09317
G1 X205.791 Y83.359 E2694.16454
G1 X205.432 Y83.617 E2694.20866
G1 X205.032 Y83.7 E2694.24942
G1 X204.496 Y83.7 E2694.3029
G1 X204.996 Y83.834 E2694.35455
G1 X205.301 Y84.106 E2694.39533
G1 X205.47 Y84.47 E2694.43537
G0 F7200 X207.345 Y81.677
G0 X207.507 Y80.874
G1 F3529.4 X207.5 Y80.7 E2694.4531
G1 F3600 X207.5 Y38.7 E2698.64387
G0 F7200 X208.274 Y37.725
G1 F3600 X209.271 Y37.589 E2698.74427
G1 X209.994 Y37.29 E2698.82234
G1 X210.662 Y36.775 E2698.9065
G1 X212.092 Y35.347 E2699.10815
G1 F3512.2 X212.455 Y34.97 E2699.16168
G1 F3356.6 X212.614 Y34.777 E2699.18844
G1 F3364.5 X211.763 Y35.109 E2699.28596
G1 F3478.3 X210.996 Y35.21 E2699.36586
G1 F3564.4 X210.2 Y35.098 E2699.44687
G1 F3600 X209.479 Y34.798 E2699.52479
G1 X208.859 Y34.311 E2699.60345
G1 X208.402 Y33.715 E2699.67839
G1 X208.102 Y33.002 E2699.75558
G1 X207.991 Y32.208 E2699.83557
G1 F3512.2 X208.087 Y31.429 E2699.91585
G1 F3364.5 X208.422 Y30.588 E2700.0125
G1 F3333.3 X208.239 Y30.738 E2700.038
G1 F3486.7 X207.862 Y31.099 E2700.09177
G1 F3600 X206.422 Y32.537 E2700.29483
G1 X205.909 Y33.205 E2700.37887
G1 X205.61 Y33.928 E2700.45694
G1 X205.47 Y34.93 E2700.55789
G1 X205.301 Y35.293 E2700.59784
G1 X204.996 Y35.566 E2700.63869
G1 F3529.4 X204.67 Y35.693 E2700.6743
G1 X205.032 Y35.7 E2700.71115
G1 F3600 X205.433 Y35.783 E2700.75201
G1 X205.797 Y36.047 E2700.79687
G1 X206.204 Y36.625 E2700.86741
G1 X206.573 Y36.994 E2700.91948
G1 X207.155 Y37.402 E2700.9904
G1 X207.415 Y37.759 E2701.03447
G1 X207.5 Y38.164 E2701.07576
G1 X207.5 Y38.7 E2701.12924
G1 X207.634 Y38.2 E2701.18089
G1 X207.91 Y37.892 E2701.22216
G1 X208.274 Y37.725 E2701.26212
G0 F7200 X205.476 Y35.856
G0 X204.67 Y35.693
G1 F3529.4 X204.496 Y35.7 E2701.27984
G1 F3600 X92.5 Y35.7 E2712.45485
G0 F7200 X88.581 Y30.599
G1 F3287.7 X88.117 Y30.077 E2712.53116
G1 F3445 X87.817 Y29.808 E2712.57317
G1 F3063.8 X87.222 Y29.383 E2712.6589
G1 F2474.2 X86.409 Y29.111 E2712.78336
G1 F2168.7 X86.115 Y29.074 E2712.83244
G0 F7200 X87.429 Y29.728
G0 X88.473 Y30.772
G0 X89.339 Y37.941
G0 X89.339 Y81.461
G0 X84.364 Y84.644
G1 F3257.9 X83.973 Y84.987 E2712.88979
G1 F3380.3 X83.608 Y85.379 E2712.94671
G1 F2880 X83.151 Y86.071 E2713.05014
G1 F2364.5 X82.911 Y86.788 E2713.165
G1 F2175.2 X82.874 Y87.091 E2713.21541
G0 F7200 X83.527 Y88.629
G0 X85.098 Y90.055
G1 F3582.1 X84.462 Y89.798 E2713.2842
G1 F3445 X83.868 Y89.331 E2713.36299
G1 F3461.5 X83.394 Y88.722 E2713.44307
G1 F3654.8 X83.121 Y88.014 E2713.51765
G1 F3809.5 X83.042 Y87.466 E2713.56985
G1 F2785.3 X82.874 Y87.091 E2713.62285
G1 F2758.6 X82.663 Y87.487 E2713.68127
G1 F3730.6 X82.769 Y88.265 E2713.75688
G1 F3546.8 X83.092 Y89.019 E2713.83995
G1 F3388.2 X83.565 Y89.634 E2713.92221
G1 X84.178 Y90.109 E2714.00442
G1 F3478.3 X84.898 Y90.414 E2714.08518
G1 F3645.6 X85.748 Y90.542 E2714.16987
G1 F2737.6 X86.148 Y90.323 E2714.22971
G1 F2790.7 X85.782 Y90.161 E2714.28123
G1 F3789.5 X85.098 Y90.055 E2714.34684
G0 F7200 X86.148 Y90.323
G1 F2165.4 X86.409 Y90.289 E2714.3905
G1 F2352.9 X87.128 Y90.048 E2714.50627
G1 F2834.6 X87.478 Y89.845 E2714.55754
G1 F3356.6 X88.121 Y89.319 E2714.64644
G1 F3287.7 X88.552 Y88.837 E2714.71709
G0 F7200 X89.005 Y87.198
G1 F3600 X88.907 Y87.97 E2714.79474
G1 F3445 X88.572 Y88.82 E2714.89
G1 F3356.6 X88.771 Y88.656 E2714.9176
G1 F3512.2 X89.148 Y88.292 E2714.9712
G1 F3600 X90.577 Y86.864 E2715.17277
G1 X91.086 Y86.195 E2715.25665
G1 X91.389 Y85.473 E2715.33478
G1 X91.525 Y84.474 E2715.43538
G1 X91.692 Y84.11 E2715.47534
G1 X92 Y83.834 E2715.5166
G1 F3529.4 X92.326 Y83.707 E2715.55221
G1 X91.964 Y83.7 E2715.58906
G1 F3600 X91.559 Y83.615 E2715.63035
G1 X91.344 Y83.485 E2715.65542
G1 X91.166 Y83.305 E2715.68068
G1 X90.792 Y82.775 E2715.74541
G1 X90.421 Y82.404 E2715.79776
G1 X89.895 Y82.034 E2715.86193
G1 X89.719 Y81.861 E2715.88655
G1 X89.587 Y81.645 E2715.91181
G1 X89.5 Y81.236 E2715.95353
G1 F3529.4 X89.493 Y80.874 E2715.99038
G1 X89.366 Y81.2 E2716.02599
G1 F3600 X89.086 Y81.511 E2716.06775
G1 X88.683 Y81.687 E2716.11163
G1 X87.91 Y81.762 E2716.18912
G1 X87.354 Y81.929 E2716.24704
G1 X86.84 Y82.207 E2716.30535
G1 X86.34 Y82.615 E2716.36975
G1 X84.904 Y84.052 E2716.57245
G1 F3503.6 X84.542 Y84.431 E2716.62618
G1 F3348.8 X84.383 Y84.621 E2716.65276
G1 F3364.5 X85.23 Y84.292 E2716.74977
G1 F3478.3 X86.006 Y84.19 E2716.8306
G1 F3564.4 X86.808 Y84.305 E2716.91225
G1 F3600 X87.523 Y84.608 E2716.98974
G1 X88.125 Y85.07 E2717.06545
G1 X88.592 Y85.683 E2717.14235
G1 X88.899 Y86.396 E2717.2198
G1 X89.005 Y87.198 E2717.30052
G0 F7200 X88.473 Y88.629
G0 X87.685 Y89.478
G0 X86.795 Y90.003
G0 X86.676 Y89.715
G1 F3600 X86.001 Y89.805 E2717.36847
G1 X85.321 Y89.717 E2717.43689
G1 X84.693 Y89.457 E2717.50471
G1 X84.16 Y89.038 E2717.57236
G1 X83.739 Y88.493 E2717.64107
G1 X83.482 Y87.864 E2717.70887
G1 X83.396 Y87.192 E2717.77647
G1 X83.483 Y86.511 E2717.84497
G1 X83.75 Y85.886 E2717.91279
G1 X84.159 Y85.359 E2717.97935
G1 X84.689 Y84.945 E2718.04646
G1 X85.321 Y84.684 E2718.11468
G1 X85.998 Y84.594 E2718.18283
G1 X86.691 Y84.69 E2718.25264
G1 X87.317 Y84.952 E2718.32035
G1 X87.837 Y85.359 E2718.38624
G1 X88.247 Y85.89 E2718.45318
G1 X88.512 Y86.507 E2718.52018
G1 X88.601 Y87.199 E2718.5898
G1 X88.516 Y87.876 E2718.65788
G1 X88.252 Y88.511 E2718.7265
G1 X87.841 Y89.041 E2718.79342
G1 X87.309 Y89.453 E2718.86056
G1 X86.676 Y89.715 E2718.92892
G0 F7200 X86.795 Y90.003
G0 X87.938 Y89.718
G0 X91.763 Y83.861
G0 X205.237 Y83.861
G0 X208.443 Y88.832
G1 F3272.7 X208.876 Y89.32 E2719.00052
G1 F3341.1 X209.519 Y89.845 E2719.08977
G1 F2823.5 X209.868 Y90.048 E2719.14114
G1 F2352.9 X210.587 Y90.288 E2719.25686
G1 F2168.7 X210.885 Y90.326 E2719.30661
G0 F7200 X211.814 Y90.079
G1 F3809.5 X211.26 Y90.158 E2719.35938
G1 F2779.9 X210.885 Y90.326 E2719.41248
G1 F2758.6 X211.282 Y90.537 E2719.47102
G1 F3730.6 X212.064 Y90.428 E2719.54704
G1 F3546.8 X212.818 Y90.109 E2719.62996
G1 F3388.2 X213.433 Y89.633 E2719.71241
G1 F3380.3 X213.909 Y89.017 E2719.79513
G1 F3546.8 X214.23 Y88.264 E2719.87804
G1 F3740.3 X214.335 Y87.479 E2719.9541
G1 F2742.9 X214.121 Y87.061 E2720.0156
G1 F2769.2 X213.956 Y87.455 E2720.07101
G1 F3829.8 X213.882 Y88.009 E2720.12343
G1 F3673.5 X213.604 Y88.725 E2720.19854
G1 F3461.5 X213.129 Y89.329 E2720.27827
G1 X212.526 Y89.804 E2720.35793
G1 F3664.1 X211.814 Y90.079 E2720.43276
G0 F7200 X211.664 Y89.718
G1 F3600 X210.993 Y89.804 E2720.50026
G1 X210.312 Y89.713 E2720.56881
G1 X209.681 Y89.448 E2720.6371
G1 X209.159 Y89.037 E2720.70339
G1 X208.744 Y88.504 E2720.77079
G1 X208.484 Y87.875 E2720.83871
G1 X208.394 Y87.204 E2720.90626
G1 X208.484 Y86.507 E2720.97638
G1 X208.749 Y85.89 E2721.04339
G1 X209.164 Y85.348 E2721.1115
G1 X209.689 Y84.947 E2721.17742
G1 X210.31 Y84.688 E2721.24455
G1 X210.999 Y84.595 E2721.31393
G1 X211.674 Y84.683 E2721.38185
G1 X212.301 Y84.942 E2721.44954
G1 X212.838 Y85.353 E2721.51701
G1 X213.245 Y85.885 E2721.58385
G1 X213.513 Y86.511 E2721.65179
G1 X213.6 Y87.196 E2721.72069
G1 X213.521 Y87.861 E2721.78751
G1 X213.26 Y88.496 E2721.85602
G1 X212.841 Y89.04 E2721.92453
G1 X212.302 Y89.457 E2721.99253
G1 X211.664 Y89.718 E2722.06131
G0 F7200 X211.704 Y90.027
G0 X212.429 Y89.674
G0 X213.387 Y88.741
G0 X214.121 Y87.061
G1 F2152.5 X214.087 Y86.786 E2722.10755
G1 F2341.5 X213.848 Y86.073 E2722.22292
G1 F2812.5 X213.642 Y85.722 E2722.2749
G1 F3341.1 X213.118 Y85.076 E2722.36433
G1 F3287.7 X212.632 Y84.644 E2722.43537
G0 F7200 X207.66 Y81.438
G0 X207.66 Y37.965
G0 X212.636 Y34.751
G1 F3144.1 X213.272 Y34.184 E2722.53272
G1 F3130.4 X213.693 Y33.597 E2722.61561
G1 F2632.5 X213.897 Y33.242 E2722.67148
G1 F2250 X214.087 Y32.614 E2722.77622
G1 F2162.2 X214.119 Y32.36 E2722.81875
G0 F7200 X213.851 Y31.289
G1 F3779.5 X213.959 Y31.984 E2722.8856
G1 F2796.1 X214.119 Y32.36 E2722.9381
G1 F2737.6 X214.339 Y31.947 E2722.99949
G1 F3636.4 X214.214 Y31.096 E2723.08446
G1 F3461.5 X213.908 Y30.38 E2723.16526
G1 F3380.3 X213.434 Y29.768 E2723.24752
G1 F3396.2 X212.818 Y29.291 E2723.32992
G1 F3478.3 X212.098 Y28.986 E2723.41068
G1 F3645.6 X211.257 Y28.858 E2723.4945
G1 F2742.9 X210.853 Y29.077 E2723.55468
G1 F2801.6 X211.219 Y29.238 E2723.60595
G1 F3789.5 X211.898 Y29.345 E2723.67111
G1 F3582.1 X212.531 Y29.601 E2723.73958
G1 F3445 X213.131 Y30.07 E2723.81898
G1 F3436.8 X213.598 Y30.672 E2723.89862
G1 F3564.4 X213.851 Y31.289 E2723.96582
G0 F7200 X213.02 Y30.181
G0 X210.853 Y29.077
G1 F2162.2 X210.587 Y29.112 E2724.0104
G1 F2465.8 X209.774 Y29.383 E2724.13524
G1 F3050.8 X209.179 Y29.808 E2724.22133
G1 F3436.8 X208.877 Y30.079 E2724.26374
G1 F3302.8 X208.441 Y30.572 E2724.33532
G0 F7200 X208.143 Y32.201
G0 X207.66 Y37.965
G0 X207.345 Y81.677
G0 X205.395 Y84.522
G0 X205.081 Y84.562
G1 F3600 X205.221 Y85.578 E2724.43766
G1 X205.56 Y86.397 E2724.5261
G1 X206.121 Y87.127 E2724.61796
G1 X208.897 Y89.907 E2725.00997
G1 X209.627 Y90.467 E2725.10177
G1 X210.449 Y90.806 E2725.19049
G1 X211.328 Y90.922 E2725.27896
G1 X212.203 Y90.807 E2725.36702
G1 X213.025 Y90.467 E2725.45578
G1 X213.728 Y89.928 E2725.54417
G1 X214.268 Y89.225 E2725.63262
G1 X214.606 Y88.408 E2725.72084
G1 X214.718 Y87.528 E2725.80936
G1 X214.607 Y86.648 E2725.89786
G1 X214.268 Y85.831 E2725.98612
G1 X213.707 Y85.101 E2726.07798
G1 X210.923 Y82.32 E2726.47062
G1 X210.197 Y81.76 E2726.56211
G1 X209.375 Y81.421 E2726.65083
G1 X208.364 Y81.285 E2726.75262
G1 X208.145 Y81.184 E2726.77668
G1 X207.98 Y81 E2726.80134
G1 X207.9 Y80.782 E2726.82451
G1 X207.9 Y38.7 E2731.02347
G1 X207.98 Y38.4 E2731.05445
G1 X208.146 Y38.215 E2731.07925
G1 X208.364 Y38.115 E2731.10319
G1 X209.375 Y37.979 E2731.20497
G1 X210.196 Y37.64 E2731.2936
G1 X210.927 Y37.076 E2731.38573
G1 X213.707 Y34.299 E2731.7778
G1 X214.268 Y33.569 E2731.86967
G1 X214.606 Y32.752 E2731.95789
G1 X214.718 Y31.872 E2732.0464
G1 X214.607 Y30.992 E2732.13491
G1 X214.268 Y30.172 E2732.22344
G1 X213.728 Y29.473 E2732.31158
G1 X213.025 Y28.933 E2732.40003
G1 X212.203 Y28.593 E2732.48879
G1 X211.328 Y28.478 E2732.57685
G1 X210.449 Y28.593 E2732.6653
G1 X209.628 Y28.932 E2732.75393
G1 X208.901 Y29.492 E2732.84549
G1 X206.121 Y32.273 E2733.23785
G1 X205.56 Y33.003 E2733.32972
G1 X205.221 Y33.822 E2733.41816
G1 X205.081 Y34.838 E2733.5205
G1 X204.979 Y35.056 E2733.54451
G1 X204.796 Y35.22 E2733.56903
G1 X204.578 Y35.3 E2733.5922
G1 X92.5 Y35.3 E2744.77539
G1 X92.2 Y35.22 E2744.80637
G1 X92.015 Y35.054 E2744.83117
G1 X91.915 Y34.836 E2744.8551
G1 X91.779 Y33.822 E2744.95719
G1 X91.436 Y33.003 E2745.04578
G1 X90.879 Y32.272 E2745.13748
G1 X88.094 Y29.492 E2745.53013
G1 X87.368 Y28.932 E2745.62161
G1 X86.547 Y28.593 E2745.71024
G1 X85.672 Y28.478 E2745.7983
G1 X84.793 Y28.594 E2745.88677
G1 X83.971 Y28.932 E2745.97545
G1 X83.268 Y29.472 E2746.0639
G1 X82.733 Y30.171 E2746.15173
G1 X82.393 Y30.993 E2746.24049
G1 X82.278 Y31.872 E2746.32895
G1 X82.393 Y32.751 E2746.4174
G1 X82.732 Y33.57 E2746.50584
G1 X83.289 Y34.3 E2746.59747
G1 X86.072 Y37.078 E2746.98982
G1 X86.616 Y37.526 E2747.06014
G1 X87.202 Y37.838 E2747.12638
G1 X87.834 Y38.028 E2747.19223
G1 X88.632 Y38.114 E2747.27232
G1 X88.851 Y38.213 E2747.2963
G1 X89.02 Y38.4 E2747.32145
G1 X89.1 Y38.7 E2747.35243
G1 X89.1 Y80.782 E2751.55139
G1 X89.02 Y81 E2751.57456
G1 X88.852 Y81.187 E2751.59964
G1 X88.632 Y81.286 E2751.62371
G1 X87.833 Y81.368 E2751.70386
G1 X87.2 Y81.557 E2751.76977
G1 X86.616 Y81.873 E2751.83603
G1 X86.072 Y82.318 E2751.90616
G1 X83.29 Y85.101 E2752.2988
G1 X82.733 Y85.831 E2752.39042
G1 X82.394 Y86.65 E2752.47886
G1 X82.278 Y87.528 E2752.56723
G1 X82.393 Y88.407 E2752.65569
G1 X82.733 Y89.226 E2752.74417
G1 X83.269 Y89.928 E2752.8323
G1 X83.971 Y90.468 E2752.92067
G1 X84.793 Y90.806 E2753.00935
G1 X85.672 Y90.922 E2753.09782
G1 X86.547 Y90.807 E2753.18588
G1 X87.369 Y90.467 E2753.27464
G1 X88.099 Y89.907 E2753.36644
G1 X90.879 Y87.128 E2753.75866
G1 X91.436 Y86.397 E2753.85036
G1 X91.779 Y85.578 E2753.93896
G1 X91.915 Y84.564 E2754.04104
G1 X92.015 Y84.346 E2754.06497
G1 X92.2 Y84.18 E2754.08977
G1 X92.418 Y84.1 E2754.11294
G1 X204.496 Y84.1 E2765.29613
G1 X204.796 Y84.18 E2765.32711
G1 X204.979 Y84.344 E2765.35163
G1 X205.081 Y84.562 E2765.37565
G0 F7200 X205.395 Y84.522
G0 X207.345 Y81.677
G0 X207.66 Y37.965
G0 X211.715 Y35.025
G0 X211.675 Y34.717
G1 F3600 X210.999 Y34.805 E2765.44367
G1 X210.31 Y34.712 E2765.51304
G1 X209.687 Y34.452 E2765.5804
G1 X209.159 Y34.037 E2765.64741
G1 X208.749 Y33.513 E2765.7138
G1 X208.488 Y32.886 E2765.78156
G1 X208.395 Y32.203 E2765.85034
G1 X208.478 Y31.522 E2765.9188
G1 X208.749 Y30.887 E2765.98769
G1 X209.158 Y30.36 E2766.05425
G1 X209.692 Y29.944 E2766.12179
G1 X210.325 Y29.682 E2766.19015
G1 X211.001 Y29.595 E2766.25816
G1 X211.674 Y29.683 E2766.32588
G1 X212.298 Y29.941 E2766.39325
G1 X212.838 Y30.353 E2766.46103
G1 X213.253 Y30.899 E2766.52946
G1 X213.517 Y31.522 E2766.59697
G1 X213.601 Y32.2 E2766.66514
G1 X213.518 Y32.871 E2766.7326
G1 X213.256 Y33.506 E2766.80115
G1 X212.837 Y34.037 E2766.86864
G1 X212.304 Y34.456 E2766.93629
G1 X211.675 Y34.717 E2767.00424
G0 F7200 X211.543 Y34.331
;TYPE:WALL-OUTER
G1 F1800 X211 Y34.403 E2767.05889
G1 X210.433 Y34.327 E2767.11597
G1 X209.906 Y34.111 E2767.1728
G1 X209.442 Y33.754 E2767.23122
G1 X209.089 Y33.291 E2767.28931
G1 X208.869 Y32.743 E2767.34823
G1 X208.801 Y32.227 E2767.40017
G1 X208.868 Y31.625 E2767.4606
G1 X209.108 Y31.078 E2767.52021
G1 X209.424 Y30.662 E2767.57233
G1 X209.895 Y30.293 E2767.63204
G1 X210.454 Y30.069 E2767.69212
G1 X211.001 Y29.998 E2767.74716
G1 X211.543 Y30.069 E2767.8017
G1 X212.108 Y30.298 E2767.86254
G1 X212.557 Y30.642 E2767.91897
G1 X212.913 Y31.121 E2767.97852
G1 X213.128 Y31.629 E2768.03356
G1 X213.195 Y32.175 E2768.08845
G1 X213.128 Y32.766 E2768.1478
G1 X212.907 Y33.301 E2768.20556
G1 X212.554 Y33.754 E2768.26286
G1 X212.1 Y34.108 E2768.32031
G1 X211.543 Y34.331 E2768.38017
G0 F7200 X211.345 Y34.357
G0 X211.437 Y35.062
G0 X207.66 Y37.965
G0 X207.345 Y81.677
G0 X205.763 Y83.248
G0 X205.178 Y82.838
G1 F1800 X205.089 Y82.9 E2768.391
G1 X91.907 Y82.9 E2779.68434
G1 X91.817 Y82.837 E2779.6953
G1 X91.406 Y82.258 E2779.76615
G1 X90.938 Y81.79 E2779.83219
G1 X90.364 Y81.384 E2779.90234
G1 X90.3 Y81.236 E2779.91843
G1 X90.3 Y38.164 E2784.21618
G1 X90.352 Y38.022 E2784.23126
G1 X90.938 Y37.61 E2784.30274
G1 X91.406 Y37.142 E2784.36878
G1 X91.817 Y36.563 E2784.43963
G1 X91.964 Y36.5 E2784.45559
G1 X205.09 Y36.5 E2795.74335
G1 X205.178 Y36.562 E2795.75409
G1 X205.59 Y37.142 E2795.82507
G1 X206.057 Y37.61 E2795.89104
G1 X206.637 Y38.017 E2795.96174
G1 X206.7 Y38.164 E2795.9777
G1 X206.7 Y81.293 E2800.28113
G1 X206.637 Y81.383 E2800.29209
G1 X206.057 Y81.79 E2800.36279
G1 X205.59 Y82.258 E2800.42876
G1 X205.178 Y82.838 E2800.49975
G0 F7200 X205.089 Y82.9
G0 X204.997 Y82.9
G0 X204.997 Y83.611
G0 X205.4 Y84.563
G0 X204.691 Y84.654
G1 F1800 X204.831 Y85.683 E2800.60337
G1 X205.211 Y86.599 E2800.70232
G1 X205.819 Y87.391 E2800.80195
G1 X208.633 Y90.209 E2801.19932
G1 X209.425 Y90.817 E2801.29894
G1 X210.345 Y91.196 E2801.39822
G1 X211.328 Y91.326 E2801.49716
G1 X212.307 Y91.197 E2801.59569
G1 X213.227 Y90.817 E2801.69501
G1 X214.013 Y90.213 E2801.79392
G1 X214.617 Y89.427 E2801.89283
G1 X214.996 Y88.512 E2801.99165
G1 X215.122 Y87.528 E2802.09064
G1 X214.997 Y86.544 E2802.18961
G1 X214.617 Y85.629 E2802.28847
G1 X214.009 Y84.837 E2802.3881
G1 X211.187 Y82.019 E2802.78603
G1 X210.399 Y81.411 E2802.88534
G1 X209.479 Y81.031 E2802.98466
G1 X208.397 Y80.887 E2803.09358
G1 X208.302 Y80.735 E2803.11146
G1 X208.3 Y38.619 E2807.31381
G1 X208.454 Y38.505 E2807.33293
G1 X209.479 Y38.369 E2807.4361
G1 X210.398 Y37.989 E2807.53533
G1 X211.191 Y37.377 E2807.63528
G1 X214.009 Y34.563 E2808.03265
G1 X214.617 Y33.771 E2808.13227
G1 X214.996 Y32.856 E2808.2311
G1 X215.122 Y31.872 E2808.33008
G1 X214.997 Y30.888 E2808.42905
G1 X214.617 Y29.97 E2808.52819
G1 X214.013 Y29.187 E2808.62686
G1 X213.227 Y28.583 E2808.72577
G1 X212.307 Y28.203 E2808.82509
G1 X211.328 Y28.074 E2808.92362
G1 X210.345 Y28.203 E2809.02255
G1 X209.426 Y28.583 E2809.12177
G1 X208.637 Y29.191 E2809.22116
G1 X205.819 Y32.009 E2809.61881
G1 X205.211 Y32.801 E2809.71844
G1 X204.831 Y33.717 E2809.81739
G1 X204.682 Y34.775 E2809.924
G1 X204.531 Y34.898 E2809.94343
G1 X92.418 Y34.9 E2821.13012
G1 X92.301 Y34.727 E2821.15095
G1 X92.169 Y33.717 E2821.25259
G1 X91.785 Y32.801 E2821.35169
G1 X91.181 Y32.008 E2821.45116
G1 X88.359 Y29.191 E2821.84902
G1 X87.57 Y28.583 E2821.94841
G1 X86.651 Y28.203 E2822.04764
G1 X85.672 Y28.074 E2822.14617
G1 X84.689 Y28.204 E2822.24511
G1 X83.769 Y28.583 E2822.34439
G1 X82.983 Y29.187 E2822.4433
G1 X82.383 Y29.969 E2822.54165
G1 X82.003 Y30.889 E2822.64097
G1 X81.874 Y31.872 E2822.73989
G1 X82.003 Y32.855 E2822.83882
G1 X82.383 Y33.771 E2822.93777
G1 X82.987 Y34.564 E2823.03723
G1 X85.803 Y37.375 E2823.43425
G1 X86.392 Y37.86 E2823.51038
G1 X87.049 Y38.21 E2823.58466
G1 X87.756 Y38.422 E2823.65831
G1 X88.544 Y38.504 E2823.73736
G1 X88.7 Y38.619 E2823.75669
G1 X88.698 Y80.735 E2827.95905
G1 X88.6 Y80.892 E2827.97751
G1 X87.755 Y80.974 E2828.06222
G1 X87.046 Y81.186 E2828.13606
G1 X86.392 Y81.539 E2828.21022
G1 X85.803 Y82.021 E2828.28616
G1 X82.988 Y84.837 E2828.68346
G1 X82.383 Y85.629 E2828.7829
G1 X82.004 Y86.545 E2828.88182
G1 X81.874 Y87.528 E2828.98075
G1 X82.003 Y88.511 E2829.07968
G1 X82.383 Y89.427 E2829.17863
G1 X82.983 Y90.213 E2829.2773
G1 X83.769 Y90.817 E2829.37621
G1 X84.689 Y91.196 E2829.47549
G1 X85.672 Y91.326 E2829.57443
G1 X86.651 Y91.197 E2829.67296
G1 X87.571 Y90.817 E2829.77228
G1 X88.363 Y90.209 E2829.8719
G1 X91.181 Y87.392 E2830.26948
G1 X91.785 Y86.599 E2830.36895
G1 X92.169 Y85.683 E2830.46805
G1 X92.312 Y84.598 E2830.57725
G1 X92.465 Y84.502 E2830.59527
G1 X204.577 Y84.5 E2841.78185
G1 X204.691 Y84.654 E2841.80097
G0 F7200 X204.717 Y84.852
G0 X205.426 Y84.761
G0 X208.98 Y89.221
G0 X210.26 Y89.96
G0 X211.848 Y89.981
G0 X211.576 Y89.323
G1 F1800 X211.009 Y89.4 E2841.85807
G1 X210.436 Y89.328 E2841.91569
G1 X209.903 Y89.11 E2841.97315
G1 X209.442 Y88.754 E2842.03127
G1 X209.092 Y88.3 E2842.08847
G1 X208.869 Y87.743 E2842.14833
G1 X208.801 Y87.227 E2842.20026
G1 X208.869 Y86.633 E2842.25992
G1 X209.089 Y86.109 E2842.31663
G1 X209.436 Y85.648 E2842.3742
G1 X209.906 Y85.289 E2842.43321
G1 X210.429 Y85.072 E2842.48971
G1 X211.001 Y84.998 E2842.54726
G1 X211.543 Y85.069 E2842.60181
G1 X212.1 Y85.292 E2842.66167
G1 X212.554 Y85.642 E2842.71887
G1 X212.913 Y86.121 E2842.7786
G1 X213.128 Y86.636 E2842.83428
G1 X213.196 Y87.21 E2842.89196
G1 X213.124 Y87.776 E2842.94889
G1 X212.902 Y88.308 E2843.00641
G1 X212.554 Y88.754 E2843.06286
G1 X212.117 Y89.095 E2843.11816
G1 X211.576 Y89.323 E2843.17674
G0 F7200 X211.378 Y89.349
G0 X211.471 Y90.057
G0 X209.298 Y89.91
G0 X205.237 Y83.861
G0 X91.763 Y83.861
G0 X87.974 Y89.416
G0 X86.652 Y90.033
G0 X86.56 Y89.328
G1 F1800 X86.001 Y89.402 E2843.23301
G1 X85.428 Y89.328 E2843.29066
G1 X84.879 Y89.095 E2843.35016
G1 X84.442 Y88.754 E2843.40547
G1 X84.099 Y88.308 E2843.46161
G1 X83.877 Y87.776 E2843.51913
G1 X83.8 Y87.18 E2843.5791
G1 X83.868 Y86.636 E2843.6338
G1 X84.108 Y86.078 E2843.69441
G1 X84.442 Y85.642 E2843.74921
G1 X84.896 Y85.292 E2843.80641
G1 X85.454 Y85.069 E2843.86637
G1 X86.001 Y84.997 E2843.92142
G1 X86.565 Y85.074 E2843.97822
G1 X87.096 Y85.292 E2844.03549
G1 X87.554 Y85.642 E2844.09301
G1 X87.913 Y86.121 E2844.15274
G1 X88.128 Y86.626 E2844.2075
G1 X88.195 Y87.225 E2844.26764
G1 X88.128 Y87.768 E2844.32224
G1 X87.891 Y88.323 E2844.38245
G1 X87.554 Y88.754 E2844.43704
G1 X87.093 Y89.11 E2844.49516
G1 X86.56 Y89.328 E2844.55262
G0 F7200 X86.362 Y89.354
G0 X86.454 Y90.059
G0 X87.429 Y89.674
G0 X88.473 Y88.629
G0 X89.339 Y81.461
G0 X89.339 Y37.941
G0 X86.658 Y35.033
G0 X86.566 Y34.326
G1 F1800 X86.001 Y34.403 E2844.60952
G1 X85.428 Y34.328 E2844.66718
G1 X84.881 Y34.096 E2844.72646
G1 X84.442 Y33.754 E2844.78199
G1 X84.092 Y33.3 E2844.83919
G1 X83.869 Y32.743 E2844.89906
G1 X83.801 Y32.227 E2844.95099
G1 X83.868 Y31.625 E2845.01143
G1 X84.108 Y31.078 E2845.07103
G1 X84.442 Y30.642 E2845.12583
G1 X84.888 Y30.299 E2845.18197
G1 X85.42 Y30.077 E2845.23949
G1 X85.991 Y30 E2845.29698
G1 X86.543 Y30.069 E2845.35249
G1 X87.1 Y30.292 E2845.41236
G1 X87.554 Y30.642 E2845.46956
G1 X87.893 Y31.084 E2845.52514
G1 X88.128 Y31.629 E2845.58436
G1 X88.195 Y32.225 E2845.6442
G1 X88.127 Y32.763 E2845.69831
G1 X87.911 Y33.29 E2845.75514
G1 X87.554 Y33.754 E2845.81356
G1 X87.097 Y34.108 E2845.87124
G1 X86.566 Y34.326 E2845.92851
G0 F7200 X86.368 Y34.353
G0 X86.46 Y35.059
G0 X86.88 Y35.476
;TYPE:SKIN
G1 F1800 X87.743 Y35.099 E2846.02248
G1 X88.403 Y34.584 E2846.10601
G1 X88.907 Y33.93 E2846.1884
G1 X89.268 Y33.104 E2846.27834
G1 X89.383 Y32.235 E2846.36581
G1 X89.341 Y31.839 E2846.40554
G1 X90.293 Y32.792 E2846.53995
G1 X90.757 Y33.402 E2846.61642
G1 X91.017 Y34.018 E2846.68314
G1 X91.149 Y34.991 E2846.78111
G1 X91.356 Y35.465 E2846.83272
G1 X90.921 Y35.783 E2846.88649
G1 X90.498 Y36.378 E2846.95933
G1 X90.174 Y36.702 E2847.00505
G1 X89.654 Y37.067 E2847.06844
G1 X89.435 Y37.281 E2847.099
G1 X89.264 Y37.552 E2847.13097
G1 X88.981 Y37.403 E2847.16288
G1 X88.761 Y37.34 E2847.18572
G1 X87.984 Y37.258 E2847.26368
G1 X87.501 Y37.114 E2847.31397
G1 X87.052 Y36.873 E2847.36481
G1 X86.595 Y36.495 E2847.42399
G1 X85.639 Y35.543 E2847.55861
G1 X86.156 Y35.568 E2847.61026
G1 X86.88 Y35.476 E2847.68308
G0 F7200 X86.621 Y35.71
G1 F1800 X87.951 Y37.039 E2847.87069
G0 F7200 X88.6 Y37.122
G1 F1800 X87.084 Y35.607 E2848.08454
G0 F7200 X87.48 Y35.437
G1 F1800 X89.257 Y37.214 E2848.33529
G0 F7200 X89.525 Y36.917
G1 F1800 X87.867 Y35.258 E2848.56933
G0 F7200 X88.184 Y35.01
G1 F1800 X89.856 Y36.681 E2848.80519
G0 F7200 X90.167 Y36.427
G1 F1800 X88.502 Y34.762 E2849.04014
G0 F7200 X88.756 Y34.45
G1 F1800 X90.432 Y36.126 E2849.27664
G0 F7200 X90.665 Y35.794
G1 F1800 X89.004 Y34.132 E2849.5111
G0 F7200 X89.202 Y33.765
G1 F1800 X90.951 Y35.514 E2849.7579
G0 F7200 X90.94 Y34.937
G1 F1800 X89.372 Y33.369 E2849.97916
G0 F7200 X89.493 Y32.924
G1 F1800 X90.852 Y34.283 E2850.17093
G1 X90.922 Y34.353
G0 F7200 X90.411 Y33.276
G1 F1800 X89.559 Y32.425 E2850.29109
G1 X89.489 Y32.355
G0 F7200 X89.339 Y81.461
G0 X89.267 Y86.286
G1 F1800 X88.908 Y85.47 E2850.38004
G1 X88.393 Y84.797 E2850.4646
G1 X87.704 Y84.272 E2850.55103
G1 X86.872 Y83.92 E2850.64117
G1 X86.178 Y83.829 E2850.71101
G1 X85.637 Y83.853 E2850.76505
G1 X86.599 Y82.893 E2850.90066
G1 X87.052 Y82.523 E2850.95902
G1 X87.502 Y82.278 E2851.01014
G1 X87.979 Y82.137 E2851.05977
G1 X88.763 Y82.056 E2851.13842
G1 X89.264 Y81.841 E2851.19282
G1 X89.595 Y82.287 E2851.24824
G1 X90.175 Y82.698 E2851.31917
G1 X90.498 Y83.018 E2851.36453
G1 X90.864 Y83.538 E2851.42798
G1 X91.089 Y83.769 E2851.46016
G1 X91.359 Y83.935 E2851.49178
G1 X91.15 Y84.4 E2851.54265
G1 X91.017 Y85.37 E2851.64035
G1 X90.753 Y86.003 E2851.70878
G1 X90.293 Y86.608 E2851.78461
G1 X89.339 Y87.563 E2851.9193
G1 X89.383 Y87.166 E2851.95916
G1 X89.267 Y86.286 E2852.04773
G0 F7200 X86.302 Y83.473
G1 F1800 X86.498 Y83.67 E2852.07545
G0 F7200 X86.585 Y83.19
G1 F1800 X87.265 Y83.871 E2852.17148
G1 X87.335 Y83.941
G0 F7200 X86.882 Y82.922
G1 F1800 X90.269 Y86.309 E2852.64942
G0 F7200 X90.006 Y86.612
G1 F1800 X89.337 Y85.943 E2852.74383
G0 F7200 X89.523 Y86.694
G1 F1800 X89.723 Y86.895 E2852.77212
G0 F7200 X90.513 Y85.988
G1 F1800 X87.198 Y82.672 E2853.23997
G0 F7200 X87.564 Y82.473
G1 F1800 X90.701 Y85.609 E2853.68257
G0 F7200 X90.841 Y85.184
G1 F1800 X87.997 Y82.34 E2854.08388
G0 F7200 X88.506 Y82.284
G1 F1800 X90.909 Y84.687 E2854.42297
G0 F7200 X91.014 Y84.226
G1 F1800 X88.972 Y82.183 E2854.71119
G1 X88.902 Y82.113
G0 F7200 X91.524 Y83.546
G0 X205.237 Y83.861
G0 X207.726 Y86.308
G1 F1800 X207.609 Y87.173 E2854.79829
G1 X207.654 Y87.558 E2854.83697
G1 X206.703 Y86.604 E2854.97137
G1 X206.243 Y86.002 E2855.04697
G1 X205.979 Y85.37 E2855.11531
G1 X205.832 Y84.357 E2855.21745
G1 X205.635 Y83.935 E2855.26392
G1 X206.079 Y83.604 E2855.31918
G1 X206.498 Y83.022 E2855.39073
G1 X206.818 Y82.698 E2855.43617
G1 X207.351 Y82.325 E2855.50108
G1 X207.57 Y82.106 E2855.53199
G1 X207.733 Y81.844 E2855.56278
G1 X208.209 Y82.052 E2855.61461
G1 X209.171 Y82.179 E2855.71143
G1 X209.802 Y82.443 E2855.77968
G1 X210.399 Y82.903 E2855.85488
G1 X211.352 Y83.852 E2855.98908
G1 X210.815 Y83.829 E2856.04271
G1 X210.106 Y83.93 E2856.11417
G1 X209.274 Y84.28 E2856.20423
G1 X208.622 Y84.778 E2856.28609
G1 X208.064 Y85.508 E2856.37778
G1 X207.726 Y86.308 E2856.46443
G0 F7200 X206.5 Y86.009
G1 F1800 X207.438 Y86.947 E2856.59679
G0 F7200 X207.507 Y86.45
G1 F1800 X206.139 Y85.083 E2856.78976
G0 F7200 X206.046 Y84.424
G1 F1800 X207.631 Y86.009 E2857.01342
G0 F7200 X207.801 Y85.613
G1 F1800 X206.059 Y83.871 E2857.25924
G0 F7200 X206.339 Y83.586
G1 F1800 X208.003 Y85.25 E2857.49405
G0 F7200 X208.251 Y84.931
G1 F1800 X206.576 Y83.256 E2857.73041
G0 F7200 X206.843 Y82.958
G1 F1800 X208.505 Y84.619 E2857.96486
G0 F7200 X208.824 Y84.373
G1 F1800 X207.157 Y82.706 E2858.20009
G0 F7200 X207.486 Y82.47
G1 F1800 X209.144 Y84.127 E2858.43399
G0 F7200 X209.531 Y83.948
G1 F1800 X207.754 Y82.171 E2858.68474
G0 F7200 X208.432 Y82.285
G1 F1800 X209.929 Y83.782 E2858.89598
G0 F7200 X210.401 Y83.688
G1 F1800 X209.084 Y82.37 E2859.0819
G1 X209.014 Y82.3
G0 F7200 X207.66 Y81.438
G0 X207.66 Y37.965
G0 X210.062 Y35.453
G1 F1800 X210.815 Y35.567 E2859.15789
G1 X211.352 Y35.544 E2859.21152
G1 X210.407 Y36.489 E2859.34487
G1 X209.802 Y36.957 E2859.42119
G1 X209.171 Y37.217 E2859.48929
G1 X208.159 Y37.361 E2859.59128
G1 X207.732 Y37.557 E2859.63816
G1 X207.417 Y37.125 E2859.69151
G1 X206.818 Y36.698 E2859.76491
G1 X206.498 Y36.378 E2859.81006
G1 X206.082 Y35.791 E2859.88185
G1 X205.634 Y35.463 E2859.93725
G1 X205.832 Y35.04 E2859.98386
G1 X205.979 Y34.026 E2860.08609
G1 X206.243 Y33.393 E2860.15452
G1 X206.703 Y32.793 E2860.22996
G1 X207.65 Y31.844 E2860.36374
G1 X207.606 Y32.209 E2860.40042
G1 X207.743 Y33.134 E2860.49372
G1 X208.059 Y33.882 E2860.57475
G1 X208.575 Y34.567 E2860.66032
G1 X209.285 Y35.126 E2860.75048
G1 X210.062 Y35.453 E2860.8346
G0 F7200 X207.286 Y32.489
G1 F1800 X207.469 Y32.673 E2860.86049
G0 F7200 X207.004 Y32.773
G1 F1800 X207.643 Y33.412 E2860.95066
G1 X207.713 Y33.482
G0 F7200 X206.739 Y33.074
G1 F1800 X210.122 Y36.456 E2861.42797
G0 F7200 X210.422 Y36.191
G1 F1800 X209.785 Y35.554 E2861.51786
G0 F7200 X210.522 Y35.725
G1 F1800 X210.705 Y35.908 E2861.54368
G0 F7200 X209.803 Y36.703
G1 F1800 X206.494 Y33.394 E2862.01062
G0 F7200 X206.303 Y33.769
G1 F1800 X209.428 Y36.894 E2862.45159
G0 F7200 X209.006 Y37.038
G1 F1800 X206.157 Y34.189 E2862.85361
G0 F7200 X206.087 Y34.684
G1 F1800 X208.51 Y37.107 E2863.19552
G0 F7200 X208.039 Y37.202
G1 F1800 X205.992 Y35.155 E2863.48438
G1 X205.922 Y35.085
G1 F1500 E2856.98438
;MESH:manette_front-Body_(Meshed).stl
G0 F7200 X206.945 Y37.934
G0 X208.06 Y81.087
G0 X208.631 Y87.835
G0 X210.404 Y90.974
G0 X210.262 Y92.059
G0 X211.185 Y110.643
G0 X211.328 Y111.728
G0 X210.82 Y112.503
;TYPE:WALL-INNER
G1 F1500 E2863.48438
G1 F2264.2 X210.346 Y112.596 E2863.56101
G1 F2608.7 X209.762 Y112.812 E2863.64675
G1 F3038 X209.18 Y113.229 E2863.73141
G1 F3380.3 X208.787 Y113.597 E2863.78862
G1 F3257.9 X208.444 Y113.988 E2863.84597
G0 F7200 X208.143 Y115.623
G0 X208.527 Y117.051
G0 X209.573 Y118.097
G0 X210.859 Y118.461
G0 X211.713 Y118.446
G0 X211.673 Y118.137
G1 F3600 X210.995 Y118.226 E2863.9142
G1 X210.311 Y118.132 E2863.98309
G1 X209.693 Y117.873 E2864.04995
G1 X209.177 Y117.478 E2864.11479
G1 X208.749 Y116.932 E2864.18402
G1 X208.488 Y116.309 E2864.25141
G1 X208.395 Y115.622 E2864.32059
G1 X208.479 Y114.945 E2864.38866
G1 X208.743 Y114.318 E2864.45654
G1 X209.159 Y113.783 E2864.52416
G1 X209.694 Y113.365 E2864.59191
G1 X210.326 Y113.102 E2864.66021
G1 X211 Y113.019 E2864.72797
G1 X211.671 Y113.102 E2864.79543
G1 X212.298 Y113.362 E2864.86316
G1 X212.838 Y113.777 E2864.93111
G1 X213.254 Y114.319 E2864.99929
G1 X213.518 Y114.945 E2865.06708
G1 X213.601 Y115.619 E2865.13484
G1 X213.518 Y116.298 E2865.20309
G1 X213.254 Y116.927 E2865.27116
G1 X212.837 Y117.461 E2865.33876
G1 X212.307 Y117.875 E2865.40587
G1 X211.673 Y118.137 E2865.47432
G0 F7200 X212.632 Y118.176
G1 F3295.2 X213.119 Y117.742 E2865.54543
G1 F3428.6 X213.39 Y117.441 E2865.58786
G1 F3050.8 X213.809 Y116.855 E2865.67268
G1 F2618.2 X214.024 Y116.274 E2865.75768
G1 F2274.9 X214.119 Y115.779 E2865.83726
G0 F7200 X213.853 Y114.715
G1 F3789.5 X213.959 Y115.403 E2865.90325
G1 F2796.1 X214.119 Y115.779 E2865.95575
G1 F2737.6 X214.339 Y115.367 E2866.01703
G1 F3636.4 X214.214 Y114.517 E2866.1019
G1 F3461.5 X213.908 Y113.803 E2866.18251
G1 F3380.3 X213.433 Y113.187 E2866.26517
G1 F3388.2 X212.818 Y112.711 E2866.34762
G1 F3478.3 X212.098 Y112.406 E2866.42837
G1 F3645.6 X211.238 Y112.277 E2866.51406
G1 F2727.3 X210.82 Y112.503 E2866.57664
G1 F2785.3 X211.197 Y112.658 E2866.62921
G1 F3799.5 X211.898 Y112.765 E2866.69625
G1 F3582.1 X212.532 Y113.021 E2866.76482
G1 F3445 X213.129 Y113.491 E2866.84404
G1 F3428.6 X213.593 Y114.084 E2866.92293
G1 F3573.2 X213.853 Y114.715 E2866.99154
G0 F7200 X213.857 Y115.623
G0 X213.473 Y117.051
G0 X208.27 Y121.15
G1 F3600 X209.269 Y121.01 E2867.09219
G1 X209.996 Y120.709 E2867.17071
G1 X210.663 Y120.198 E2867.25454
G1 X212.093 Y118.769 E2867.45626
G1 F3503.6 X212.454 Y118.389 E2867.51
G1 F3348.8 X212.613 Y118.199 E2867.53657
G1 F3364.5 X211.761 Y118.529 E2867.63412
G1 F3478.3 X210.993 Y118.629 E2867.71411
G1 F3564.4 X210.197 Y118.519 E2867.79509
G1 F3600 X209.485 Y118.218 E2867.87222
G1 X208.859 Y117.736 E2867.95105
G1 X208.402 Y117.136 E2868.02631
G1 X208.103 Y116.428 E2868.10299
G1 X207.991 Y115.627 E2868.1837
G1 F3512.2 X208.086 Y114.856 E2868.26315
G1 F3364.5 X208.422 Y114.006 E2868.36073
G1 F3341.1 X208.236 Y114.16 E2868.38669
G1 F3495.1 X207.856 Y114.523 E2868.4407
G1 F3600 X206.422 Y115.957 E2868.64305
G1 X205.91 Y116.625 E2868.72703
G1 X205.61 Y117.348 E2868.80514
G1 X205.47 Y118.35 E2868.90609
G1 X205.301 Y118.713 E2868.94604
G1 X204.996 Y118.986 E2868.98689
G1 F3529.4 X204.67 Y119.113 E2869.02249
G1 X205.032 Y119.12 E2869.05934
G1 F3600 X205.433 Y119.203 E2869.1002
G1 X205.649 Y119.332 E2869.12531
G1 X205.824 Y119.508 E2869.15007
G1 X206.204 Y120.045 E2869.21571
G1 X206.575 Y120.416 E2869.26807
G1 X207.157 Y120.826 E2869.3391
G1 X207.417 Y121.187 E2869.38349
G1 X207.5 Y121.588 E2869.42435
G1 X207.5 Y122.124 E2869.47783
G1 X207.634 Y121.624 E2869.52949
G1 X207.906 Y121.318 E2869.57034
G1 X208.27 Y121.15 E2869.61034
G0 F7200 X207.5 Y122.124
G1 F3600 X207.5 Y164.12 E2873.80072
G1 F3529.4 X207.507 Y164.294 E2873.81844
G0 F7200 X207.345 Y165.098
G0 X205.73 Y166.716
G0 X205.469 Y166.532
G1 F3600 X205.272 Y166.67 E2873.84244
G1 X205.032 Y166.72 E2873.8669
G1 X91.964 Y166.72 E2885.14887
G1 X91.721 Y166.669 E2885.17365
G1 X91.525 Y166.53 E2885.19762
G1 X91.099 Y165.936 E2885.27056
G1 X90.68 Y165.517 E2885.32968
G1 X90.093 Y165.098 E2885.40165
G1 X89.952 Y164.902 E2885.42574
G1 X89.9 Y164.656 E2885.45083
G1 X89.9 Y121.588 E2889.74817
G1 X89.953 Y121.341 E2889.77338
G1 X90.094 Y121.146 E2889.79739
G1 X90.679 Y120.724 E2889.86936
G1 X91.099 Y120.303 E2889.9287
G1 X91.487 Y119.754 E2889.99578
G1 X91.721 Y119.571 E2890.02542
G1 X91.964 Y119.52 E2890.05019
G1 X205.032 Y119.52 E2901.33216
G1 X205.273 Y119.57 E2901.35672
G1 X205.47 Y119.708 E2901.38072
G1 X205.897 Y120.303 E2901.4538
G1 X206.317 Y120.723 E2901.51306
G1 X206.868 Y121.113 E2901.58042
G1 X207.051 Y121.347 E2901.61006
G1 X207.1 Y121.588 E2901.6346
G1 X207.1 Y164.656 E2905.93194
G1 X207.049 Y164.898 E2905.95662
G1 X206.863 Y165.135 E2905.98668
G1 X206.315 Y165.518 E2906.05339
G1 X205.897 Y165.937 E2906.11245
G1 X205.469 Y166.532 E2906.18558
G0 F7200 X205.73 Y166.716
G0 X204.496 Y167.12
G1 F3600 X92.5 Y167.12 E2917.36059
G1 F3529.4 X92.326 Y167.127 E2917.37831
G0 F7200 X91.524 Y166.968
G0 X89.655 Y165.098
G0 X89.493 Y164.294
G1 F3538.1 X89.5 Y164.12 E2917.39599
G1 F3600 X89.5 Y122.12 E2921.58677
G0 F7200 X89.588 Y121.177
G1 F3600 X89.849 Y120.823 E2921.63065
G1 X90.42 Y120.417 E2921.70056
G1 X90.792 Y120.045 E2921.75305
G1 X91.203 Y119.465 E2921.82398
G1 X91.559 Y119.205 E2921.86797
G1 X91.964 Y119.12 E2921.90926
G1 X92.5 Y119.12 E2921.96275
G1 X92 Y118.986 E2922.0144
G1 X91.692 Y118.71 E2922.05566
G1 X91.525 Y118.346 E2922.09562
G1 X91.39 Y117.347 E2922.19621
G1 X91.087 Y116.625 E2922.27434
G1 X90.577 Y115.956 E2922.35828
G1 X89.141 Y114.522 E2922.56077
G1 F3453.2 X88.757 Y114.164 E2922.61538
G1 F3151 X88.581 Y114.019 E2922.64138
G1 F3130.4 X88.91 Y114.862 E2922.74521
G1 F3428.6 X89.005 Y115.624 E2922.82567
G1 F3600 X88.898 Y116.427 E2922.9065
G1 X88.597 Y117.136 E2922.98335
G1 X88.131 Y117.745 E2923.05987
G1 X87.522 Y118.213 E2923.13651
G1 X86.807 Y118.515 E2923.21395
G1 X86.007 Y118.63 E2923.2946
G1 F3428.6 X85.224 Y118.527 E2923.37734
G1 F3130.4 X84.371 Y118.18 E2923.48301
G1 F3185.8 X84.541 Y118.39 E2923.51347
G1 F3495.1 X84.901 Y118.766 E2923.56697
G1 F3600 X86.34 Y120.205 E2923.77003
G1 X86.839 Y120.612 E2923.83428
G1 X87.357 Y120.891 E2923.89299
G1 X87.911 Y121.057 E2923.95069
G1 X88.682 Y121.133 E2924.028
G1 X89.087 Y121.311 E2924.07214
G1 X89.368 Y121.623 E2924.11403
G1 X89.5 Y122.12 E2924.16534
G1 X89.5 Y121.588 E2924.21843
G1 X89.588 Y121.177 E2924.26037
G0 F7200 X91.524 Y119.278
G0 X92.5 Y119.12
G1 F3600 X204.496 Y119.12 E2935.43537
G1 F3529.4 X204.67 Y119.113 E2935.4531
G0 F7200 X205.476 Y119.278
G0 X207.345 Y121.147
G0 X207.66 Y164.86
G0 X212.598 Y168.036
G1 F3265.3 X213.119 Y168.501 E2935.52992
G1 F3356.6 X213.641 Y169.14 E2935.61822
G1 F2818 X213.848 Y169.495 E2935.6706
G1 F2337.7 X214.087 Y170.206 E2935.78586
G1 F2152.5 X214.121 Y170.48 E2935.83194
G0 F7200 X213.473 Y172.051
G0 X212.539 Y173.011
G0 X211.704 Y173.448
G0 X211.664 Y173.138
G1 F3600 X210.993 Y173.224 E2935.89944
G1 X210.314 Y173.133 E2935.96779
G1 X209.683 Y172.868 E2936.03608
G1 X209.159 Y172.461 E2936.10229
G1 X208.743 Y171.923 E2936.17014
G1 X208.484 Y171.298 E2936.23765
G1 X208.394 Y170.623 E2936.3056
G1 X208.484 Y169.93 E2936.37533
G1 X208.751 Y169.305 E2936.44314
G1 X209.159 Y168.783 E2936.50925
G1 X209.688 Y168.37 E2936.57621
G1 X210.309 Y168.108 E2936.64347
G1 X210.998 Y168.019 E2936.71279
G1 X211.671 Y168.102 E2936.78045
G1 X212.304 Y168.363 E2936.84877
G1 X212.837 Y168.783 E2936.91648
G1 X213.25 Y169.314 E2936.9836
G1 X213.514 Y169.938 E2937.05121
G1 X213.6 Y170.615 E2937.1193
G1 X213.519 Y171.289 E2937.18704
G1 X213.258 Y171.919 E2937.25508
G1 X212.838 Y172.459 E2937.32334
G1 X212.303 Y172.877 E2937.39108
G1 X211.664 Y173.138 E2937.45996
G0 F7200 X211.814 Y173.499
G1 F3809.5 X211.26 Y173.578 E2937.51272
G1 F2779.9 X210.885 Y173.746 E2937.56582
G1 F2758.6 X211.282 Y173.957 E2937.62436
G1 F3730.6 X212.064 Y173.848 E2937.70039
G1 F3546.8 X212.818 Y173.529 E2937.7833
G1 F3396.2 X213.434 Y173.052 E2937.86571
G1 F3380.3 X213.909 Y172.441 E2937.94795
G1 F3546.8 X214.23 Y171.683 E2938.03131
G1 F3740.3 X214.335 Y170.898 E2938.10738
G1 F2742.9 X214.121 Y170.48 E2938.16888
G1 F2769.2 X213.956 Y170.874 E2938.22428
G1 F3829.8 X213.882 Y171.433 E2938.27717
G1 F3673.5 X213.6 Y172.151 E2938.3526
G1 F3469.9 X213.131 Y172.75 E2938.43136
G1 X212.525 Y173.224 E2938.511
G1 F3664.1 X211.814 Y173.499 E2938.58574
G0 F7200 X210.885 Y173.746
G1 F2168.7 X210.587 Y173.708 E2938.6355
G1 F2349.1 X209.868 Y173.468 E2938.7514
G1 F2807 X209.523 Y173.267 E2938.8025
G1 F3333.3 X208.877 Y172.743 E2938.89214
G1 F3272.7 X208.44 Y172.249 E2938.96453
G0 F7200 X207.991 Y170.617
G1 F3555.6 X208.098 Y169.819 E2939.04587
G1 F3600 X208.403 Y169.102 E2939.12362
G1 X208.884 Y168.485 E2939.20168
G1 X209.486 Y168.021 E2939.27752
G1 X210.196 Y167.721 E2939.35443
G1 X210.997 Y167.615 E2939.43505
G1 F3512.2 X211.757 Y167.71 E2939.51338
G1 F3348.8 X212.585 Y168.021 E2939.60825
G1 F3287.7 X212.449 Y167.857 E2939.63153
G1 F3453.2 X212.091 Y167.474 E2939.68607
G1 F3600 X210.658 Y166.041 E2939.88828
G1 X209.994 Y165.53 E2939.97188
G1 X209.271 Y165.23 E2940.04999
G1 X208.274 Y165.095 E2940.15038
G1 X207.909 Y164.927 E2940.19047
G1 X207.634 Y164.62 E2940.23159
G1 F3529.4 X207.507 Y164.294 E2940.2672
G1 X207.5 Y164.656 E2940.30405
G1 F3600 X207.415 Y165.06 E2940.34524
G1 X207.286 Y165.276 E2940.37035
G1 X207.105 Y165.454 E2940.39568
G1 X206.573 Y165.826 E2940.46045
G1 X206.204 Y166.195 E2940.51252
G1 X205.791 Y166.779 E2940.58389
G1 X205.432 Y167.037 E2940.628
G1 X205.032 Y167.12 E2940.66877
G1 X204.496 Y167.12 E2940.72225
G1 X204.996 Y167.254 E2940.7739
G1 X205.301 Y167.526 E2940.81468
G1 X205.47 Y167.89 E2940.85472
G1 X205.61 Y168.893 E2940.95577
G1 X205.91 Y169.618 E2941.03406
G1 X206.421 Y170.282 E2941.11766
G1 X207.855 Y171.718 E2941.32016
G1 F3486.7 X208.233 Y172.077 E2941.37386
G1 F3325.6 X208.418 Y172.231 E2941.39986
G1 F3348.8 X208.091 Y171.386 E2941.49705
G1 F3469.9 X207.991 Y170.617 E2941.57733
G0 F7200 X205.237 Y167.283
G0 X91.763 Y167.283
G0 X89.005 Y170.61
G1 F3512.2 X88.91 Y171.388 E2941.65749
G1 F3364.5 X88.578 Y172.234 E2941.75452
G1 F3348.8 X88.768 Y172.077 E2941.78096
G1 F3495.1 X89.143 Y171.718 E2941.83431
G1 F3600 X90.578 Y170.283 E2942.03681
G1 X91.087 Y169.619 E2942.12029
G1 X91.389 Y168.893 E2942.19875
G1 X91.525 Y167.894 E2942.29935
G1 X91.692 Y167.53 E2942.33931
G1 X92 Y167.254 E2942.38057
G1 F3529.4 X92.326 Y167.127 E2942.41618
G1 X91.964 Y167.12 E2942.45303
G1 F3600 X91.559 Y167.035 E2942.49432
G1 X91.344 Y166.905 E2942.51939
G1 X91.166 Y166.725 E2942.54465
G1 X90.792 Y166.195 E2942.60937
G1 X90.421 Y165.824 E2942.66173
G1 X89.895 Y165.454 E2942.7259
G1 X89.719 Y165.281 E2942.75052
G1 X89.587 Y165.065 E2942.77578
G1 X89.5 Y164.656 E2942.8175
G1 F3529.4 X89.493 Y164.294 E2942.85435
G1 X89.366 Y164.62 E2942.88996
G1 F3600 X89.086 Y164.931 E2942.93171
G1 X88.684 Y165.107 E2942.9755
G1 X87.913 Y165.185 E2943.05283
G1 X87.357 Y165.353 E2943.11078
G1 X86.839 Y165.632 E2943.16949
G1 X86.34 Y166.039 E2943.23374
G1 X84.902 Y167.476 E2943.43659
G1 F3495.1 X84.542 Y167.851 E2943.49001
G1 F3348.8 X84.384 Y168.044 E2943.51677
G1 F3364.5 X85.235 Y167.71 E2943.61437
G1 F3512.2 X86.001 Y167.616 E2943.6933
G1 F3600 X86.781 Y167.713 E2943.77173
G1 X87.531 Y168.032 E2943.85305
G1 X88.146 Y168.52 E2943.93139
G1 X88.595 Y169.106 E2944.00505
G1 X88.898 Y169.819 E2944.08235
G1 X89.005 Y170.61 E2944.162
G0 F7200 X88.555 Y172.253
G1 F3280.2 X88.119 Y172.742 E2944.23374
G1 F3356.6 X87.478 Y173.265 E2944.32227
G1 F2834.6 X87.128 Y173.468 E2944.37355
G1 F2352.9 X86.409 Y173.709 E2944.48931
G1 F2165.4 X86.148 Y173.743 E2944.53297
G0 F7200 X86.676 Y173.135
G1 F3600 X86.001 Y173.225 E2944.60092
G1 X85.323 Y173.137 E2944.66914
G1 X84.697 Y172.876 E2944.73682
G1 X84.159 Y172.46 E2944.80467
G1 X83.741 Y171.915 E2944.87321
G1 X83.482 Y171.289 E2944.9408
G1 X83.396 Y170.611 E2945.009
G1 X83.482 Y169.938 E2945.0767
G1 X83.753 Y169.303 E2945.14558
G1 X84.159 Y168.783 E2945.21141
G1 X84.694 Y168.365 E2945.27916
G1 X85.327 Y168.102 E2945.34755
G1 X86.003 Y168.019 E2945.41551
G1 X86.691 Y168.11 E2945.48476
G1 X87.317 Y168.374 E2945.55255
G1 X87.837 Y168.783 E2945.61856
G1 X88.247 Y169.308 E2945.68503
G1 X88.512 Y169.934 E2945.75285
G1 X88.601 Y170.618 E2945.82168
G1 X88.518 Y171.297 E2945.88993
G1 X88.258 Y171.921 E2945.95739
G1 X87.838 Y172.467 E2946.02612
G1 X87.309 Y172.872 E2946.0926
G1 X86.676 Y173.135 E2946.16099
G0 F7200 X86.795 Y173.424
G0 X85.096 Y173.474
G1 F3582.1 X84.465 Y173.217 E2946.22932
G1 F3445 X83.866 Y172.751 E2946.30845
G1 F3469.9 X83.396 Y172.145 E2946.38784
G1 F3654.8 X83.121 Y171.438 E2946.4624
G1 F3819.6 X83.041 Y170.884 E2946.51504
G1 F2785.3 X82.874 Y170.507 E2946.56822
G1 F2758.6 X82.662 Y170.908 E2946.62728
G1 F3740.3 X82.772 Y171.688 E2946.70293
G1 F3546.8 X83.092 Y172.442 E2946.78589
G1 F3388.2 X83.563 Y173.054 E2946.86776
G1 X84.179 Y173.529 E2946.95023
G1 F3478.3 X84.898 Y173.834 E2947.03088
G1 F3645.6 X85.748 Y173.962 E2947.11558
G1 F2737.6 X86.148 Y173.743 E2947.17542
G1 F2790.7 X85.782 Y173.581 E2947.22694
G1 F3789.5 X85.096 Y173.474 E2947.29275
G0 F7200 X83.98 Y172.643
G0 X82.874 Y170.507
G1 F2171.9 X82.911 Y170.208 E2947.34258
G1 F2360.7 X83.151 Y169.492 E2947.45748
G1 F2823.5 X83.354 Y169.144 E2947.50874
G1 F3348.8 X83.877 Y168.502 E2947.59756
G1 F3295.2 X84.367 Y168.065 E2947.66913
G0 F7200 X89.339 Y164.884
G0 X89.339 Y121.363
G0 X84.371 Y118.18
G1 F3116.9 X83.854 Y117.73 E2947.74812
G1 F3228.7 X83.453 Y117.239 E2947.81865
G1 F2862.8 X83.152 Y116.749 E2947.89081
G1 F2349.1 X82.912 Y116.032 E2948.00643
G1 F2162.2 X82.877 Y115.767 E2948.05083
G0 F7200 X83.145 Y114.716
G1 F3582.1 X83.402 Y114.087 E2948.11897
G1 F3445 X83.868 Y113.489 E2948.19802
G1 F3380.3 X84.408 Y113.067 E2948.27085
G1 F3478.3 X85.027 Y112.79 E2948.34088
G1 F3740.3 X85.778 Y112.66 E2948.41408
G1 F2779.9 X86.14 Y112.498 E2948.46533
G1 F2727.3 X85.745 Y112.279 E2948.52481
G1 F3645.6 X84.898 Y112.406 E2948.60921
G1 F3478.3 X84.179 Y112.711 E2948.68986
G1 F3380.3 X83.565 Y113.186 E2948.77236
G1 F3388.2 X83.092 Y113.801 E2948.85461
G1 F3486.7 X82.786 Y114.519 E2948.93502
G1 F3654.8 X82.658 Y115.363 E2949.01892
G1 F2748.1 X82.877 Y115.767 E2949.07899
G1 F2801.6 X83.037 Y115.397 E2949.13067
G1 F3799.5 X83.145 Y114.716 E2949.19586
G0 F7200 X83.98 Y113.603
G0 X86.14 Y112.498
G1 F2243 X86.514 Y112.545 E2949.25623
G1 F2585.3 X87.233 Y112.811 E2949.36274
G1 F3050.8 X87.817 Y113.229 E2949.4473
G1 F3420.4 X88.118 Y113.5 E2949.48984
G1 F3272.7 X88.581 Y114.019 E2949.56618
G0 F7200 X91.763 Y118.963
G0 X205.476 Y119.278
G0 X207.345 Y121.147
G0 X207.345 Y165.098
G0 X205.394 Y167.943
G0 X205.081 Y167.982
G1 F3600 X205.221 Y168.998 E2949.66851
G1 X205.561 Y169.82 E2949.75727
G1 X206.12 Y170.547 E2949.84877
G1 X208.897 Y173.328 E2950.24092
G1 X209.626 Y173.888 E2950.33265
G1 X210.449 Y174.226 E2950.42142
G1 X211.328 Y174.342 E2950.50989
G1 X212.203 Y174.227 E2950.59795
G1 X213.025 Y173.887 E2950.68671
G1 X213.728 Y173.347 E2950.77516
G1 X214.268 Y172.648 E2950.86329
G1 X214.606 Y171.828 E2950.95179
G1 X214.718 Y170.948 E2951.04031
G1 X214.607 Y170.068 E2951.12881
G1 X214.268 Y169.252 E2951.21698
G1 X213.708 Y168.525 E2951.30854
G1 X210.923 Y165.74 E2951.70154
G1 X210.196 Y165.18 E2951.7931
G1 X209.375 Y164.841 E2951.88173
G1 X208.364 Y164.705 E2951.98352
G1 X208.145 Y164.604 E2952.00758
G1 X207.98 Y164.42 E2952.03224
G1 X207.9 Y164.202 E2952.05541
G1 X207.9 Y122.124 E2956.25397
G1 X207.98 Y121.824 E2956.28495
G1 X208.143 Y121.64 E2956.30948
G1 X208.362 Y121.539 E2956.33354
G1 X209.374 Y121.399 E2956.43548
G1 X210.197 Y121.059 E2956.52433
G1 X210.927 Y120.499 E2956.61614
G1 X213.707 Y117.719 E2957.00842
G1 X214.268 Y116.989 E2957.10029
G1 X214.606 Y116.172 E2957.18851
G1 X214.718 Y115.292 E2957.27702
G1 X214.607 Y114.412 E2957.36553
G1 X214.268 Y113.595 E2957.45379
G1 X213.728 Y112.892 E2957.54224
G1 X213.025 Y112.353 E2957.63063
G1 X212.203 Y112.013 E2957.71939
G1 X211.328 Y111.898 E2957.80745
G1 X210.449 Y112.014 E2957.89591
G1 X209.628 Y112.352 E2957.9845
G1 X208.901 Y112.912 E2958.07607
G1 X206.12 Y115.693 E2958.4685
G1 X205.56 Y116.423 E2958.5603
G1 X205.221 Y117.242 E2958.64875
G1 X205.081 Y118.258 E2958.75108
G1 X204.979 Y118.476 E2958.7751
G1 X204.796 Y118.64 E2958.79962
G1 X204.578 Y118.72 E2958.82279
G1 X92.5 Y118.72 E2970.00598
G1 X92.2 Y118.64 E2970.03696
G1 X92.015 Y118.474 E2970.06176
G1 X91.915 Y118.256 E2970.08569
G1 X91.779 Y117.242 E2970.18777
G1 X91.436 Y116.423 E2970.27637
G1 X90.879 Y115.692 E2970.36807
G1 X88.095 Y112.912 E2970.76064
G1 X87.368 Y112.352 E2970.85221
G1 X86.547 Y112.013 E2970.94083
G1 X85.672 Y111.898 E2971.02889
G1 X84.793 Y112.014 E2971.11736
G1 X83.971 Y112.352 E2971.20604
G1 X83.269 Y112.892 E2971.29442
G1 X82.733 Y113.594 E2971.38254
G1 X82.394 Y114.413 E2971.47099
G1 X82.278 Y115.292 E2971.55946
G1 X82.393 Y116.171 E2971.64791
G1 X82.733 Y116.99 E2971.73639
G1 X83.29 Y117.719 E2971.82794
G1 X86.072 Y120.502 E2972.22058
G1 X86.615 Y120.946 E2972.29056
G1 X87.203 Y121.262 E2972.35717
G1 X87.833 Y121.452 E2972.42283
G1 X88.576 Y121.524 E2972.49731
G1 X88.852 Y121.634 E2972.52696
G1 X89.021 Y121.821 E2972.55211
G1 X89.1 Y122.12 E2972.58297
G1 X89.1 Y164.202 E2976.78193
G1 X89.02 Y164.42 E2976.8051
G1 X88.852 Y164.607 E2976.83018
G1 X88.632 Y164.706 E2976.85425
G1 X87.834 Y164.791 E2976.93433
G1 X87.203 Y164.982 E2977.00011
G1 X86.615 Y165.298 E2977.06672
G1 X86.071 Y165.742 E2977.13678
G1 X83.288 Y168.524 E2977.52942
G1 X82.733 Y169.251 E2977.62068
G1 X82.394 Y170.07 E2977.70913
G1 X82.277 Y170.948 E2977.79751
G1 X82.394 Y171.827 E2977.88599
G1 X82.733 Y172.649 E2977.97471
G1 X83.268 Y173.348 E2978.06254
G1 X83.971 Y173.888 E2978.15099
G1 X84.793 Y174.226 E2978.23968
G1 X85.672 Y174.342 E2978.32814
G1 X86.547 Y174.227 E2978.4162
G1 X87.369 Y173.887 E2978.50496
G1 X88.099 Y173.327 E2978.59676
G1 X90.879 Y170.547 E2978.98905
G1 X91.436 Y169.821 E2979.08036
G1 X91.779 Y168.998 E2979.16932
G1 X91.915 Y167.984 E2979.27141
G1 X92.015 Y167.766 E2979.29534
G1 X92.2 Y167.6 E2979.32014
G1 X92.418 Y167.52 E2979.34331
G1 X204.496 Y167.52 E2990.5265
G1 X204.796 Y167.6 E2990.55748
G1 X204.979 Y167.764 E2990.582
G1 X205.081 Y167.982 E2990.60601
G0 F7200 X205.394 Y167.943
G0 X91.524 Y166.968
G0 X89.655 Y165.098
G0 X89.655 Y121.147
G0 X86.809 Y118.418
G0 X86.691 Y118.13
G1 F3600 X85.998 Y118.226 E2990.67582
G1 X85.322 Y118.136 E2990.74387
G1 X84.696 Y117.875 E2990.81154
G1 X84.159 Y117.461 E2990.8792
G1 X83.747 Y116.929 E2990.94634
G1 X83.482 Y116.294 E2991.01499
G1 X83.395 Y115.619 E2991.0829
G1 X83.478 Y114.949 E2991.15027
G1 X83.747 Y114.312 E2991.21926
G1 X84.16 Y113.782 E2991.28631
G1 X84.704 Y113.361 E2991.35494
G1 X85.335 Y113.1 E2991.42308
G1 X86.009 Y113.02 E2991.4908
G1 X86.671 Y113.102 E2991.55736
G1 X87.304 Y113.364 E2991.62572
G1 X87.836 Y113.783 E2991.69329
G1 X88.25 Y114.31 E2991.76016
G1 X88.518 Y114.95 E2991.82939
G1 X88.601 Y115.622 E2991.89695
G1 X88.512 Y116.313 E2991.96647
G1 X88.251 Y116.93 E2992.03332
G1 X87.847 Y117.456 E2992.0995
G1 X87.318 Y117.867 E2992.16634
G1 X86.691 Y118.13 E2992.23418
G0 F7200 X86.543 Y117.751
;TYPE:WALL-OUTER
G1 F1800 X86.001 Y117.822 E2992.28872
G1 X85.428 Y117.748 E2992.34637
G1 X84.879 Y117.512 E2992.406
G1 X84.442 Y117.178 E2992.46088
G1 X84.108 Y116.742 E2992.51568
G1 X83.872 Y116.192 E2992.5754
G1 X83.801 Y115.646 E2992.63034
G1 X83.868 Y115.052 E2992.68999
G1 X84.083 Y114.542 E2992.74521
G1 X84.442 Y114.066 E2992.8047
G1 X84.892 Y113.719 E2992.8614
G1 X85.42 Y113.497 E2992.91855
G1 X85.991 Y113.424 E2992.97599
G1 X86.566 Y113.492 E2993.03376
G1 X87.101 Y113.713 E2993.09152
G1 X87.554 Y114.066 E2993.14883
G1 X87.893 Y114.504 E2993.20409
G1 X88.128 Y115.051 E2993.26349
G1 X88.195 Y115.645 E2993.32314
G1 X88.127 Y116.187 E2993.37764
G1 X87.911 Y116.71 E2993.43411
G1 X87.548 Y117.184 E2993.49368
G1 X87.096 Y117.528 E2993.55035
G1 X86.543 Y117.751 E2993.60985
G0 F7200 X86.345 Y117.776
G0 X86.438 Y118.483
G0 X89.339 Y121.363
G0 X89.339 Y164.884
G0 X88.759 Y171.361
G0 X88.02 Y172.643
G0 X86.653 Y173.454
G0 X86.56 Y172.748
G1 F1800 X86.001 Y172.822 E2993.66611
G1 X85.428 Y172.748 E2993.72376
G1 X84.878 Y172.512 E2993.78348
G1 X84.462 Y172.196 E2993.83561
G1 X84.105 Y171.738 E2993.89355
G1 X83.877 Y171.2 E2993.95185
G1 X83.8 Y170.629 E2994.00934
G1 X83.868 Y170.06 E2994.06652
G1 X84.09 Y169.527 E2994.12413
G1 X84.442 Y169.066 E2994.18201
G1 X84.898 Y168.713 E2994.23955
G1 X85.43 Y168.492 E2994.29703
G1 X86.025 Y168.425 E2994.35677
G1 X86.565 Y168.494 E2994.41109
G1 X87.097 Y168.712 E2994.46846
G1 X87.548 Y169.06 E2994.5253
G1 X87.913 Y169.542 E2994.58563
G1 X88.128 Y170.052 E2994.64085
G1 X88.195 Y170.645 E2994.7004
G1 X88.128 Y171.191 E2994.75529
G1 X87.907 Y171.722 E2994.81268
G1 X87.554 Y172.178 E2994.87022
G1 X87.093 Y172.53 E2994.92809
G1 X86.56 Y172.748 E2994.98555
G0 F7200 X86.362 Y172.774
G0 X86.455 Y173.481
G0 X87.934 Y173.143
G0 X91.763 Y167.283
G0 X205.237 Y167.283
G0 X204.691 Y168.074
G1 F1800 X204.831 Y169.103 E2995.08917
G1 X205.211 Y170.022 E2995.1884
G1 X205.819 Y170.811 E2995.28779
G1 X208.633 Y173.629 E2995.68516
G1 X209.425 Y174.237 E2995.78479
G1 X210.345 Y174.616 E2995.88407
G1 X211.328 Y174.746 E2995.98301
G1 X212.307 Y174.617 E2996.08154
G1 X213.227 Y174.237 E2996.18086
G1 X214.013 Y173.633 E2996.27977
G1 X214.617 Y172.85 E2996.37844
G1 X214.996 Y171.932 E2996.47753
G1 X215.122 Y170.948 E2996.57652
G1 X214.997 Y169.964 E2996.67549
G1 X214.617 Y169.05 E2996.77426
G1 X214.009 Y168.261 E2996.87365
G1 X211.187 Y165.439 E2997.27187
G1 X210.398 Y164.831 E2997.37125
G1 X209.479 Y164.451 E2997.47048
G1 X208.397 Y164.307 E2997.5794
G1 X208.302 Y164.155 E2997.59728
G1 X208.3 Y122.042 E3001.79933
G1 X208.473 Y121.925 E3001.82017
G1 X209.479 Y121.789 E3001.92147
G1 X210.399 Y121.409 E3002.02079
G1 X211.191 Y120.801 E3002.12041
G1 X214.009 Y117.983 E3002.51806
G1 X214.617 Y117.191 E3002.61769
G1 X214.996 Y116.276 E3002.71651
G1 X215.122 Y115.292 E3002.8155
G1 X214.997 Y114.308 E3002.91447
G1 X214.617 Y113.393 E3003.01333
G1 X214.013 Y112.607 E3003.11224
G1 X213.227 Y112.003 E3003.21115
G1 X212.307 Y111.623 E3003.31047
G1 X211.328 Y111.494 E3003.409
G1 X210.345 Y111.624 E3003.50794
G1 X209.426 Y112.003 E3003.60713
G1 X208.637 Y112.611 E3003.70652
G1 X205.819 Y115.429 E3004.10417
G1 X205.211 Y116.221 E3004.20379
G1 X204.831 Y117.137 E3004.30274
G1 X204.682 Y118.195 E3004.40935
G1 X204.531 Y118.318 E3004.42879
G1 X92.418 Y118.32 E3015.61547
G1 X92.301 Y118.147 E3015.63631
G1 X92.169 Y117.137 E3015.73794
G1 X91.785 Y116.221 E3015.83705
G1 X91.181 Y115.428 E3015.93651
G1 X88.359 Y112.611 E3016.33437
G1 X87.57 Y112.003 E3016.43376
G1 X86.651 Y111.623 E3016.53299
G1 X85.672 Y111.494 E3016.63152
G1 X84.689 Y111.624 E3016.73046
G1 X83.769 Y112.003 E3016.82974
G1 X82.983 Y112.607 E3016.92865
G1 X82.383 Y113.393 E3017.02732
G1 X82.004 Y114.309 E3017.12623
G1 X81.874 Y115.292 E3017.22517
G1 X82.003 Y116.275 E3017.32409
G1 X82.383 Y117.191 E3017.42304
G1 X82.988 Y117.983 E3017.52249
G1 X85.803 Y120.799 E3017.91979
G1 X86.392 Y121.28 E3017.99566
G1 X87.049 Y121.634 E3018.07013
G1 X87.755 Y121.846 E3018.14368
G1 X88.557 Y121.924 E3018.22408
G1 X88.7 Y122.041 E3018.24252
G1 X88.698 Y164.155 E3022.44467
G1 X88.601 Y164.31 E3022.46292
G1 X87.756 Y164.397 E3022.54768
G1 X87.049 Y164.61 E3022.62135
G1 X86.392 Y164.964 E3022.69582
G1 X85.803 Y165.445 E3022.7717
G1 X82.987 Y168.26 E3023.169
G1 X82.383 Y169.049 E3023.26814
G1 X82.004 Y169.965 E3023.36706
G1 X81.874 Y170.948 E3023.46599
G1 X82.004 Y171.931 E3023.56493
G1 X82.383 Y172.851 E3023.66421
G1 X82.983 Y173.633 E3023.76256
G1 X83.769 Y174.237 E3023.86147
G1 X84.689 Y174.616 E3023.96076
G1 X85.672 Y174.746 E3024.05969
G1 X86.651 Y174.617 E3024.15822
G1 X87.571 Y174.237 E3024.25754
G1 X88.363 Y173.629 E3024.35717
G1 X91.181 Y170.811 E3024.75482
G1 X91.785 Y170.023 E3024.85389
G1 X92.169 Y169.103 E3024.95336
G1 X92.312 Y168.018 E3025.06256
G1 X92.465 Y167.922 E3025.08058
G1 X204.577 Y167.92 E3036.26716
G1 X204.691 Y168.074 E3036.28628
G0 F7200 X204.717 Y168.272
G0 X205.426 Y168.181
G0 X205.764 Y166.669
G0 X205.178 Y166.258
G1 F1800 X205.089 Y166.32 E3036.2971
G1 X91.907 Y166.32 E3047.59045
G1 X91.817 Y166.257 E3047.60141
G1 X91.406 Y165.678 E3047.67226
G1 X90.938 Y165.21 E3047.7383
G1 X90.364 Y164.804 E3047.80845
G1 X90.3 Y164.656 E3047.82454
G1 X90.3 Y121.529 E3052.12777
G1 X90.364 Y121.44 E3052.13871
G1 X90.938 Y121.03 E3052.20909
G1 X91.406 Y120.562 E3052.27513
G1 X91.817 Y119.983 E3052.34598
G1 X91.964 Y119.92 E3052.36194
G1 X205.09 Y119.92 E3063.6497
G1 X205.178 Y119.982 E3063.66044
G1 X205.59 Y120.562 E3063.73143
G1 X206.058 Y121.03 E3063.79747
G1 X206.638 Y121.442 E3063.86845
G1 X206.7 Y121.53 E3063.8792
G1 X206.7 Y164.656 E3068.18233
G1 X206.637 Y164.803 E3068.19828
G1 X206.057 Y165.21 E3068.26898
G1 X205.59 Y165.678 E3068.33495
G1 X205.178 Y166.258 E3068.40594
G0 F7200 X205.089 Y166.32
G0 X204.997 Y166.32
G0 X204.997 Y167.033
G0 X208.143 Y170.623
G0 X208.527 Y172.051
G0 X209.573 Y173.097
G0 X210.859 Y173.461
G0 X211.848 Y173.402
G0 X211.576 Y172.743
G1 F1800 X211.009 Y172.82 E3068.46303
G1 X210.436 Y172.748 E3068.52066
G1 X209.907 Y172.53 E3068.57775
G1 X209.442 Y172.178 E3068.63594
G1 X209.083 Y171.698 E3068.69575
G1 X208.872 Y171.191 E3068.75054
G1 X208.801 Y170.646 E3068.80538
G1 X208.869 Y170.057 E3068.86455
G1 X209.089 Y169.53 E3068.92153
G1 X209.442 Y169.066 E3068.9797
G1 X209.91 Y168.709 E3069.03843
G1 X210.432 Y168.493 E3069.0948
G1 X211.025 Y168.425 E3069.15436
G1 X211.568 Y168.492 E3069.20895
G1 X212.115 Y168.724 E3069.26824
G1 X212.554 Y169.066 E3069.32376
G1 X212.906 Y169.526 E3069.38156
G1 X213.128 Y170.06 E3069.43926
G1 X213.196 Y170.63 E3069.49654
G1 X213.124 Y171.2 E3069.55387
G1 X212.902 Y171.728 E3069.61102
G1 X212.554 Y172.177 E3069.6677
G1 X212.117 Y172.515 E3069.72283
G1 X211.576 Y172.743 E3069.78141
G0 F7200 X211.378 Y172.769
G0 X211.472 Y173.479
G0 X212.427 Y173.097
G0 X213.473 Y172.051
G0 X213.857 Y170.623
G0 X213.473 Y169.195
G0 X210.762 Y165.93
G0 X207.66 Y164.86
G0 X207.66 Y121.387
G0 X211.636 Y118.457
G0 X211.543 Y117.751
G1 F1800 X211 Y117.823 E3069.83606
G1 X210.433 Y117.747 E3069.89314
G1 X209.909 Y117.531 E3069.9497
G1 X209.436 Y117.172 E3070.00895
G1 X209.089 Y116.711 E3070.06652
G1 X208.872 Y116.191 E3070.12274
G1 X208.801 Y115.646 E3070.17758
G1 X208.868 Y115.052 E3070.23723
G1 X209.083 Y114.542 E3070.29245
G1 X209.442 Y114.066 E3070.35194
G1 X209.898 Y113.713 E3070.40948
G1 X210.43 Y113.492 E3070.46696
G1 X211.025 Y113.425 E3070.52671
G1 X211.567 Y113.492 E3070.5812
G1 X212.108 Y113.718 E3070.6397
G1 X212.554 Y114.066 E3070.69615
G1 X212.891 Y114.503 E3070.75121
G1 X213.128 Y115.051 E3070.81079
G1 X213.195 Y115.645 E3070.87043
G1 X213.128 Y116.191 E3070.92532
G1 X212.907 Y116.722 E3070.98271
G1 X212.554 Y117.178 E3071.04025
G1 X212.1 Y117.528 E3071.09745
G1 X211.543 Y117.751 E3071.15732
G0 F7200 X211.345 Y117.777
G0 X211.438 Y118.483
G0 X210.083 Y118.886
;TYPE:SKIN
G1 F1800 X210.964 Y119.007 E3071.24605
G1 X211.361 Y118.961 E3071.28592
G1 X210.408 Y119.913 E3071.42033
G1 X209.803 Y120.373 E3071.49617
G1 X209.167 Y120.637 E3071.56488
G1 X208.182 Y120.777 E3071.66415
G1 X207.735 Y120.98 E3071.71314
G1 X207.404 Y120.537 E3071.76831
G1 X206.822 Y120.122 E3071.83964
G1 X206.498 Y119.798 E3071.88536
G1 X206.082 Y119.211 E3071.95715
G1 X205.634 Y118.883 E3072.01255
G1 X205.832 Y118.46 E3072.05915
G1 X205.979 Y117.446 E3072.16138
G1 X206.243 Y116.814 E3072.22973
G1 X206.703 Y116.212 E3072.30532
G1 X207.653 Y115.259 E3072.43959
G1 X207.609 Y115.652 E3072.47905
G1 X207.73 Y116.508 E3072.56531
G1 X208.059 Y117.306 E3072.65144
G1 X208.593 Y118.004 E3072.73913
G1 X209.285 Y118.546 E3072.82683
G1 X210.083 Y118.886 E3072.91338
G0 F7200 X210.557 Y119.481
G1 F1800 X210.177 Y119.102 E3072.96694
G0 F7200 X210.273 Y119.763
G1 F1800 X209.264 Y118.754 E3073.10932
G1 X209.194 Y118.684
G0 F7200 X209.952 Y120.008
G1 F1800 X206.608 Y116.664 E3073.58119
G0 F7200 X206.853 Y116.344
G1 F1800 X207.863 Y117.353 E3073.72364
G1 X207.933 Y117.423
G0 F7200 X207.52 Y116.444
G1 F1800 X207.136 Y116.06 E3073.77783
G0 F7200 X206.381 Y117.003
G1 F1800 X209.613 Y120.235 E3074.2339
G0 F7200 X209.213 Y120.4
G1 F1800 X206.214 Y117.401 E3074.65709
G0 F7200 X206.12 Y117.873
G1 F1800 X208.741 Y120.495 E3075.02701
G0 F7200 X208.247 Y120.566
G1 F1800 X206.05 Y118.368 E3075.3371
G0 F7200 X205.899 Y118.783
G1 F1800 X206.078 Y118.962 E3075.36236
G0 F7200 X206.325 Y119.21
G1 F1800 X207.406 Y120.291 E3075.5149
G0 F7200 X207.665 Y120.549
G1 F1800 X207.831 Y120.715 E3075.53833
G0 F7200 X207.66 Y164.86
G0 X207.726 Y169.728
G1 F1800 X207.609 Y170.589 E3075.62503
G1 X207.654 Y170.979 E3075.6642
G1 X206.703 Y170.023 E3075.79875
G1 X206.243 Y169.426 E3075.87395
G1 X205.979 Y168.79 E3075.94266
G1 X205.832 Y167.777 E3076.0448
G1 X205.635 Y167.355 E3076.09127
G1 X206.079 Y167.024 E3076.14653
G1 X206.498 Y166.442 E3076.21808
G1 X206.818 Y166.118 E3076.26352
G1 X207.343 Y165.748 E3076.32761
G1 X207.569 Y165.527 E3076.35915
G1 X207.733 Y165.264 E3076.39007
G1 X208.001 Y165.408 E3076.42043
G1 X208.229 Y165.477 E3076.4442
G1 X209.171 Y165.599 E3076.53898
G1 X209.802 Y165.863 E3076.60723
G1 X210.399 Y166.323 E3076.68243
G1 X211.357 Y167.276 E3076.81726
G1 X210.969 Y167.233 E3076.85621
G1 X210.084 Y167.352 E3076.94531
G1 X209.266 Y167.709 E3077.03437
G1 X208.603 Y168.222 E3077.11801
G1 X208.074 Y168.902 E3077.20398
G1 X207.726 Y169.728 E3077.29341
G0 F7200 X207.469 Y170.134
G1 F1800 X206.244 Y168.909 E3077.46627
G0 F7200 X206.095 Y168.195
G1 F1800 X207.54 Y169.639 E3077.67011
G0 F7200 X207.71 Y169.243
G1 F1800 X205.886 Y167.42 E3077.92742
G0 F7200 X206.211 Y167.178
G1 F1800 X207.879 Y168.847 E3078.16287
G0 F7200 X208.118 Y168.521
G1 F1800 X206.45 Y166.852 E3078.39831
G0 F7200 X206.692 Y166.529
G1 F1800 X208.367 Y168.204 E3078.63467
G0 F7200 X208.656 Y167.927
G1 F1800 X206.979 Y166.25 E3078.87131
G0 F7200 X207.312 Y166.017
G1 F1800 X208.975 Y167.68 E3079.10598
G0 F7200 X209.321 Y167.461
G1 F1800 X207.607 Y165.747 E3079.34784
G0 F7200 X208.048 Y165.621
G1 F1800 X209.717 Y167.291 E3079.58343
G0 F7200 X210.136 Y167.144
G1 F1800 X208.737 Y165.745 E3079.78084
G1 X208.667 Y165.675
G0 F7200 X209.519 Y165.961
G1 F1800 X210.634 Y167.077 E3079.93825
G1 X210.704 Y167.147
G0 F7200 X91.763 Y167.283
G0 X89.263 Y169.709
G1 F1800 X88.933 Y168.933 E3080.02239
G1 X88.397 Y168.221 E3080.11132
G1 X87.688 Y167.678 E3080.20043
G1 X86.868 Y167.34 E3080.28892
G1 X86.029 Y167.233 E3080.37332
G1 X85.634 Y167.277 E3080.41297
G1 X86.599 Y166.317 E3080.54879
G1 X87.048 Y165.951 E3080.60659
G1 X87.506 Y165.702 E3080.65861
G1 X87.984 Y165.557 E3080.70845
G1 X88.763 Y165.476 E3080.7866
G1 X89.264 Y165.261 E3080.841
G1 X89.595 Y165.707 E3080.89642
G1 X90.175 Y166.118 E3080.96735
G1 X90.498 Y166.438 E3081.01271
G1 X90.864 Y166.958 E3081.07616
G1 X91.089 Y167.189 E3081.10834
G1 X91.359 Y167.355 E3081.13997
G1 X91.15 Y167.82 E3081.19083
G1 X91.017 Y168.791 E3081.28863
G1 X90.753 Y169.426 E3081.35724
G1 X90.293 Y170.023 E3081.43244
G1 X89.341 Y170.978 E3081.56699
G1 X89.383 Y170.58 E3081.60693
G1 X89.263 Y169.709 E3081.69466
G0 F7200 X86.435 Y166.763
G1 F1800 X86.803 Y167.13 E3081.74652
G0 F7200 X86.719 Y166.481
G1 F1800 X87.709 Y167.47 E3081.88614
G1 X87.779 Y167.54
G0 F7200 X87.029 Y166.225
G1 F1800 X90.383 Y169.579 E3082.35943
G0 F7200 X90.136 Y169.898
G1 F1800 X89.133 Y168.895 E3082.50096
G1 X89.063 Y168.825
G0 F7200 X89.477 Y169.805
G1 F1800 X89.854 Y170.182 E3082.55416
G0 F7200 X90.612 Y169.242
G1 F1800 X87.373 Y166.003 E3083.01122
G0 F7200 X87.768 Y165.832
G1 F1800 X90.778 Y168.843 E3083.43603
G0 F7200 X90.872 Y168.371
G1 F1800 X88.233 Y165.732 E3083.80843
G0 F7200 X88.745 Y165.678
G1 F1800 X90.942 Y167.875 E3084.11845
G0 F7200 X91.092 Y167.459
G1 F1800 X90.729 Y167.096 E3084.16967
G1 X90.69 Y167.058
G1 X89.552 Y165.92 E3084.33025
G0 F7200 X89.375 Y165.742
G1 F1800 X89.158 Y165.525 E3084.36088
G0 F7200 X89.339 Y121.363
G0 X86.864 Y118.896
G1 F1800 X87.687 Y118.563 E3084.44946
G1 X88.407 Y118.004 E3084.54041
G1 X88.907 Y117.354 E3084.62224
G1 X89.267 Y116.535 E3084.71151
G1 X89.383 Y115.654 E3084.80017
G1 X89.342 Y115.262 E3084.8395
G1 X90.293 Y116.212 E3084.97363
G1 X90.753 Y116.818 E3085.04954
G1 X91.017 Y117.442 E3085.11715
G1 X91.149 Y118.412 E3085.21482
G1 X91.356 Y118.885 E3085.26634
G1 X90.921 Y119.203 E3085.32011
G1 X90.498 Y119.798 E3085.39295
G1 X90.17 Y120.122 E3085.43895
G1 X89.593 Y120.539 E3085.50999
G1 X89.265 Y120.976 E3085.56451
G1 X88.99 Y120.829 E3085.59562
G1 X88.679 Y120.749 E3085.62766
G1 X87.979 Y120.678 E3085.69787
G1 X87.502 Y120.538 E3085.74747
G1 X87.053 Y120.293 E3085.79851
G1 X86.595 Y119.919 E3085.85751
G1 X85.637 Y118.963 E3085.99255
G1 X86.152 Y118.988 E3086.044
G1 X86.864 Y118.896 E3086.11563
G0 F7200 X86.355 Y119.164
G1 F1800 X87.497 Y120.307 E3086.27685
G0 F7200 X88.262 Y120.506
G1 F1800 X86.855 Y119.099 E3086.4754
G0 F7200 X87.268 Y118.947
G1 F1800 X88.952 Y120.63 E3086.71296
G0 F7200 X89.378 Y120.49
G1 F1800 X87.671 Y118.784 E3086.95376
G0 F7200 X88.017 Y118.564
G1 F1800 X89.68 Y120.227 E3087.18843
G0 F7200 X90.009 Y119.99
G1 F1800 X88.335 Y118.316 E3087.42465
G0 F7200 X88.626 Y118.042
G1 F1800 X90.298 Y119.714 E3087.66059
G0 F7200 X90.541 Y119.391
G1 F1800 X88.873 Y117.723 E3087.89596
G0 F7200 X89.112 Y117.397
G1 F1800 X90.777 Y119.061 E3088.13084
G0 F7200 X91.102 Y118.821
G1 F1800 X89.283 Y117.001 E3088.38759
G0 F7200 X89.454 Y116.607
G1 F1800 X90.9 Y118.053 E3088.59164
G0 F7200 X90.761 Y117.348
G1 F1800 X89.524 Y116.111 E3088.76619
G1 X89.454 Y116.041
;TIME_ELAPSED:6076.623678
G1 F1500 E3082.26619
M107
; -- END GCODE --
M801        ; Custom GCODE to fire end print procedure
; -- end of END GCODE --
M82 ;absolute extrusion mode
M104 S0
;End of Gcode
;SETTING_3 {"global_quality": "[general]\\nversion = 4\\nname = Extra Coarse #2\
;SETTING_3 \ndefinition = bq_witbox_2\\n\\n[metadata]\\ntype = quality_changes\\
;SETTING_3 nquality_type = extra coarse\\nsetting_version = 25\\n\\n[values]\\na
;SETTING_3 dhesion_type = brim\\nsupport_enable = True\\nsupport_structure = tre
;SETTING_3 e\\n\\n", "extruder_quality": ["[general]\\nversion = 4\\nname = Extr
;SETTING_3 a Coarse #2\\ndefinition = bq_witbox_2\\n\\n[metadata]\\ntype = quali
;SETTING_3 ty_changes\\nquality_type = extra coarse\\nsetting_version = 25\\npos
;SETTING_3 ition = 0\\n\\n[values]\\ninfill_pattern = zigzag\\ninfill_sparse_den
;SETTING_3 sity = 30\\n\\n"]}
