;FLAVOR:Marlin
;TIME:6024
;Filament used: 12.3155m
;Layer height: 0.4
;MINX:72.789
;MINY:64.289
;MINZ:0.2
;MAXX:224.212
;MAXY:145.711
;MAXZ:25
;TARGET_MACHINE.NAME:BQ Witbox 2
;Generated with Cura_SteamEngine 5.11.0
M104 S200
M105
M109 S200
; -- START GCODE --
M800        ; Custom GCODE to fire start print procedure
; -- end of START GCODE --
M82 ;absolute extrusion mode
G92 E0
G92 E0
G1 F1500 E-6.5
;LAYER_COUNT:63
;LAYER:0
M107
G0 F3600 X76.551 Y68.07 Z0.2
;TYPE:SKIRT
G1 F1500 E0
G1 F1800 X79.244 Y66.01 E0.11277
G1 X82.334 Y64.733 E0.22397
G1 X85.67 Y64.289 E0.33591
G1 X88.217 Y64.622 E0.42134
G1 X90.56 Y65.52 E0.5048
G1 X92.577 Y67.323 E0.59478
G1 X93.69 Y69.28 E0.66966
G1 X94.189 Y71.115 E0.73291
G1 X94.228 Y72.212 E0.76942
G1 X202.745 Y72.2 E4.37871
G1 X202.877 Y70.494 E4.43562
G1 X203.828 Y68.12 E4.52068
G1 X205.473 Y66.26 E4.60327
G1 X207.495 Y65.021 E4.68214
G1 X209.504 Y64.528 E4.75094
G1 X211.33 Y64.289 E4.81219
G1 X214.666 Y64.733 E4.92413
G1 X217.756 Y66.01 E5.03533
G1 X220.43 Y68.051 E5.14722
G1 X222.49 Y70.744 E5.25999
G1 X223.767 Y73.834 E5.37119
G1 X224.212 Y77.174 E5.48326
G1 X223.882 Y79.664 E5.5668
G1 X223.212 Y81.47 E5.63087
G1 X222.462 Y82.692 E5.67856
G1 X221.17 Y84.061 E5.74117
G1 X219.172 Y85.229 E5.81815
G1 X216.96 Y85.783 E5.89399
G1 X216.288 Y85.737 E5.91639
G1 X216.3 Y124.245 E7.19717
G1 X218.006 Y124.377 E7.25409
G1 X220.38 Y125.328 E7.33914
G1 X222.24 Y126.973 E7.42173
G1 X223.479 Y128.995 E7.50061
G1 X223.972 Y131.004 E7.56941
G1 X224.211 Y132.83 E7.63066
G1 X223.767 Y136.166 E7.74259
G1 X222.49 Y139.256 E7.8538
G1 X220.449 Y141.93 E7.96568
G1 X217.756 Y143.99 E8.07845
G1 X214.666 Y145.267 E8.18966
G1 X211.33 Y145.711 E8.30159
G1 X208.783 Y145.378 E8.38702
G1 X206.44 Y144.48 E8.47048
G1 X204.423 Y142.677 E8.56046
G1 X203.31 Y140.72 E8.63534
G1 X202.811 Y138.885 E8.69859
G1 X202.772 Y137.788 E8.7351
G1 X94.255 Y137.8 E12.34439
G1 X94.123 Y139.506 E12.4013
G1 X93.172 Y141.88 E12.48636
G1 X91.527 Y143.74 E12.56895
G1 X89.505 Y144.979 E12.64782
G1 X87.496 Y145.472 E12.71662
G1 X85.67 Y145.711 E12.77788
G1 X82.334 Y145.267 E12.88981
G1 X79.244 Y143.99 E13.00101
G1 X76.57 Y141.949 E13.1129
G1 X74.51 Y139.256 E13.22567
G1 X73.233 Y136.166 E13.33687
G1 X72.789 Y132.83 E13.44881
G1 X73.122 Y130.279 E13.53437
G1 X74.018 Y127.938 E13.61774
G1 X75.759 Y126.012 E13.7041
G1 X76.37 Y125.549 E13.72959
G1 X78.119 Y124.692 E13.79437
G1 X79.753 Y124.298 E13.85028
G1 X80.712 Y124.254 E13.88221
G1 X80.7 Y85.757 E15.16262
G1 X79.805 Y85.785 E15.19241
G1 X77.455 Y85.083 E15.27398
G1 X75.497 Y83.82 E15.35148
G1 X74.467 Y82.528 E15.40643
G1 X73.513 Y81.01 E15.46607
G1 X73.028 Y78.996 E15.53497
G1 X72.789 Y77.17 E15.59622
G1 X73.233 Y73.834 E15.70815
G1 X74.51 Y70.744 E15.81936
G1 X76.551 Y68.07 E15.93124
G0 F3600 X76.837 Y68.355
G1 F1800 X79.445 Y66.36 E16.04045
G1 X82.438 Y65.123 E16.14817
G1 X85.671 Y64.693 E16.25664
G1 X88.118 Y65.013 E16.33872
G1 X90.349 Y65.868 E16.41819
G1 X92.261 Y67.577 E16.50348
G1 X93.318 Y69.435 E16.57458
G1 X93.791 Y71.174 E16.63452
G1 X93.842 Y72.612 E16.68238
G1 X203.115 Y72.6 E20.31681
G1 X203.271 Y70.585 E20.38403
G1 X204.173 Y68.334 E20.46469
G1 X205.734 Y66.569 E20.54306
G1 X207.652 Y65.394 E20.61787
G1 X209.556 Y64.925 E20.68309
G1 X211.329 Y64.693 E20.74256
G1 X214.562 Y65.123 E20.85104
G1 X217.555 Y66.36 E20.95876
G1 X220.145 Y68.337 E21.06713
G1 X222.14 Y70.945 E21.17634
G1 X223.378 Y73.942 E21.28419
G1 X223.808 Y77.17 E21.3925
G1 X223.49 Y79.57 E21.47302
G1 X222.851 Y81.294 E21.53418
G1 X222.144 Y82.446 E21.57913
G1 X220.917 Y83.746 E21.63859
G1 X219.02 Y84.855 E21.71167
G1 X216.924 Y85.38 E21.78354
G1 X215.888 Y85.308 E21.81808
G1 X215.9 Y124.615 E23.12544
G1 X217.915 Y124.771 E23.19266
G1 X220.166 Y125.673 E23.27331
G1 X221.931 Y127.234 E23.35168
G1 X223.106 Y129.152 E23.42649
G1 X223.575 Y131.056 E23.49171
G1 X223.807 Y132.829 E23.55119
G1 X223.377 Y136.062 E23.65966
G1 X222.14 Y139.055 E23.76738
G1 X220.163 Y141.645 E23.87575
G1 X217.555 Y143.64 E23.98496
G1 X214.562 Y144.877 E24.09268
G1 X211.329 Y145.307 E24.20115
G1 X208.882 Y144.987 E24.28323
G1 X206.651 Y144.132 E24.3627
G1 X204.739 Y142.423 E24.44799
G1 X203.682 Y140.565 E24.51909
G1 X203.209 Y138.826 E24.57903
G1 X203.159 Y137.388 E24.62689
G1 X93.885 Y137.4 E28.26136
G1 X93.729 Y139.415 E28.32858
G1 X92.827 Y141.666 E28.40923
G1 X91.266 Y143.431 E28.4876
G1 X89.348 Y144.606 E28.56241
G1 X87.444 Y145.075 E28.62763
G1 X85.671 Y145.307 E28.68711
G1 X82.438 Y144.877 E28.79558
G1 X79.445 Y143.64 E28.9033
G1 X76.855 Y141.663 E29.01167
G1 X74.86 Y139.055 E29.12088
G1 X73.623 Y136.062 E29.2286
G1 X73.193 Y132.829 E29.33707
G1 X73.513 Y130.378 E29.41929
G1 X74.366 Y128.15 E29.49864
G1 X76.029 Y126.31 E29.58113
G1 X76.583 Y125.89 E29.60425
G1 X78.254 Y125.071 E29.66614
G1 X79.808 Y124.696 E29.71931
G1 X81.112 Y124.636 E29.76273
G1 X81.1 Y85.344 E31.06959
G1 X79.855 Y85.383 E31.11102
G1 X77.625 Y84.717 E31.18842
G1 X75.768 Y83.519 E31.26192
G1 X74.806 Y82.315 E31.31318
G1 X73.887 Y80.852 E31.37065
G1 X73.425 Y78.944 E31.43594
G1 X73.193 Y77.171 E31.49541
G1 X73.623 Y73.938 E31.60389
G1 X74.86 Y70.945 E31.7116
G1 X76.837 Y68.355 E31.81998
G0 F3600 X77.123 Y68.64
G1 F1800 X79.646 Y66.71 E31.92563
G1 X82.546 Y65.512 E32.02999
G1 X85.668 Y65.096 E32.13475
G1 X88.023 Y65.404 E32.21374
G1 X90.136 Y66.214 E32.28901
G1 X91.945 Y67.831 E32.36971
G1 X92.946 Y69.59 E32.43702
G1 X93.393 Y71.233 E32.49365
G1 X93.455 Y73.012 E32.55286
G1 X203.562 Y73 E36.21503
G1 X203.511 Y72.67 E36.22614
G1 X203.665 Y70.676 E36.29266
G1 X204.518 Y68.548 E36.36891
G1 X205.995 Y66.878 E36.44306
G1 X207.809 Y65.767 E36.51381
G1 X209.608 Y65.322 E36.57545
G1 X211.332 Y65.096 E36.63328
G1 X214.454 Y65.512 E36.73804
G1 X217.354 Y66.71 E36.8424
G1 X219.86 Y68.623 E36.94726
G1 X221.79 Y71.146 E37.05291
G1 X222.988 Y74.046 E37.15727
G1 X223.404 Y77.171 E37.26212
G1 X223.099 Y79.475 E37.33942
G1 X222.49 Y81.118 E37.3977
G1 X221.826 Y82.2 E37.43993
G1 X220.664 Y83.431 E37.49623
G1 X218.868 Y84.481 E37.56543
G1 X216.889 Y84.977 E37.63328
G1 X215.488 Y84.879 E37.67999
G1 X215.5 Y125.062 E39.01649
G1 X215.83 Y125.011 E39.02759
G1 X217.824 Y125.165 E39.09411
G1 X219.952 Y126.018 E39.17036
G1 X221.622 Y127.495 E39.24451
G1 X222.733 Y129.309 E39.31527
G1 X223.178 Y131.108 E39.3769
G1 X223.404 Y132.832 E39.43473
G1 X222.988 Y135.954 E39.53949
G1 X221.79 Y138.854 E39.64385
G1 X219.877 Y141.36 E39.74871
G1 X217.354 Y143.29 E39.85436
G1 X214.454 Y144.488 E39.95872
G1 X211.332 Y144.904 E40.06348
G1 X208.977 Y144.596 E40.14247
G1 X206.864 Y143.786 E40.21774
G1 X205.055 Y142.169 E40.29844
G1 X204.054 Y140.41 E40.36575
G1 X203.607 Y138.767 E40.42239
G1 X203.546 Y136.988 E40.48159
G1 X93.438 Y137 E44.1438
G1 X93.489 Y137.33 E44.15491
G1 X93.335 Y139.324 E44.22142
G1 X92.482 Y141.452 E44.29768
G1 X91.005 Y143.122 E44.37183
G1 X89.191 Y144.233 E44.44258
G1 X87.392 Y144.678 E44.50422
G1 X85.668 Y144.904 E44.56205
G1 X82.546 Y144.488 E44.6668
G1 X79.646 Y143.29 E44.77116
G1 X77.14 Y141.377 E44.87602
G1 X75.21 Y138.854 E44.98168
G1 X74.012 Y135.954 E45.08604
G1 X73.596 Y132.832 E45.19079
G1 X73.904 Y130.477 E45.26979
G1 X74.714 Y128.362 E45.34511
G1 X76.299 Y126.608 E45.42374
G1 X76.796 Y126.231 E45.44449
G1 X78.389 Y125.45 E45.5035
G1 X79.864 Y125.094 E45.55397
G1 X81.23 Y125.031 E45.59945
G1 X81.512 Y125.077 E45.60895
G1 X81.5 Y84.931 E46.94421
G1 X79.906 Y84.981 E46.99726
G1 X77.794 Y84.35 E47.07057
G1 X76.041 Y83.219 E47.13996
G1 X75.119 Y82.065 E47.18908
G1 X74.261 Y80.696 E47.24282
G1 X73.822 Y78.892 E47.30457
G1 X73.596 Y77.168 E47.3624
G1 X74.012 Y74.046 E47.46716
G1 X75.21 Y71.146 E47.57152
G1 X77.123 Y68.64 E47.67638
G0 F3600 X77.409 Y68.925
G1 F1800 X79.847 Y67.06 E47.77847
G1 X82.65 Y65.902 E47.87934
G1 X85.669 Y65.5 E47.98064
G1 X87.924 Y65.795 E48.05628
G1 X89.925 Y66.562 E48.12756
G1 X91.629 Y68.085 E48.20357
G1 X92.574 Y69.745 E48.2671
G1 X92.995 Y71.292 E48.32043
G1 X93.056 Y73.016 E48.37781
G1 X92.963 Y73.412 E48.39133
G1 X204.051 Y73.4 E52.08614
G1 X203.91 Y72.701 E52.10985
G1 X204.059 Y70.767 E52.17437
G1 X204.863 Y68.762 E52.24622
G1 X206.256 Y67.187 E52.31615
G1 X207.966 Y66.14 E52.38284
G1 X209.66 Y65.719 E52.4409
G1 X211.331 Y65.5 E52.49695
G1 X214.35 Y65.902 E52.59825
G1 X217.153 Y67.06 E52.69912
G1 X219.575 Y68.909 E52.80047
G1 X221.44 Y71.347 E52.90256
G1 X222.598 Y74.15 E53.00343
G1 X223 Y77.172 E53.10483
G1 X222.708 Y79.38 E53.17891
G1 X222.129 Y80.942 E53.23431
G1 X221.508 Y81.954 E53.2738
G1 X220.411 Y83.116 E53.32695
G1 X218.716 Y84.107 E53.39226
G1 X216.854 Y84.574 E53.45611
G1 X215.321 Y84.466 E53.50722
G1 X215.088 Y84.422 E53.51511
G1 X215.1 Y125.551 E54.88306
G1 X215.799 Y125.41 E54.90678
G1 X217.733 Y125.559 E54.9713
G1 X219.738 Y126.363 E55.04315
G1 X221.313 Y127.756 E55.11308
G1 X222.36 Y129.466 E55.17977
G1 X222.781 Y131.16 E55.23782
G1 X223 Y132.831 E55.29388
G1 X222.598 Y135.85 E55.39518
G1 X221.44 Y138.653 E55.49605
G1 X219.591 Y141.075 E55.59739
G1 X217.153 Y142.94 E55.69949
G1 X214.35 Y144.098 E55.80036
G1 X211.331 Y144.5 E55.90166
G1 X209.076 Y144.205 E55.9773
G1 X207.075 Y143.438 E56.04857
G1 X205.371 Y141.915 E56.12459
G1 X204.426 Y140.255 E56.18812
G1 X204.005 Y138.708 E56.24144
G1 X203.944 Y136.992 E56.29855
G1 X204.04 Y136.588 E56.31236
G1 X92.949 Y136.6 E60.00727
G1 X93.09 Y137.299 E60.03098
G1 X92.941 Y139.233 E60.0955
G1 X92.137 Y141.238 E60.16735
G1 X90.744 Y142.813 E60.23728
G1 X89.034 Y143.86 E60.30397
G1 X87.34 Y144.281 E60.36203
G1 X85.669 Y144.5 E60.41808
G1 X82.65 Y144.098 E60.51938
G1 X79.847 Y142.94 E60.62025
G1 X77.425 Y141.091 E60.7216
G1 X75.56 Y138.653 E60.82369
G1 X74.402 Y135.85 E60.92456
G1 X74 Y132.831 E61.02586
G1 X74.295 Y130.576 E61.1015
G1 X75.062 Y128.574 E61.17281
G1 X76.571 Y126.903 E61.24769
G1 X77.007 Y126.573 E61.26588
G1 X78.524 Y125.829 E61.32208
G1 X79.92 Y125.492 E61.36984
G1 X81.248 Y125.431 E61.41406
G1 X81.912 Y125.569 E61.43661
G1 X81.9 Y84.518 E62.80197
G1 X79.957 Y84.579 E62.86663
G1 X77.963 Y83.983 E62.93585
G1 X76.314 Y82.919 E63.00112
G1 X75.432 Y81.815 E63.04812
G1 X74.635 Y80.54 E63.09813
G1 X74.219 Y78.84 E63.15634
G1 X74 Y77.169 E63.2124
G1 X74.402 Y74.15 E63.31369
G1 X75.56 Y71.347 E63.41456
G1 X77.409 Y68.925 E63.51591
G0 F3600 X77.695 Y69.21
G1 F1800 X80.048 Y67.41 E63.61445
G1 X82.754 Y66.292 E63.71183
G1 X85.67 Y65.904 E63.80967
G1 X87.825 Y66.186 E63.88196
G1 X89.714 Y66.91 E63.94924
G1 X91.313 Y68.339 E64.02057
G1 X92.202 Y69.9 E64.08031
G1 X92.597 Y71.351 E64.13033
G1 X92.656 Y73.03 E64.18621
G1 X92.432 Y73.812 E64.21327
G1 X204.539 Y73.8 E67.94196
G1 X204.313 Y72.677 E67.98006
G1 X204.453 Y70.858 E68.04074
G1 X205.208 Y68.976 E68.10818
G1 X206.517 Y67.496 E68.1739
G1 X208.122 Y66.513 E68.2365
G1 X209.712 Y66.116 E68.29101
G1 X211.33 Y65.904 E68.34528
G1 X214.246 Y66.292 E68.44312
G1 X216.952 Y67.41 E68.5405
G1 X219.29 Y69.195 E68.63834
G1 X221.09 Y71.548 E68.73687
G1 X222.208 Y74.254 E68.83425
G1 X222.596 Y77.173 E68.93219
G1 X222.317 Y79.285 E69.00305
G1 X221.768 Y80.766 E69.05558
G1 X221.19 Y81.708 E69.09234
G1 X220.158 Y82.801 E69.14234
G1 X218.564 Y83.733 E69.20375
G1 X216.819 Y84.171 E69.26359
G1 X215.349 Y84.067 E69.31261
G1 X214.688 Y83.931 E69.33505
G1 X214.7 Y126.039 E70.73557
G1 X215.823 Y125.813 E70.77367
G1 X217.642 Y125.953 E70.83435
G1 X219.524 Y126.708 E70.90179
G1 X221.004 Y128.017 E70.96751
G1 X221.987 Y129.622 E71.03011
G1 X222.384 Y131.212 E71.08462
G1 X222.596 Y132.83 E71.13889
G1 X222.208 Y135.746 E71.23673
G1 X221.09 Y138.452 E71.33411
G1 X219.305 Y140.79 E71.43195
G1 X216.952 Y142.59 E71.53048
G1 X214.246 Y143.708 E71.62786
G1 X211.33 Y144.096 E71.7257
G1 X209.175 Y143.814 E71.79799
G1 X207.286 Y143.09 E71.86528
G1 X205.687 Y141.661 E71.9366
G1 X204.798 Y140.1 E71.99635
G1 X204.403 Y138.649 E72.04637
G1 X204.344 Y136.978 E72.10198
G1 X204.571 Y136.188 E72.12932
G1 X92.461 Y136.2 E75.85811
G1 X92.687 Y137.323 E75.89621
G1 X92.547 Y139.142 E75.95689
G1 X91.792 Y141.024 E76.02434
G1 X90.483 Y142.504 E76.09005
G1 X88.878 Y143.487 E76.15265
G1 X87.288 Y143.884 E76.20716
G1 X85.67 Y144.096 E76.26143
G1 X82.754 Y143.708 E76.35927
G1 X80.048 Y142.59 E76.45666
G1 X77.71 Y140.805 E76.55449
G1 X75.91 Y138.452 E76.65303
G1 X74.792 Y135.746 E76.75041
G1 X74.404 Y132.83 E76.84825
G1 X74.686 Y130.675 E76.92053
G1 X75.41 Y128.784 E76.98788
G1 X76.818 Y127.218 E77.05792
G1 X77.183 Y126.932 E77.07335
G1 X78.659 Y126.208 E77.12803
G1 X79.976 Y125.89 E77.17309
G1 X81.216 Y125.833 E77.21437
G1 X82.312 Y126.062 E77.25162
G1 X82.3 Y83.963 E78.65183
G1 X81.773 Y84.122 E78.67014
G1 X80.008 Y84.177 E78.72887
G1 X78.132 Y83.616 E78.794
G1 X76.587 Y82.619 E78.85516
G1 X75.745 Y81.565 E78.90003
G1 X75.007 Y80.382 E78.9464
G1 X74.616 Y78.788 E79.00099
G1 X74.404 Y77.17 E79.05527
G1 X74.792 Y74.254 E79.15311
G1 X75.91 Y71.548 E79.25049
G1 X77.695 Y69.21 E79.34832
G0 F3600 X77.981 Y69.495
G1 F1800 X80.249 Y67.76 E79.4433
G1 X82.858 Y66.682 E79.53719
G1 X85.671 Y66.308 E79.63157
G1 X87.726 Y66.577 E79.70051
G1 X89.503 Y67.258 E79.7638
G1 X90.997 Y68.593 E79.83044
G1 X91.83 Y70.055 E79.88641
G1 X92.199 Y71.41 E79.93311
G1 X92.254 Y72.98 E79.98536
G1 X91.901 Y74.212 E80.02799
G1 X205.028 Y74.2 E83.79061
G1 X204.716 Y72.654 E83.84307
G1 X204.847 Y70.949 E83.89994
G1 X205.553 Y69.19 E83.96298
G1 X206.778 Y67.805 E84.02448
G1 X208.279 Y66.886 E84.08302
G1 X209.764 Y66.513 E84.13394
G1 X211.329 Y66.308 E84.18644
G1 X214.142 Y66.682 E84.28082
G1 X216.751 Y67.76 E84.37472
G1 X219.005 Y69.481 E84.46904
G1 X220.74 Y71.749 E84.56401
G1 X221.819 Y74.362 E84.65804
G1 X222.193 Y77.17 E84.75226
G1 X221.926 Y79.19 E84.82003
G1 X221.407 Y80.59 E84.86969
G1 X220.872 Y81.462 E84.90372
G1 X219.905 Y82.486 E84.95056
G1 X218.412 Y83.359 E85.00809
G1 X216.783 Y83.768 E85.06395
G1 X215.43 Y83.675 E85.10905
G1 X214.288 Y83.44 E85.14783
G1 X214.3 Y126.528 E86.58095
G1 X215.846 Y126.216 E86.6334
G1 X217.551 Y126.347 E86.69028
G1 X219.31 Y127.053 E86.75332
G1 X220.695 Y128.278 E86.81482
G1 X221.614 Y129.779 E86.87336
G1 X221.987 Y131.264 E86.92428
G1 X222.192 Y132.829 E86.97678
G1 X221.818 Y135.642 E87.07116
G1 X220.74 Y138.251 E87.16505
G1 X219.019 Y140.505 E87.25938
G1 X216.751 Y142.24 E87.35435
G1 X214.142 Y143.318 E87.44824
G1 X211.329 Y143.692 E87.54263
G1 X209.274 Y143.423 E87.61156
G1 X207.497 Y142.742 E87.67485
G1 X206.003 Y141.407 E87.74149
G1 X205.17 Y139.945 E87.79746
G1 X204.801 Y138.59 E87.84417
G1 X204.746 Y137.025 E87.89625
G1 X205.101 Y135.788 E87.93905
G1 X91.972 Y135.8 E91.70174
G1 X92.284 Y137.346 E91.7542
G1 X92.153 Y139.051 E91.81107
G1 X91.447 Y140.81 E91.87411
G1 X90.222 Y142.195 E91.93561
G1 X88.721 Y143.114 E91.99415
G1 X87.236 Y143.487 E92.04508
G1 X85.671 Y143.692 E92.09757
G1 X82.858 Y143.318 E92.19196
G1 X80.249 Y142.24 E92.28585
G1 X77.995 Y140.519 E92.38017
G1 X76.26 Y138.251 E92.47515
G1 X75.182 Y135.642 E92.56904
G1 X74.808 Y132.829 E92.66342
G1 X75.077 Y130.774 E92.73235
G1 X75.758 Y128.996 E92.79568
G1 X77.116 Y127.485 E92.86325
G1 X77.396 Y127.273 E92.87493
G1 X78.794 Y126.587 E92.92672
G1 X80.032 Y126.288 E92.96908
G1 X81.183 Y126.235 E93.00741
G1 X82.712 Y126.555 E93.05936
G1 X82.7 Y83.406 E94.49451
G1 X81.761 Y83.722 E94.52746
G1 X80.06 Y83.775 E94.58406
G1 X78.301 Y83.249 E94.64513
G1 X76.86 Y82.319 E94.70217
G1 X76.058 Y81.315 E94.74491
G1 X75.38 Y80.223 E94.78766
G1 X75.013 Y78.736 E94.8386
G1 X74.808 Y77.171 E94.8911
G1 X75.182 Y74.358 E94.98548
G1 X76.26 Y71.749 E95.07937
G1 X77.981 Y69.495 E95.1737
G0 F3600 X78.267 Y69.78
G1 F1800 X80.45 Y68.11 E95.26511
G1 X82.966 Y67.071 E95.35565
G1 X85.668 Y66.711 E95.44631
G1 X87.627 Y66.968 E95.51203
G1 X89.292 Y67.606 E95.57133
G1 X90.681 Y68.847 E95.63328
G1 X91.458 Y70.21 E95.68546
G1 X91.801 Y71.469 E95.72887
G1 X91.852 Y72.93 E95.77749
G1 X91.37 Y74.612 E95.83568
G1 X205.639 Y74.6 E99.63629
G1 X205.397 Y74.007 E99.65759
G1 X205.119 Y72.63 E99.70431
G1 X205.241 Y71.04 E99.75735
G1 X205.898 Y69.404 E99.81599
G1 X207.039 Y68.114 E99.87327
G1 X208.435 Y67.259 E99.92772
G1 X209.816 Y66.91 E99.97509
G1 X211.332 Y66.711 E100.02595
G1 X214.034 Y67.071 E100.11661
G1 X216.55 Y68.11 E100.20715
G1 X218.72 Y69.767 E100.29796
G1 X220.39 Y71.95 E100.38937
G1 X221.429 Y74.466 E100.47991
G1 X221.789 Y77.17 E100.57064
G1 X221.534 Y79.096 E100.63526
G1 X221.046 Y80.414 E100.682
G1 X220.554 Y81.216 E100.7133
G1 X219.652 Y82.171 E100.75699
G1 X218.26 Y82.985 E100.81062
G1 X216.747 Y83.365 E100.86251
G1 X215.511 Y83.283 E100.90371
G1 X214.428 Y83.06 E100.94048
G1 X213.888 Y82.793 E100.96052
G1 X213.9 Y127.138 E102.43544
G1 X214.455 Y126.905 E102.45546
G1 X215.87 Y126.619 E102.50348
G1 X217.46 Y126.741 E102.55651
G1 X219.096 Y127.398 E102.61515
G1 X220.386 Y128.539 E102.67243
G1 X221.241 Y129.935 E102.72688
G1 X221.59 Y131.316 E102.77426
G1 X221.789 Y132.832 E102.82511
G1 X221.429 Y135.534 E102.91577
G1 X220.39 Y138.05 E103.00631
G1 X218.733 Y140.22 E103.09712
G1 X216.55 Y141.89 E103.18854
G1 X214.034 Y142.929 E103.27907
G1 X211.332 Y143.289 E103.36974
G1 X209.373 Y143.032 E103.43545
G1 X207.708 Y142.394 E103.49476
G1 X206.319 Y141.153 E103.55671
G1 X205.542 Y139.79 E103.60889
G1 X205.199 Y138.531 E103.65229
G1 X205.148 Y137.072 E103.70085
G1 X205.632 Y135.388 E103.75913
G1 X91.361 Y135.4 E107.55979
G1 X91.603 Y135.993 E107.5811
G1 X91.881 Y137.37 E107.62782
G1 X91.759 Y138.96 E107.68086
G1 X91.102 Y140.596 E107.7395
G1 X89.961 Y141.886 E107.79678
G1 X88.565 Y142.741 E107.85122
G1 X87.184 Y143.09 E107.8986
G1 X85.668 Y143.289 E107.94946
G1 X82.966 Y142.929 E108.04012
G1 X80.45 Y141.89 E108.13066
G1 X78.28 Y140.233 E108.22147
G1 X76.61 Y138.05 E108.31288
G1 X75.571 Y135.534 E108.40342
G1 X75.211 Y132.832 E108.49408
G1 X75.468 Y130.873 E108.5598
G1 X76.106 Y129.208 E108.6191
G1 X77.367 Y127.797 E108.68204
G1 X77.572 Y127.632 E108.6908
G1 X78.929 Y126.966 E108.74107
G1 X80.088 Y126.686 E108.78073
G1 X81.15 Y126.637 E108.81609
G1 X82.67 Y126.955 E108.86774
G1 X83.112 Y127.195 E108.88447
G1 X83.1 Y82.849 E110.35942
G1 X81.69 Y83.324 E110.40891
G1 X80.112 Y83.373 E110.46142
G1 X78.47 Y82.882 E110.51842
G1 X77.131 Y82.018 E110.57142
G1 X76.398 Y81.104 E110.61039
G1 X75.753 Y80.064 E110.65109
G1 X75.41 Y78.684 E110.69839
G1 X75.211 Y77.168 E110.74924
G1 X75.571 Y74.466 E110.83991
G1 X76.61 Y71.95 E110.93044
G1 X78.267 Y69.78 E111.02125
G0 F3600 X78.553 Y70.065
G1 F1800 X80.651 Y68.46 E111.10911
G1 X83.07 Y67.461 E111.19616
G1 X85.669 Y67.115 E111.28336
G1 X87.532 Y67.359 E111.34586
G1 X89.079 Y67.952 E111.40096
G1 X90.367 Y69.103 E111.45841
G1 X91.085 Y70.362 E111.50662
G1 X91.403 Y71.528 E111.54682
G1 X91.45 Y72.883 E111.59191
G1 X91.006 Y74.431 E111.64547
G1 X90.591 Y75.012 E111.66922
G1 X206.378 Y75 E115.52031
G1 X205.996 Y74.425 E115.54327
G1 X205.782 Y73.891 E115.56241
G1 X205.522 Y72.606 E115.60601
G1 X205.635 Y71.131 E115.65521
G1 X206.243 Y69.618 E115.70945
G1 X207.3 Y68.423 E115.76251
G1 X208.591 Y67.633 E115.81285
G1 X209.868 Y67.307 E115.85669
G1 X211.331 Y67.115 E115.90576
G1 X213.93 Y67.461 E115.99297
G1 X216.349 Y68.46 E116.08002
G1 X218.435 Y70.053 E116.16731
G1 X220.04 Y72.151 E116.25517
G1 X221.039 Y74.57 E116.34222
G1 X221.385 Y77.171 E116.42949
G1 X221.143 Y79.001 E116.49089
G1 X220.685 Y80.238 E116.53476
G1 X220.236 Y80.97 E116.56332
G1 X219.399 Y81.856 E116.60386
G1 X218.108 Y82.611 E116.6536
G1 X216.71 Y82.962 E116.70154
G1 X215.592 Y82.891 E116.7388
G1 X214.557 Y82.678 E116.77395
G1 X213.488 Y82.148 E116.81363
G1 X213.5 Y127.878 E118.33462
G1 X214.072 Y127.497 E118.35748
G1 X214.571 Y127.29 E118.37545
G1 X215.894 Y127.022 E118.42034
G1 X217.369 Y127.135 E118.46955
G1 X218.882 Y127.743 E118.52378
G1 X220.077 Y128.8 E118.57684
G1 X220.867 Y130.091 E118.62718
G1 X221.193 Y131.368 E118.67102
G1 X221.385 Y132.831 E118.72009
G1 X221.039 Y135.43 E118.8073
G1 X220.04 Y137.849 E118.89435
G1 X218.447 Y139.935 E118.98165
G1 X216.349 Y141.54 E119.0695
G1 X213.93 Y142.539 E119.15655
G1 X211.331 Y142.885 E119.24376
G1 X209.468 Y142.641 E119.30625
G1 X207.921 Y142.048 E119.36135
G1 X206.633 Y140.897 E119.41881
G1 X205.915 Y139.638 E119.46701
G1 X205.597 Y138.472 E119.50721
G1 X205.55 Y137.12 E119.5522
G1 X205.997 Y135.566 E119.60599
G1 X206.407 Y134.988 E119.62955
G1 X90.622 Y135 E123.48058
G1 X91.004 Y135.575 E123.50354
G1 X91.218 Y136.109 E123.52267
G1 X91.478 Y137.394 E123.56628
G1 X91.365 Y138.869 E123.61548
G1 X90.757 Y140.382 E123.66972
G1 X89.7 Y141.577 E123.72278
G1 X88.409 Y142.367 E123.77312
G1 X87.132 Y142.693 E123.81695
G1 X85.669 Y142.885 E123.86603
G1 X83.07 Y142.539 E123.95324
G1 X80.651 Y141.54 E124.04028
G1 X78.565 Y139.947 E124.12758
G1 X76.96 Y137.849 E124.21544
G1 X75.961 Y135.43 E124.30249
G1 X75.615 Y132.831 E124.38969
G1 X75.859 Y130.968 E124.45219
G1 X76.452 Y129.421 E124.50729
G1 X77.665 Y128.064 E124.56783
G1 X77.787 Y127.972 E124.57291
G1 X79.064 Y127.345 E124.62023
G1 X80.144 Y127.084 E124.65718
G1 X81.117 Y127.039 E124.68958
G1 X82.588 Y127.347 E124.73956
G1 X83.512 Y127.902 E124.77541
G1 X83.5 Y82.132 E126.29773
G1 X83.023 Y82.453 E126.31685
G1 X81.619 Y82.926 E126.36613
G1 X80.164 Y82.971 E126.41455
G1 X78.639 Y82.515 E126.46749
G1 X77.402 Y81.717 E126.51645
G1 X76.71 Y80.854 E126.55324
G1 X76.126 Y79.908 E126.59022
G1 X75.807 Y78.632 E126.63396
G1 X75.615 Y77.169 E126.68304
G1 X75.961 Y74.57 E126.77024
G1 X76.96 Y72.151 E126.85729
G1 X78.553 Y70.065 E126.94459
G0 F3600 X78.839 Y70.35
G1 F1800 X80.852 Y68.81 E127.02889
G1 X83.174 Y67.851 E127.11245
G1 X85.67 Y67.519 E127.19619
G1 X87.433 Y67.75 E127.25533
G1 X88.868 Y68.3 E127.30645
G1 X90.053 Y69.359 E127.35931
G1 X90.712 Y70.514 E127.40353
G1 X91.005 Y71.587 E127.44053
G1 X91.048 Y72.833 E127.482
G1 X90.64 Y74.256 E127.53123
G1 X89.814 Y75.412 E127.57849
G1 X207.124 Y75.4 E131.48023
G1 X206.351 Y74.237 E131.52668
G1 X206.174 Y73.812 E131.54199
G1 X205.925 Y72.582 E131.58373
G1 X206.029 Y71.222 E131.6291
G1 X206.588 Y69.832 E131.67893
G1 X207.561 Y68.732 E131.72777
G1 X208.749 Y68.005 E131.7741
G1 X209.92 Y67.704 E131.81431
G1 X211.33 Y67.519 E131.86161
G1 X213.826 Y67.851 E131.94536
G1 X216.148 Y68.81 E132.02892
G1 X218.15 Y70.339 E132.1127
G1 X219.69 Y72.352 E132.197
G1 X220.649 Y74.674 E132.28056
G1 X220.981 Y77.172 E132.36437
G1 X220.752 Y78.906 E132.42255
G1 X220.324 Y80.062 E132.46355
G1 X219.918 Y80.724 E132.48937
G1 X219.146 Y81.541 E132.52676
G1 X217.957 Y82.236 E132.57257
G1 X216.672 Y82.559 E132.61664
G1 X215.673 Y82.499 E132.64992
G1 X214.687 Y82.296 E132.6834
G1 X213.522 Y81.719 E132.72664
G1 X213.088 Y81.283 E132.74711
G1 X213.1 Y128.625 E134.32171
G1 X214.263 Y127.851 E134.36817
G1 X214.688 Y127.674 E134.38348
G1 X215.918 Y127.425 E134.42522
G1 X217.278 Y127.529 E134.47059
G1 X218.668 Y128.088 E134.52042
G1 X219.768 Y129.061 E134.56927
G1 X220.495 Y130.249 E134.61559
G1 X220.796 Y131.42 E134.6558
G1 X220.981 Y132.83 E134.7031
G1 X220.649 Y135.326 E134.78685
G1 X219.69 Y137.648 E134.87041
G1 X218.161 Y139.65 E134.95419
G1 X216.148 Y141.19 E135.03849
G1 X213.826 Y142.149 E135.12205
G1 X211.33 Y142.481 E135.2058
G1 X209.567 Y142.25 E135.26494
G1 X208.132 Y141.7 E135.31605
G1 X206.947 Y140.641 E135.36891
G1 X206.288 Y139.486 E135.41314
G1 X205.995 Y138.413 E135.45013
G1 X205.952 Y137.168 E135.49157
G1 X206.362 Y135.743 E135.54088
G1 X207.182 Y134.588 E135.588
G1 X89.876 Y134.6 E139.48961
G1 X90.649 Y135.763 E139.53606
G1 X90.826 Y136.188 E139.55137
G1 X91.075 Y137.418 E139.59311
G1 X90.971 Y138.778 E139.63848
G1 X90.412 Y140.168 E139.68831
G1 X89.439 Y141.268 E139.73715
G1 X88.251 Y141.995 E139.78347
G1 X87.08 Y142.296 E139.82369
G1 X85.67 Y142.481 E139.87099
G1 X83.174 Y142.149 E139.95474
G1 X80.852 Y141.19 E140.03829
G1 X78.85 Y139.661 E140.12208
G1 X77.31 Y137.648 E140.20638
G1 X76.351 Y135.326 E140.28993
G1 X76.019 Y132.83 E140.37368
G1 X76.25 Y131.067 E140.43282
G1 X76.8 Y129.632 E140.48394
G1 X77.963 Y128.331 E140.54198
G1 X79.199 Y127.724 E140.58778
G1 X80.2 Y127.482 E140.62203
G1 X81.088 Y127.441 E140.65159
G1 X82.438 Y127.724 E140.69747
G1 X83.412 Y128.309 E140.73526
G1 X83.912 Y128.72 E140.75679
G1 X83.9 Y81.381 E142.33129
G1 X82.845 Y82.091 E142.37359
G1 X81.548 Y82.528 E142.41911
G1 X80.216 Y82.569 E142.46343
G1 X78.808 Y82.148 E142.51231
G1 X77.673 Y81.416 E142.55723
G1 X77.05 Y80.644 E142.59022
G1 X76.5 Y79.752 E142.62508
G1 X76.204 Y78.58 E142.66528
G1 X76.019 Y77.17 E142.71258
G1 X76.351 Y74.674 E142.79633
G1 X77.31 Y72.352 E142.87989
G1 X78.839 Y70.35 E142.96367
G0 F3600 X79.125 Y70.635
G1 F1800 X81.053 Y69.16 E143.04441
G1 X83.278 Y68.241 E143.12448
G1 X85.671 Y67.923 E143.20477
G1 X87.334 Y68.141 E143.26056
G1 X88.657 Y68.648 E143.30768
G1 X89.739 Y69.615 E143.35595
G1 X90.338 Y70.665 E143.39615
G1 X90.607 Y71.648 E143.43005
G1 X90.646 Y72.783 E143.46782
G1 X90.274 Y74.081 E143.51273
G1 X89.45 Y75.234 E143.55987
G1 X88.651 Y75.812 E143.59267
G1 X208.313 Y75.8 E147.57264
G1 X207.48 Y75.213 E147.60653
G1 X206.684 Y74.016 E147.65435
G1 X206.566 Y73.733 E147.66454
G1 X206.328 Y72.558 E147.70442
G1 X206.423 Y71.313 E147.74595
G1 X206.933 Y70.047 E147.79134
G1 X207.822 Y69.041 E147.836
G1 X208.907 Y68.377 E147.8783
G1 X209.972 Y68.101 E147.9149
G1 X211.329 Y67.923 E147.96042
G1 X213.722 Y68.241 E148.04071
G1 X215.947 Y69.16 E148.12078
G1 X217.865 Y70.625 E148.20105
G1 X219.34 Y72.553 E148.28179
G1 X220.26 Y74.782 E148.36199
G1 X220.578 Y77.169 E148.44208
G1 X220.361 Y78.811 E148.49717
G1 X219.963 Y79.886 E148.5353
G1 X219.6 Y80.478 E148.5584
G1 X218.893 Y81.226 E148.59263
G1 X217.805 Y81.862 E148.63455
G1 X216.633 Y82.156 E148.67473
G1 X215.754 Y82.107 E148.70401
G1 X214.818 Y81.914 E148.7358
G1 X213.759 Y81.39 E148.7751
G1 X213.165 Y80.792 E148.80313
G1 X212.688 Y80.148 E148.82979
G1 X212.7 Y129.813 E150.48165
G1 X213.287 Y128.98 E150.51555
G1 X214.484 Y128.184 E150.56336
G1 X214.767 Y128.066 E150.57356
G1 X215.942 Y127.828 E150.61343
G1 X217.187 Y127.923 E150.65496
G1 X218.453 Y128.433 E150.70036
G1 X219.459 Y129.322 E150.74501
G1 X220.123 Y130.407 E150.78732
G1 X220.399 Y131.472 E150.82391
G1 X220.577 Y132.829 E150.86943
G1 X220.259 Y135.222 E150.94972
G1 X219.34 Y137.447 E151.02979
G1 X217.875 Y139.365 E151.11006
G1 X215.947 Y140.84 E151.1908
G1 X213.722 Y141.759 E151.27087
G1 X211.329 Y142.077 E151.35116
G1 X209.666 Y141.859 E151.40695
G1 X208.343 Y141.352 E151.45407
G1 X207.261 Y140.385 E151.50233
G1 X206.662 Y139.335 E151.54254
G1 X206.393 Y138.352 E151.57644
G1 X206.354 Y137.216 E151.61424
G1 X206.727 Y135.92 E151.6591
G1 X207.546 Y134.767 E151.70614
G1 X208.35 Y134.188 E151.73909
G1 X88.687 Y134.2 E155.7191
G1 X89.52 Y134.787 E155.75299
G1 X90.316 Y135.984 E155.8008
G1 X90.434 Y136.267 E155.811
G1 X90.672 Y137.442 E155.85088
G1 X90.577 Y138.687 E155.89241
G1 X90.067 Y139.953 E155.9378
G1 X89.178 Y140.959 E155.98245
G1 X88.093 Y141.623 E156.02476
G1 X87.028 Y141.899 E156.06135
G1 X85.671 Y142.077 E156.10687
G1 X83.278 Y141.759 E156.18717
G1 X81.053 Y140.84 E156.26723
G1 X79.135 Y139.375 E156.34751
G1 X77.66 Y137.447 E156.42825
G1 X76.741 Y135.222 E156.50831
G1 X76.423 Y132.829 E156.5886
G1 X76.641 Y131.166 E156.64439
G1 X77.148 Y129.843 E156.69151
G1 X78.21 Y128.655 E156.74451
G1 X79.334 Y128.103 E156.78616
G1 X80.256 Y127.88 E156.81771
G1 X81.059 Y127.843 E156.84445
G1 X82.288 Y128.101 E156.88622
G1 X83.206 Y128.652 E156.92183
G1 X83.8 Y129.147 E156.94754
G1 X84.312 Y129.851 E156.9765
G1 X84.3 Y80.185 E158.62839
G1 X83.686 Y81.043 E158.66349
G1 X82.667 Y81.729 E158.70434
G1 X81.477 Y82.13 E158.74611
G1 X80.268 Y82.167 E158.78634
G1 X78.977 Y81.781 E158.83116
G1 X77.943 Y81.114 E158.87208
G1 X77.39 Y80.434 E158.90123
G1 X76.874 Y79.597 E158.93394
G1 X76.601 Y78.528 E158.97063
G1 X76.423 Y77.171 E159.01615
G1 X76.741 Y74.778 E159.09645
G1 X77.66 Y72.553 E159.17651
G1 X79.125 Y70.635 E159.25679
G0 F3600 X79.411 Y70.92
G1 F1800 X81.254 Y69.51 E159.33397
G1 X83.386 Y68.63 E159.41068
G1 X85.668 Y68.326 E159.48725
G1 X87.235 Y68.532 E159.53982
G1 X88.446 Y68.996 E159.58295
G1 X89.425 Y69.871 E159.62662
G1 X89.964 Y70.816 E159.66281
G1 X90.209 Y71.709 E159.69361
G1 X90.244 Y72.736 E159.72778
G1 X89.909 Y73.903 E159.76817
G1 X89.163 Y74.947 E159.81084
G1 X88.086 Y75.727 E159.85507
G1 X86.982 Y76.093 E159.89376
G1 X86.39 Y76.36 E159.91536
G1 X85.69 Y76.86 E159.94397
G1 X85.03 Y77.64 E159.97795
G1 X84.707 Y78.169 E159.99857
G1 X84.153 Y79.704 E160.05284
G1 X83.404 Y80.75 E160.09563
G1 X82.487 Y81.368 E160.13241
G1 X81.406 Y81.732 E160.17035
G1 X80.32 Y81.765 E160.20649
G1 X79.146 Y81.414 E160.24724
G1 X78.213 Y80.812 E160.28417
G1 X77.73 Y80.224 E160.30948
G1 X77.246 Y79.439 E160.34016
G1 X76.998 Y78.476 E160.37323
G1 X76.826 Y77.168 E160.41711
G1 X77.13 Y74.886 E160.49368
G1 X78.01 Y72.754 E160.57039
G1 X79.411 Y70.92 E160.64715
G1 F1500 E154.14715
G0 F3600 X85.707 Y77.421
G1 F1500 E160.64715
G1 F1800 X86.431 Y76.838 E160.67807
G1 X87.423 Y76.344 E160.71493
G1 X88.326 Y76.212 E160.74528
G1 X208.705 Y76.2 E164.7491
G1 X209.786 Y76.422 E164.78581
G1 X210.694 Y76.905 E164.82002
G1 X211.079 Y77.207 E164.83629
G1 X211.662 Y77.931 E164.86721
G1 X212.156 Y78.923 E164.90407
G1 X212.288 Y79.826 E164.93442
G1 X212.3 Y130.205 E166.61003
G1 X212.078 Y131.286 E166.64674
G1 X211.595 Y132.194 E166.68094
G1 X211.293 Y132.579 E166.69722
G1 X210.569 Y133.162 E166.72814
G1 X209.577 Y133.656 E166.76499
G1 X208.674 Y133.788 E166.79535
G1 X88.233 Y133.8 E170.80123
G1 X87.19 Y133.571 E170.83675
G1 X86.267 Y133.077 E170.87157
G1 X85.898 Y132.77 E170.88753
G1 X85.339 Y132.075 E170.9172
G1 X84.844 Y131.076 E170.95428
G1 X84.712 Y130.174 E170.9846
G1 X84.7 Y79.795 E172.66021
G1 X84.922 Y78.714 E172.69692
G1 X85.405 Y77.806 E172.73112
G1 X85.707 Y77.421 E172.7474
G0 F3600 X85.302 Y76.698
G1 F1800 X84.706 Y77.404 E172.77813
G1 X84.345 Y77.995 E172.80116
G1 X83.796 Y79.516 E172.85495
G1 X83.122 Y80.457 E172.89344
G1 X82.306 Y81.007 E172.92617
G1 X81.335 Y81.334 E172.96025
G1 X80.372 Y81.363 E172.9923
G1 X79.315 Y81.047 E173.02899
G1 X78.484 Y80.511 E173.06188
G1 X78.071 Y80.014 E173.08337
G1 X77.618 Y79.279 E173.11209
G1 X77.395 Y78.424 E173.14148
G1 X77.23 Y77.169 E173.18358
G1 X77.52 Y74.99 E173.25669
G1 X78.36 Y72.955 E173.32991
G1 X79.697 Y71.205 E173.40316
G1 X81.455 Y69.86 E173.47678
G1 X83.49 Y69.02 E173.55001
G1 X85.669 Y68.73 E173.62312
G1 X87.14 Y68.923 E173.67247
G1 X88.233 Y69.342 E173.7114
G1 X89.109 Y70.125 E173.75048
G1 X89.591 Y70.971 E173.78286
G1 X89.811 Y71.77 E173.81043
G1 X89.842 Y72.688 E173.84098
G1 X89.543 Y73.728 E173.87697
G1 X88.878 Y74.659 E173.91502
G1 X87.902 Y75.366 E173.9551
G1 X86.838 Y75.719 E173.99239
G1 X86.19 Y76.011 E174.01603
G1 X85.631 Y76.41 E174.03887
G1 X85.302 Y76.698 E174.05342
G1 F1500 E167.55342
G0 F3600 X81.03 Y128.245
G1 F1500 E174.05342
G1 F1800 X82.138 Y128.478 E174.09107
G1 X83 Y128.995 E174.1245
G1 X83.504 Y129.421 E174.14645
G1 X84.226 Y130.412 E174.18723
G1 X84.591 Y131.518 E174.22597
G1 X84.856 Y132.107 E174.24745
G1 X85.224 Y132.621 E174.26848
G1 X85.611 Y133.063 E174.28802
G1 X86.134 Y133.464 E174.30994
G1 X86.667 Y133.789 E174.3307
G1 X87.288 Y134.016 E174.35269
G1 X88.105 Y134.279 E174.38124
G1 X89.229 Y135.071 E174.42697
G1 X89.983 Y136.205 E174.47227
G1 X90.042 Y136.346 E174.47735
G1 X90.269 Y137.466 E174.51536
G1 X90.183 Y138.595 E174.55302
G1 X89.722 Y139.739 E174.59404
G1 X88.917 Y140.65 E174.63448
G1 X87.935 Y141.251 E174.67277
G1 X86.976 Y141.502 E174.70574
G1 X85.668 Y141.674 E174.74962
G1 X83.386 Y141.37 E174.82619
G1 X81.254 Y140.49 E174.9029
G1 X79.42 Y139.089 E174.97966
G1 X78.01 Y137.246 E175.05684
G1 X77.13 Y135.114 E175.13356
G1 X76.826 Y132.832 E175.21013
G1 X77.032 Y131.265 E175.26269
G1 X77.496 Y130.054 E175.30583
G1 X78.457 Y128.979 E175.35379
G1 X79.469 Y128.482 E175.39128
G1 X80.312 Y128.278 E175.42013
G1 X81.03 Y128.245 E175.44404
G0 F3600 X81.001 Y128.647
G1 F1800 X81.988 Y128.855 E175.47759
G1 X82.794 Y129.338 E175.50884
G1 X83.209 Y129.695 E175.52705
G1 X83.866 Y130.597 E175.56416
G1 X84.218 Y131.664 E175.60153
G1 X84.509 Y132.31 E175.6251
G1 X84.909 Y132.868 E175.64793
G1 X85.335 Y133.355 E175.66945
G1 X85.914 Y133.799 E175.69372
G1 X86.492 Y134.151 E175.71623
G1 X87.165 Y134.397 E175.74006
G1 X87.926 Y134.642 E175.76665
G1 X88.938 Y135.355 E175.80783
G1 X89.65 Y136.426 E175.8506
G1 X89.866 Y137.491 E175.88675
G1 X89.789 Y138.503 E175.9205
G1 X89.377 Y139.525 E175.95715
G1 X88.656 Y140.341 E175.99337
G1 X87.777 Y140.879 E176.02765
G1 X86.924 Y141.105 E176.057
G1 X85.669 Y141.27 E176.0991
G1 X83.49 Y140.98 E176.17221
G1 X81.455 Y140.14 E176.24543
G1 X79.705 Y138.803 E176.31868
G1 X78.36 Y137.045 E176.3923
G1 X77.52 Y135.01 E176.46553
G1 X77.23 Y132.831 E176.53864
G1 X77.423 Y131.36 E176.58798
G1 X77.842 Y130.267 E176.62692
G1 X78.704 Y129.303 E176.66993
G1 X79.604 Y128.861 E176.70328
G1 X80.368 Y128.676 E176.72942
G1 X81.001 Y128.647 E176.7505
G0 F3600 X80.971 Y129.049
G1 F1800 X81.839 Y129.232 E176.78
G1 X82.588 Y129.681 E176.80905
G1 X82.914 Y129.968 E176.82349
G1 X83.505 Y130.78 E176.8569
G1 X83.845 Y131.81 E176.89297
G1 X84.16 Y132.509 E176.91847
G1 X84.594 Y133.115 E176.94327
G1 X85.062 Y133.65 E176.96691
G1 X85.682 Y134.125 E176.99288
G1 X86.321 Y134.515 E177.01778
G1 X87.042 Y134.778 E177.04331
G1 X87.747 Y135.005 E177.06794
G1 X88.647 Y135.639 E177.10456
G1 X89.274 Y136.582 E177.14222
G1 X89.463 Y137.515 E177.17389
G1 X89.395 Y138.411 E177.20377
G1 X89.032 Y139.311 E177.23605
G1 X88.395 Y140.032 E177.26805
G1 X87.618 Y140.508 E177.29836
G1 X86.872 Y140.708 E177.32404
G1 X85.67 Y140.866 E177.36437
G1 X83.594 Y140.59 E177.43402
G1 X81.656 Y139.79 E177.50376
G1 X79.99 Y138.517 E177.57349
G1 X78.71 Y136.844 E177.64356
G1 X77.91 Y134.906 E177.71329
G1 X77.634 Y132.83 E177.78294
G1 X77.814 Y131.459 E177.82894
G1 X78.19 Y130.478 E177.86388
G1 X78.951 Y129.627 E177.90185
G1 X79.739 Y129.24 E177.93105
G1 X80.424 Y129.074 E177.95449
G1 X80.971 Y129.049 E177.9727
G0 F3600 X80.941 Y129.451
G1 F1800 X81.69 Y129.609 E177.99816
G1 X82.382 Y130.024 E178.025
G1 X82.618 Y130.24 E178.03564
G1 X83.144 Y130.963 E178.06538
G1 X83.472 Y131.956 E178.10016
G1 X83.811 Y132.708 E178.1276
G1 X84.279 Y133.362 E178.15435
G1 X84.632 Y133.766 E178.17219
G1 X85.007 Y134.113 E178.18918
G1 X85.453 Y134.454 E178.20786
G1 X85.921 Y134.74 E178.2261
G1 X86.381 Y134.963 E178.2431
G1 X86.919 Y135.159 E178.26214
G1 X87.568 Y135.368 E178.28482
G1 X88.356 Y135.923 E178.31688
G1 X88.897 Y136.737 E178.34939
G1 X89.06 Y137.54 E178.37664
G1 X89.001 Y138.319 E178.40262
G1 X88.687 Y139.097 E178.43053
G1 X88.134 Y139.723 E178.45831
G1 X87.459 Y140.137 E178.48465
G1 X86.82 Y140.311 E178.50667
G1 X85.671 Y140.462 E178.54522
G1 X83.698 Y140.2 E178.61142
G1 X81.857 Y139.44 E178.67766
G1 X80.275 Y138.231 E178.74388
G1 X79.06 Y136.643 E178.81039
G1 X78.3 Y134.802 E178.87663
G1 X78.038 Y132.829 E178.94283
G1 X78.205 Y131.558 E178.98547
G1 X78.538 Y130.689 E179.01642
G1 X79.198 Y129.951 E179.04935
G1 X79.874 Y129.619 E179.0744
G1 X80.48 Y129.472 E179.09514
G1 X80.941 Y129.451 E179.11049
G0 F3600 X80.911 Y129.853
G1 F1800 X81.541 Y129.986 E179.1319
G1 X82.176 Y130.367 E179.15653
G1 X82.294 Y130.475 E179.16185
G1 X82.783 Y131.148 E179.18952
G1 X83.1 Y132.106 E179.22309
G1 X83.343 Y132.644 E179.24272
G1 X83.617 Y133.124 E179.2611
G1 X83.966 Y133.613 E179.28108
G1 X84.341 Y134.041 E179.30001
G1 X84.752 Y134.422 E179.31865
G1 X85.224 Y134.783 E179.33841
G1 X85.728 Y135.091 E179.35806
G1 X86.228 Y135.333 E179.37654
G1 X86.796 Y135.54 E179.39664
G1 X87.389 Y135.731 E179.41736
G1 X88.065 Y136.207 E179.44486
G1 X88.52 Y136.892 E179.47221
G1 X88.657 Y137.565 E179.49506
G1 X88.607 Y138.227 E179.51714
G1 X88.342 Y138.883 E179.54067
G1 X87.873 Y139.414 E179.56423
G1 X87.298 Y139.767 E179.58667
G1 X86.768 Y139.914 E179.60497
G1 X85.668 Y140.059 E179.64187
G1 X83.806 Y139.811 E179.70435
G1 X82.058 Y139.09 E179.76724
G1 X80.56 Y137.945 E179.82995
G1 X79.41 Y136.442 E179.89289
G1 X78.689 Y134.694 E179.95578
G1 X78.441 Y132.832 E180.01826
G1 X78.596 Y131.657 E180.05768
G1 X78.886 Y130.9 E180.08464
G1 X79.445 Y130.275 E180.11253
G1 X80.009 Y129.998 E180.13343
G1 X80.536 Y129.87 E180.15147
G1 X80.911 Y129.853 E180.16395
G0 F3600 X80.881 Y130.255
G1 F1800 X81.392 Y130.363 E180.18132
G1 X81.97 Y130.71 E180.20375
G1 X82.422 Y131.333 E180.22935
G1 X82.726 Y132.25 E180.26148
G1 X82.983 Y132.82 E180.28228
G1 X83.283 Y133.345 E180.30239
G1 X83.653 Y133.864 E180.32359
G1 X84.05 Y134.316 E180.3436
G1 X84.497 Y134.731 E180.36388
G1 X84.996 Y135.112 E180.38476
G1 X85.539 Y135.444 E180.40593
G1 X86.071 Y135.702 E180.4256
G1 X86.673 Y135.921 E180.4469
G1 X87.21 Y136.094 E180.46567
G1 X87.774 Y136.491 E180.48861
G1 X88.143 Y137.047 E180.5108
G1 X88.254 Y137.59 E180.52924
G1 X88.213 Y138.135 E180.54742
G1 X87.997 Y138.669 E180.56657
G1 X87.612 Y139.105 E180.58592
G1 X87.138 Y139.396 E180.60442
G1 X86.716 Y139.517 E180.61902
G1 X85.669 Y139.655 E180.65415
G1 X83.91 Y139.421 E180.71317
G1 X82.259 Y138.74 E180.77257
G1 X80.845 Y137.659 E180.83176
G1 X79.76 Y136.241 E180.89115
G1 X79.079 Y134.59 E180.95055
G1 X78.845 Y132.831 E181.00957
G1 X78.987 Y131.752 E181.04577
G1 X79.232 Y131.113 E181.06853
G1 X79.691 Y130.6 E181.09142
G1 X80.109 Y130.385 E181.10706
G1 X80.554 Y130.27 E181.12235
G1 X80.881 Y130.255 E181.13323
G0 F3600 X80.899 Y130.655
G1 F1800 X81.298 Y130.752 E181.14689
G1 X81.693 Y131.009 E181.16256
G1 X82.061 Y131.517 E181.18343
G1 X82.352 Y132.394 E181.21416
G1 X82.625 Y133.001 E181.2363
G1 X82.946 Y133.562 E181.2578
G1 X83.336 Y134.109 E181.28014
G1 X83.764 Y134.596 E181.3017
G1 X84.242 Y135.04 E181.3234
G1 X84.768 Y135.441 E181.3454
G1 X85.346 Y135.795 E181.36794
G1 X85.918 Y136.072 E181.38908
G1 X86.55 Y136.302 E181.41145
G1 X87.031 Y136.457 E181.42826
G1 X87.483 Y136.775 E181.44664
G1 X87.767 Y137.203 E181.46373
G1 X87.854 Y137.573 E181.47637
G1 X87.836 Y138 E181.49058
G1 X87.687 Y138.416 E181.50528
G1 X87.403 Y138.764 E181.52022
G1 X86.975 Y139.027 E181.53693
G1 X86.664 Y139.12 E181.54772
G1 X85.67 Y139.251 E181.58107
G1 X84.014 Y139.031 E181.63663
G1 X82.46 Y138.39 E181.69254
G1 X81.13 Y137.373 E181.74823
G1 X80.11 Y136.04 E181.80406
G1 X79.469 Y134.486 E181.85997
G1 X79.249 Y132.83 E181.91553
G1 X79.378 Y131.851 E181.94837
G1 X79.58 Y131.324 E181.96714
G1 X79.94 Y130.922 E181.98509
G1 X80.218 Y130.77 E181.99563
G1 X80.572 Y130.67 E182.00787
G1 X80.899 Y130.655 E182.01875
G0 F3600 X80.899 Y131.055
G1 F1800 X81.189 Y131.137 E182.02878
G1 X81.378 Y131.255 E182.03619
G1 X81.681 Y131.643 E182.05256
G1 X81.978 Y132.538 E182.08393
G1 X82.267 Y133.182 E182.1074
G1 X82.609 Y133.779 E182.13029
G1 X83.019 Y134.354 E182.15377
G1 X83.478 Y134.876 E182.17689
G1 X83.987 Y135.349 E182.2
G1 X84.539 Y135.77 E182.22309
G1 X85.153 Y136.146 E182.24704
G1 X85.765 Y136.442 E182.26965
G1 X86.429 Y136.684 E182.29316
G1 X86.817 Y136.795 E182.30658
G1 X87.16 Y137.012 E182.32008
G1 X87.383 Y137.316 E182.33262
G1 X87.454 Y137.556 E182.34094
G1 X87.436 Y137.983 E182.35516
G1 X87.319 Y138.26 E182.36516
G1 X87.183 Y138.43 E182.3724
G1 X86.854 Y138.646 E182.38549
G1 X86.612 Y138.723 E182.39394
G1 X85.671 Y138.847 E182.42551
G1 X84.118 Y138.641 E182.47761
G1 X82.661 Y138.04 E182.53003
G1 X81.415 Y137.087 E182.58221
G1 X80.46 Y135.839 E182.63447
G1 X79.859 Y134.382 E182.68689
G1 X79.653 Y132.829 E182.739
G1 X79.775 Y131.903 E182.77007
G1 X79.889 Y131.578 E182.78152
G1 X80.147 Y131.264 E182.79504
G1 X80.327 Y131.155 E182.80204
G1 X80.681 Y131.055 E182.81427
G1 X80.899 Y131.055 E182.82152
G0 F3600 X80.733 Y131.836
G1 F1800 X80.857 Y131.854 E182.82569
G1 X80.962 Y131.989 E182.83138
G1 X80.983 Y132.083 E182.83458
G1 X81.229 Y132.822 E182.86049
G1 X81.553 Y133.546 E182.88687
G1 X81.931 Y134.206 E182.91217
G1 X82.391 Y134.85 E182.93849
G1 X82.906 Y135.436 E182.96444
G1 X83.473 Y135.963 E182.99018
G1 X84.087 Y136.431 E183.01586
G1 X84.767 Y136.848 E183.04239
G1 X85.459 Y137.182 E183.06795
G1 X86.197 Y137.452 E183.09408
G1 X86.531 Y137.537 E183.10555
G1 X86.637 Y137.604 E183.10972
G1 X86.682 Y137.721 E183.11389
G1 X86.649 Y137.841 E183.11803
G1 X86.508 Y137.929 E183.12355
G1 X85.672 Y138.039 E183.1516
G1 X84.325 Y137.861 E183.19679
G1 X83.064 Y137.341 E183.24216
G1 X81.985 Y136.515 E183.28735
G1 X81.159 Y135.436 E183.33255
G1 X80.639 Y134.175 E183.37792
G1 X80.461 Y132.828 E183.42311
G1 X80.569 Y132.007 E183.45065
G1 X80.623 Y131.894 E183.45482
G1 X80.733 Y131.836 E183.45895
G0 F3600 X80.79 Y131.44
G1 F1800 X81.08 Y131.522 E183.46898
G1 X81.301 Y131.769 E183.48
G1 X81.604 Y132.682 E183.51199
G1 X81.909 Y133.362 E183.53678
G1 X82.272 Y133.996 E183.56108
G1 X82.702 Y134.599 E183.58571
G1 X83.192 Y135.156 E183.61039
G1 X83.732 Y135.658 E183.63491
G1 X84.31 Y136.099 E183.65909
G1 X84.96 Y136.497 E183.68444
G1 X85.612 Y136.812 E183.70852
G1 X86.313 Y137.068 E183.73335
G1 X86.63 Y137.149 E183.74423
G1 X86.851 Y137.266 E183.75255
G1 X87.01 Y137.46 E183.76089
G1 X87.055 Y137.577 E183.76506
G1 X87.068 Y137.827 E183.77338
G1 X86.951 Y138.104 E183.78338
G1 X86.719 Y138.269 E183.79285
G1 X86.56 Y138.326 E183.79847
G1 X85.672 Y138.443 E183.82826
G1 X84.222 Y138.251 E183.87691
G1 X82.862 Y137.69 E183.92584
G1 X81.7 Y136.801 E183.9745
G1 X80.81 Y135.638 E184.02321
G1 X80.249 Y134.278 E184.07214
G1 X80.057 Y132.828 E184.12079
G1 X80.172 Y131.955 E184.15008
G1 X80.262 Y131.722 E184.15839
G1 X80.436 Y131.54 E184.16676
G1 X80.79 Y131.44 E184.17899
G1 F1500 E177.67899
G0 F3600 X206.756 Y137.264
G1 F1500 E184.17899
G1 F1800 X207.092 Y136.097 E184.21939
G1 X207.833 Y135.054 E184.26194
G1 X208.916 Y134.274 E184.30633
G1 X210.026 Y133.905 E184.34524
G1 X210.61 Y133.641 E184.36655
G1 X211.121 Y133.276 E184.38744
G1 X211.57 Y132.883 E184.40728
G1 X211.964 Y132.368 E184.42885
G1 X212.29 Y131.833 E184.44969
G1 X212.542 Y131.141 E184.47418
G1 X212.78 Y130.394 E184.50026
G1 X213.571 Y129.271 E184.54595
G1 X214.705 Y128.517 E184.59124
G1 X214.846 Y128.458 E184.59632
G1 X215.966 Y128.231 E184.63433
G1 X217.095 Y128.317 E184.67199
G1 X218.239 Y128.778 E184.71301
G1 X219.15 Y129.583 E184.75345
G1 X219.751 Y130.565 E184.79174
G1 X220.002 Y131.524 E184.82471
G1 X220.174 Y132.832 E184.86859
G1 X219.87 Y135.114 E184.94516
G1 X218.99 Y137.246 E185.02188
G1 X217.589 Y139.08 E185.09864
G1 X215.746 Y140.49 E185.17582
G1 X213.614 Y141.37 E185.25253
G1 X211.332 Y141.674 E185.3291
G1 X209.765 Y141.468 E185.38167
G1 X208.554 Y141.004 E185.4248
G1 X207.575 Y140.129 E185.46847
G1 X207.036 Y139.184 E185.50466
G1 X206.791 Y138.291 E185.53546
G1 X206.756 Y137.264 E185.56963
G0 F3600 X207.158 Y137.312
G1 F1800 X207.457 Y136.274 E185.60556
G1 X208.12 Y135.341 E185.64363
G1 X209.101 Y134.634 E185.68385
G1 X210.166 Y134.28 E185.72118
G1 X210.812 Y133.988 E185.74476
G1 X211.372 Y133.589 E185.76762
G1 X211.863 Y133.159 E185.78933
G1 X212.295 Y132.594 E185.81299
G1 X212.652 Y132.008 E185.83581
G1 X212.918 Y131.278 E185.86165
G1 X213.143 Y130.573 E185.88627
G1 X213.855 Y129.562 E185.92739
G1 X214.926 Y128.85 E185.97017
G1 X215.991 Y128.634 E186.00631
G1 X217.003 Y128.711 E186.04007
G1 X218.025 Y129.123 E186.07672
G1 X218.841 Y129.844 E186.11294
G1 X219.379 Y130.723 E186.14721
G1 X219.605 Y131.576 E186.17656
G1 X219.77 Y132.831 E186.21866
G1 X219.48 Y135.01 E186.29178
G1 X218.64 Y137.045 E186.365
G1 X217.303 Y138.795 E186.43825
G1 X215.545 Y140.14 E186.51187
G1 X213.51 Y140.98 E186.58509
G1 X211.331 Y141.27 E186.65821
G1 X209.86 Y141.077 E186.70755
G1 X208.767 Y140.658 E186.74648
G1 X207.891 Y139.875 E186.78556
G1 X207.409 Y139.029 E186.81795
G1 X207.189 Y138.23 E186.84551
G1 X207.158 Y137.312 E186.87606
G1 F1500 E180.37606
G0 F3600 X209.153 Y130.653
G0 X215.835 Y81.715
G1 F1500 E186.87606
G1 F1800 X214.949 Y81.532 E186.90615
G1 X213.996 Y81.061 E186.94151
G1 X213.449 Y80.51 E186.96733
G1 X212.774 Y79.589 E187.00531
G1 X212.405 Y78.476 E187.04431
G1 X212.138 Y77.885 E187.06588
G1 X211.776 Y77.379 E187.08657
G1 X211.389 Y76.937 E187.10611
G1 X210.866 Y76.536 E187.12803
G1 X210.333 Y76.211 E187.1488
G1 X209.712 Y75.984 E187.17079
G1 X208.895 Y75.721 E187.19933
G1 X207.771 Y74.929 E187.24507
G1 X207.017 Y73.795 E187.29036
G1 X206.958 Y73.654 E187.29544
G1 X206.731 Y72.534 E187.33345
G1 X206.817 Y71.405 E187.37111
G1 X207.278 Y70.261 E187.41214
G1 X208.083 Y69.35 E187.45257
G1 X209.065 Y68.749 E187.49086
G1 X210.024 Y68.498 E187.52383
G1 X211.332 Y68.326 E187.56771
G1 X213.614 Y68.63 E187.64428
G1 X215.746 Y69.51 E187.721
G1 X217.58 Y70.911 E187.79776
G1 X218.99 Y72.754 E187.87494
G1 X219.87 Y74.886 E187.95165
G1 X220.174 Y77.169 E188.02825
G1 X219.969 Y78.717 E188.08019
G1 X219.602 Y79.71 E188.1154
G1 X219.282 Y80.232 E188.13577
G1 X218.64 Y80.911 E188.16685
G1 X217.654 Y81.487 E188.20483
G1 X216.596 Y81.753 E188.24111
G1 X215.835 Y81.715 E188.26645
G0 F3600 X215.855 Y81.315
G1 F1800 X215.082 Y81.151 E188.29273
G1 X214.233 Y80.732 E188.32422
G1 X213.733 Y80.228 E188.34784
G1 X213.135 Y79.406 E188.38165
G1 X212.78 Y78.334 E188.41921
G1 X212.488 Y77.687 E188.44281
G1 X212.091 Y77.132 E188.46551
G1 X211.665 Y76.645 E188.48703
G1 X211.086 Y76.201 E188.5113
G1 X210.508 Y75.849 E188.53381
G1 X209.835 Y75.603 E188.55764
G1 X209.074 Y75.358 E188.58423
G1 X208.062 Y74.645 E188.6254
G1 X207.35 Y73.574 E188.66818
G1 X207.134 Y72.509 E188.70432
G1 X207.211 Y71.497 E188.73808
G1 X207.623 Y70.475 E188.77473
G1 X208.344 Y69.659 E188.81095
G1 X209.223 Y69.121 E188.84522
G1 X210.076 Y68.895 E188.87457
G1 X211.331 Y68.73 E188.91667
G1 X213.51 Y69.02 E188.98979
G1 X215.545 Y69.86 E189.06301
G1 X217.295 Y71.197 E189.13626
G1 X218.64 Y72.955 E189.20988
G1 X219.48 Y74.99 E189.2831
G1 X219.77 Y77.17 E189.35625
G1 X219.578 Y78.622 E189.40496
G1 X219.241 Y79.534 E189.4373
G1 X218.964 Y79.986 E189.45493
G1 X218.387 Y80.596 E189.48286
G1 X217.503 Y81.112 E189.51691
G1 X216.557 Y81.35 E189.54935
G1 X215.855 Y81.315 E189.57273
G1 F1500 E183.07273
G0 F3600 X211.892 Y79.884
G1 F1500 E189.57273
G1 F1800 X211.9 Y130.164 E191.24505
G1 X211.698 Y131.15 E191.27852
G1 X211.274 Y131.955 E191.30878
G1 X211.042 Y132.267 E191.32172
G1 X210.349 Y132.825 E191.35131
G1 X209.457 Y133.269 E191.38445
G1 X208.616 Y133.392 E191.41272
G1 X88.278 Y133.4 E195.41518
G1 X87.33 Y133.192 E195.44746
G1 X86.456 Y132.724 E195.48043
G1 X86.21 Y132.519 E195.49108
G1 X85.677 Y131.856 E195.51938
G1 X85.231 Y130.957 E195.55275
G1 X85.108 Y130.116 E195.58102
G1 X85.1 Y79.836 E197.25334
G1 X85.302 Y78.85 E197.28682
G1 X85.726 Y78.045 E197.31708
G1 X85.958 Y77.733 E197.33001
G1 X86.651 Y77.175 E197.3596
G1 X87.543 Y76.731 E197.39274
G1 X88.384 Y76.608 E197.42101
G1 X208.664 Y76.6 E201.42154
G1 X209.65 Y76.802 E201.45502
G1 X210.455 Y77.226 E201.48528
G1 X210.767 Y77.458 E201.49821
G1 X211.325 Y78.151 E201.5278
G1 X211.769 Y79.043 E201.56094
G1 X211.892 Y79.884 E201.58921
G0 F3600 X211.496 Y79.942
G1 F1800 X211.5 Y130.123 E203.25824
G1 X211.318 Y131.013 E203.28845
G1 X210.92 Y131.768 E203.31684
G1 X210.751 Y131.988 E203.32607
G1 X210.133 Y132.486 E203.35247
G1 X209.337 Y132.882 E203.38204
G1 X208.558 Y132.996 E203.40822
G1 X88.323 Y133 E207.40725
G1 X87.47 Y132.813 E207.4363
G1 X86.645 Y132.371 E207.46743
G1 X86.522 Y132.268 E207.47276
G1 X86.015 Y131.637 E207.49969
G1 X85.618 Y130.837 E207.52939
G1 X85.504 Y130.058 E207.55558
G1 X85.5 Y79.877 E209.2246
G1 X85.682 Y78.987 E209.25482
G1 X86.08 Y78.232 E209.2832
G1 X86.249 Y78.012 E209.29243
G1 X86.867 Y77.514 E209.31883
G1 X87.663 Y77.118 E209.3484
G1 X88.442 Y77.004 E209.37459
G1 X208.623 Y77 E213.37182
G1 X209.513 Y77.182 E213.40204
G1 X210.268 Y77.58 E213.43042
G1 X210.488 Y77.749 E213.43965
G1 X210.986 Y78.367 E213.46605
G1 X211.382 Y79.163 E213.49562
G1 X211.496 Y79.942 E213.5218
G0 F3600 X211.1 Y80
G1 F1800 X210.995 Y79.283 E213.54591
G1 X210.647 Y78.583 E213.57191
G1 X210.207 Y78.037 E213.59523
G1 X210.082 Y77.934 E213.60062
G1 X209.378 Y77.563 E213.62708
G1 X208.582 Y77.4 E213.65411
G1 X88.5 Y77.4 E217.64805
G1 X87.783 Y77.505 E217.67215
G1 X87.083 Y77.853 E217.69815
G1 X86.537 Y78.293 E217.72148
G1 X86.434 Y78.418 E217.72686
G1 X86.063 Y79.122 E217.75333
G1 X85.9 Y79.918 E217.78036
G1 X85.9 Y130 E219.44609
G1 X86.005 Y130.717 E219.47019
G1 X86.354 Y131.42 E219.4963
G1 X86.834 Y132.018 E219.5218
G1 X87.61 Y132.434 E219.55108
G1 X88.368 Y132.6 E219.57689
G1 X208.5 Y132.6 E223.5725
G1 X209.217 Y132.495 E223.5966
G1 X209.917 Y132.147 E223.6226
G1 X210.463 Y131.707 E223.64593
G1 X210.566 Y131.582 E223.65131
G1 X210.937 Y130.878 E223.67778
G1 X211.1 Y130.082 E223.7048
G1 X211.1 Y80 E225.37054
G0 F3600 X210.7 Y80
G1 F1800 X210.7 Y130.041 E227.03491
G1 X210.556 Y130.743 E227.05874
G1 X210.212 Y131.396 E227.08329
G1 X209.701 Y131.808 E227.10512
G1 X209.095 Y132.109 E227.12763
G1 X208.5 Y132.2 E227.14765
G1 X88.413 Y132.2 E231.14176
G1 X87.747 Y132.054 E231.16444
G1 X87.097 Y131.705 E231.18897
G1 X86.692 Y131.201 E231.21048
G1 X86.391 Y130.595 E231.23298
G1 X86.3 Y130 E231.253
G1 X86.3 Y79.959 E232.91737
G1 X86.444 Y79.257 E232.94121
G1 X86.788 Y78.604 E232.96576
G1 X87.299 Y78.192 E232.98759
G1 X87.905 Y77.891 E233.01009
G1 X88.5 Y77.8 E233.03011
G1 X208.541 Y77.8 E237.02269
G1 X209.243 Y77.944 E237.04653
G1 X209.896 Y78.288 E237.07108
G1 X210.308 Y78.799 E237.09291
G1 X210.609 Y79.405 E237.11541
G1 X210.7 Y80 E237.13543
G0 F3600 X210.3 Y80
G1 F1800 X210.223 Y79.526 E237.15141
G1 X209.95 Y78.977 E237.1718
G1 X209.638 Y78.605 E237.18795
G1 X209.106 Y78.324 E237.20796
G1 X208.5 Y78.2 E237.22853
G1 X88.5 Y78.2 E241.21975
G1 X88.026 Y78.277 E241.23572
G1 X87.477 Y78.55 E241.25611
G1 X87.105 Y78.862 E241.27226
G1 X86.824 Y79.394 E241.29227
G1 X86.7 Y80 E241.31285
G1 X86.7 Y130 E242.97585
G1 X86.777 Y130.474 E242.99182
G1 X87.05 Y131.023 E243.01222
G1 X87.359 Y131.392 E243.02822
G1 X87.884 Y131.674 E243.04805
G1 X88.458 Y131.8 E243.06759
G1 X208.5 Y131.8 E247.06021
G1 X208.974 Y131.723 E247.07618
G1 X209.523 Y131.45 E247.09657
G1 X209.895 Y131.138 E247.11272
G1 X210.176 Y130.606 E247.13273
G1 X210.3 Y130 E247.1533
G1 X210.3 Y80 E248.81631
G0 F3600 X209.9 Y80
G1 F1800 X209.9 Y130 E250.47932
G1 X209.822 Y130.419 E250.49349
G1 X209.577 Y130.883 E250.51094
G1 X209.345 Y131.092 E250.52133
G1 X208.851 Y131.338 E250.53968
G1 X208.5 Y131.4 E250.55154
G1 X88.458 Y131.4 E254.54415
G1 X87.977 Y131.285 E254.5606
G1 X87.617 Y131.077 E254.57443
G1 X87.408 Y130.845 E254.58482
G1 X87.162 Y130.351 E254.60317
G1 X87.1 Y130 E254.61503
G1 X87.1 Y80 E256.27803
G1 X87.178 Y79.581 E256.29221
G1 X87.423 Y79.117 E256.30966
G1 X87.655 Y78.908 E256.32005
G1 X88.149 Y78.662 E256.3384
G1 X88.5 Y78.6 E256.35026
G1 X208.5 Y78.6 E260.34147
G1 X208.919 Y78.678 E260.35565
G1 X209.383 Y78.923 E260.3731
G1 X209.592 Y79.155 E260.38348
G1 X209.838 Y79.649 E260.40184
G1 X209.9 Y80 E260.41369
G0 F3600 X209.5 Y80
G1 F1800 X209.446 Y79.727 E260.42295
G1 X209.24 Y79.345 E260.43739
G1 X209.101 Y79.207 E260.4439
G1 X208.838 Y79.07 E260.45376
G1 X208.5 Y79 E260.46524
G1 X88.5 Y79 E264.45646
G1 X88.227 Y79.054 E264.46572
G1 X87.845 Y79.26 E264.48015
G1 X87.707 Y79.399 E264.48667
G1 X87.57 Y79.662 E264.49653
G1 X87.5 Y80 E264.50801
G1 X87.5 Y130 E266.17102
G1 X87.554 Y130.273 E266.18027
G1 X87.76 Y130.655 E266.19471
G1 X87.899 Y130.793 E266.20122
G1 X88.162 Y130.93 E266.21108
G1 X88.5 Y131 E266.22257
G1 X208.5 Y131 E270.21378
G1 X208.773 Y130.946 E270.22304
G1 X209.155 Y130.74 E270.23747
G1 X209.293 Y130.601 E270.24399
G1 X209.43 Y130.338 E270.25385
G1 X209.5 Y130 E270.26533
G1 X209.5 Y80 E271.92834
G0 F3600 X208.7 Y80
G1 F1800 X208.7 Y130 E273.59134
G1 X208.661 Y130.119 E273.59551
G1 X208.5 Y130.2 E273.6015
G1 X88.5 Y130.2 E277.59272
G1 X88.381 Y130.161 E277.59689
G1 X88.3 Y130 E277.60288
G1 X88.3 Y80 E279.26589
G1 X88.339 Y79.881 E279.27005
G1 X88.5 Y79.8 E279.27605
G1 X208.5 Y79.8 E283.26726
G1 X208.619 Y79.839 E283.27143
G1 X208.7 Y80 E283.27742
G0 F3600 X209.057 Y79.82
G1 F1800 X209.1 Y80 E283.28358
G1 X209.1 Y130 E284.94658
G1 X209.041 Y130.244 E284.95493
G1 X208.95 Y130.396 E284.96083
G1 X208.68 Y130.557 E284.97128
G1 X208.5 Y130.6 E284.97744
G1 X88.5 Y130.6 E288.96865
G1 X88.256 Y130.541 E288.977
G1 X88.104 Y130.45 E288.98289
G1 X87.943 Y130.18 E288.99335
G1 X87.9 Y130 E288.9995
G1 X87.9 Y80 E290.66251
G1 X87.959 Y79.756 E290.67086
G1 X88.05 Y79.604 E290.67675
G1 X88.32 Y79.443 E290.68721
G1 X88.5 Y79.4 E290.69336
G1 X208.5 Y79.4 E294.68458
G1 X208.744 Y79.459 E294.69293
G1 X208.896 Y79.55 E294.69882
G1 X209.057 Y79.82 E294.70928
G1 F1500 E288.20928
G0 F3600 X209.165 Y79.82
G0 X213.496 Y79.221
G1 F1500 E294.70928
G1 F1800 X213.154 Y78.19 E294.74541
G1 X212.839 Y77.491 E294.77091
G1 X212.406 Y76.885 E294.79568
G1 X211.938 Y76.35 E294.81932
G1 X211.318 Y75.875 E294.8453
G1 X210.679 Y75.485 E294.8702
G1 X209.958 Y75.222 E294.89572
G1 X209.253 Y74.995 E294.92036
G1 X208.353 Y74.361 E294.95697
G1 X207.726 Y73.418 E294.99464
G1 X207.537 Y72.485 E295.0263
G1 X207.605 Y71.589 E295.05619
G1 X207.968 Y70.689 E295.08846
G1 X208.605 Y69.968 E295.12046
G1 X209.382 Y69.492 E295.15077
G1 X210.128 Y69.292 E295.17646
G1 X211.33 Y69.134 E295.21678
G1 X213.406 Y69.41 E295.28644
G1 X215.344 Y70.21 E295.35617
G1 X217.01 Y71.483 E295.42591
G1 X218.29 Y73.156 E295.49597
G1 X219.09 Y75.094 E295.5657
G1 X219.366 Y77.17 E295.63536
G1 X219.186 Y78.528 E295.68092
G1 X218.866 Y79.395 E295.71166
G1 X218.673 Y79.711 E295.72397
G1 X218.134 Y80.281 E295.75007
G1 X217.351 Y80.738 E295.78022
G1 X216.519 Y80.947 E295.80875
G1 X215.875 Y80.915 E295.8302
G1 X215.214 Y80.77 E295.85271
G1 X214.47 Y80.403 E295.8803
G1 X214.057 Y79.993 E295.89965
G1 X213.496 Y79.221 E295.93139
G0 F3600 X213.857 Y79.039
G1 F1800 X213.527 Y78.042 E295.96632
G1 X213.189 Y77.293 E295.99365
G1 X212.721 Y76.638 E296.02043
G1 X212.368 Y76.234 E296.03827
G1 X211.993 Y75.887 E296.05527
G1 X211.547 Y75.546 E296.07394
G1 X211.079 Y75.26 E296.09218
G1 X210.619 Y75.037 E296.10918
G1 X210.081 Y74.841 E296.12823
G1 X209.432 Y74.632 E296.15091
G1 X208.644 Y74.077 E296.18296
G1 X208.103 Y73.263 E296.21547
G1 X207.94 Y72.46 E296.24272
G1 X207.999 Y71.681 E296.26871
G1 X208.313 Y70.903 E296.29661
G1 X208.866 Y70.277 E296.32439
G1 X209.541 Y69.863 E296.35073
G1 X210.18 Y69.689 E296.37276
G1 X211.329 Y69.538 E296.4113
G1 X213.302 Y69.8 E296.4775
G1 X215.143 Y70.56 E296.54374
G1 X216.725 Y71.769 E296.60997
G1 X217.94 Y73.357 E296.67647
G1 X218.7 Y75.198 E296.74272
G1 X218.962 Y77.171 E296.80891
G1 X218.795 Y78.434 E296.85129
G1 X218.518 Y79.197 E296.87829
G1 X218.382 Y79.436 E296.88743
G1 X217.881 Y79.966 E296.91169
G1 X217.199 Y80.364 E296.93795
G1 X216.48 Y80.544 E296.9626
G1 X215.961 Y80.524 E296.97988
G1 X215.347 Y80.389 E297.00079
G1 X214.704 Y80.072 E297.02463
G1 X214.38 Y79.758 E297.03964
G1 X213.857 Y79.039 E297.06921
G0 F3600 X214.218 Y78.854
G1 F1800 X213.9 Y77.894 E297.10285
G1 X213.657 Y77.356 E297.12248
G1 X213.383 Y76.876 E297.14086
G1 X213.034 Y76.387 E297.16085
G1 X212.659 Y75.959 E297.17977
G1 X212.248 Y75.578 E297.19841
G1 X211.776 Y75.217 E297.21818
G1 X211.272 Y74.909 E297.23782
G1 X210.772 Y74.667 E297.2563
G1 X210.204 Y74.46 E297.2764
G1 X209.611 Y74.269 E297.29713
G1 X208.935 Y73.793 E297.32462
G1 X208.48 Y73.108 E297.35198
G1 X208.343 Y72.435 E297.37482
G1 X208.393 Y71.773 E297.3969
G1 X208.658 Y71.117 E297.42043
G1 X209.127 Y70.586 E297.44399
G1 X209.702 Y70.233 E297.46644
G1 X210.232 Y70.086 E297.48473
G1 X211.332 Y69.941 E297.52163
G1 X213.194 Y70.189 E297.58411
G1 X214.942 Y70.91 E297.647
G1 X216.44 Y72.055 E297.70971
G1 X217.59 Y73.558 E297.77265
G1 X218.311 Y75.306 E297.83554
G1 X218.559 Y77.168 E297.89802
G1 X218.404 Y78.339 E297.93731
G1 X218.142 Y79.06 E297.96282
G1 X218.057 Y79.198 E297.96821
G1 X217.63 Y79.649 E297.98887
G1 X217.047 Y79.99 E298.01134
G1 X216.439 Y80.142 E298.03218
G1 X216.047 Y80.133 E298.04522
G1 X215.48 Y80.008 E298.06453
G1 X214.936 Y79.74 E298.0847
G1 X214.704 Y79.523 E298.09527
G1 X214.218 Y78.854 E298.12277
G0 F3600 X214.579 Y78.669
G1 F1800 X214.274 Y77.75 E298.15498
G1 X214.017 Y77.18 E298.17577
G1 X213.717 Y76.655 E298.19588
G1 X213.347 Y76.136 E298.21708
G1 X212.95 Y75.684 E298.23709
G1 X212.503 Y75.269 E298.25738
G1 X212.004 Y74.888 E298.27826
G1 X211.461 Y74.556 E298.29943
G1 X210.929 Y74.298 E298.3191
G1 X210.327 Y74.079 E298.3404
G1 X209.79 Y73.906 E298.35917
G1 X209.226 Y73.509 E298.38211
G1 X208.857 Y72.953 E298.4043
G1 X208.746 Y72.41 E298.42273
G1 X208.787 Y71.865 E298.44091
G1 X209.003 Y71.331 E298.46007
G1 X209.388 Y70.895 E298.47942
G1 X209.862 Y70.604 E298.49792
G1 X210.284 Y70.483 E298.51252
G1 X211.331 Y70.345 E298.54764
G1 X213.09 Y70.579 E298.60666
G1 X214.741 Y71.26 E298.66606
G1 X216.155 Y72.341 E298.72526
G1 X217.24 Y73.759 E298.78465
G1 X217.921 Y75.41 E298.84405
G1 X218.155 Y77.169 E298.90307
G1 X218.013 Y78.244 E298.93913
G1 X217.766 Y78.923 E298.96316
G1 X217.377 Y79.334 E298.98199
G1 X216.895 Y79.616 E299.00056
G1 X216.394 Y79.741 E299.01773
G1 X216.124 Y79.74 E299.02671
G1 X215.657 Y79.649 E299.04254
G1 X215.164 Y79.406 E299.06082
G1 X215.028 Y79.288 E299.06681
G1 X214.579 Y78.669 E299.09224
G0 F3600 X214.94 Y78.484
G1 F1800 X214.648 Y77.606 E299.12302
G1 X214.375 Y76.999 E299.14515
G1 X214.054 Y76.438 E299.16665
G1 X213.664 Y75.891 E299.189
G1 X213.236 Y75.404 E299.21056
G1 X212.758 Y74.96 E299.23226
G1 X212.232 Y74.559 E299.25426
G1 X211.654 Y74.205 E299.2768
G1 X211.082 Y73.928 E299.29794
G1 X210.45 Y73.698 E299.32031
G1 X209.969 Y73.543 E299.33712
G1 X209.517 Y73.225 E299.3555
G1 X209.233 Y72.797 E299.37258
G1 X209.146 Y72.427 E299.38522
G1 X209.164 Y72 E299.39944
G1 X209.313 Y71.584 E299.41414
G1 X209.597 Y71.236 E299.42908
G1 X210.025 Y70.973 E299.44578
G1 X210.336 Y70.88 E299.45658
G1 X211.33 Y70.749 E299.48993
G1 X212.986 Y70.969 E299.54549
G1 X214.54 Y71.61 E299.6014
G1 X215.87 Y72.627 E299.65709
G1 X216.89 Y73.96 E299.71291
G1 X217.531 Y75.514 E299.76882
G1 X217.751 Y77.17 E299.82439
G1 X217.622 Y78.149 E299.85723
G1 X217.418 Y78.709 E299.87705
G1 X217.164 Y78.995 E299.88977
G1 X216.79 Y79.23 E299.90447
G1 X216.381 Y79.341 E299.91856
G1 X216.201 Y79.347 E299.92455
G1 X215.734 Y79.256 E299.94038
G1 X215.352 Y79.053 E299.95476
G1 X214.94 Y78.484 E299.97813
G0 F3600 X215.32 Y78.358
G1 F1800 X215.022 Y77.462 E300.00954
G1 X214.733 Y76.818 E300.03301
G1 X214.391 Y76.221 E300.0559
G1 X213.981 Y75.646 E300.07938
G1 X213.522 Y75.124 E300.1025
G1 X213.013 Y74.651 E300.12561
G1 X212.461 Y74.23 E300.1487
G1 X211.847 Y73.854 E300.17265
G1 X211.235 Y73.558 E300.19526
G1 X210.571 Y73.316 E300.21877
G1 X210.183 Y73.205 E300.23219
G1 X209.84 Y72.988 E300.24569
G1 X209.617 Y72.684 E300.25823
G1 X209.546 Y72.444 E300.26655
G1 X209.564 Y72.017 E300.28077
G1 X209.681 Y71.74 E300.29077
G1 X209.817 Y71.57 E300.29801
G1 X210.146 Y71.354 E300.3111
G1 X210.388 Y71.277 E300.31955
G1 X211.329 Y71.153 E300.35112
G1 X212.882 Y71.359 E300.40322
G1 X214.339 Y71.96 E300.45564
G1 X215.585 Y72.913 E300.50782
G1 X216.54 Y74.161 E300.56008
G1 X217.141 Y75.618 E300.61251
G1 X217.347 Y77.171 E300.66461
G1 X217.225 Y78.097 E300.69568
G1 X217.068 Y78.501 E300.71009
G1 X216.932 Y78.669 E300.71728
G1 X216.686 Y78.844 E300.72732
G1 X216.278 Y78.954 E300.74138
G1 X215.811 Y78.863 E300.7572
G1 X215.622 Y78.745 E300.76461
G1 X215.32 Y78.358 E300.78094
G0 F3600 X216.038 Y78.011
G1 F1800 X216.017 Y77.917 E300.78414
G1 X215.771 Y77.178 E300.81005
G1 X215.447 Y76.454 E300.83643
G1 X215.069 Y75.794 E300.86173
G1 X214.609 Y75.15 E300.88805
G1 X214.094 Y74.564 E300.914
G1 X213.527 Y74.037 E300.93974
G1 X212.913 Y73.569 E300.96542
G1 X212.233 Y73.152 E300.99195
G1 X211.541 Y72.818 E301.01751
G1 X210.803 Y72.548 E301.04365
G1 X210.469 Y72.463 E301.05511
G1 X210.363 Y72.396 E301.05928
G1 X210.318 Y72.279 E301.06345
G1 X210.351 Y72.159 E301.06759
G1 X210.492 Y72.071 E301.07312
G1 X211.328 Y71.961 E301.10116
G1 X212.675 Y72.139 E301.14635
G1 X213.936 Y72.659 E301.19172
G1 X215.015 Y73.485 E301.23692
G1 X215.841 Y74.564 E301.28211
G1 X216.361 Y75.825 E301.32748
G1 X216.539 Y77.172 E301.37267
G1 X216.431 Y77.993 E301.40021
G1 X216.377 Y78.106 E301.40438
G1 X216.267 Y78.164 E301.40851
G1 X216.143 Y78.146 E301.41268
G1 X216.038 Y78.011 E301.41837
G0 F3600 X215.7 Y78.232
G1 F1800 X215.396 Y77.318 E301.45041
G1 X215.091 Y76.638 E301.47519
G1 X214.728 Y76.004 E301.49949
G1 X214.298 Y75.401 E301.52412
G1 X213.808 Y74.844 E301.5488
G1 X213.268 Y74.342 E301.57332
G1 X212.69 Y73.901 E301.5975
G1 X212.04 Y73.503 E301.62285
G1 X211.388 Y73.188 E301.64694
G1 X210.687 Y72.932 E301.67176
G1 X210.37 Y72.851 E301.68264
G1 X210.149 Y72.734 E301.69096
G1 X209.99 Y72.54 E301.6993
G1 X209.945 Y72.423 E301.70347
G1 X209.932 Y72.173 E301.7118
G1 X210.049 Y71.896 E301.7218
G1 X210.281 Y71.731 E301.73127
G1 X210.44 Y71.674 E301.73688
G1 X211.328 Y71.557 E301.76667
G1 X212.778 Y71.749 E301.81532
G1 X214.138 Y72.31 E301.86425
G1 X215.3 Y73.199 E301.91291
G1 X216.19 Y74.362 E301.96162
G1 X216.751 Y75.722 E302.01055
G1 X216.943 Y77.172 E302.0592
G1 X216.828 Y78.045 E302.08849
G1 X216.7 Y78.343 E302.09928
G1 X216.454 Y78.518 E302.10932
G1 X216.21 Y78.56 E302.11755
G1 X215.92 Y78.478 E302.12758
G1 X215.7 Y78.232 E302.13855
G1 F1500 E295.63855
G0 F3600 X216.015 Y129.037
G1 F1500 E302.13855
G1 F1800 X216.911 Y129.105 E302.16844
G1 X217.811 Y129.468 E302.20072
G1 X218.532 Y130.105 E302.23272
G1 X219.008 Y130.882 E302.26302
G1 X219.208 Y131.628 E302.28871
G1 X219.366 Y132.83 E302.32903
G1 X219.09 Y134.906 E302.39869
G1 X218.29 Y136.844 E302.46842
G1 X217.017 Y138.51 E302.53816
G1 X215.344 Y139.79 E302.60822
G1 X213.406 Y140.59 E302.67796
G1 X211.33 Y140.866 E302.74761
G1 X209.959 Y140.686 E302.7936
G1 X208.978 Y140.31 E302.82854
G1 X208.205 Y139.619 E302.86303
G1 X207.782 Y138.877 E302.89144
G1 X207.587 Y138.169 E302.91586
G1 X207.56 Y137.36 E302.94278
G1 X207.822 Y136.451 E302.97425
G1 X208.409 Y135.626 E303.00793
G1 X209.283 Y134.995 E303.04378
G1 X210.314 Y134.653 E303.07991
G1 X211.011 Y134.338 E303.10535
G1 X211.623 Y133.902 E303.13034
G1 X212.156 Y133.434 E303.15393
G1 X212.626 Y132.82 E303.17965
G1 X213.014 Y132.183 E303.20446
G1 X213.294 Y131.415 E303.23165
G1 X213.505 Y130.753 E303.25476
G1 X214.139 Y129.853 E303.29137
G1 X215.082 Y129.226 E303.32904
G1 X216.015 Y129.037 E303.3607
G0 F3600 X216.04 Y129.44
G1 F1800 X216.819 Y129.499 E303.38668
G1 X217.597 Y129.813 E303.41459
G1 X218.223 Y130.366 E303.44237
G1 X218.637 Y131.041 E303.4687
G1 X218.811 Y131.68 E303.49073
G1 X218.962 Y132.829 E303.52928
G1 X218.7 Y134.802 E303.59547
G1 X217.94 Y136.643 E303.66172
G1 X216.731 Y138.225 E303.72794
G1 X215.143 Y139.44 E303.79445
G1 X213.302 Y140.2 E303.86069
G1 X211.329 Y140.462 E303.92689
G1 X210.058 Y140.295 E303.96953
G1 X209.189 Y139.962 E304.00048
G1 X208.519 Y139.363 E304.03037
G1 X208.155 Y138.725 E304.0548
G1 X207.985 Y138.108 E304.07609
G1 X207.962 Y137.408 E304.09938
G1 X208.187 Y136.628 E304.12638
G1 X208.698 Y135.911 E304.15567
G1 X209.465 Y135.356 E304.18715
G1 X210.462 Y135.026 E304.22208
G1 X210.96 Y134.801 E304.24026
G1 X211.419 Y134.539 E304.25784
G1 X211.868 Y134.219 E304.27618
G1 X212.257 Y133.877 E304.2934
G1 X212.621 Y133.485 E304.3112
G1 X212.957 Y133.046 E304.32958
G1 X213.239 Y132.583 E304.34761
G1 X213.462 Y132.123 E304.36462
G1 X213.674 Y131.539 E304.38528
G1 X213.868 Y130.932 E304.40648
G1 X214.423 Y130.144 E304.43853
G1 X215.237 Y129.603 E304.47104
G1 X216.04 Y129.44 E304.49829
G0 F3600 X216.065 Y129.843
G1 F1800 X216.727 Y129.893 E304.52037
G1 X217.383 Y130.158 E304.54391
G1 X217.914 Y130.627 E304.56747
G1 X218.267 Y131.202 E304.58991
G1 X218.414 Y131.732 E304.6082
G1 X218.559 Y132.832 E304.64511
G1 X218.311 Y134.694 E304.70758
G1 X217.59 Y136.442 E304.77047
G1 X216.445 Y137.94 E304.83319
G1 X214.942 Y139.09 E304.89613
G1 X213.194 Y139.811 E304.95902
G1 X211.332 Y140.059 E305.0215
G1 X210.157 Y139.904 E305.06092
G1 X209.4 Y139.614 E305.08788
G1 X208.833 Y139.107 E305.11318
G1 X208.529 Y138.574 E305.13359
G1 X208.383 Y138.046 E305.15181
G1 X208.364 Y137.457 E305.17141
G1 X208.552 Y136.806 E305.19394
G1 X208.986 Y136.197 E305.21882
G1 X209.649 Y135.717 E305.24604
G1 X210.606 Y135.4 E305.27957
G1 X211.141 Y135.159 E305.29909
G1 X211.636 Y134.876 E305.31805
G1 X212.113 Y134.536 E305.33753
G1 X212.536 Y134.164 E305.35627
G1 X212.924 Y133.746 E305.37524
G1 X213.292 Y133.266 E305.39536
G1 X213.589 Y132.779 E305.41433
G1 X213.832 Y132.276 E305.43291
G1 X214.05 Y131.676 E305.45414
G1 X214.231 Y131.111 E305.47387
G1 X214.707 Y130.435 E305.50137
G1 X215.392 Y129.98 E305.52872
G1 X216.065 Y129.843 E305.55157
G0 F3600 X216.09 Y130.246
G1 F1800 X216.635 Y130.287 E305.56974
G1 X217.169 Y130.503 E305.5889
G1 X217.605 Y130.888 E305.60825
G1 X217.896 Y131.362 E305.62675
G1 X218.017 Y131.784 E305.64135
G1 X218.155 Y132.831 E305.67647
G1 X217.921 Y134.59 E305.73549
G1 X217.24 Y136.241 E305.79489
G1 X216.159 Y137.655 E305.85409
G1 X214.741 Y138.74 E305.91348
G1 X213.09 Y139.421 E305.97288
G1 X211.331 Y139.655 E306.0319
G1 X210.252 Y139.513 E306.0681
G1 X209.613 Y139.268 E306.09086
G1 X209.1 Y138.809 E306.11375
G1 X208.885 Y138.391 E306.12939
G1 X208.77 Y137.946 E306.14467
G1 X208.766 Y137.507 E306.15928
G1 X208.917 Y136.984 E306.17738
G1 X209.274 Y136.483 E306.19784
G1 X209.833 Y136.078 E306.2208
G1 X210.75 Y135.774 E306.25293
G1 X211.322 Y135.517 E306.27379
G1 X211.853 Y135.213 E306.29414
G1 X212.358 Y134.853 E306.31477
G1 X212.816 Y134.45 E306.33506
G1 X213.227 Y134.007 E306.35516
G1 X213.622 Y133.492 E306.37675
G1 X213.941 Y132.969 E306.39712
G1 X214.202 Y132.429 E306.41707
G1 X214.426 Y131.813 E306.43887
G1 X214.594 Y131.29 E306.45714
G1 X214.991 Y130.726 E306.48008
G1 X215.547 Y130.357 E306.50227
G1 X216.09 Y130.246 E306.52071
G0 F3600 X216.073 Y130.646
G1 F1800 X216.5 Y130.664 E306.53492
G1 X216.916 Y130.813 E306.54962
G1 X217.264 Y131.097 E306.56456
G1 X217.527 Y131.525 E306.58127
G1 X217.62 Y131.836 E306.59206
G1 X217.751 Y132.83 E306.62541
G1 X217.531 Y134.486 E306.68097
G1 X216.89 Y136.04 E306.73688
G1 X215.873 Y137.37 E306.79257
G1 X214.54 Y138.39 E306.8484
G1 X212.986 Y139.031 E306.90431
G1 X211.33 Y139.251 E306.95987
G1 X210.351 Y139.122 E306.99271
G1 X209.824 Y138.92 E307.01149
G1 X209.422 Y138.56 E307.02943
G1 X209.27 Y138.282 E307.03997
G1 X209.17 Y137.928 E307.05221
G1 X209.155 Y137.601 E307.06309
G1 X209.252 Y137.202 E307.07675
G1 X209.509 Y136.807 E307.09243
G1 X210.017 Y136.439 E307.11329
G1 X210.894 Y136.148 E307.14402
G1 X211.502 Y135.875 E307.16619
G1 X212.063 Y135.554 E307.18769
G1 X212.609 Y135.164 E307.21
G1 X213.096 Y134.736 E307.23157
G1 X213.536 Y134.262 E307.25308
G1 X213.948 Y133.724 E307.27562
G1 X214.294 Y133.157 E307.29771
G1 X214.572 Y132.582 E307.31895
G1 X214.802 Y131.95 E307.34132
G1 X214.957 Y131.469 E307.35813
G1 X215.275 Y131.017 E307.37651
G1 X215.703 Y130.733 E307.39359
G1 X216.073 Y130.646 E307.40624
G0 F3600 X216.056 Y131.046
G1 F1800 X216.483 Y131.064 E307.42045
G1 X216.76 Y131.181 E307.43045
G1 X216.93 Y131.317 E307.43769
G1 X217.146 Y131.646 E307.45078
G1 X217.223 Y131.888 E307.45923
G1 X217.347 Y132.829 E307.4908
G1 X217.141 Y134.382 E307.5429
G1 X216.54 Y135.839 E307.59532
G1 X215.587 Y137.085 E307.6475
G1 X214.339 Y138.04 E307.69977
G1 X212.882 Y138.641 E307.75219
G1 X211.329 Y138.847 E307.80429
G1 X210.403 Y138.725 E307.83536
G1 X210.078 Y138.611 E307.84681
G1 X209.764 Y138.353 E307.86033
G1 X209.655 Y138.173 E307.86733
G1 X209.555 Y137.819 E307.87956
G1 X209.555 Y137.601 E307.88681
G1 X209.637 Y137.311 E307.89684
G1 X209.755 Y137.122 E307.90425
G1 X210.143 Y136.819 E307.92062
G1 X211.038 Y136.522 E307.95199
G1 X211.682 Y136.233 E307.97546
G1 X212.278 Y135.892 E307.9983
G1 X212.856 Y135.479 E308.02193
G1 X213.376 Y135.022 E308.04495
G1 X213.845 Y134.517 E308.06788
G1 X214.274 Y133.956 E308.09137
G1 X214.647 Y133.345 E308.11518
G1 X214.942 Y132.735 E308.13771
G1 X215.184 Y132.071 E308.16122
G1 X215.295 Y131.683 E308.17464
G1 X215.512 Y131.34 E308.18814
G1 X215.816 Y131.117 E308.20068
G1 X216.056 Y131.046 E308.20901
G0 F3600 X216.221 Y131.818
G1 F1800 X216.341 Y131.851 E308.21314
G1 X216.429 Y131.992 E308.21867
G1 X216.539 Y132.828 E308.24672
G1 X216.361 Y134.175 E308.29191
G1 X215.841 Y135.436 E308.33728
G1 X215.015 Y136.515 E308.38247
G1 X213.936 Y137.341 E308.42767
G1 X212.675 Y137.861 E308.47303
G1 X211.328 Y138.039 E308.51823
G1 X210.507 Y137.931 E308.54577
G1 X210.394 Y137.877 E308.54993
G1 X210.336 Y137.767 E308.55407
G1 X210.354 Y137.643 E308.55824
G1 X210.489 Y137.538 E308.56393
G1 X210.583 Y137.517 E308.56713
G1 X211.322 Y137.271 E308.59303
G1 X212.046 Y136.947 E308.61942
G1 X212.708 Y136.568 E308.64479
G1 X213.35 Y136.109 E308.67104
G1 X213.936 Y135.594 E308.69698
G1 X214.463 Y135.027 E308.72273
G1 X214.932 Y134.412 E308.74845
G1 X215.349 Y133.731 E308.77501
G1 X215.682 Y133.041 E308.8005
G1 X215.952 Y132.303 E308.82663
G1 X216.037 Y131.969 E308.8381
G1 X216.104 Y131.863 E308.84227
G1 X216.221 Y131.818 E308.84644
G0 F3600 X216.077 Y131.445
G1 F1800 X216.327 Y131.432 E308.85476
G1 X216.604 Y131.549 E308.86476
G1 X216.769 Y131.781 E308.87423
G1 X216.826 Y131.94 E308.87985
G1 X216.943 Y132.828 E308.90964
G1 X216.751 Y134.278 E308.95829
G1 X216.19 Y135.638 E309.00722
G1 X215.301 Y136.8 E309.05588
G1 X214.138 Y137.69 E309.10459
G1 X212.778 Y138.251 E309.15352
G1 X211.328 Y138.443 E309.20217
G1 X210.455 Y138.328 E309.23146
G1 X210.222 Y138.238 E309.23976
G1 X210.04 Y138.064 E309.24814
G1 X209.94 Y137.71 E309.26037
G1 X210.022 Y137.42 E309.2704
G1 X210.269 Y137.199 E309.28142
G1 X211.182 Y136.896 E309.31342
G1 X211.862 Y136.591 E309.3382
G1 X212.493 Y136.23 E309.36238
G1 X213.103 Y135.794 E309.38732
G1 X213.656 Y135.308 E309.41181
G1 X214.154 Y134.772 E309.43614
G1 X214.603 Y134.184 E309.46075
G1 X214.998 Y133.538 E309.48593
G1 X215.312 Y132.888 E309.50994
G1 X215.568 Y132.187 E309.53476
G1 X215.649 Y131.87 E309.54565
G1 X215.766 Y131.649 E309.55396
G1 X215.96 Y131.49 E309.56231
G1 X216.077 Y131.445 E309.56647
G1 F1500 E303.06647
G0 F3600 X209.153 Y79.347
G0 X89.178 Y73.55
G1 F1500 E309.56647
G1 F1800 X88.591 Y74.373 E309.6001
G1 X87.718 Y75.005 E309.63594
G1 X86.69 Y75.346 E309.67197
G1 X85.992 Y75.661 E309.69744
G1 X85.386 Y76.093 E309.72219
G1 X85.013 Y76.419 E309.73867
G1 X84.383 Y77.166 E309.77117
G1 X83.982 Y77.823 E309.79677
G1 X83.439 Y79.328 E309.84998
G1 X82.84 Y80.164 E309.88419
G1 X82.125 Y80.646 E309.91287
G1 X81.264 Y80.936 E309.94309
G1 X80.423 Y80.961 E309.97107
G1 X79.485 Y80.681 E310.00363
G1 X78.753 Y80.209 E310.0326
G1 X78.412 Y79.804 E310.05021
G1 X77.99 Y79.119 E310.07697
G1 X77.792 Y78.372 E310.10267
G1 X77.634 Y77.17 E310.14299
G1 X77.91 Y75.094 E310.21265
G1 X78.71 Y73.156 E310.28238
G1 X79.983 Y71.49 E310.35212
G1 X81.656 Y70.21 E310.42218
G1 X83.594 Y69.41 E310.49192
G1 X85.67 Y69.134 E310.56157
G1 X87.041 Y69.314 E310.60756
G1 X88.022 Y69.69 E310.6425
G1 X88.795 Y70.381 E310.67699
G1 X89.218 Y71.123 E310.7054
G1 X89.413 Y71.831 E310.72982
G1 X89.44 Y72.64 E310.75675
G1 X89.178 Y73.55 E310.78824
G0 F3600 X88.813 Y73.372
G1 F1800 X88.302 Y74.089 E310.81753
G1 X87.535 Y74.644 E310.84901
G1 X86.542 Y74.973 E310.88381
G1 X85.794 Y75.311 E310.91111
G1 X85.141 Y75.776 E310.93777
G1 X84.734 Y76.132 E310.95576
G1 X84.378 Y76.516 E310.97317
G1 X84.053 Y76.94 E310.99094
G1 X83.757 Y77.425 E311.00984
G1 X83.536 Y77.881 E311.02669
G1 X83.082 Y79.14 E311.07121
G1 X82.558 Y79.871 E311.10112
G1 X81.944 Y80.285 E311.12575
G1 X81.193 Y80.538 E311.15211
G1 X80.474 Y80.559 E311.17603
G1 X79.655 Y80.315 E311.20446
G1 X79.02 Y79.905 E311.2296
G1 X78.752 Y79.594 E311.24325
G1 X78.361 Y78.96 E311.26802
G1 X78.189 Y78.32 E311.29007
G1 X78.038 Y77.171 E311.32861
G1 X78.3 Y75.198 E311.39481
G1 X79.06 Y73.357 E311.46105
G1 X80.269 Y71.775 E311.52728
G1 X81.857 Y70.56 E311.59378
G1 X83.698 Y69.8 E311.66003
G1 X85.671 Y69.538 E311.72622
G1 X86.942 Y69.705 E311.76886
G1 X87.811 Y70.038 E311.79981
G1 X88.481 Y70.637 E311.8297
G1 X88.845 Y71.275 E311.85414
G1 X89.015 Y71.892 E311.87542
G1 X89.038 Y72.592 E311.89872
G1 X88.813 Y73.372 E311.92572
G0 F3600 X88.448 Y73.194
G1 F1800 X88.014 Y73.803 E311.95059
G1 X87.351 Y74.283 E311.97781
G1 X86.394 Y74.6 E312.01134
G1 X85.856 Y74.843 E312.03098
G1 X85.376 Y75.117 E312.04936
G1 X84.89 Y75.463 E312.0692
G1 X84.459 Y75.841 E312.08827
G1 X84.075 Y76.255 E312.10705
G1 X83.72 Y76.718 E312.12646
G1 X83.406 Y77.232 E312.14649
G1 X83.167 Y77.726 E312.16474
G1 X82.725 Y78.952 E312.20809
G1 X82.276 Y79.578 E312.23371
G1 X81.763 Y79.924 E312.25429
G1 X81.122 Y80.14 E312.27679
G1 X80.525 Y80.157 E312.29665
G1 X79.825 Y79.949 E312.32094
G1 X79.284 Y79.599 E312.34237
G1 X79.092 Y79.384 E312.35196
G1 X78.733 Y78.802 E312.3747
G1 X78.586 Y78.268 E312.39313
G1 X78.441 Y77.168 E312.43003
G1 X78.689 Y75.306 E312.49251
G1 X79.41 Y73.558 E312.5554
G1 X80.555 Y72.06 E312.61811
G1 X82.058 Y70.91 E312.68105
G1 X83.806 Y70.189 E312.74394
G1 X85.668 Y69.941 E312.80642
G1 X86.843 Y70.096 E312.84584
G1 X87.6 Y70.386 E312.8728
G1 X88.167 Y70.893 E312.8981
G1 X88.471 Y71.426 E312.91851
G1 X88.617 Y71.954 E312.93673
G1 X88.636 Y72.543 E312.95633
G1 X88.448 Y73.194 E312.97887
G0 F3600 X88.083 Y73.016
G1 F1800 X87.726 Y73.517 E312.99933
G1 X87.167 Y73.922 E313.02229
G1 X86.25 Y74.226 E313.05442
G1 X85.68 Y74.483 E313.07521
G1 X85.155 Y74.783 E313.09533
G1 X84.636 Y75.153 E313.11652
G1 X84.184 Y75.55 E313.13653
G1 X83.769 Y75.997 E313.15682
G1 X83.385 Y76.498 E313.17782
G1 X83.057 Y77.036 E313.19877
G1 X82.798 Y77.571 E313.21854
G1 X82.368 Y78.764 E313.26072
G1 X81.994 Y79.285 E313.28205
G1 X81.582 Y79.563 E313.29858
G1 X81.051 Y79.742 E313.31722
G1 X80.579 Y79.755 E313.33293
G1 X79.992 Y79.581 E313.35329
G1 X79.547 Y79.293 E313.37092
G1 X79.433 Y79.174 E313.3764
G1 X79.104 Y78.64 E313.39726
G1 X78.983 Y78.216 E313.41193
G1 X78.845 Y77.169 E313.44705
G1 X79.079 Y75.41 E313.50607
G1 X79.76 Y73.759 E313.56547
G1 X80.841 Y72.345 E313.62467
G1 X82.259 Y71.26 E313.68406
G1 X83.91 Y70.579 E313.74346
G1 X85.669 Y70.345 E313.80248
G1 X86.748 Y70.487 E313.83867
G1 X87.387 Y70.732 E313.86143
G1 X87.9 Y71.191 E313.88433
G1 X88.115 Y71.609 E313.89996
G1 X88.23 Y72.054 E313.91525
G1 X88.234 Y72.493 E313.92985
G1 X88.083 Y73.016 E313.94796
G0 F3600 X87.748 Y72.798
G1 F1800 X87.491 Y73.193 E313.96363
G1 X86.983 Y73.561 E313.9845
G1 X86.106 Y73.852 E314.01523
G1 X85.499 Y74.125 E314.03737
G1 X84.938 Y74.446 E314.05886
G1 X84.391 Y74.836 E314.08121
G1 X83.904 Y75.264 E314.10277
G1 X83.46 Y75.742 E314.12447
G1 X83.059 Y76.266 E314.14642
G1 X82.704 Y76.848 E314.16909
G1 X82.428 Y77.418 E314.19015
G1 X82.199 Y78.045 E314.21236
G1 X82.043 Y78.531 E314.22933
G1 X81.712 Y78.992 E314.24821
G1 X81.358 Y79.231 E314.26241
G1 X80.935 Y79.359 E314.27711
G1 X80.584 Y79.355 E314.28879
G1 X80.118 Y79.201 E314.30511
G1 X79.774 Y78.964 E314.31901
G1 X79.473 Y78.475 E314.3381
G1 X79.38 Y78.164 E314.3489
G1 X79.249 Y77.17 E314.38225
G1 X79.469 Y75.514 E314.43781
G1 X80.11 Y73.96 E314.49372
G1 X81.127 Y72.63 E314.54941
G1 X82.46 Y71.61 E314.60523
G1 X84.014 Y70.969 E314.66114
G1 X85.67 Y70.749 E314.71671
G1 X86.649 Y70.878 E314.74955
G1 X87.176 Y71.08 E314.76832
G1 X87.578 Y71.44 E314.78627
G1 X87.73 Y71.718 E314.79681
G1 X87.83 Y72.072 E314.80904
G1 X87.845 Y72.399 E314.81993
G1 X87.748 Y72.798 E314.83359
G0 F3600 X87.363 Y72.689
G1 F1800 X87.245 Y72.878 E314.841
G1 X86.857 Y73.181 E314.85737
G1 X85.962 Y73.478 E314.88874
G1 X85.318 Y73.767 E314.91221
G1 X84.721 Y74.109 E314.9351
G1 X84.146 Y74.519 E314.95859
G1 X83.624 Y74.978 E314.98171
G1 X83.151 Y75.487 E315.00482
G1 X82.73 Y76.038 E315.02788
G1 X82.353 Y76.655 E315.05193
G1 X82.058 Y77.265 E315.07447
G1 X81.817 Y77.925 E315.09783
G1 X81.705 Y78.317 E315.11139
G1 X81.488 Y78.66 E315.12489
G1 X81.134 Y78.899 E315.1391
G1 X80.841 Y78.97 E315.14913
G1 X80.608 Y78.956 E315.15689
G1 X80.257 Y78.826 E315.16934
G1 X80.07 Y78.683 E315.17717
G1 X79.854 Y78.354 E315.19026
G1 X79.777 Y78.112 E315.19871
G1 X79.653 Y77.171 E315.23028
G1 X79.859 Y75.618 E315.28238
G1 X80.46 Y74.161 E315.3348
G1 X81.413 Y72.915 E315.38698
G1 X82.661 Y71.96 E315.43924
G1 X84.118 Y71.359 E315.49166
G1 X85.671 Y71.153 E315.54377
G1 X86.597 Y71.275 E315.57483
G1 X86.922 Y71.389 E315.58629
G1 X87.236 Y71.647 E315.59981
G1 X87.345 Y71.827 E315.60681
G1 X87.445 Y72.181 E315.61904
G1 X87.445 Y72.399 E315.62629
G1 X87.363 Y72.689 E315.63631
G0 F3600 X86.646 Y72.357
G1 F1800 X86.511 Y72.462 E315.642
G1 X86.417 Y72.483 E315.64521
G1 X85.678 Y72.729 E315.67111
G1 X84.954 Y73.053 E315.69749
G1 X84.294 Y73.431 E315.72279
G1 X83.65 Y73.891 E315.74911
G1 X83.064 Y74.406 E315.77506
G1 X82.537 Y74.973 E315.80081
G1 X82.069 Y75.587 E315.82648
G1 X81.651 Y76.269 E315.85309
G1 X81.318 Y76.959 E315.87857
G1 X81.048 Y77.697 E315.90471
G1 X80.963 Y78.031 E315.91617
G1 X80.896 Y78.137 E315.92034
G1 X80.779 Y78.182 E315.92451
G1 X80.659 Y78.149 E315.92865
G1 X80.571 Y78.008 E315.93418
G1 X80.461 Y77.172 E315.96222
G1 X80.639 Y75.825 E316.00742
G1 X81.159 Y74.564 E316.05278
G1 X81.985 Y73.485 E316.09798
G1 X83.064 Y72.659 E316.14317
G1 X84.325 Y72.139 E316.18854
G1 X85.672 Y71.961 E316.23373
G1 X86.493 Y72.069 E316.26127
G1 X86.606 Y72.123 E316.26544
G1 X86.664 Y72.233 E316.26958
G1 X86.646 Y72.357 E316.27374
G0 F3600 X86.978 Y72.58
G1 F1800 X86.731 Y72.801 E316.28477
G1 X85.818 Y73.104 E316.31676
G1 X85.138 Y73.409 E316.34155
G1 X84.504 Y73.772 E316.36585
G1 X83.901 Y74.202 E316.39048
G1 X83.344 Y74.692 E316.41516
G1 X82.842 Y75.232 E316.43968
G1 X82.401 Y75.81 E316.46386
G1 X82.002 Y76.462 E316.48928
G1 X81.688 Y77.112 E316.51329
G1 X81.432 Y77.813 E316.53811
G1 X81.351 Y78.13 E316.549
G1 X81.234 Y78.351 E316.55731
G1 X81.04 Y78.51 E316.56566
G1 X80.747 Y78.581 E316.57568
G1 X80.396 Y78.451 E316.58813
G1 X80.231 Y78.219 E316.5976
G1 X80.174 Y78.06 E316.60322
G1 X80.057 Y77.172 E316.63301
G1 X80.249 Y75.722 E316.68166
G1 X80.81 Y74.362 E316.73059
G1 X81.699 Y73.2 E316.77925
G1 X82.862 Y72.31 E316.82796
G1 X84.222 Y71.749 E316.87689
G1 X85.672 Y71.557 E316.92554
G1 X86.545 Y71.672 E316.95483
G1 X86.778 Y71.762 E316.96313
G1 X86.96 Y71.936 E316.97151
G1 X87.06 Y72.29 E316.98374
G1 X86.978 Y72.58 E316.99377
G1 F1500 E310.49377
G0 F3600 X82.271 Y73.771
G1 F1500 E316.99377
G1 F1800 X83.268 Y73.007 E317.03554
G1 X84.431 Y72.527 E317.07739
G1 X85.446 Y72.393 E317.11144
G1 X84.79 Y72.687 E317.13535
G1 X84.773 Y72.697 E317.13601
G1 X84.079 Y73.095 E317.16262
G1 X84.062 Y73.105 E317.16327
G1 X83.412 Y73.57 E317.18985
G1 X83.396 Y73.583 E317.19054
G1 X82.795 Y74.111 E317.21715
G1 X82.781 Y74.125 E317.21781
G1 X82.236 Y74.71 E317.2444
G1 X82.223 Y74.725 E317.24506
G1 X81.739 Y75.361 E317.27164
G1 X81.727 Y75.377 E317.27231
G1 X81.309 Y76.059 E317.29891
G1 X81.3 Y76.077 E317.29958
G1 X80.952 Y76.797 E317.32618
G1 X80.944 Y76.815 E317.32683
G1 X80.892 Y76.958 E317.33189
G1 X81.027 Y75.931 E317.36635
G1 X81.507 Y74.768 E317.40819
G1 X82.271 Y73.771 E317.44997
G1 F1500 E310.94997
G0 F3600 X80.893 Y133.054
G1 F1500 E317.44997
G1 F1800 X81.187 Y133.71 E317.47388
G1 X81.197 Y133.727 E317.47454
G1 X81.595 Y134.421 E317.50114
G1 X81.605 Y134.438 E317.5018
G1 X82.07 Y135.088 E317.52838
G1 X82.083 Y135.104 E317.52907
G1 X82.611 Y135.705 E317.55568
G1 X82.625 Y135.719 E317.55633
G1 X83.21 Y136.264 E317.58293
G1 X83.225 Y136.277 E317.58359
G1 X83.861 Y136.761 E317.61017
G1 X83.877 Y136.773 E317.61083
G1 X84.559 Y137.191 E317.63744
G1 X84.577 Y137.2 E317.63811
G1 X85.297 Y137.548 E317.66471
G1 X85.315 Y137.556 E317.66536
G1 X85.458 Y137.608 E317.67042
G1 X84.431 Y137.473 E317.70487
G1 X83.268 Y136.993 E317.74672
G1 X82.271 Y136.229 E317.7885
G1 X81.507 Y135.232 E317.83027
G1 X81.027 Y134.069 E317.87212
G1 X80.893 Y133.054 E317.90617
G1 F1500 E311.40617
G0 F3600 X211.554 Y137.607
G1 F1500 E317.90617
G1 F1800 X212.21 Y137.313 E317.93008
G1 X212.227 Y137.303 E317.93074
G1 X212.921 Y136.905 E317.95735
G1 X212.938 Y136.895 E317.958
G1 X213.588 Y136.43 E317.98459
G1 X213.604 Y136.417 E317.98527
G1 X214.205 Y135.889 E318.01188
G1 X214.219 Y135.875 E318.01254
G1 X214.764 Y135.29 E318.03913
G1 X214.777 Y135.275 E318.03979
G1 X215.261 Y134.639 E318.06637
G1 X215.273 Y134.623 E318.06704
G1 X215.691 Y133.941 E318.09364
G1 X215.7 Y133.923 E318.09431
G1 X216.048 Y133.203 E318.12091
G1 X216.056 Y133.185 E318.12156
G1 X216.108 Y133.042 E318.12663
G1 X215.973 Y134.069 E318.16108
G1 X215.493 Y135.232 E318.20292
G1 X214.729 Y136.229 E318.2447
G1 X213.732 Y136.993 E318.28648
G1 X212.569 Y137.473 E318.32832
G1 X211.554 Y137.607 E318.36238
G1 F1500 E311.86238
G0 F3600 X216.107 Y76.946
G1 F1500 E318.36238
G1 F1800 X215.813 Y76.29 E318.38629
G1 X215.803 Y76.273 E318.38694
G1 X215.405 Y75.579 E318.41355
G1 X215.395 Y75.562 E318.41421
G1 X214.93 Y74.912 E318.44079
G1 X214.917 Y74.896 E318.44147
G1 X214.389 Y74.295 E318.46808
G1 X214.375 Y74.281 E318.46874
G1 X213.79 Y73.736 E318.49533
G1 X213.775 Y73.723 E318.49599
G1 X213.139 Y73.239 E318.52258
G1 X213.123 Y73.227 E318.52324
G1 X212.441 Y72.809 E318.54985
G1 X212.423 Y72.8 E318.55052
G1 X211.703 Y72.452 E318.57711
G1 X211.685 Y72.444 E318.57777
G1 X211.542 Y72.392 E318.58283
G1 X212.569 Y72.527 E318.61728
G1 X213.732 Y73.007 E318.65913
G1 X214.729 Y73.771 E318.7009
G1 X215.493 Y74.768 E318.74268
G1 X215.973 Y75.931 E318.78453
G1 X216.107 Y76.946 E318.81858
G1 F1500 E312.31858
;MESH:manette_1-Body_(Meshed).stl
G0 F3600 X209.165 Y80.424
G0 X208.076 Y80.424
G0 X207.5 Y129
;TYPE:WALL-INNER
G1 F1500 E318.81858
G1 F1800 X207.5 Y81 E320.41507
G1 X89.5 Y81 E324.33976
G1 X89.5 Y129 E325.93625
G1 X207.5 Y129 E329.86095
G0 F3600 X207.9 Y129.4
G1 F1800 X207.9 Y80.6 E331.48404
G1 X89.1 Y80.6 E335.43534
G1 X89.1 Y129.4 E337.05844
G1 X207.9 Y129.4 E341.00974
G0 F3600 X207.62 Y129.12
G0 X164.528 Y108.872
G1 F1800 X163.489 Y109.003 E341.04457
G1 X162.462 Y108.87 E341.07902
G1 X161.499 Y108.47 E341.1137
G1 X160.671 Y107.842 E341.14826
G1 X160.027 Y107.006 E341.18336
G1 X159.625 Y106.037 E341.21826
G1 X159.492 Y105 E341.25303
G1 X159.625 Y103.961 E341.28787
G1 X160.026 Y102.994 E341.32269
G1 X160.665 Y102.162 E341.35758
G1 X161.498 Y101.527 E341.39242
G1 X162.464 Y101.126 E341.4272
G1 X163.492 Y100.993 E341.46168
G1 X164.536 Y101.128 E341.49669
G1 X165.505 Y101.528 E341.53156
G1 X166.335 Y102.166 E341.56638
G1 X166.977 Y103.015 E341.60178
G1 X167.367 Y103.959 E341.63575
G1 X167.502 Y105 E341.67067
G1 X167.374 Y106.02 E341.70486
G1 X166.967 Y107.009 E341.74043
G1 X166.34 Y107.826 E341.77468
G1 X165.505 Y108.468 E341.80971
G1 X164.528 Y108.872 E341.84488
G0 F3600 X164.43 Y108.482
G1 F1800 X163.492 Y108.601 E341.87633
G1 X162.571 Y108.478 E341.90723
G1 X161.702 Y108.118 E341.93852
G1 X160.948 Y107.547 E341.96997
G1 X160.383 Y106.806 E342.00097
G1 X160.021 Y105.934 E342.03237
G1 X159.894 Y105.002 E342.06365
G1 X160.014 Y104.066 E342.09504
G1 X160.377 Y103.195 E342.12642
G1 X160.953 Y102.443 E342.15793
G1 X161.702 Y101.878 E342.18914
G1 X162.571 Y101.513 E342.22048
G1 X163.497 Y101.395 E342.25153
G1 X164.435 Y101.516 E342.28299
G1 X165.305 Y101.878 E342.31433
G1 X166.05 Y102.451 E342.34559
G1 X166.621 Y103.199 E342.37689
G1 X166.976 Y104.063 E342.40796
G1 X167.1 Y105 E342.43939
G1 X166.978 Y105.942 E342.47099
G1 X166.62 Y106.802 E342.50197
G1 X166.049 Y107.547 E342.53319
G1 X165.304 Y108.118 E342.56441
G1 X164.43 Y108.482 E342.5959
G0 F3600 X164.47 Y108.79
G0 X149.537 Y108.871
G1 F1800 X148.5 Y109.004 E342.63067
G1 X147.457 Y108.871 E342.66564
G1 X146.494 Y108.469 E342.70035
G1 X145.665 Y107.833 E342.7351
G1 X145.027 Y107.006 E342.76984
G1 X144.625 Y106.037 E342.80474
G1 X144.492 Y105 E342.83951
G1 X144.625 Y103.961 E342.87435
G1 X145.026 Y102.994 E342.90917
G1 X145.664 Y102.164 E342.94399
G1 X146.494 Y101.527 E342.97878
G1 X147.457 Y101.125 E343.01349
G1 X148.5 Y100.992 E343.04846
G1 X149.537 Y101.125 E343.08324
G1 X150.506 Y101.527 E343.11813
G1 X151.333 Y102.165 E343.15287
G1 X151.97 Y102.994 E343.18764
G1 X152.371 Y103.961 E343.22246
G1 X152.504 Y105 E343.2573
G1 X152.371 Y106.037 E343.29207
G1 X151.969 Y107.006 E343.32697
G1 X151.332 Y107.832 E343.36166
G1 X150.506 Y108.469 E343.39635
G1 X149.537 Y108.871 E343.43125
G0 F3600 X149.434 Y108.475
G1 F1800 X148.502 Y108.602 E343.46253
G1 X147.566 Y108.482 E343.49392
G1 X146.695 Y108.119 E343.5253
G1 X145.949 Y107.548 E343.55655
G1 X145.383 Y106.806 E343.58759
G1 X145.021 Y105.934 E343.61899
G1 X144.894 Y105.002 E343.65027
G1 X145.014 Y104.066 E343.68166
G1 X145.377 Y103.195 E343.71305
G1 X145.949 Y102.448 E343.74434
G1 X146.695 Y101.883 E343.77546
G1 X147.562 Y101.521 E343.80671
G1 X148.498 Y101.394 E343.83813
G1 X149.433 Y101.514 E343.86948
G1 X150.306 Y101.883 E343.90101
G1 X151.048 Y102.449 E343.93205
G1 X151.613 Y103.195 E343.96317
G1 X151.975 Y104.062 E343.99442
G1 X152.102 Y104.998 E344.02584
G1 X151.982 Y105.933 E344.05719
G1 X151.613 Y106.806 E344.08871
G1 X151.048 Y107.548 E344.11973
G1 X150.306 Y108.113 E344.15075
G1 X149.434 Y108.475 E344.18215
G0 F3600 X149.554 Y108.767
G0 X150.428 Y108.339
G0 X151.227 Y107.727
G0 X151.839 Y106.928
G0 X152.225 Y105.997
G0 X152.357 Y105
G0 X152.25 Y104.193
G0 X149.537 Y93.871
G1 F1800 X148.5 Y94.004 E344.21693
G1 X147.457 Y93.871 E344.2519
G1 X146.494 Y93.469 E344.28661
G1 X145.662 Y92.831 E344.32148
G1 X145.026 Y92.001 E344.35626
G1 X144.626 Y91.032 E344.39112
G1 X144.493 Y90.012 E344.42534
G1 X144.624 Y88.96 E344.4606
G1 X145.025 Y87.996 E344.49532
G1 X145.662 Y87.162 E344.53023
G1 X146.495 Y86.526 E344.56509
G1 X147.452 Y86.127 E344.59957
G1 X148.499 Y85.991 E344.63469
G1 X149.404 Y86.108 E344.66504
G1 X149.659 Y86.176 E344.67382
G1 X150.508 Y86.528 E344.70438
G1 X151.333 Y87.161 E344.73897
G1 X151.971 Y87.996 E344.77392
G1 X152.372 Y88.96 E344.80865
G1 X152.503 Y90.014 E344.84397
G1 X152.37 Y91.032 E344.87812
G1 X151.969 Y92.002 E344.91303
G1 X151.334 Y92.83 E344.94774
G1 X150.506 Y93.469 E344.98252
G1 X149.537 Y93.871 E345.01742
G0 F3600 X149.434 Y93.475
G1 F1800 X148.502 Y93.602 E345.0487
G1 X147.566 Y93.482 E345.08009
G1 X146.695 Y93.119 E345.11147
G1 X145.945 Y92.545 E345.14288
G1 X145.374 Y91.798 E345.17416
G1 X145.013 Y90.924 E345.20561
G1 X144.896 Y90.005 E345.23642
G1 X145.014 Y89.066 E345.2679
G1 X145.378 Y88.202 E345.29908
G1 X145.946 Y87.448 E345.33048
G1 X146.695 Y86.877 E345.3618
G1 X147.56 Y86.516 E345.39298
G1 X148.5 Y86.394 E345.42451
G1 X149.431 Y86.514 E345.45573
G1 X150.303 Y86.875 E345.48712
G1 X151.047 Y87.453 E345.51845
G1 X151.618 Y88.202 E345.54978
G1 X151.982 Y89.065 E345.58093
G1 X152.101 Y90.01 E345.61261
G1 X151.975 Y90.951 E345.64419
G1 X151.618 Y91.798 E345.67476
G1 X151.049 Y92.547 E345.70604
G1 X150.306 Y93.113 E345.73711
G1 X149.434 Y93.475 E345.76851
G0 F3600 X149.554 Y93.767
G0 X136.227 Y107.727
G0 X134.532 Y108.87
G1 F1800 X133.508 Y109.003 E345.80286
G1 X132.46 Y108.87 E345.83799
G1 X131.494 Y108.47 E345.87277
G1 X130.654 Y107.824 E345.90801
G1 X130.037 Y107.016 E345.94182
G1 X129.626 Y106.037 E345.97714
G1 X129.494 Y105 E346.01191
G1 X129.631 Y103.942 E346.04739
G1 X130.03 Y102.989 E346.08175
G1 X130.664 Y102.163 E346.11639
G1 X131.494 Y101.526 E346.15119
G1 X132.467 Y101.124 E346.1862
G1 X133.511 Y100.993 E346.2212
G1 X134.532 Y101.126 E346.25544
G1 X135.501 Y101.526 E346.29031
G1 X136.331 Y102.162 E346.32509
G1 X136.97 Y102.994 E346.35998
G1 X137.371 Y103.961 E346.3948
G1 X137.504 Y105 E346.42964
G1 X137.371 Y106.037 E346.46441
G1 X136.969 Y107.006 E346.4993
G1 X136.33 Y107.834 E346.53409
G1 X135.502 Y108.469 E346.5688
G1 X134.532 Y108.87 E346.60371
G0 F3600 X134.425 Y108.478
G1 F1800 X133.505 Y108.601 E346.63458
G1 X132.565 Y108.48 E346.6661
G1 X131.691 Y108.117 E346.69758
G1 X130.95 Y107.544 E346.72873
G1 X130.374 Y106.8 E346.76003
G1 X130.013 Y105.922 E346.7916
G1 X129.896 Y105 E346.82251
G1 X130.017 Y104.063 E346.85394
G1 X130.375 Y103.199 E346.88504
G1 X130.949 Y102.448 E346.91648
G1 X131.692 Y101.879 E346.94761
G1 X132.57 Y101.514 E346.97923
G1 X133.508 Y101.395 E347.01068
G1 X134.425 Y101.518 E347.04145
G1 X135.298 Y101.874 E347.07281
G1 X136.048 Y102.448 E347.10422
G1 X136.613 Y103.195 E347.13538
G1 X136.975 Y104.062 E347.16663
G1 X137.102 Y104.998 E347.19804
G1 X136.982 Y105.933 E347.2294
G1 X136.613 Y106.806 E347.26092
G1 X136.044 Y107.552 E347.29212
G1 X135.298 Y108.118 E347.32327
G1 X134.425 Y108.478 E347.35468
G0 F3600 X134.466 Y108.791
G0 X145.773 Y122.727
G0 X146.572 Y123.339
G0 X147.503 Y123.725
G0 X149.541 Y123.869
G1 F1800 X148.502 Y124.005 E347.38953
G1 X147.592 Y123.888 E347.42005
G1 X147.335 Y123.82 E347.42889
G1 X146.499 Y123.472 E347.45901
G1 X145.664 Y122.836 E347.49392
G1 X145.027 Y122.006 E347.52872
G1 X144.624 Y121.032 E347.56377
G1 X144.493 Y119.985 E347.59887
G1 X144.626 Y118.963 E347.63315
G1 X145.026 Y117.999 E347.66786
G1 X145.662 Y117.161 E347.70285
G1 X146.497 Y116.525 E347.73776
G1 X147.457 Y116.125 E347.77235
G1 X148.5 Y115.992 E347.80732
G1 X149.537 Y116.125 E347.8421
G1 X150.506 Y116.527 E347.87699
G1 X151.342 Y117.171 E347.91209
G1 X151.97 Y117.999 E347.94665
G1 X152.372 Y118.968 E347.98155
G1 X152.503 Y119.989 E348.01578
G1 X152.372 Y121.032 E348.05075
G1 X151.969 Y122.006 E348.0858
G1 X151.334 Y122.833 E348.12048
G1 X150.609 Y123.39 E348.15089
G1 X150.383 Y123.52 E348.15956
G1 X149.541 Y123.869 E348.18988
G0 F3600 X149.437 Y123.48
G1 F1800 X148.501 Y123.602 E348.22127
G1 X147.566 Y123.482 E348.25263
G1 X146.697 Y123.12 E348.28394
G1 X145.95 Y122.544 E348.31531
G1 X145.378 Y121.798 E348.34658
G1 X145.014 Y120.932 E348.37782
G1 X144.895 Y119.989 E348.40944
G1 X145.018 Y119.071 E348.44024
G1 X145.374 Y118.201 E348.47151
G1 X145.948 Y117.448 E348.503
G1 X146.695 Y116.883 E348.53415
G1 X147.562 Y116.521 E348.5654
G1 X148.498 Y116.394 E348.59682
G1 X149.433 Y116.514 E348.62817
G1 X150.306 Y116.883 E348.65969
G1 X151.054 Y117.453 E348.69097
G1 X151.618 Y118.202 E348.72216
G1 X151.983 Y119.071 E348.7535
G1 X152.1 Y119.995 E348.78448
G1 X151.982 Y120.932 E348.81589
G1 X151.618 Y121.798 E348.84714
G1 X151.052 Y122.545 E348.87831
G1 X150.302 Y123.121 E348.90976
G1 X149.437 Y123.48 E348.94091
G0 F3600 X149.327 Y123.092
;TYPE:WALL-OUTER
G1 F1800 X148.5 Y123.198 E348.96864
G1 X147.669 Y123.092 E348.99651
G1 X146.899 Y122.771 E349.02425
G1 X146.254 Y122.28 E349.05121
G1 X145.726 Y121.6 E349.07985
G1 X145.406 Y120.827 E349.10767
G1 X145.3 Y119.981 E349.13603
G1 X145.403 Y119.182 E349.16283
G1 X145.726 Y118.4 E349.19097
G1 X146.243 Y117.725 E349.21925
G1 X146.898 Y117.227 E349.24661
G1 X147.667 Y116.907 E349.27432
G1 X148.482 Y116.8 E349.30166
G1 X149.327 Y116.904 E349.32997
G1 X150.102 Y117.227 E349.3579
G1 X150.762 Y117.734 E349.38558
G1 X151.256 Y118.378 E349.41258
G1 X151.586 Y119.157 E349.44071
G1 X151.696 Y119.981 E349.46836
G1 X151.59 Y120.827 E349.49672
G1 X151.27 Y121.6 E349.52455
G1 X150.762 Y122.261 E349.55228
G1 X150.101 Y122.771 E349.58004
G1 X149.327 Y123.092 E349.60791
G0 F3600 X149.129 Y123.117
G0 X149.221 Y123.823
G0 X150.428 Y123.339
G0 X151.227 Y122.727
G0 X151.839 Y121.928
G0 X152.225 Y120.997
G0 X152.357 Y120
G0 X152.25 Y119.193
G0 X149.601 Y108.748
G0 X149.329 Y108.089
G1 F1800 X148.518 Y108.196 E349.63512
G1 X147.669 Y108.092 E349.66357
G1 X146.898 Y107.769 E349.69137
G1 X146.243 Y107.271 E349.71874
G1 X145.727 Y106.602 E349.74684
G1 X145.407 Y105.829 E349.77467
G1 X145.3 Y105.018 E349.80187
G1 X145.404 Y104.169 E349.83032
G1 X145.727 Y103.398 E349.85813
G1 X146.225 Y102.743 E349.88549
G1 X146.898 Y102.227 E349.9137
G1 X147.667 Y101.907 E349.9414
G1 X148.482 Y101.8 E349.96874
G1 X149.327 Y101.904 E349.99706
G1 X150.102 Y102.227 E350.02498
G1 X150.762 Y102.734 E350.05267
G1 X151.269 Y103.398 E350.08045
G1 X151.589 Y104.167 E350.10816
G1 X151.696 Y104.982 E350.13549
G1 X151.592 Y105.827 E350.16381
G1 X151.269 Y106.602 E350.19174
G1 X150.762 Y107.262 E350.21942
G1 X150.102 Y107.769 E350.2471
G1 X149.329 Y108.089 E350.27493
G0 F3600 X149.131 Y108.115
G0 X149.224 Y108.823
G0 X162.072 Y108.854
G0 X164.403 Y108.799
G0 X164.311 Y108.094
G1 F1800 X163.511 Y108.196 E350.30175
G1 X162.682 Y108.093 E350.32953
G1 X161.9 Y107.77 E350.35767
G1 X161.244 Y107.271 E350.38509
G1 X160.727 Y106.602 E350.41321
G1 X160.407 Y105.829 E350.44103
G1 X160.3 Y105.018 E350.46824
G1 X160.404 Y104.169 E350.49669
G1 X160.727 Y103.398 E350.52449
G1 X161.225 Y102.743 E350.55186
G1 X161.878 Y102.24 E350.57928
G1 X162.657 Y101.91 E350.60742
G1 X163.481 Y101.8 E350.63506
G1 X164.315 Y101.903 E350.66301
G1 X165.112 Y102.233 E350.69171
G1 X165.772 Y102.744 E350.71947
G1 X166.268 Y103.396 E350.74671
G1 X166.59 Y104.167 E350.7745
G1 X166.696 Y104.981 E350.80181
G1 X166.59 Y105.829 E350.83023
G1 X166.273 Y106.595 E350.8578
G1 X165.753 Y107.271 E350.88617
G1 X165.089 Y107.776 E350.91392
G1 X164.311 Y108.094 E350.94187
G0 F3600 X164.113 Y108.119
G0 X164.205 Y108.825
G0 X162.503 Y108.725
G0 X161.572 Y108.339
G0 X160.853 Y107.788
G0 X149.601 Y93.748
G0 X149.329 Y93.089
G1 F1800 X148.518 Y93.196 E350.96908
G1 X147.669 Y93.092 E350.99753
G1 X146.898 Y92.769 E351.02533
G1 X146.243 Y92.271 E351.0527
G1 X145.733 Y91.611 E351.08044
G1 X145.41 Y90.839 E351.10827
G1 X145.3 Y90.019 E351.13579
G1 X145.406 Y89.169 E351.16428
G1 X145.726 Y88.4 E351.19198
G1 X146.232 Y87.733 E351.21983
G1 X146.878 Y87.24 E351.24686
G1 X147.668 Y86.904 E351.27541
G1 X148.5 Y86.798 E351.30331
G1 X149.327 Y86.904 E351.33104
G1 X150.101 Y87.225 E351.35891
G1 X150.763 Y87.735 E351.3867
G1 X151.256 Y88.378 E351.41365
G1 X151.592 Y89.169 E351.44224
G1 X151.696 Y90.019 E351.47072
G1 X151.593 Y90.814 E351.49738
G1 X151.27 Y91.6 E351.52564
G1 X150.771 Y92.252 E351.55295
G1 X150.102 Y92.769 E351.58107
G1 X149.329 Y93.089 E351.6089
G0 F3600 X149.131 Y93.115
G0 X149.224 Y93.823
G0 X136.227 Y107.727
G0 X135.58 Y108.223
G0 X134.611 Y108.744
G0 X134.339 Y108.086
G1 F1800 X133.519 Y108.196 E351.63642
G1 X132.655 Y108.086 E351.66539
G1 X131.899 Y107.77 E351.69264
G1 X131.225 Y107.252 E351.72091
G1 X130.734 Y106.613 E351.74771
G1 X130.406 Y105.829 E351.77598
G1 X130.3 Y105.012 E351.80338
G1 X130.406 Y104.167 E351.83171
G1 X130.723 Y103.405 E351.85916
G1 X131.243 Y102.725 E351.88763
G1 X131.911 Y102.22 E351.91548
G1 X132.685 Y101.902 E351.94331
G1 X133.489 Y101.8 E351.97027
G1 X134.314 Y101.903 E351.99792
G1 X135.1 Y102.226 E352.02618
G1 X135.771 Y102.743 E352.05436
G1 X136.269 Y103.398 E352.08172
G1 X136.589 Y104.167 E352.10943
G1 X136.696 Y104.982 E352.13677
G1 X136.592 Y105.827 E352.16508
G1 X136.269 Y106.602 E352.19301
G1 X135.762 Y107.262 E352.22069
G1 X135.122 Y107.756 E352.24758
G1 X134.339 Y108.086 E352.27584
G0 F3600 X134.141 Y108.112
G0 X134.234 Y108.821
G0 X208.02 Y129.52
G0 X208.3 Y129.8
G1 F1800 X208.3 Y80.2 E353.92554
G1 X88.7 Y80.2 E357.90346
G1 X88.7 Y129.8 E359.55316
G1 X208.3 Y129.8 E363.53107
G0 F3600 X208.3 Y129.6
G0 X207.62 Y129.12
G0 X149.627 Y124.238
;TYPE:SKIN
G1 F1800 X150.525 Y123.869 E363.56336
G1 X150.82 Y123.702 E363.57464
G1 X151.607 Y123.103 E363.60753
G1 X152.303 Y122.193 E363.64564
G1 X152.742 Y121.13 E363.68389
G1 X152.884 Y119.989 E363.72213
G1 X152.734 Y118.849 E363.76037
G1 X152.302 Y117.804 E363.79798
G1 X151.606 Y116.898 E363.83598
G1 X150.698 Y116.195 E363.87418
G1 X149.633 Y115.754 E363.91252
G1 X148.482 Y115.608 E363.95111
G1 X147.359 Y115.755 E363.98877
G1 X146.302 Y116.195 E364.02686
G1 X145.385 Y116.9 E364.06533
G1 X144.686 Y117.82 E364.10376
G1 X144.251 Y118.874 E364.14168
G1 X144.108 Y119.981 E364.17881
G1 X144.25 Y121.13 E364.21731
G1 X144.689 Y122.193 E364.25556
G1 X145.389 Y123.103 E364.29375
G1 X146.162 Y123.695 E364.32613
G1 X146.445 Y123.858 E364.337
G1 X147.213 Y124.178 E364.36467
G1 X147.521 Y124.258 E364.37525
G1 X148.501 Y124.386 E364.40812
G1 X149.627 Y124.238 E364.4459
G0 F3600 X151.227 Y122.727
G0 X151.839 Y121.928
G0 X152.225 Y120.997
G0 X152.357 Y120
G0 X152.357 Y105
G0 X152.25 Y104.193
G0 X149.633 Y94.242
G1 F1800 X150.694 Y93.801 E364.48411
G1 X151.607 Y93.096 E364.52248
G1 X152.302 Y92.188 E364.56051
G1 X152.741 Y91.118 E364.59898
G1 X152.884 Y90.015 E364.63597
G1 X152.744 Y88.861 E364.67463
G1 X152.303 Y87.803 E364.71276
G1 X151.603 Y86.889 E364.75105
G1 X150.842 Y86.305 E364.78295
G1 X150.548 Y86.134 E364.79427
G1 X149.805 Y85.823 E364.82106
G1 X149.475 Y85.734 E364.83242
G1 X148.495 Y85.606 E364.8653
G1 X147.369 Y85.754 E364.90307
G1 X146.443 Y86.134 E364.93636
G1 X146.187 Y86.282 E364.94619
G1 X145.393 Y86.889 E364.97944
G1 X144.683 Y87.826 E365.01854
G1 X144.25 Y88.862 E365.05588
G1 X144.112 Y90.007 E365.09424
G1 X144.258 Y91.143 E365.13234
G1 X144.69 Y92.184 E365.16982
G1 X145.39 Y93.098 E365.20811
G1 X146.302 Y93.797 E365.24633
G1 X147.36 Y94.244 E365.28453
G1 X148.518 Y94.384 E365.32333
G1 X149.633 Y94.242 E365.36071
G0 F3600 X137.568 Y106.378
G0 X134.639 Y109.234
G1 F1800 X135.695 Y108.799 E365.3987
G1 X136.598 Y108.102 E365.43664
G1 X137.301 Y107.195 E365.47481
G1 X137.744 Y106.135 E365.51302
G1 X137.884 Y104.982 E365.55165
G1 X137.741 Y103.859 E365.5893
G1 X137.301 Y102.802 E365.62738
G1 X136.596 Y101.885 E365.66585
G1 X135.684 Y101.19 E365.70399
G1 X134.618 Y100.751 E365.74233
G1 X133.501 Y100.608 E365.77979
G1 X132.359 Y100.757 E365.81809
G1 X131.315 Y101.188 E365.85566
G1 X130.399 Y101.885 E365.89394
G1 X129.695 Y102.801 E365.93237
G1 X129.262 Y103.84 E365.96981
G1 X129.108 Y105.005 E366.00889
G1 X129.255 Y106.128 E366.04656
G1 X129.699 Y107.199 E366.08512
G1 X130.407 Y108.115 E366.12363
G1 X131.306 Y108.8 E366.16122
G1 X132.368 Y109.24 E366.19945
G1 X133.508 Y109.384 E366.23767
G1 X134.639 Y109.234 E366.27562
G0 F3600 X149.633 Y109.242
G1 F1800 X150.698 Y108.797 E366.31401
G1 X151.602 Y108.102 E366.35193
G1 X152.301 Y107.195 E366.39002
G1 X152.744 Y106.135 E366.42823
G1 X152.884 Y104.982 E366.46686
G1 X152.741 Y103.859 E366.50451
G1 X152.297 Y102.802 E366.54265
G1 X151.602 Y101.894 E366.58068
G1 X150.698 Y101.195 E366.61869
G1 X149.633 Y100.754 E366.65702
G1 X148.482 Y100.608 E366.69561
G1 X147.359 Y100.755 E366.73328
G1 X146.302 Y101.195 E366.77136
G1 X145.39 Y101.89 E366.8095
G1 X144.695 Y102.802 E366.84764
G1 X144.252 Y103.861 E366.88582
G1 X144.108 Y105.018 E366.9246
G1 X144.255 Y106.137 E366.96213
G1 X144.695 Y107.195 E367.00025
G1 X145.394 Y108.102 E367.03833
G1 X146.302 Y108.797 E367.07636
G1 X147.36 Y109.244 E367.11456
G1 X148.518 Y109.384 E367.15336
G1 X149.633 Y109.242 E367.19074
G0 F3600 X164.637 Y109.239
G1 F1800 X165.7 Y108.793 E367.22909
G1 X166.593 Y108.111 E367.26646
G1 X167.301 Y107.191 E367.30507
G1 X167.74 Y106.12 E367.34357
G1 X167.884 Y104.97 E367.38212
G1 X167.734 Y103.84 E367.42003
G1 X167.294 Y102.795 E367.45774
G1 X166.593 Y101.885 E367.49595
G1 X165.7 Y101.203 E367.53332
G1 X164.627 Y100.752 E367.57203
G1 X163.492 Y100.612 E367.61007
G1 X162.353 Y100.758 E367.64826
G1 X161.296 Y101.198 E367.68634
G1 X160.394 Y101.89 E367.72415
G1 X159.683 Y102.826 E367.76325
G1 X159.252 Y103.859 E367.80048
G1 X159.108 Y105.018 E367.83932
G1 X159.255 Y106.137 E367.87686
G1 X159.695 Y107.195 E367.91497
G1 X160.403 Y108.111 E367.95348
G1 X161.292 Y108.794 E367.99076
G1 X162.374 Y109.241 E368.0297
G1 X163.498 Y109.384 E368.06739
G1 X164.637 Y109.239 E368.10558
G0 F3600 X207.12 Y128.62
G1 F1800 X89.88 Y128.62 E372.00499
G1 X89.881 Y81.381 E373.57617
G1 X207.12 Y81.38 E377.47555
G1 X207.12 Y128.62 E379.04676
G0 F3600 X206.597 Y81.58
G1 F1800 X206.92 Y81.903 E379.06196
G0 F3600 X206.92 Y82.469
G1 F1800 X206.031 Y81.58 E379.10377
G0 F3600 X205.465 Y81.58
G1 F1800 X206.92 Y83.035 E379.17221
G0 F3600 X206.92 Y83.601
G1 F1800 X204.9 Y81.58 E379.26725
G0 F3600 X204.334 Y81.58
G1 F1800 X206.92 Y84.166 E379.38889
G0 F3600 X206.92 Y84.732
G1 F1800 X203.768 Y81.58 E379.53715
G0 F3600 X203.203 Y81.58
G1 F1800 X206.92 Y85.298 E379.71201
G0 F3600 X206.92 Y85.863
G1 F1800 X202.637 Y81.58 E379.91347
G0 F3600 X202.071 Y81.58
G1 F1800 X206.92 Y86.429 E380.14155
G0 F3600 X206.92 Y86.995
G1 F1800 X201.506 Y81.58 E380.39623
G0 F3600 X200.94 Y81.58
G1 F1800 X206.92 Y87.56 E380.67751
G0 F3600 X206.92 Y88.126
G1 F1800 X200.374 Y81.58 E380.98541
G0 F3600 X199.809 Y81.58
G1 F1800 X206.92 Y88.692 E381.31992
G0 F3600 X206.92 Y89.257
G1 F1800 X199.243 Y81.58 E381.68102
G0 F3600 X198.677 Y81.58
G1 F1800 X206.92 Y89.823 E382.06875
G0 F3600 X206.92 Y90.389
G1 F1800 X198.112 Y81.58 E382.48307
G0 F3600 X197.546 Y81.58
G1 F1800 X206.92 Y90.954 E382.92399
G0 F3600 X206.92 Y91.52
G1 F1800 X196.98 Y81.58 E383.39154
G0 F3600 X196.414 Y81.58
G1 F1800 X206.92 Y92.086 E383.88571
G0 F3600 X206.92 Y92.651
G1 F1800 X195.849 Y81.58 E384.40646
G0 F3600 X195.283 Y81.58
G1 F1800 X206.92 Y93.217 E384.95383
G0 F3600 X206.92 Y93.783
G1 F1800 X194.717 Y81.58 E385.52782
G0 F3600 X194.152 Y81.58
G1 F1800 X206.92 Y94.349 E386.12841
G0 F3600 X206.92 Y94.914
G1 F1800 X193.586 Y81.58 E386.7556
G0 F3600 X193.02 Y81.58
G1 F1800 X206.92 Y95.48 E387.40941
G0 F3600 X206.92 Y96.046
G1 F1800 X192.455 Y81.58 E388.08983
G0 F3600 X191.889 Y81.58
G1 F1800 X206.92 Y96.611 E388.79684
G0 F3600 X206.92 Y97.177
G1 F1800 X191.323 Y81.58 E389.53047
G0 F3600 X190.758 Y81.58
G1 F1800 X206.92 Y97.743 E390.29071
G0 F3600 X206.92 Y98.308
G1 F1800 X190.192 Y81.58 E391.07754
G0 F3600 X189.626 Y81.58
G1 F1800 X206.92 Y98.874 E391.891
G0 F3600 X206.92 Y99.44
G1 F1800 X189.061 Y81.58 E392.73105
G0 F3600 X188.495 Y81.58
G1 F1800 X206.92 Y100.005 E393.59771
G0 F3600 X206.92 Y100.571
G1 F1800 X187.929 Y81.58 E394.49099
G0 F3600 X187.363 Y81.58
G1 F1800 X206.92 Y101.137 E395.41089
G0 F3600 X206.92 Y101.702
G1 F1800 X186.798 Y81.58 E396.35737
G0 F3600 X186.232 Y81.58
G1 F1800 X206.92 Y102.268 E397.33047
G0 F3600 X206.92 Y102.834
G1 F1800 X185.666 Y81.58 E398.33019
G0 F3600 X185.101 Y81.58
G1 F1800 X206.92 Y103.4 E399.35651
G0 F3600 X206.92 Y103.965
G1 F1800 X184.535 Y81.58 E400.40943
G0 F3600 X183.969 Y81.58
G1 F1800 X206.92 Y104.531 E401.48898
G0 F3600 X206.92 Y105.097
G1 F1800 X183.404 Y81.58 E402.59512
G0 F3600 X182.838 Y81.58
G1 F1800 X206.92 Y105.662 E403.72787
G0 F3600 X206.92 Y106.228
G1 F1800 X182.272 Y81.58 E404.88723
G0 F3600 X181.707 Y81.58
G1 F1800 X206.92 Y106.794 E406.0732
G0 F3600 X206.92 Y107.359
G1 F1800 X181.141 Y81.58 E407.28576
G0 F3600 X180.575 Y81.58
G1 F1800 X206.92 Y107.925 E408.52495
G0 F3600 X206.92 Y108.491
G1 F1800 X180.01 Y81.58 E409.79074
G0 F3600 X179.444 Y81.58
G1 F1800 X206.92 Y109.056 E411.08313
G0 F3600 X206.92 Y109.622
G1 F1800 X178.878 Y81.58 E412.40214
G0 F3600 X178.313 Y81.58
G1 F1800 X206.92 Y110.188 E413.74774
G0 F3600 X206.92 Y110.753
G1 F1800 X177.747 Y81.58 E415.11995
G0 F3600 X177.181 Y81.58
G1 F1800 X206.92 Y111.319 E416.51878
G0 F3600 X206.92 Y111.885
G1 F1800 X176.615 Y81.58 E417.94424
G0 F3600 X176.05 Y81.58
G1 F1800 X206.92 Y112.45 E419.39627
G0 F3600 X206.92 Y113.016
G1 F1800 X175.484 Y81.58 E420.87492
G0 F3600 X174.918 Y81.58
G1 F1800 X206.92 Y113.582 E422.3802
G0 F3600 X206.92 Y114.148
G1 F1800 X174.353 Y81.58 E423.91207
G0 F3600 X173.787 Y81.58
G1 F1800 X206.92 Y114.713 E425.47055
G0 F3600 X206.92 Y115.279
G1 F1800 X173.221 Y81.58 E427.05565
G0 F3600 X172.656 Y81.58
G1 F1800 X206.92 Y115.845 E428.66734
G0 F3600 X206.92 Y116.41
G1 F1800 X172.09 Y81.58 E430.30564
G0 F3600 X171.524 Y81.58
G1 F1800 X206.92 Y116.976 E431.97056
G0 F3600 X206.92 Y117.542
G1 F1800 X170.959 Y81.58 E433.66208
G0 F3600 X170.393 Y81.58
G1 F1800 X206.92 Y118.107 E435.38019
G0 F3600 X206.92 Y118.673
G1 F1800 X169.827 Y81.58 E437.12494
G0 F3600 X169.262 Y81.58
G1 F1800 X206.92 Y119.239 E438.89628
G0 F3600 X206.92 Y119.804
G1 F1800 X168.696 Y81.58 E440.69422
G0 F3600 X168.13 Y81.58
G1 F1800 X206.92 Y120.37 E442.51878
G0 F3600 X206.92 Y120.936
G1 F1800 X167.565 Y81.58 E444.36994
G0 F3600 X166.999 Y81.58
G1 F1800 X206.92 Y121.501 E446.2477
G0 F3600 X206.92 Y122.067
G1 F1800 X166.433 Y81.58 E448.15209
G0 F3600 X165.867 Y81.58
G1 F1800 X206.92 Y122.633 E450.08309
G0 F3600 X206.92 Y123.199
G1 F1800 X165.302 Y81.58 E452.0407
G0 F3600 X164.736 Y81.58
G1 F1800 X206.92 Y123.764 E454.02491
G0 F3600 X206.92 Y124.33
G1 F1800 X164.17 Y81.58 E456.03574
G0 F3600 X163.605 Y81.58
G1 F1800 X206.92 Y124.896 E458.07316
G0 F3600 X206.92 Y125.461
G1 F1800 X163.039 Y81.58 E460.13719
G0 F3600 X162.473 Y81.58
G1 F1800 X206.92 Y126.027 E462.22784
G0 F3600 X206.92 Y126.593
G1 F1800 X161.908 Y81.58 E464.34509
G0 F3600 X161.342 Y81.58
G1 F1800 X206.92 Y127.158 E466.48894
G0 F3600 X206.92 Y127.724
G1 F1800 X160.776 Y81.58 E468.65941
G0 F3600 X160.211 Y81.58
G1 F1800 X206.92 Y128.29 E470.85649
G0 F3600 X206.484 Y128.42
G1 F1800 X159.645 Y81.58 E473.05967
G0 F3600 X159.079 Y81.58
G1 F1800 X205.919 Y128.42 E475.26288
G0 F3600 X205.353 Y128.42
G1 F1800 X158.514 Y81.58 E477.46607
G0 F3600 X157.948 Y81.58
G1 F1800 X204.787 Y128.42 E479.66925
G0 F3600 X204.222 Y128.42
G1 F1800 X157.382 Y81.58 E481.87246
G0 F3600 X156.816 Y81.58
G1 F1800 X203.656 Y128.42 E484.07567
G0 F3600 X203.09 Y128.42
G1 F1800 X156.251 Y81.58 E486.27886
G0 F3600 X155.685 Y81.58
G1 F1800 X202.525 Y128.42 E488.48207
G0 F3600 X201.959 Y128.42
G1 F1800 X155.119 Y81.58 E490.68528
G0 F3600 X154.554 Y81.58
G1 F1800 X201.393 Y128.42 E492.88847
G0 F3600 X200.828 Y128.42
G1 F1800 X153.988 Y81.58 E495.09168
G0 F3600 X153.422 Y81.58
G1 F1800 X200.262 Y128.42 E497.29489
G0 F3600 X199.696 Y128.42
G1 F1800 X152.857 Y81.58 E499.49807
G0 F3600 X152.291 Y81.58
G1 F1800 X199.13 Y128.42 E501.70126
G0 F3600 X198.565 Y128.42
G1 F1800 X151.725 Y81.58 E503.90447
G0 F3600 X151.16 Y81.58
G1 F1800 X197.999 Y128.42 E506.10766
G0 F3600 X197.433 Y128.42
G1 F1800 X150.594 Y81.58 E508.31084
G0 F3600 X150.028 Y81.58
G1 F1800 X196.868 Y128.42 E510.51405
G0 F3600 X196.302 Y128.42
G1 F1800 X149.463 Y81.58 E512.71724
G0 F3600 X148.897 Y81.58
G1 F1800 X195.736 Y128.42 E514.92043
G0 F3600 X195.171 Y128.42
G1 F1800 X148.332 Y81.581 E517.12359
G0 F3600 X147.766 Y81.581
G1 F1800 X194.605 Y128.42 E519.32675
G0 F3600 X194.039 Y128.42
G1 F1800 X147.201 Y81.581 E521.52989
G0 F3600 X146.635 Y81.581
G1 F1800 X193.474 Y128.42 E523.73305
G0 F3600 X192.908 Y128.42
G1 F1800 X167.677 Y103.189 E524.91984
G1 X167.607 Y103.119
G0 F3600 X167.96 Y104.038
G1 F1800 X192.342 Y128.42 E526.0667
G0 F3600 X191.777 Y128.42
G1 F1800 X168.043 Y104.686 E527.18307
G0 F3600 X168.05 Y105.259
G1 F1800 X191.211 Y128.42 E528.2725
G0 F3600 X190.645 Y128.42
G1 F1800 X167.985 Y105.76 E529.33835
G0 F3600 X167.904 Y106.244
G1 F1800 X190.079 Y128.42 E530.38142
G0 F3600 X189.514 Y128.42
G1 F1800 X167.74 Y106.646 E531.4056
G0 F3600 X167.575 Y107.047
G1 F1800 X188.948 Y128.42 E532.41092
G0 F3600 X188.382 Y128.42
G1 F1800 X167.381 Y107.418 E533.39877
G0 F3600 X167.135 Y107.738
G1 F1800 X187.817 Y128.42 E534.37159
G0 F3600 X187.251 Y128.42
G1 F1800 X166.889 Y108.057 E535.32938
G0 F3600 X166.612 Y108.346
G1 F1800 X186.685 Y128.42 E536.27357
G0 F3600 X186.12 Y128.42
G1 F1800 X166.29 Y108.59 E537.20631
G0 F3600 X165.969 Y108.835
G1 F1800 X185.554 Y128.42 E538.12753
G0 F3600 X184.988 Y128.42
G1 F1800 X165.616 Y109.047 E539.03876
G0 F3600 X165.217 Y109.214
G1 F1800 X184.423 Y128.42 E539.94215
G0 F3600 X183.857 Y128.42
G1 F1800 X164.817 Y109.38 E540.83773
G0 F3600 X164.347 Y109.476
G1 F1800 X183.291 Y128.42 E541.7288
G0 F3600 X182.726 Y128.42
G1 F1800 X163.847 Y109.541 E542.61681
G0 F3600 X163.304 Y109.564
G1 F1800 X182.16 Y128.42 E543.50374
G0 F3600 X181.594 Y128.42
G1 F1800 X162.652 Y109.477 E544.39473
G1 X162.582 Y109.407
G0 F3600 X161.848 Y109.24
G1 F1800 X181.029 Y128.42 E545.29693
G0 F3600 X180.463 Y128.42
G1 F1800 X160.414 Y108.371 E546.23997
G0 F3600 X160.125 Y108.082
G1 F1800 X145.413 Y93.37 E546.93198
G0 F3600 X145.121 Y93.078
G1 F1800 X133.624 Y81.581 E547.47276
G0 F3600 X133.058 Y81.581
G1 F1800 X179.897 Y128.42 E549.67592
G0 F3600 X179.331 Y128.42
G1 F1800 X132.493 Y81.581 E551.87906
G0 F3600 X131.927 Y81.581
G1 F1800 X178.766 Y128.42 E554.08223
G0 F3600 X178.2 Y128.42
G1 F1800 X152.431 Y102.651 E555.29432
G1 X152.361 Y102.581
G0 F3600 X152.872 Y103.657
G1 F1800 X177.634 Y128.42 E556.45907
G0 F3600 X177.069 Y128.42
G1 F1800 X153.004 Y104.356 E557.59099
G0 F3600 X153.087 Y105.004
G1 F1800 X176.503 Y128.42 E558.69241
G0 F3600 X175.937 Y128.42
G1 F1800 X153.022 Y105.505 E559.77026
G0 F3600 X152.957 Y106.005
G1 F1800 X175.372 Y128.42 E560.82459
G0 F3600 X174.806 Y128.42
G1 F1800 X152.828 Y106.442 E561.85837
G0 F3600 X152.662 Y106.842
G1 F1800 X174.24 Y128.42 E562.87333
G0 F3600 X173.675 Y128.42
G1 F1800 X152.495 Y107.241 E563.86955
G0 F3600 X152.261 Y107.572
G1 F1800 X173.109 Y128.42 E564.85018
G0 F3600 X172.543 Y128.42
G1 F1800 X152.015 Y107.892 E565.81575
G0 F3600 X151.77 Y108.212
G1 F1800 X171.978 Y128.42 E566.76628
G0 F3600 X171.412 Y128.42
G1 F1800 X151.458 Y108.466 E567.70485
G0 F3600 X151.138 Y108.711
G1 F1800 X170.846 Y128.42 E568.63188
G0 F3600 X170.281 Y128.42
G1 F1800 X150.817 Y108.956 E569.5474
G0 F3600 X150.422 Y109.127
G1 F1800 X169.715 Y128.42 E570.45489
G0 F3600 X169.149 Y128.42
G1 F1800 X150.023 Y109.294 E571.35452
G0 F3600 X149.609 Y109.445
G1 F1800 X168.583 Y128.42 E572.24702
G0 F3600 X168.018 Y128.42
G1 F1800 X149.108 Y109.51 E573.13649
G0 F3600 X148.606 Y109.574
G1 F1800 X167.452 Y128.42 E574.02295
G0 F3600 X166.886 Y128.42
G1 F1800 X147.99 Y109.524 E574.91176
G0 F3600 X147.343 Y109.442
G1 F1800 X166.321 Y128.42 E575.80442
G0 F3600 X165.755 Y128.42
G1 F1800 X146.382 Y109.046 E576.71569
G1 X146.312 Y108.976
G0 F3600 X144.446 Y107.111
G1 F1800 X118.916 Y81.581 E577.91655
G0 F3600 X118.351 Y81.581
G1 F1800 X165.189 Y128.42 E580.11968
G0 F3600 X164.624 Y128.42
G1 F1800 X117.785 Y81.581 E582.32285
G0 F3600 X117.219 Y81.581
G1 F1800 X164.058 Y128.42 E584.52601
G0 F3600 X163.492 Y128.42
G1 F1800 X116.654 Y81.581 E586.72915
G0 F3600 X116.088 Y81.581
G1 F1800 X135.34 Y100.833 E587.63471
G1 X135.41 Y100.903
G0 F3600 X134.474 Y100.533
G1 F1800 X115.522 Y81.581 E588.52615
G0 F3600 X114.956 Y81.581
G1 F1800 X133.821 Y100.445 E589.41348
G0 F3600 X133.249 Y100.44
G1 F1800 X114.391 Y81.581 E590.30052
G0 F3600 X113.825 Y81.581
G1 F1800 X132.749 Y100.505 E591.19065
G0 F3600 X132.259 Y100.581
G1 F1800 X113.259 Y81.581 E592.08435
G0 F3600 X112.694 Y81.581
G1 F1800 X131.86 Y100.747 E592.98586
G0 F3600 X131.46 Y100.913
G1 F1800 X112.128 Y81.581 E593.89518
G0 F3600 X111.562 Y81.581
G1 F1800 X131.088 Y101.107 E594.81362
G0 F3600 X130.768 Y101.352
G1 F1800 X110.997 Y81.581 E595.74359
G0 F3600 X110.431 Y81.581
G1 F1800 X130.447 Y101.597 E596.68508
G0 F3600 X130.155 Y101.871
G1 F1800 X109.865 Y81.581 E597.63946
G0 F3600 X109.3 Y81.581
G1 F1800 X129.91 Y102.191 E598.60889
G0 F3600 X129.664 Y102.511
G1 F1800 X108.734 Y81.581 E599.59338
G0 F3600 X108.168 Y81.581
G1 F1800 X129.451 Y102.864 E600.59446
G0 F3600 X129.285 Y103.263
G1 F1800 X107.603 Y81.581 E601.61432
G0 F3600 X107.037 Y81.581
G1 F1800 X129.118 Y103.662 E602.65294
G0 F3600 X129.022 Y104.131
G1 F1800 X106.471 Y81.581 E603.71365
G0 F3600 X105.906 Y81.581
G1 F1800 X128.954 Y104.629 E604.79775
G0 F3600 X128.934 Y105.175
G1 F1800 X105.34 Y81.581 E605.90754
G0 F3600 X104.774 Y81.581
G1 F1800 X129.013 Y105.82 E607.04767
G1 X129.083 Y105.89
G0 F3600 X129.247 Y106.62
G1 F1800 X104.208 Y81.581 E608.22543
G0 F3600 X103.643 Y81.581
G1 F1800 X130.069 Y108.007 E609.46843
G0 F3600 X130.487 Y108.426
G1 F1800 X145.04 Y122.979 E610.15296
G0 F3600 X145.511 Y123.45
G1 F1800 X150.482 Y128.42 E610.38675
G0 F3600 X151.047 Y128.42
G1 F1800 X146.89 Y124.263 E610.58229
G1 X146.82 Y124.193
G0 F3600 X147.671 Y124.478
G1 F1800 X151.613 Y128.42 E610.7677
G0 F3600 X152.179 Y128.42
G1 F1800 X148.321 Y124.562 E610.94917
G0 F3600 X148.863 Y124.538
G1 F1800 X152.744 Y128.42 E611.13175
G0 F3600 X153.31 Y128.42
G1 F1800 X149.364 Y124.474 E611.31735
G0 F3600 X149.832 Y124.376
G1 F1800 X153.876 Y128.42 E611.50757
G0 F3600 X154.441 Y128.42
G1 F1800 X150.23 Y124.209 E611.70564
G0 F3600 X150.627 Y124.04
G1 F1800 X155.007 Y128.42 E611.91167
G0 F3600 X155.573 Y128.42
G1 F1800 X150.981 Y123.829 E612.12764
G0 F3600 X151.303 Y123.585
G1 F1800 X156.138 Y128.42 E612.35506
G0 F3600 X156.704 Y128.42
G1 F1800 X151.626 Y123.341 E612.59394
G0 F3600 X151.9 Y123.05
G1 F1800 X157.27 Y128.42 E612.84653
G0 F3600 X157.835 Y128.42
G1 F1800 X152.145 Y122.729 E613.11419
G0 F3600 X152.39 Y122.409
G1 F1800 X158.401 Y128.42 E613.39693
G0 F3600 X158.967 Y128.42
G1 F1800 X152.583 Y122.036 E613.69721
G0 F3600 X152.748 Y121.635
G1 F1800 X159.532 Y128.42 E614.01633
G0 F3600 X160.098 Y128.42
G1 F1800 X152.913 Y121.234 E614.35432
G0 F3600 X152.99 Y120.746
G1 F1800 X160.664 Y128.42 E614.71528
G0 F3600 X161.23 Y128.42
G1 F1800 X153.054 Y120.244 E615.09985
G0 F3600 X153.044 Y119.669
G1 F1800 X161.795 Y128.42 E615.51147
G0 F3600 X162.361 Y128.42
G1 F1800 X152.959 Y119.017 E615.95374
G1 X152.889 Y118.947
G0 F3600 X152.66 Y118.153
G1 F1800 X162.927 Y128.42 E616.43667
G1 X162.997 Y128.49
G0 F3600 X149.916 Y128.42
G1 F1800 X103.077 Y81.581 E618.63983
G0 F3600 X102.511 Y81.581
G1 F1800 X149.35 Y128.42 E620.84299
G0 F3600 X148.784 Y128.42
G1 F1800 X101.946 Y81.581 E623.04613
G0 F3600 X101.38 Y81.581
G1 F1800 X148.219 Y128.42 E625.24929
G0 F3600 X147.653 Y128.42
G1 F1800 X100.814 Y81.581 E627.45246
G0 F3600 X100.249 Y81.581
G1 F1800 X147.087 Y128.42 E629.6556
G0 F3600 X146.522 Y128.42
G1 F1800 X99.683 Y81.581 E631.85876
G0 F3600 X99.117 Y81.581
G1 F1800 X145.956 Y128.42 E634.06192
G0 F3600 X145.39 Y128.42
G1 F1800 X98.552 Y81.581 E636.26506
G0 F3600 X97.986 Y81.581
G1 F1800 X144.825 Y128.42 E638.46823
G0 F3600 X144.259 Y128.42
G1 F1800 X97.42 Y81.581 E640.67139
G0 F3600 X96.855 Y81.581
G1 F1800 X143.693 Y128.42 E642.87453
G0 F3600 X143.128 Y128.42
G1 F1800 X96.289 Y81.581 E645.07769
G0 F3600 X95.723 Y81.581
G1 F1800 X142.562 Y128.42 E647.28085
G0 F3600 X141.996 Y128.42
G1 F1800 X95.157 Y81.581 E649.48402
G0 F3600 X94.592 Y81.581
G1 F1800 X141.431 Y128.42 E651.68718
G0 F3600 X140.865 Y128.42
G1 F1800 X94.026 Y81.581 E653.89034
G0 F3600 X93.46 Y81.581
G1 F1800 X140.299 Y128.42 E656.09351
G0 F3600 X139.733 Y128.42
G1 F1800 X92.895 Y81.581 E658.29665
G0 F3600 X92.329 Y81.581
G1 F1800 X139.168 Y128.42 E660.49981
G0 F3600 X138.602 Y128.42
G1 F1800 X91.763 Y81.581 E662.70297
G0 F3600 X91.198 Y81.581
G1 F1800 X138.036 Y128.42 E664.90611
G0 F3600 X137.471 Y128.42
G1 F1800 X90.632 Y81.581 E667.10927
G0 F3600 X90.08 Y81.595
G1 F1800 X136.905 Y128.42 E669.31178
G0 F3600 X136.339 Y128.42
G1 F1800 X90.08 Y82.161 E671.48766
G0 F3600 X90.08 Y82.727
G1 F1800 X135.774 Y128.42 E673.63694
G0 F3600 X135.208 Y128.42
G1 F1800 X90.08 Y83.292 E675.75962
G0 F3600 X90.08 Y83.858
G1 F1800 X134.642 Y128.42 E677.85568
G0 F3600 X134.077 Y128.42
G1 F1800 X90.08 Y84.424 E679.92514
G0 F3600 X90.08 Y84.989
G1 F1800 X133.511 Y128.42 E681.96801
G0 F3600 X132.945 Y128.42
G1 F1800 X90.08 Y85.555 E683.98424
G0 F3600 X90.08 Y86.121
G1 F1800 X132.38 Y128.42 E685.97388
G0 F3600 X131.814 Y128.42
G1 F1800 X90.08 Y86.686 E687.93692
G0 F3600 X90.08 Y87.252
G1 F1800 X131.248 Y128.42 E689.87334
G0 F3600 X130.683 Y128.42
G1 F1800 X90.08 Y87.818 E691.78316
G0 F3600 X90.08 Y88.383
G1 F1800 X130.117 Y128.42 E693.66637
G0 F3600 X129.551 Y128.42
G1 F1800 X90.08 Y88.949 E695.52297
G0 F3600 X90.08 Y89.515
G1 F1800 X128.985 Y128.42 E697.35294
G0 F3600 X128.42 Y128.42
G1 F1800 X90.08 Y90.08 E699.15634
G0 F3600 X90.08 Y90.646
G1 F1800 X127.854 Y128.42 E700.93311
G0 F3600 X127.288 Y128.42
G1 F1800 X90.08 Y91.212 E702.68326
G0 F3600 X90.08 Y91.778
G1 F1800 X126.723 Y128.42 E704.40681
G0 F3600 X126.157 Y128.42
G1 F1800 X90.08 Y92.343 E706.10376
G0 F3600 X90.08 Y92.909
G1 F1800 X125.591 Y128.42 E707.77409
G0 F3600 X125.026 Y128.42
G1 F1800 X90.08 Y93.475 E709.41782
G0 F3600 X90.08 Y94.04
G1 F1800 X124.46 Y128.42 E711.03495
G0 F3600 X123.894 Y128.42
G1 F1800 X90.08 Y94.606 E712.62546
G0 F3600 X90.08 Y95.172
G1 F1800 X123.329 Y128.42 E714.18936
G0 F3600 X122.763 Y128.42
G1 F1800 X90.08 Y95.737 E715.72667
G0 F3600 X90.08 Y96.303
G1 F1800 X122.197 Y128.42 E717.23736
G0 F3600 X121.632 Y128.42
G1 F1800 X90.08 Y96.869 E718.72144
G0 F3600 X90.08 Y97.434
G1 F1800 X121.066 Y128.42 E720.17893
G0 F3600 X120.5 Y128.42
G1 F1800 X90.08 Y98 E721.60979
G0 F3600 X90.08 Y98.566
G1 F1800 X119.935 Y128.42 E723.01406
G0 F3600 X119.369 Y128.42
G1 F1800 X90.08 Y99.131 E724.39172
G0 F3600 X90.08 Y99.697
G1 F1800 X118.803 Y128.42 E725.74276
G0 F3600 X118.237 Y128.42
G1 F1800 X90.08 Y100.263 E727.06718
G0 F3600 X90.08 Y100.828
G1 F1800 X117.672 Y128.42 E728.36503
G0 F3600 X117.106 Y128.42
G1 F1800 X90.08 Y101.394 E729.63625
G0 F3600 X90.08 Y101.96
G1 F1800 X116.54 Y128.42 E730.88084
G0 F3600 X115.975 Y128.42
G1 F1800 X90.08 Y102.526 E732.09884
G0 F3600 X90.08 Y103.091
G1 F1800 X115.409 Y128.42 E733.29024
G0 F3600 X114.843 Y128.42
G1 F1800 X90.08 Y103.657 E734.45502
G0 F3600 X90.08 Y104.223
G1 F1800 X114.278 Y128.42 E735.59319
G0 F3600 X113.712 Y128.42
G1 F1800 X90.08 Y104.788 E736.70477
G0 F3600 X90.08 Y105.354
G1 F1800 X113.146 Y128.42 E737.78972
G0 F3600 X112.581 Y128.42
G1 F1800 X90.08 Y105.92 E738.84808
G0 F3600 X90.08 Y106.485
G1 F1800 X112.015 Y128.42 E739.87983
G0 F3600 X111.449 Y128.42
G1 F1800 X90.08 Y107.051 E740.88496
G0 F3600 X90.08 Y107.617
G1 F1800 X110.884 Y128.42 E741.8635
G0 F3600 X110.318 Y128.42
G1 F1800 X90.08 Y108.182 E742.81543
G0 F3600 X90.08 Y108.748
G1 F1800 X109.752 Y128.42 E743.74074
G0 F3600 X109.186 Y128.42
G1 F1800 X90.08 Y109.314 E744.63943
G0 F3600 X90.08 Y109.879
G1 F1800 X108.621 Y128.42 E745.51154
G0 F3600 X108.055 Y128.42
G1 F1800 X90.08 Y110.445 E746.35703
G0 F3600 X90.08 Y111.011
G1 F1800 X107.489 Y128.42 E747.1759
G0 F3600 X106.924 Y128.42
G1 F1800 X90.08 Y111.577 E747.96816
G0 F3600 X90.08 Y112.142
G1 F1800 X106.358 Y128.42 E748.73383
G0 F3600 X105.792 Y128.42
G1 F1800 X90.08 Y112.708 E749.47287
G0 F3600 X90.08 Y113.274
G1 F1800 X105.227 Y128.42 E750.18532
G0 F3600 X104.661 Y128.42
G1 F1800 X90.08 Y113.839 E750.87116
G0 F3600 X90.08 Y114.405
G1 F1800 X104.095 Y128.42 E751.53039
G0 F3600 X103.53 Y128.42
G1 F1800 X90.08 Y114.971 E752.16301
G0 F3600 X90.08 Y115.536
G1 F1800 X102.964 Y128.42 E752.76903
G0 F3600 X102.398 Y128.42
G1 F1800 X90.08 Y116.102 E753.34843
G0 F3600 X90.08 Y116.668
G1 F1800 X101.833 Y128.42 E753.90124
G0 F3600 X101.267 Y128.42
G1 F1800 X90.08 Y117.233 E754.42744
G0 F3600 X90.08 Y117.799
G1 F1800 X100.701 Y128.42 E754.92702
G0 F3600 X100.136 Y128.42
G1 F1800 X90.08 Y118.365 E755.4
G0 F3600 X90.08 Y118.93
G1 F1800 X99.57 Y128.42 E755.84638
G0 F3600 X99.004 Y128.42
G1 F1800 X90.08 Y119.496 E756.26614
G0 F3600 X90.08 Y120.062
G1 F1800 X98.438 Y128.42 E756.65927
G0 F3600 X97.873 Y128.42
G1 F1800 X90.08 Y120.627 E757.02583
G0 F3600 X90.08 Y121.193
G1 F1800 X97.307 Y128.42 E757.36577
G0 F3600 X96.741 Y128.42
G1 F1800 X90.08 Y121.759 E757.67908
G0 F3600 X90.08 Y122.325
G1 F1800 X96.176 Y128.42 E757.96579
G0 F3600 X95.61 Y128.42
G1 F1800 X90.08 Y122.89 E758.22591
G0 F3600 X90.08 Y123.456
G1 F1800 X95.044 Y128.42 E758.4594
G0 F3600 X94.479 Y128.42
G1 F1800 X90.08 Y124.022 E758.66629
G0 F3600 X90.08 Y124.587
G1 F1800 X93.913 Y128.42 E758.84658
G0 F3600 X93.347 Y128.42
G1 F1800 X90.08 Y125.153 E759.00025
G0 F3600 X90.08 Y125.719
G1 F1800 X92.782 Y128.42 E759.12732
G0 F3600 X92.216 Y128.42
G1 F1800 X90.08 Y126.284 E759.22779
G0 F3600 X90.08 Y126.85
G1 F1800 X91.65 Y128.42 E759.30164
G0 F3600 X91.085 Y128.42
G1 F1800 X90.08 Y127.416 E759.34889
G0 F3600 X90.08 Y127.981
G1 F1800 X90.519 Y128.42 E759.36954
G0 F3600 X131.884 Y109.256
G1 F1800 X144.23 Y121.603 E759.95028
G1 X144.3 Y121.673
G0 F3600 X144.01 Y120.817
G1 F1800 X132.669 Y109.476 E760.48373
G0 F3600 X133.321 Y109.563
G1 F1800 X143.928 Y120.169 E760.98262
G0 F3600 X143.952 Y119.628
G1 F1800 X133.861 Y109.536 E761.4573
G0 F3600 X134.362 Y109.472
G1 F1800 X144.019 Y119.128 E761.91151
G0 F3600 X144.122 Y118.666
G1 F1800 X134.826 Y109.37 E762.34876
G0 F3600 X135.227 Y109.206
G1 F1800 X144.287 Y118.266 E762.77492
G0 F3600 X144.453 Y117.866
G1 F1800 X135.629 Y109.042 E763.18997
G0 F3600 X135.982 Y108.829
G1 F1800 X144.668 Y117.515 E763.59854
G0 F3600 X144.912 Y117.194
G1 F1800 X136.302 Y108.583 E764.00355
G0 F3600 X136.622 Y108.338
G1 F1800 X145.156 Y116.872 E764.40496
G0 F3600 X145.447 Y116.597
G1 F1800 X136.895 Y108.045 E764.80722
G0 F3600 X137.142 Y107.726
G1 F1800 X145.768 Y116.352 E765.21296
G0 F3600 X146.089 Y116.108
G1 F1800 X137.388 Y107.407 E765.62223
G0 F3600 X137.582 Y107.035
G1 F1800 X146.461 Y115.914 E766.03987
G0 F3600 X146.86 Y115.748
G1 F1800 X137.748 Y106.635 E766.46849
G0 F3600 X137.914 Y106.236
G1 F1800 X147.26 Y115.582 E766.9081
G0 F3600 X147.748 Y115.504
G1 F1800 X137.991 Y105.747 E767.36704
G0 F3600 X138.056 Y105.246
G1 F1800 X148.247 Y115.437 E767.84639
G0 F3600 X148.822 Y115.446
G1 F1800 X138.045 Y104.669 E768.35331
G0 F3600 X137.961 Y104.02
G1 F1800 X149.474 Y115.533 E768.89485
G1 X149.544 Y115.603
G0 F3600 X150.339 Y115.832
G1 F1800 X137.662 Y103.156 E769.49111
G1 X137.592 Y103.086
G0 F3600 X144.051 Y103.887
G1 F1800 X121.745 Y81.581 E770.54032
G0 F3600 X122.31 Y81.581
G1 F1800 X144.202 Y103.472 E771.57003
G0 F3600 X144.368 Y103.073
G1 F1800 X122.876 Y81.581 E772.58094
G0 F3600 X123.442 Y81.581
G1 F1800 X144.54 Y102.679 E773.57333
G0 F3600 X144.784 Y102.357
G1 F1800 X124.007 Y81.581 E774.55059
G0 F3600 X124.573 Y81.581
G1 F1800 X145.028 Y102.036 E775.51273
G0 F3600 X145.278 Y101.72
G1 F1800 X125.139 Y81.581 E776.46001
G0 F3600 X125.704 Y81.581
G1 F1800 X145.6 Y101.477 E777.39586
G0 F3600 X145.922 Y101.233
G1 F1800 X126.27 Y81.581 E778.32023
G0 F3600 X126.836 Y81.581
G1 F1800 X146.254 Y101 E779.23361
G0 F3600 X146.654 Y100.833
G1 F1800 X127.402 Y81.581 E780.13917
G0 F3600 X127.967 Y81.581
G1 F1800 X147.053 Y100.667 E781.03691
G0 F3600 X147.489 Y100.537
G1 F1800 X128.533 Y81.581 E781.92855
G0 F3600 X129.099 Y81.581
G1 F1800 X147.989 Y100.471 E782.81707
G0 F3600 X148.489 Y100.406
G1 F1800 X129.664 Y81.581 E783.70254
G0 F3600 X130.23 Y81.581
G1 F1800 X149.137 Y100.488 E784.59187
G0 F3600 X149.839 Y100.625
G1 F1800 X130.796 Y81.581 E785.48762
G0 F3600 X131.361 Y81.581
G1 F1800 X150.812 Y101.032 E786.40253
G1 X150.882 Y101.102
G0 F3600 X149.349 Y94.478
G1 F1800 X159.018 Y104.146 E786.85731
G0 F3600 X159.116 Y103.679
G1 F1800 X149.818 Y94.38 E787.29468
G0 F3600 X150.217 Y94.214
G1 F1800 X159.282 Y103.279 E787.72107
G0 F3600 X159.449 Y102.881
G1 F1800 X150.617 Y94.048 E788.13653
G0 F3600 X150.972 Y93.838
G1 F1800 X159.658 Y102.524 E788.54509
G0 F3600 X159.904 Y102.205
G1 F1800 X151.292 Y93.592 E788.9502
G0 F3600 X151.612 Y93.347
G1 F1800 X160.15 Y101.884 E789.35177
G0 F3600 X160.438 Y101.606
G1 F1800 X151.887 Y93.055 E789.75399
G0 F3600 X152.132 Y92.735
G1 F1800 X160.757 Y101.36 E790.15968
G0 F3600 X161.078 Y101.115
G1 F1800 X152.378 Y92.415 E790.5689
G0 F3600 X152.575 Y92.046
G1 F1800 X161.447 Y100.919 E790.98624
G0 F3600 X161.848 Y100.754
G1 F1800 X152.739 Y91.645 E791.4147
G0 F3600 X152.905 Y91.245
G1 F1800 X162.247 Y100.587 E791.85412
G0 F3600 X162.733 Y100.507
G1 F1800 X152.988 Y90.762 E792.31249
G0 F3600 X153.054 Y90.263
G1 F1800 X163.236 Y100.445 E792.79142
G0 F3600 X163.806 Y100.449
G1 F1800 X153.047 Y89.69 E793.29749
G0 F3600 X152.966 Y89.043
G1 F1800 X164.456 Y100.534 E793.83797
G1 X164.526 Y100.604
G0 F3600 X165.307 Y100.819
G1 F1800 X152.681 Y88.192 E794.43188
G1 X152.611 Y88.122
G0 F3600 X150.3 Y85.812
G1 F1800 X146.069 Y81.581 E794.63089
G0 F3600 X145.503 Y81.581
G1 F1800 X149.45 Y85.527 E794.81653
G0 F3600 X148.803 Y85.446
G1 F1800 X144.938 Y81.581 E794.99832
G0 F3600 X144.372 Y81.581
G1 F1800 X148.232 Y85.441 E795.17989
G0 F3600 X147.731 Y85.505
G1 F1800 X143.806 Y81.581 E795.36448
G0 F3600 X143.241 Y81.581
G1 F1800 X147.244 Y85.584 E795.55277
G0 F3600 X146.845 Y85.751
G1 F1800 X142.675 Y81.581 E795.74891
G0 F3600 X142.109 Y81.581
G1 F1800 X146.446 Y85.918 E795.95291
G0 F3600 X146.078 Y86.115
G1 F1800 X141.544 Y81.581 E796.16618
G0 F3600 X140.978 Y81.581
G1 F1800 X145.757 Y86.36 E796.39097
G0 F3600 X145.436 Y86.604
G1 F1800 X140.412 Y81.581 E796.62726
G0 F3600 X139.847 Y81.581
G1 F1800 X145.147 Y86.882 E796.87658
G0 F3600 X144.902 Y87.202
G1 F1800 X139.281 Y81.581 E797.14097
G0 F3600 X138.715 Y81.581
G1 F1800 X144.656 Y87.522 E797.42042
G0 F3600 X144.446 Y87.877
G1 F1800 X138.15 Y81.581 E797.71656
G0 F3600 X137.584 Y81.581
G1 F1800 X144.279 Y88.277 E798.0315
G0 F3600 X144.113 Y88.676
G1 F1800 X137.018 Y81.581 E798.36523
G0 F3600 X136.453 Y81.581
G1 F1800 X144.015 Y89.144 E798.72094
G0 F3600 X143.953 Y89.647
G1 F1800 X135.887 Y81.581 E799.10034
G0 F3600 X135.321 Y81.581
G1 F1800 X143.932 Y90.192 E799.50538
G0 F3600 X144.016 Y90.842
G1 F1800 X134.755 Y81.581 E799.94099
G0 F3600 X134.19 Y81.581
G1 F1800 X144.251 Y91.642 E800.41423
G1 X144.321 Y91.712
G0 F3600 X146.856 Y94.247
G1 F1800 X159.25 Y106.641 E800.9972
G1 X159.32 Y106.711
G0 F3600 X159.016 Y105.841
G1 F1800 X147.657 Y94.482 E801.53149
G0 F3600 X148.303 Y94.563
G1 F1800 X158.929 Y105.189 E802.03131
G0 F3600 X158.951 Y104.645
G1 F1800 X148.848 Y94.542 E802.50652
G1 X148.778 Y94.472
G0 F3600 X143.985 Y104.387
G1 F1800 X121.179 Y81.581 E803.57925
G0 F3600 X120.613 Y81.581
G1 F1800 X143.92 Y104.887 E804.67551
G0 F3600 X143.971 Y105.505
G1 F1800 X120.048 Y81.581 E805.8008
G0 F3600 X119.482 Y81.581
G1 F1800 X144.058 Y106.157 E806.95678
G1 X144.128 Y106.227
G1 F1500 E800.45678
;MESH:NONMESH
G0 F600 X144.128 Y106.227 Z0.6
G0 F3600 X136.918 Y102.811
G0 X88.93 Y80.966
G0 X87.835 Y80.966
G0 X82.677 Y80.966
;TIME_ELAPSED:853.639625
;LAYER:1
M106 S255
;TYPE:SUPPORT
G1 F1500 E806.95678
G1 F2700 X82.677 Y73.459 E807.45615
G1 X82.271 Y73.771 E807.49021
G1 X81.507 Y74.768 E807.57376
G1 X81.027 Y75.931 E807.65746
G1 X80.863 Y77.172 E807.74073
G1 X81.027 Y78.413 E807.824
G1 X81.507 Y79.577 E807.90775
G1 X82.24 Y80.53 E807.98773
G1 X85.134 Y83.423 E808.25993
G1 X85.344 Y83.595 E808.27799
G1 X85.344 Y72.406 E809.02228
G1 X85.672 Y72.363 E809.04429
G1 X86.913 Y72.527 E809.12756
G1 X88.011 Y72.98 E809.20657
G1 X88.011 Y79.504 E809.64055
G1 X88.415 Y79.1 E809.67855
G1 X92.947 Y79.1 E809.98002
G1 X92.965 Y79 E809.98678
G1 X92.995 Y79 E809.98878
G1 X92.99 Y78.8 E810.00208
G1 X93.162 Y78.8 E810.01353
G1 X92.664 Y77.593 E810.10038
G1 X91.936 Y76.647 E810.17979
G1 X90.678 Y75.389 E810.29813
G1 X90.678 Y79.1 E810.54499
G1 F1500 E804.04499
G0 F5400 X87.847 Y79.347
G0 X87.847 Y130.653
G0 X90.678 Y134.612
G1 F1500 E810.54499
G1 F2700 X90.678 Y130.9 E810.79191
G1 X92.942 Y130.9 E810.94251
G1 X92.998 Y131.2 E810.96281
G1 X93.162 Y131.2 E810.97372
G1 X92.664 Y132.407 E811.06058
G1 X91.936 Y133.353 E811.13998
G1 X89.03 Y136.26 E811.41341
G1 X88.011 Y137.044 E811.49893
G1 X88.011 Y130.496 E811.93451
G1 X87.6 Y130.085 E811.97317
G1 X87.6 Y125.561 E812.27411
G1 X87.5 Y125.543 E812.28087
G1 X87.5 Y125.496 E812.284
G1 X87.3 Y125.515 E812.29736
G1 X87.3 Y125.368 E812.30714
G1 X86.657 Y125.561 E812.3518
G1 X85.826 Y126.008 E812.41456
G1 X85.344 Y126.404 E812.45606
G1 X85.344 Y137.593 E813.20036
G1 X84.431 Y137.473 E813.26161
G1 X83.268 Y136.993 E813.3453
G1 X82.271 Y136.229 E813.42886
G1 X81.507 Y135.232 E813.51241
G1 X81.027 Y134.069 E813.59611
G1 X80.863 Y132.828 E813.67937
G1 X81.027 Y131.587 E813.76264
G1 X81.507 Y130.423 E813.8464
G1 X82.24 Y129.47 E813.92638
G1 X82.677 Y129.033 E813.96749
G1 X82.677 Y136.54 E814.46685
G1 F1500 E807.96685
G0 F5400 X205.359 Y133.648
G1 F1500 E814.46685
G1 F2700 X205.359 Y130.9 E814.64965
G1 X204.053 Y130.9 E814.73653
G1 X204.035 Y131 E814.74329
G1 X204.005 Y131 E814.74528
G1 X204.01 Y131.2 E814.75859
G1 X203.838 Y131.2 E814.77003
G1 X204.336 Y132.407 E814.85689
G1 X205.064 Y133.353 E814.93629
G1 X208.026 Y136.316 E815.21498
G1 X208.026 Y130.9 E815.57526
G1 X208.585 Y130.9 E815.61244
G1 X209.4 Y130.085 E815.68911
G1 X209.4 Y125.558 E815.99025
G1 X209.7 Y125.502 E816.01055
G1 X209.7 Y125.338 E816.02146
G1 X210.693 Y125.748 E816.09292
G1 X210.693 Y137.553 E816.8782
G1 X211.328 Y137.637 E816.9208
G1 X212.569 Y137.473 E817.00407
G1 X213.36 Y137.147 E817.06099
G1 X213.36 Y128.071 E817.66472
G1 X214.76 Y129.47 E817.79638
G1 X215.493 Y130.423 E817.87636
G1 X215.973 Y131.587 E817.96011
G1 X216.027 Y131.996 E817.98755
G1 X216.027 Y133.661 E818.09831
G1 F1500 E811.59831
G0 F5400 X209.153 Y79.347
G0 X205.359 Y79.1
G1 F1500 E818.09831
G1 F2700 X205.359 Y76.351 E818.28117
G1 X205.064 Y76.647 E818.30897
G1 X204.336 Y77.593 E818.38838
G1 X203.838 Y78.8 E818.47523
G1 X204.002 Y78.8 E818.48614
G1 X204.058 Y79.1 E818.50644
G1 X208.026 Y79.1 E818.7704
G1 X208.026 Y73.696 E819.12987
G1 X208.923 Y73.007 E819.20511
G1 X210.087 Y72.527 E819.28887
G1 X210.693 Y72.446 E819.32954
G1 X210.693 Y84.253 E820.11494
G1 X210.907 Y84.164 E820.13036
G1 X211.853 Y83.436 E820.20976
G1 X213.36 Y81.93 E820.35148
G1 X213.36 Y72.854 E820.95522
G1 X213.732 Y73.007 E820.98198
G1 X214.729 Y73.771 E821.06553
G1 X215.493 Y74.768 E821.14909
G1 X215.973 Y75.931 E821.23278
G1 X216.027 Y76.34 E821.26022
G1 X216.027 Y78.005 E821.37098
G1 F1500 E814.87098
;MESH:manette_1-Body_(Meshed).stl
G0 F5400 X209.165 Y80.424
G0 X208.076 Y80.424
G0 X207.5 Y129
;TYPE:WALL-INNER
G1 F1500 E821.37098
G1 F2700 X207.5 Y81 E824.56395
G1 X89.5 Y81 E832.41334
G1 X89.5 Y129 E835.60632
G1 X207.5 Y129 E843.45571
G0 F5400 X207.9 Y129.4
G1 F2700 X207.9 Y80.6 E846.7019
G1 X89.1 Y80.6 E854.60451
G1 X89.1 Y129.4 E857.8507
G1 X207.9 Y129.4 E865.7533
G0 F5400 X207.62 Y129.12
G0 X164.528 Y108.872
G1 F2700 X163.489 Y109.003 E865.82297
G1 X162.462 Y108.87 E865.89185
G1 X161.499 Y108.47 E865.96122
G1 X160.671 Y107.842 E866.03035
G1 X160.027 Y107.006 E866.10054
G1 X159.625 Y106.037 E866.17033
G1 X159.492 Y105 E866.23988
G1 X159.625 Y103.961 E866.30955
G1 X160.026 Y102.994 E866.37919
G1 X160.665 Y102.162 E866.44898
G1 X161.498 Y101.527 E866.51865
G1 X162.464 Y101.126 E866.58823
G1 X163.492 Y100.993 E866.65718
G1 X164.536 Y101.128 E866.7272
G1 X165.505 Y101.528 E866.79694
G1 X166.335 Y102.166 E866.86658
G1 X166.977 Y103.015 E866.93738
G1 X167.367 Y103.959 E867.00532
G1 X167.502 Y105 E867.07515
G1 X167.374 Y106.02 E867.14353
G1 X166.967 Y107.009 E867.21468
G1 X166.34 Y107.826 E867.28318
G1 X165.505 Y108.468 E867.35325
G1 X164.528 Y108.872 E867.42357
G0 F5400 X164.43 Y108.482
G1 F2700 X163.492 Y108.601 E867.48647
G1 X162.571 Y108.478 E867.54828
G1 X161.702 Y108.118 E867.61085
G1 X160.948 Y107.547 E867.67377
G1 X160.383 Y106.806 E867.73575
G1 X160.021 Y105.934 E867.79856
G1 X159.894 Y105.002 E867.86113
G1 X160.014 Y104.066 E867.9239
G1 X160.377 Y103.195 E867.98667
G1 X160.953 Y102.443 E868.04968
G1 X161.702 Y101.878 E868.11209
G1 X162.571 Y101.513 E868.17479
G1 X163.497 Y101.395 E868.23688
G1 X164.435 Y101.516 E868.2998
G1 X165.305 Y101.878 E868.36248
G1 X166.05 Y102.451 E868.425
G1 X166.621 Y103.199 E868.4876
G1 X166.976 Y104.063 E868.54973
G1 X167.1 Y105 E868.61261
G1 X166.978 Y105.942 E868.67579
G1 X166.62 Y106.802 E868.73776
G1 X166.049 Y107.547 E868.8002
G1 X165.304 Y108.118 E868.86264
G1 X164.43 Y108.482 E868.92562
G0 F5400 X164.47 Y108.79
G0 X149.537 Y108.871
G1 F2700 X148.5 Y109.004 E868.99516
G1 X147.457 Y108.871 E869.0651
G1 X146.494 Y108.469 E869.13452
G1 X145.665 Y107.833 E869.20403
G1 X145.027 Y107.006 E869.27351
G1 X144.625 Y106.037 E869.34329
G1 X144.492 Y105 E869.41284
G1 X144.625 Y103.961 E869.48252
G1 X145.026 Y102.994 E869.55215
G1 X145.664 Y102.164 E869.62179
G1 X146.494 Y101.527 E869.69139
G1 X147.457 Y101.125 E869.7608
G1 X148.5 Y100.992 E869.83075
G1 X149.537 Y101.125 E869.90029
G1 X150.506 Y101.527 E869.97008
G1 X151.333 Y102.165 E870.03956
G1 X151.97 Y102.994 E870.1091
G1 X152.371 Y103.961 E870.17874
G1 X152.504 Y105 E870.24842
G1 X152.371 Y106.037 E870.31797
G1 X151.969 Y107.006 E870.38775
G1 X151.332 Y107.832 E870.45714
G1 X150.506 Y108.469 E870.52652
G1 X149.537 Y108.871 E870.59631
G0 F5400 X149.434 Y108.475
G1 F2700 X148.502 Y108.602 E870.65888
G1 X147.566 Y108.482 E870.72165
G1 X146.695 Y108.119 E870.78442
G1 X145.945 Y107.545 E870.84725
G1 X145.383 Y106.806 E870.909
G1 X145.021 Y105.934 E870.97181
G1 X144.894 Y105.002 E871.03438
G1 X145.014 Y104.066 E871.09715
G1 X145.377 Y103.195 E871.15992
G1 X145.949 Y102.448 E871.22251
G1 X146.695 Y101.883 E871.28476
G1 X147.562 Y101.521 E871.34726
G1 X148.498 Y101.394 E871.41009
G1 X149.433 Y101.514 E871.4728
G1 X150.306 Y101.883 E871.53584
G1 X151.048 Y102.449 E871.59792
G1 X151.613 Y103.195 E871.66017
G1 X151.975 Y104.062 E871.72267
G1 X152.102 Y104.998 E871.7855
G1 X151.982 Y105.933 E871.84821
G1 X151.613 Y106.806 E871.91126
G1 X151.048 Y107.548 E871.9733
G1 X150.306 Y108.113 E872.03533
G1 X149.434 Y108.475 E872.09814
G0 F5400 X149.554 Y108.767
G0 X150.428 Y108.339
G0 X151.227 Y107.727
G0 X151.839 Y106.928
G0 X152.225 Y105.997
G0 X152.357 Y105
G0 X152.25 Y104.193
G0 X149.537 Y93.871
G1 F2700 X148.5 Y94.004 E872.16769
G1 X147.457 Y93.871 E872.23763
G1 X146.494 Y93.469 E872.30705
G1 X145.662 Y92.831 E872.37679
G1 X145.026 Y92.001 E872.44635
G1 X144.626 Y91.032 E872.51608
G1 X144.493 Y90.012 E872.58451
G1 X144.624 Y88.96 E872.65503
G1 X145.025 Y87.996 E872.72448
G1 X145.662 Y87.162 E872.79429
G1 X146.495 Y86.526 E872.864
G1 X147.452 Y86.127 E872.93297
G1 X148.499 Y85.991 E873.00321
G1 X149.404 Y86.108 E873.06391
G1 X149.659 Y86.176 E873.08146
G1 X150.508 Y86.528 E873.1426
G1 X151.333 Y87.161 E873.21177
G1 X151.971 Y87.996 E873.28167
G1 X152.372 Y88.96 E873.35113
G1 X152.503 Y90.014 E873.42178
G1 X152.37 Y91.032 E873.49007
G1 X151.969 Y92.002 E873.55989
G1 X151.334 Y92.83 E873.6293
G1 X150.506 Y93.469 E873.69888
G1 X149.537 Y93.871 E873.76866
G0 F5400 X149.434 Y93.475
G1 F2700 X148.502 Y93.602 E873.83123
G1 X147.566 Y93.482 E873.894
G1 X146.695 Y93.119 E873.95677
G1 X145.945 Y92.545 E874.0196
G1 X145.374 Y91.798 E874.08214
G1 X145.013 Y90.924 E874.14505
G1 X144.896 Y90.005 E874.20667
G1 X145.014 Y89.066 E874.26963
G1 X145.378 Y88.202 E874.33199
G1 X145.946 Y87.448 E874.39479
G1 X146.695 Y86.877 E874.45744
G1 X147.56 Y86.516 E874.51979
G1 X148.5 Y86.394 E874.58284
G1 X149.431 Y86.514 E874.64528
G1 X150.303 Y86.875 E874.70806
G1 X151.047 Y87.453 E874.77074
G1 X151.618 Y88.202 E874.83339
G1 X151.982 Y89.065 E874.89569
G1 X152.101 Y90.01 E874.95905
G1 X151.975 Y90.951 E875.0222
G1 X151.618 Y91.798 E875.08335
G1 X151.049 Y92.547 E875.14592
G1 X150.306 Y93.113 E875.20805
G1 X149.434 Y93.475 E875.27085
G0 F5400 X149.554 Y93.767
G0 X136.227 Y107.727
G0 X134.532 Y108.87
G1 F2700 X133.508 Y109.003 E875.33954
G1 X132.46 Y108.87 E875.40981
G1 X131.494 Y108.47 E875.47936
G1 X130.654 Y107.824 E875.54985
G1 X130.037 Y107.016 E875.61748
G1 X129.626 Y106.037 E875.68811
G1 X129.494 Y105 E875.75765
G1 X129.631 Y103.942 E875.82861
G1 X130.03 Y102.989 E875.89734
G1 X130.664 Y102.163 E875.96661
G1 X131.494 Y101.526 E876.0362
G1 X132.467 Y101.124 E876.10623
G1 X133.511 Y100.993 E876.17623
G1 X134.532 Y101.126 E876.24472
G1 X135.501 Y101.526 E876.31445
G1 X136.331 Y102.162 E876.38401
G1 X136.97 Y102.994 E876.45379
G1 X137.371 Y103.961 E876.52343
G1 X137.504 Y105 E876.59311
G1 X137.371 Y106.037 E876.66265
G1 X136.969 Y107.006 E876.73244
G1 X136.33 Y107.834 E876.80201
G1 X135.502 Y108.469 E876.87142
G1 X134.532 Y108.87 E876.94124
G0 F5400 X134.425 Y108.478
G1 F2700 X133.505 Y108.601 E877.00299
G1 X132.565 Y108.48 E877.06603
G1 X131.691 Y108.117 E877.12899
G1 X130.95 Y107.544 E877.1913
G1 X130.374 Y106.8 E877.25389
G1 X130.013 Y105.922 E877.31703
G1 X129.896 Y105 E877.37886
G1 X130.017 Y104.063 E877.44171
G1 X130.375 Y103.199 E877.50392
G1 X130.949 Y102.448 E877.56679
G1 X131.692 Y101.879 E877.62905
G1 X132.57 Y101.514 E877.6923
G1 X133.508 Y101.395 E877.75519
G1 X134.425 Y101.518 E877.81674
G1 X135.298 Y101.874 E877.87945
G1 X136.048 Y102.448 E877.94228
G1 X136.613 Y103.195 E878.00458
G1 X136.975 Y104.062 E878.06708
G1 X137.102 Y104.998 E878.12991
G1 X136.982 Y105.933 E878.19262
G1 X136.613 Y106.806 E878.25567
G1 X136.044 Y107.552 E878.31808
G1 X135.298 Y108.118 E878.38037
G1 X134.425 Y108.478 E878.44319
G0 F5400 X134.466 Y108.791
G0 X145.773 Y122.727
G0 X146.572 Y123.339
G0 X147.503 Y123.725
G0 X149.541 Y123.869
G1 F2700 X148.502 Y124.005 E878.51289
G1 X147.592 Y123.888 E878.57392
G1 X147.335 Y123.82 E878.59161
G1 X146.499 Y123.472 E878.65184
G1 X145.664 Y122.836 E878.72166
G1 X145.027 Y122.006 E878.79126
G1 X144.624 Y121.032 E878.86138
G1 X144.493 Y119.985 E878.93157
G1 X144.626 Y118.963 E879.00013
G1 X145.026 Y117.999 E879.06955
G1 X145.662 Y117.161 E879.13953
G1 X146.497 Y116.525 E879.20936
G1 X147.457 Y116.125 E879.27854
G1 X148.5 Y115.992 E879.34848
G1 X149.537 Y116.125 E879.41803
G1 X150.506 Y116.527 E879.48781
G1 X151.342 Y117.171 E879.55801
G1 X151.97 Y117.999 E879.62714
G1 X152.372 Y118.968 E879.69692
G1 X152.503 Y119.989 E879.7654
G1 X152.372 Y121.032 E879.83532
G1 X151.969 Y122.006 E879.90544
G1 X151.334 Y122.833 E879.9748
G1 X150.609 Y123.39 E880.03562
G1 X150.383 Y123.52 E880.05296
G1 X149.541 Y123.869 E880.11359
G0 F5400 X149.437 Y123.48
G1 F2700 X148.501 Y123.602 E880.17638
G1 X147.566 Y123.482 E880.23909
G1 X146.697 Y123.12 E880.30171
G1 X145.95 Y122.544 E880.36445
G1 X145.378 Y121.798 E880.42699
G1 X145.014 Y120.932 E880.48948
G1 X144.895 Y119.989 E880.5527
G1 X145.018 Y119.071 E880.61431
G1 X145.374 Y118.201 E880.67684
G1 X145.948 Y117.448 E880.73983
G1 X146.695 Y116.883 E880.80213
G1 X147.562 Y116.521 E880.86463
G1 X148.498 Y116.394 E880.92746
G1 X149.433 Y116.514 E880.99017
G1 X150.306 Y116.883 E881.05321
G1 X151.054 Y117.453 E881.11577
G1 X151.618 Y118.202 E881.17814
G1 X151.983 Y119.071 E881.24084
G1 X152.1 Y119.995 E881.3028
G1 X151.982 Y120.932 E881.36562
G1 X151.618 Y121.798 E881.42811
G1 X151.052 Y122.545 E881.49045
G1 X150.302 Y123.121 E881.55335
G1 X149.437 Y123.48 E881.61565
G0 F5400 X149.327 Y123.092
;TYPE:WALL-OUTER
G1 F1800 X148.5 Y123.198 E881.67112
G1 X147.669 Y123.092 E881.72684
G1 X146.899 Y122.771 E881.78234
G1 X146.254 Y122.28 E881.83626
G1 X145.726 Y121.6 E881.89353
G1 X145.406 Y120.827 E881.94918
G1 X145.3 Y119.981 E882.0059
G1 X145.403 Y119.182 E882.05948
G1 X145.726 Y118.4 E882.11577
G1 X146.243 Y117.725 E882.17232
G1 X146.898 Y117.227 E882.22706
G1 X147.667 Y116.907 E882.28246
G1 X148.482 Y116.8 E882.33714
G1 X149.327 Y116.904 E882.39378
G1 X150.102 Y117.227 E882.44963
G1 X150.762 Y117.734 E882.50499
G1 X151.256 Y118.378 E882.55898
G1 X151.586 Y119.157 E882.61526
G1 X151.696 Y119.981 E882.67056
G1 X151.59 Y120.827 E882.72727
G1 X151.27 Y121.6 E882.78293
G1 X150.762 Y122.261 E882.83838
G1 X150.101 Y122.771 E882.89392
G1 X149.327 Y123.092 E882.94966
G0 F5400 X149.129 Y123.117
G0 X149.221 Y123.823
G0 X150.428 Y123.339
G0 X151.227 Y122.727
G0 X151.839 Y121.928
G0 X152.225 Y120.997
G0 X152.357 Y120
G0 X152.25 Y119.193
G0 X149.601 Y108.748
G0 X149.329 Y108.089
G1 F1800 X148.518 Y108.196 E883.00407
G1 X147.669 Y108.092 E883.06097
G1 X146.898 Y107.769 E883.11658
G1 X146.243 Y107.271 E883.17131
G1 X145.727 Y106.602 E883.22751
G1 X145.407 Y105.829 E883.28316
G1 X145.3 Y105.018 E883.33758
G1 X145.404 Y104.169 E883.39448
G1 X145.727 Y103.398 E883.45008
G1 X146.225 Y102.743 E883.50482
G1 X146.898 Y102.227 E883.56123
G1 X147.667 Y101.907 E883.61664
G1 X148.482 Y101.8 E883.67131
G1 X149.327 Y101.904 E883.72795
G1 X150.102 Y102.227 E883.7838
G1 X150.762 Y102.734 E883.83916
G1 X151.269 Y103.398 E883.89473
G1 X151.589 Y104.167 E883.95014
G1 X151.696 Y104.982 E884.00482
G1 X151.592 Y105.827 E884.06145
G1 X151.269 Y106.602 E884.11731
G1 X150.762 Y107.262 E884.17267
G1 X150.102 Y107.769 E884.22803
G1 X149.329 Y108.089 E884.28368
G0 F5400 X149.131 Y108.115
G0 X149.224 Y108.823
G0 X162.072 Y108.854
G0 X164.403 Y108.799
G0 X164.311 Y108.094
G1 F1800 X163.511 Y108.196 E884.33733
G1 X162.682 Y108.093 E884.3929
G1 X161.9 Y107.77 E884.44918
G1 X161.244 Y107.271 E884.50401
G1 X160.727 Y106.602 E884.56025
G1 X160.407 Y105.829 E884.6159
G1 X160.3 Y105.018 E884.67032
G1 X160.404 Y104.169 E884.72721
G1 X160.727 Y103.398 E884.78282
G1 X161.225 Y102.743 E884.83755
G1 X161.878 Y102.24 E884.89238
G1 X162.657 Y101.91 E884.94866
G1 X163.481 Y101.8 E885.00396
G1 X164.341 Y101.91 E885.06163
G1 X165.112 Y102.233 E885.11724
G1 X165.772 Y102.744 E885.17276
G1 X166.268 Y103.396 E885.22726
G1 X166.59 Y104.167 E885.28284
G1 X166.696 Y105.019 E885.33995
G1 X166.59 Y105.829 E885.39429
G1 X166.273 Y106.595 E885.44944
G1 X165.753 Y107.271 E885.50617
G1 X165.089 Y107.776 E885.56166
G1 X164.311 Y108.094 E885.61757
G0 F5400 X164.113 Y108.119
G0 X164.205 Y108.825
G0 X162.503 Y108.725
G0 X161.572 Y108.339
G0 X160.853 Y107.788
G0 X149.601 Y93.748
G0 X149.329 Y93.089
G1 F1800 X148.518 Y93.196 E885.67199
G1 X147.669 Y93.092 E885.72889
G1 X146.898 Y92.769 E885.78449
G1 X146.243 Y92.271 E885.83923
G1 X145.733 Y91.611 E885.89471
G1 X145.41 Y90.839 E885.95038
G1 X145.3 Y90.019 E886.00541
G1 X145.406 Y89.169 E886.06239
G1 X145.726 Y88.4 E886.1178
G1 X146.232 Y87.733 E886.17349
G1 X146.878 Y87.24 E886.22755
G1 X147.668 Y86.904 E886.28465
G1 X148.5 Y86.798 E886.34044
G1 X149.327 Y86.904 E886.39591
G1 X150.101 Y87.225 E886.45165
G1 X150.763 Y87.735 E886.50723
G1 X151.256 Y88.378 E886.56113
G1 X151.59 Y89.169 E886.61825
G1 X151.696 Y90.019 E886.67523
G1 X151.593 Y90.814 E886.72855
G1 X151.27 Y91.6 E886.78508
G1 X150.771 Y92.252 E886.8397
G1 X150.102 Y92.769 E886.89594
G1 X149.329 Y93.089 E886.95159
G0 F5400 X149.131 Y93.115
G0 X149.224 Y93.823
G0 X136.227 Y107.727
G0 X135.58 Y108.223
G0 X134.611 Y108.744
G0 X134.339 Y108.086
G1 F1800 X133.519 Y108.196 E887.00663
G1 X132.655 Y108.086 E887.06456
G1 X131.899 Y107.77 E887.11907
G1 X131.225 Y107.252 E887.17562
G1 X130.734 Y106.613 E887.22922
G1 X130.406 Y105.829 E887.28575
G1 X130.3 Y105.012 E887.34056
G1 X130.406 Y104.167 E887.39721
G1 X130.723 Y103.405 E887.45211
G1 X131.243 Y102.725 E887.50905
G1 X131.911 Y102.22 E887.56475
G1 X132.685 Y101.902 E887.62042
G1 X133.489 Y101.8 E887.67433
G1 X134.314 Y101.903 E887.72963
G1 X135.1 Y102.226 E887.78616
G1 X135.771 Y102.743 E887.84251
G1 X136.269 Y103.398 E887.89724
G1 X136.589 Y104.167 E887.95265
G1 X136.696 Y104.982 E888.00733
G1 X136.592 Y105.827 E888.06396
G1 X136.269 Y106.602 E888.11981
G1 X135.762 Y107.262 E888.17518
G1 X135.122 Y107.756 E888.22896
G1 X134.339 Y108.086 E888.28548
G0 F5400 X134.141 Y108.112
G0 X134.234 Y108.821
G0 X208.02 Y129.52
G0 X208.3 Y129.8
G1 F1800 X208.3 Y80.2 E891.58488
G1 X88.7 Y80.2 E899.54071
G1 X88.7 Y129.8 E902.84011
G1 X208.3 Y129.8 E910.79594
G0 F5400 X208.3 Y129.6
G0 X207.62 Y129.12
G0 X149.627 Y124.238
;TYPE:SKIN
G1 F1800 X150.525 Y123.869 E910.86052
G1 X150.82 Y123.702 E910.88307
G1 X151.607 Y123.103 E910.94886
G1 X152.303 Y122.193 E911.02507
G1 X152.742 Y121.13 E911.10157
G1 X152.884 Y119.989 E911.17806
G1 X152.734 Y118.849 E911.25454
G1 X152.302 Y117.804 E911.32976
G1 X151.606 Y116.898 E911.40576
G1 X150.698 Y116.195 E911.48215
G1 X149.633 Y115.754 E911.55883
G1 X148.482 Y115.608 E911.636
G1 X147.359 Y115.755 E911.71134
G1 X146.301 Y116.195 E911.78757
G1 X145.381 Y116.903 E911.86479
G1 X144.69 Y117.808 E911.94053
G1 X144.251 Y118.878 E912.01747
G1 X144.108 Y119.981 E912.09145
G1 X144.25 Y121.13 E912.16846
G1 X144.689 Y122.193 E912.24497
G1 X145.389 Y123.103 E912.32134
G1 X146.162 Y123.695 E912.38611
G1 X146.445 Y123.858 E912.40783
G1 X147.213 Y124.178 E912.46318
G1 X147.521 Y124.258 E912.48434
G1 X148.501 Y124.386 E912.55009
G1 X149.627 Y124.238 E912.62563
G0 F5400 X151.227 Y122.727
G0 X151.839 Y121.928
G0 X152.225 Y120.997
G0 X152.357 Y120
G0 X152.357 Y105
G0 X152.25 Y104.193
G0 X149.633 Y94.242
G1 F1800 X150.694 Y93.801 E912.70207
G1 X151.607 Y93.096 E912.7788
G1 X152.302 Y92.188 E912.85486
G1 X152.741 Y91.118 E912.9318
G1 X152.884 Y90.015 E913.00578
G1 X152.744 Y88.861 E913.08311
G1 X152.303 Y87.803 E913.15936
G1 X151.603 Y86.889 E913.23594
G1 X150.842 Y86.305 E913.29975
G1 X150.548 Y86.134 E913.32237
G1 X149.805 Y85.823 E913.37595
G1 X149.475 Y85.734 E913.39869
G1 X148.495 Y85.606 E913.46443
G1 X147.369 Y85.754 E913.53998
G1 X146.443 Y86.134 E913.60656
G1 X146.187 Y86.282 E913.62623
G1 X145.393 Y86.889 E913.69271
G1 X144.683 Y87.826 E913.77092
G1 X144.25 Y88.862 E913.84561
G1 X144.112 Y90.007 E913.92233
G1 X144.258 Y91.143 E913.99851
G1 X144.69 Y92.184 E914.07349
G1 X145.39 Y93.098 E914.15007
G1 X146.302 Y93.797 E914.22651
G1 X147.36 Y94.244 E914.30291
G1 X148.518 Y94.384 E914.3805
G1 X149.633 Y94.242 E914.45527
G0 F5400 X137.568 Y106.378
G0 X134.639 Y109.234
G1 F1800 X135.697 Y108.799 E914.53136
G1 X136.598 Y108.102 E914.60714
G1 X137.301 Y107.194 E914.68353
G1 X137.742 Y106.137 E914.75971
G1 X137.884 Y104.982 E914.83712
G1 X137.741 Y103.859 E914.91243
G1 X137.301 Y102.802 E914.98859
G1 X136.596 Y101.885 E915.06553
G1 X135.684 Y101.19 E915.1418
G1 X134.618 Y100.751 E915.21849
G1 X133.501 Y100.608 E915.2934
G1 X132.359 Y100.757 E915.37001
G1 X131.315 Y101.188 E915.44514
G1 X130.399 Y101.885 E915.52171
G1 X129.695 Y102.801 E915.59856
G1 X129.262 Y103.84 E915.67344
G1 X129.108 Y105.005 E915.75161
G1 X129.255 Y106.128 E915.82695
G1 X129.699 Y107.199 E915.90407
G1 X130.407 Y108.115 E915.98108
G1 X131.306 Y108.8 E916.05626
G1 X132.368 Y109.24 E916.13273
G1 X133.508 Y109.384 E916.20917
G1 X134.639 Y109.234 E916.28506
G0 F5400 X149.633 Y109.242
G1 F1800 X150.698 Y108.797 E916.36184
G1 X151.602 Y108.102 E916.43769
G1 X152.301 Y107.195 E916.51387
G1 X152.744 Y106.135 E916.59029
G1 X152.884 Y105.018 E916.66517
G1 X152.741 Y103.859 E916.74285
G1 X152.297 Y102.802 E916.81912
G1 X151.602 Y101.894 E916.89518
G1 X150.698 Y101.195 E916.97119
G1 X149.633 Y100.754 E917.04787
G1 X148.482 Y100.608 E917.12505
G1 X147.359 Y100.755 E917.20039
G1 X146.302 Y101.195 E917.27655
G1 X145.39 Y101.89 E917.35282
G1 X144.695 Y102.802 E917.4291
G1 X144.252 Y103.861 E917.50546
G1 X144.108 Y105.018 E917.58302
G1 X144.254 Y106.137 E917.65808
G1 X144.691 Y107.191 E917.73398
G1 X145.386 Y108.094 E917.80978
G1 X146.301 Y108.797 E917.88654
G1 X147.36 Y109.244 E917.963
G1 X148.518 Y109.384 E918.04059
G1 X149.633 Y109.242 E918.11536
G0 F5400 X164.637 Y109.239
G1 F1800 X165.7 Y108.793 E918.19204
G1 X166.593 Y108.111 E918.26679
G1 X167.301 Y107.191 E918.34401
G1 X167.74 Y106.12 E918.42101
G1 X167.884 Y105.005 E918.49579
G1 X167.734 Y103.84 E918.57393
G1 X167.294 Y102.795 E918.64935
G1 X166.593 Y101.885 E918.72577
G1 X165.7 Y101.203 E918.80051
G1 X164.627 Y100.752 E918.87794
G1 X163.492 Y100.612 E918.95401
G1 X162.353 Y100.758 E919.0304
G1 X161.296 Y101.198 E919.10656
G1 X160.394 Y101.89 E919.18218
G1 X159.695 Y102.802 E919.25862
G1 X159.252 Y103.859 E919.33485
G1 X159.108 Y105.018 E919.41254
G1 X159.255 Y106.137 E919.48762
G1 X159.695 Y107.195 E919.56384
G1 X160.403 Y108.111 E919.64085
G1 X161.292 Y108.794 E919.71543
G1 X162.374 Y109.241 E919.7933
G1 X163.498 Y109.384 E919.86867
G1 X164.637 Y109.239 E919.94505
G0 F5400 X207.12 Y128.62
G1 F1800 X89.88 Y128.62 E927.74389
G1 X89.881 Y81.381 E930.88624
G1 X207.12 Y81.38 E938.68501
G1 X207.12 Y128.62 E941.82743
G0 F5400 X206.466 Y128.42
G1 F1800 X206.92 Y127.966 E941.87014
G0 F5400 X206.92 Y127.4
G1 F1800 X205.9 Y128.42 E941.96609
G0 F5400 X205.335 Y128.42
G1 F1800 X206.92 Y126.834 E942.11525
G0 F5400 X206.92 Y126.269
G1 F1800 X204.769 Y128.42 E942.3176
G0 F5400 X204.203 Y128.42
G1 F1800 X206.92 Y125.703 E942.5732
G0 F5400 X206.92 Y125.137
G1 F1800 X203.638 Y128.42 E942.882
G0 F5400 X203.072 Y128.42
G1 F1800 X206.92 Y124.572 E943.24399
G0 F5400 X206.92 Y124.006
G1 F1800 X202.506 Y128.42 E943.65923
G0 F5400 X201.941 Y128.42
G1 F1800 X206.92 Y123.44 E944.12767
G0 F5400 X206.92 Y122.875
G1 F1800 X201.375 Y128.42 E944.64931
G0 F5400 X200.809 Y128.42
G1 F1800 X206.92 Y122.309 E945.2242
G0 F5400 X206.92 Y121.743
G1 F1800 X200.243 Y128.42 E945.85233
G0 F5400 X199.678 Y128.42
G1 F1800 X206.92 Y121.178 E946.53361
G0 F5400 X206.92 Y120.612
G1 F1800 X199.112 Y128.42 E947.26814
G0 F5400 X198.546 Y128.42
G1 F1800 X206.92 Y120.046 E948.05592
G0 F5400 X206.92 Y119.481
G1 F1800 X197.981 Y128.42 E948.89684
G0 F5400 X197.415 Y128.42
G1 F1800 X206.92 Y118.915 E949.79102
G0 F5400 X206.92 Y118.349
G1 F1800 X196.849 Y128.42 E950.73843
G0 F5400 X196.284 Y128.42
G1 F1800 X206.92 Y117.783 E951.73905
G0 F5400 X206.92 Y117.218
G1 F1800 X195.718 Y128.42 E952.79287
G0 F5400 X195.152 Y128.42
G1 F1800 X206.92 Y116.652 E953.89993
G0 F5400 X206.92 Y116.086
G1 F1800 X194.587 Y128.42 E955.06019
G0 F5400 X194.021 Y128.42
G1 F1800 X206.92 Y115.521 E956.27365
G0 F5400 X206.92 Y114.955
G1 F1800 X193.455 Y128.42 E957.54035
G0 F5400 X192.89 Y128.42
G1 F1800 X206.92 Y114.389 E958.86025
G0 F5400 X206.92 Y113.824
G1 F1800 X192.324 Y128.42 E960.23336
G0 F5400 X191.758 Y128.42
G1 F1800 X206.92 Y113.258 E961.6597
G0 F5400 X206.92 Y112.692
G1 F1800 X191.192 Y128.42 E963.1393
G0 F5400 X190.627 Y128.42
G1 F1800 X206.92 Y112.127 E964.67204
G0 F5400 X206.92 Y111.561
G1 F1800 X190.061 Y128.42 E966.25803
G0 F5400 X189.495 Y128.42
G1 F1800 X206.92 Y110.995 E967.89727
G0 F5400 X206.92 Y110.43
G1 F1800 X188.93 Y128.42 E969.58966
G0 F5400 X188.364 Y128.42
G1 F1800 X206.92 Y109.864 E971.3353
G0 F5400 X206.92 Y109.298
G1 F1800 X187.798 Y128.42 E973.13418
G0 F5400 X187.233 Y128.42
G1 F1800 X206.92 Y108.733 E974.98621
G0 F5400 X206.92 Y108.167
G1 F1800 X186.667 Y128.42 E976.89149
G0 F5400 X186.101 Y128.42
G1 F1800 X206.92 Y107.601 E978.85001
G0 F5400 X206.92 Y107.035
G1 F1800 X185.536 Y128.42 E980.86173
G0 F5400 X184.97 Y128.42
G1 F1800 X206.92 Y106.47 E982.92665
G0 F5400 X206.92 Y105.904
G1 F1800 X184.404 Y128.42 E985.04482
G0 F5400 X183.839 Y128.42
G1 F1800 X206.92 Y105.338 E987.21619
G0 F5400 X206.92 Y104.773
G1 F1800 X183.273 Y128.42 E989.44075
G0 F5400 X182.707 Y128.42
G1 F1800 X206.92 Y104.207 E991.71856
G0 F5400 X206.92 Y103.641
G1 F1800 X182.142 Y128.42 E994.04957
G0 F5400 X181.576 Y128.42
G1 F1800 X206.92 Y103.076 E996.43378
G0 F5400 X206.92 Y102.51
G1 F1800 X181.01 Y128.42 E998.87123
G0 F5400 X180.444 Y128.42
G1 F1800 X206.92 Y101.944 E1001.36193
G0 F5400 X206.92 Y101.379
G1 F1800 X179.879 Y128.42 E1003.90579
G0 F5400 X179.313 Y128.42
G1 F1800 X206.92 Y100.813 E1006.50288
G0 F5400 X206.92 Y100.247
G1 F1800 X178.747 Y128.42 E1009.15323
G0 F5400 X178.182 Y128.42
G1 F1800 X206.92 Y99.682 E1011.85672
G0 F5400 X206.92 Y99.116
G1 F1800 X177.616 Y128.42 E1014.61346
G0 F5400 X177.05 Y128.42
G1 F1800 X206.92 Y98.55 E1017.42345
G0 F5400 X206.92 Y97.984
G1 F1800 X176.485 Y128.42 E1020.28663
G0 F5400 X175.919 Y128.42
G1 F1800 X206.92 Y97.419 E1023.20302
G0 F5400 X206.92 Y96.853
G1 F1800 X175.353 Y128.42 E1026.17265
G0 F5400 X174.788 Y128.42
G1 F1800 X206.92 Y96.287 E1029.19548
G0 F5400 X206.92 Y95.722
G1 F1800 X174.222 Y128.42 E1032.2715
G0 F5400 X173.656 Y128.42
G1 F1800 X206.92 Y95.156 E1035.40078
G0 F5400 X206.92 Y94.59
G1 F1800 X173.091 Y128.42 E1038.58325
G0 F5400 X172.525 Y128.42
G1 F1800 X206.92 Y94.025 E1041.81892
G0 F5400 X206.92 Y93.459
G1 F1800 X171.959 Y128.42 E1045.10783
G0 F5400 X171.393 Y128.42
G1 F1800 X206.92 Y92.893 E1048.45
G0 F5400 X206.92 Y92.328
G1 F1800 X170.828 Y128.42 E1051.84531
G0 F5400 X170.262 Y128.42
G1 F1800 X206.92 Y91.762 E1055.29387
G0 F5400 X206.92 Y91.196
G1 F1800 X169.696 Y128.42 E1058.79568
G0 F5400 X169.131 Y128.42
G1 F1800 X206.92 Y90.631 E1062.35063
G0 F5400 X206.92 Y90.065
G1 F1800 X168.565 Y128.42 E1065.95884
G0 F5400 X167.999 Y128.42
G1 F1800 X206.92 Y89.499 E1069.62029
G0 F5400 X206.92 Y88.934
G1 F1800 X167.434 Y128.42 E1073.33489
G0 F5400 X166.868 Y128.42
G1 F1800 X206.92 Y88.368 E1077.10273
G0 F5400 X206.92 Y87.802
G1 F1800 X166.302 Y128.42 E1080.92383
G0 F5400 X165.737 Y128.42
G1 F1800 X206.92 Y87.236 E1084.79812
G0 F5400 X206.92 Y86.671
G1 F1800 X165.171 Y128.42 E1088.72561
G0 F5400 X164.605 Y128.42
G1 F1800 X206.92 Y86.105 E1092.70634
G0 F5400 X206.92 Y85.539
G1 F1800 X164.04 Y128.42 E1096.74028
G0 F5400 X163.474 Y128.42
G1 F1800 X206.92 Y84.974 E1100.82741
G0 F5400 X206.92 Y84.408
G1 F1800 X162.908 Y128.42 E1104.96779
G0 F5400 X162.343 Y128.42
G1 F1800 X206.92 Y83.842 E1109.16137
G0 F5400 X206.92 Y83.277
G1 F1800 X161.777 Y128.42 E1113.40814
G0 F5400 X161.211 Y128.42
G1 F1800 X206.92 Y82.711 E1117.70817
G0 F5400 X206.92 Y82.145
G1 F1800 X160.645 Y128.42 E1122.06143
G0 F5400 X160.08 Y128.42
G1 F1800 X206.92 Y81.58 E1126.46785
G0 F5400 X206.354 Y81.58
G1 F1800 X159.514 Y128.42 E1130.87427
G0 F5400 X158.948 Y128.42
G1 F1800 X205.789 Y81.58 E1135.28074
G0 F5400 X205.223 Y81.58
G1 F1800 X158.383 Y128.42 E1139.68716
G0 F5400 X157.817 Y128.42
G1 F1800 X204.657 Y81.58 E1144.09358
G0 F5400 X204.092 Y81.58
G1 F1800 X157.251 Y128.42 E1148.50005
G0 F5400 X156.686 Y128.42
G1 F1800 X203.526 Y81.58 E1152.90647
G0 F5400 X202.96 Y81.58
G1 F1800 X156.12 Y128.42 E1157.31289
G0 F5400 X155.554 Y128.42
G1 F1800 X202.394 Y81.58 E1161.71931
G0 F5400 X201.829 Y81.58
G1 F1800 X154.989 Y128.42 E1166.12573
G0 F5400 X154.423 Y128.42
G1 F1800 X201.263 Y81.58 E1170.53215
G0 F5400 X200.697 Y81.58
G1 F1800 X153.857 Y128.42 E1174.93857
G0 F5400 X153.292 Y128.42
G1 F1800 X200.132 Y81.58 E1179.34499
G0 F5400 X199.566 Y81.58
G1 F1800 X152.726 Y128.42 E1183.75141
G0 F5400 X152.16 Y128.42
G1 F1800 X199 Y81.58 E1188.15783
G0 F5400 X198.435 Y81.58
G1 F1800 X151.595 Y128.42 E1192.56425
G0 F5400 X151.029 Y128.42
G1 F1800 X197.869 Y81.58 E1196.97067
G0 F5400 X197.303 Y81.58
G1 F1800 X150.463 Y128.42 E1201.37709
G0 F5400 X149.897 Y128.42
G1 F1800 X196.738 Y81.58 E1205.78356
G0 F5400 X196.172 Y81.58
G1 F1800 X149.332 Y128.42 E1210.18998
G0 F5400 X148.766 Y128.42
G1 F1800 X195.606 Y81.58 E1214.5964
G0 F5400 X195.041 Y81.58
G1 F1800 X148.2 Y128.42 E1219.00286
G0 F5400 X147.635 Y128.42
G1 F1800 X194.475 Y81.58 E1223.40928
G0 F5400 X193.909 Y81.58
G1 F1800 X147.069 Y128.42 E1227.8157
G0 F5400 X146.503 Y128.42
G1 F1800 X151.45 Y123.474 E1228.28104
G0 F5400 X151.989 Y122.934
G1 F1800 X166.468 Y108.455 E1229.64313
G0 F5400 X166.968 Y107.955
G1 F1800 X193.344 Y81.58 E1232.12438
G0 F5400 X192.778 Y81.58
G1 F1800 X167.76 Y106.598 E1234.47792
G1 X167.69 Y106.668
G0 F5400 X167.98 Y105.812
G1 F1800 X192.212 Y81.58 E1236.75752
G0 F5400 X191.646 Y81.58
G1 F1800 X168.065 Y105.161 E1238.97587
G0 F5400 X168.04 Y104.621
G1 F1800 X191.081 Y81.58 E1241.14343
G0 F5400 X190.515 Y81.58
G1 F1800 X167.974 Y104.121 E1243.26395
G0 F5400 X167.871 Y103.658
G1 F1800 X189.949 Y81.58 E1245.34091
G0 F5400 X189.384 Y81.58
G1 F1800 X167.706 Y103.257 E1247.3802
G0 F5400 X167.541 Y102.856
G1 F1800 X188.818 Y81.58 E1249.38176
G0 F5400 X188.252 Y81.58
G1 F1800 X167.326 Y102.506 E1251.35035
G0 F5400 X167.08 Y102.186
G1 F1800 X187.687 Y81.58 E1253.28888
G0 F5400 X187.121 Y81.58
G1 F1800 X166.835 Y101.866 E1255.19727
G0 F5400 X166.539 Y101.596
G1 F1800 X186.555 Y81.58 E1257.08025
G0 F5400 X185.99 Y81.58
G1 F1800 X166.217 Y101.352 E1258.94032
G0 F5400 X165.896 Y101.107
G1 F1800 X185.424 Y81.58 E1260.77735
G0 F5400 X184.858 Y81.58
G1 F1800 X165.526 Y100.912 E1262.59599
G0 F5400 X165.128 Y100.744
G1 F1800 X184.293 Y81.58 E1264.39887
G0 F5400 X183.727 Y81.58
G1 F1800 X164.73 Y100.577 E1266.18599
G0 F5400 X164.235 Y100.506
G1 F1800 X183.161 Y81.58 E1267.96643
G0 F5400 X182.595 Y81.58
G1 F1800 X163.734 Y100.441 E1269.74076
G0 F5400 X163.153 Y100.457
G1 F1800 X182.03 Y81.58 E1271.51659
G0 F5400 X181.464 Y81.58
G1 F1800 X162.507 Y100.536 E1273.2999
G1 X162.437 Y100.606
G0 F5400 X161.636 Y100.842
G1 F1800 X180.898 Y81.58 E1275.11195
G0 F5400 X180.333 Y81.58
G1 F1800 X133.493 Y128.42 E1279.51837
G0 F5400 X134.058 Y128.42
G1 F1800 X144.339 Y118.139 E1280.48554
G1 X144.409 Y118.069
G0 F5400 X144.033 Y119.01
G1 F1800 X134.624 Y128.42 E1281.37073
G0 F5400 X135.19 Y128.42
G1 F1800 X143.946 Y119.663 E1282.19449
G0 F5400 X143.937 Y120.239
G1 F1800 X135.755 Y128.42 E1282.96416
G0 F5400 X136.321 Y128.42
G1 F1800 X144 Y120.741 E1283.68655
G0 F5400 X144.077 Y121.23
G1 F1800 X136.887 Y128.42 E1284.36294
G0 F5400 X137.452 Y128.42
G1 F1800 X144.241 Y121.631 E1285.00161
G0 F5400 X144.406 Y122.032
G1 F1800 X138.018 Y128.42 E1285.60255
G0 F5400 X138.584 Y128.42
G1 F1800 X144.598 Y122.405 E1286.16836
G0 F5400 X144.844 Y122.725
G1 F1800 X139.149 Y128.42 E1286.70411
G0 F5400 X139.715 Y128.42
G1 F1800 X145.091 Y123.044 E1287.20985
G0 F5400 X145.364 Y123.336
G1 F1800 X140.281 Y128.42 E1287.68808
G0 F5400 X140.846 Y128.42
G1 F1800 X145.685 Y123.582 E1288.14325
G0 F5400 X146.006 Y123.826
G1 F1800 X141.412 Y128.42 E1288.57543
G0 F5400 X141.978 Y128.42
G1 F1800 X146.361 Y124.036 E1288.9878
G0 F5400 X146.757 Y124.206
G1 F1800 X142.544 Y128.42 E1289.38418
G0 F5400 X143.109 Y128.42
G1 F1800 X147.162 Y124.367 E1289.76546
G0 F5400 X147.623 Y124.471
G1 F1800 X143.675 Y128.42 E1290.13691
G0 F5400 X144.241 Y128.42
G1 F1800 X148.125 Y124.536 E1290.5023
G0 F5400 X148.663 Y124.563
G1 F1800 X144.806 Y128.42 E1290.86514
G0 F5400 X145.372 Y128.42
G1 F1800 X149.312 Y124.48 E1291.23579
G1 X149.382 Y124.41
G0 F5400 X150.09 Y124.267
G1 F1800 X145.938 Y128.42 E1291.62643
G1 X145.868 Y128.49
G0 F5400 X152.768 Y121.59
G1 F1800 X165.092 Y109.265 E1292.78584
G1 X165.162 Y109.195
G0 F5400 X164.313 Y109.479
G1 F1800 X152.983 Y120.808 E1293.85165
G0 F5400 X153.065 Y120.161
G1 F1800 X163.662 Y109.564 E1294.84855
G0 F5400 X163.122 Y109.539
G1 F1800 X153.038 Y119.622 E1295.79715
G0 F5400 X152.973 Y119.122
G1 F1800 X162.622 Y109.473 E1296.70487
G0 F5400 X162.161 Y109.368
G1 F1800 X152.869 Y118.66 E1297.579
G0 F5400 X152.704 Y118.259
G1 F1800 X161.761 Y109.203 E1298.43098
G0 F5400 X161.361 Y109.037
G1 F1800 X152.539 Y117.858 E1299.26085
G0 F5400 X152.325 Y117.507
G1 F1800 X161.008 Y108.824 E1300.0777
G0 F5400 X160.687 Y108.579
G1 F1800 X152.08 Y117.186 E1300.88739
G0 F5400 X151.835 Y116.866
G1 F1800 X160.367 Y108.334 E1301.69003
G0 F5400 X160.093 Y108.042
G1 F1800 X151.54 Y116.595 E1302.49464
G0 F5400 X151.22 Y116.349
G1 F1800 X159.848 Y107.721 E1303.30631
G0 F5400 X159.602 Y107.402
G1 F1800 X150.901 Y116.103 E1304.12485
G0 F5400 X150.527 Y115.91
G1 F1800 X159.41 Y107.028 E1304.96046
G0 F5400 X159.244 Y106.628
G1 F1800 X150.127 Y115.745 E1305.81813
G0 F5400 X149.727 Y115.579
G1 F1800 X159.077 Y106.229 E1306.69772
G0 F5400 X159.001 Y105.739
G1 F1800 X149.238 Y115.502 E1307.61617
G0 F5400 X148.739 Y115.436
G1 F1800 X158.936 Y105.239 E1308.57544
G0 F5400 X158.948 Y104.661
G1 F1800 X148.16 Y115.449 E1309.59031
G0 F5400 X147.507 Y115.536
G1 F1800 X159.035 Y104.008 E1310.67479
G1 X159.105 Y103.938
G0 F5400 X159.342 Y103.136
G1 F1800 X146.637 Y115.841 E1311.87
G1 X146.567 Y115.911
G0 F5400 X147.375 Y109.446
G1 F1800 X128.401 Y128.42 E1313.65496
G0 F5400 X127.836 Y128.42
G1 F1800 X146.964 Y109.292 E1315.4544
G0 F5400 X146.566 Y109.124
G1 F1800 X127.27 Y128.42 E1317.26965
G0 F5400 X126.704 Y128.42
G1 F1800 X146.175 Y108.95 E1319.10132
G0 F5400 X145.855 Y108.704
G1 F1800 X126.139 Y128.42 E1320.95608
G0 F5400 X125.573 Y128.42
G1 F1800 X145.535 Y108.458 E1322.83398
G0 F5400 X145.221 Y108.206
G1 F1800 X125.007 Y128.42 E1324.73559
G0 F5400 X124.442 Y128.42
G1 F1800 X144.975 Y107.886 E1326.66725
G0 F5400 X144.729 Y107.566
G1 F1800 X123.876 Y128.42 E1328.62902
G0 F5400 X123.31 Y128.42
G1 F1800 X144.495 Y107.235 E1330.62198
G0 F5400 X144.329 Y106.835
G1 F1800 X122.745 Y128.42 E1332.65252
G0 F5400 X122.179 Y128.42
G1 F1800 X144.164 Y106.435 E1334.72073
G0 F5400 X144.036 Y105.997
G1 F1800 X121.613 Y128.42 E1336.83015
G0 F5400 X121.047 Y128.42
G1 F1800 X143.969 Y105.498 E1338.98651
G0 F5400 X143.904 Y104.998
G1 F1800 X120.482 Y128.42 E1341.18991
G0 F5400 X119.916 Y128.42
G1 F1800 X143.99 Y104.346 E1343.45464
G0 F5400 X144.131 Y103.639
G1 F1800 X119.35 Y128.42 E1345.78589
G0 F5400 X118.785 Y128.42
G1 F1800 X144.584 Y102.62 E1348.21294
G1 X144.654 Y102.55
G0 F5400 X146.124 Y101.081
G1 F1800 X165.625 Y81.58 E1350.04748
G0 F5400 X166.191 Y81.58
G1 F1800 X147.138 Y100.632 E1351.83982
G0 F5400 X147.845 Y100.491
G1 F1800 X166.756 Y81.58 E1353.61885
G0 F5400 X167.322 Y81.58
G1 F1800 X148.497 Y100.405 E1355.38979
G0 F5400 X148.997 Y100.471
G1 F1800 X167.888 Y81.58 E1357.16694
G0 F5400 X168.453 Y81.58
G1 F1800 X149.497 Y100.536 E1358.95021
G0 F5400 X149.934 Y100.664
G1 F1800 X169.019 Y81.58 E1360.74556
G0 F5400 X169.585 Y81.58
G1 F1800 X150.334 Y100.831 E1362.55658
G0 F5400 X150.734 Y100.996
G1 F1800 X170.15 Y81.58 E1364.38311
G0 F5400 X170.716 Y81.58
G1 F1800 X151.066 Y101.229 E1366.23162
G0 F5400 X151.386 Y101.475
G1 F1800 X171.282 Y81.58 E1368.10326
G0 F5400 X171.847 Y81.58
G1 F1800 X151.706 Y101.722 E1369.99805
G0 F5400 X151.957 Y102.036
G1 F1800 X172.413 Y81.58 E1371.92243
G0 F5400 X172.979 Y81.58
G1 F1800 X152.203 Y102.355 E1373.87686
G0 F5400 X152.45 Y102.674
G1 F1800 X173.545 Y81.58 E1375.8613
G0 F5400 X174.11 Y81.58
G1 F1800 X152.623 Y103.066 E1377.88262
G0 F5400 X152.791 Y103.465
G1 F1800 X174.676 Y81.58 E1379.94143
G0 F5400 X175.242 Y81.58
G1 F1800 X152.944 Y103.878 E1382.03909
G0 F5400 X153.009 Y104.378
G1 F1800 X175.807 Y81.58 E1384.18378
G0 F5400 X176.373 Y81.58
G1 F1800 X153.073 Y104.879 E1386.37566
G0 F5400 X153.024 Y105.494
G1 F1800 X176.939 Y81.58 E1388.62538
G0 F5400 X177.504 Y81.58
G1 F1800 X152.94 Y106.144 E1390.93622
G1 X152.87 Y106.214
G0 F5400 X152.559 Y107.091
G1 F1800 X178.07 Y81.58 E1393.33613
G0 F5400 X178.636 Y81.58
G1 F1800 X131.796 Y128.42 E1397.74255
G0 F5400 X132.361 Y128.42
G1 F1800 X179.201 Y81.58 E1402.14897
G0 F5400 X179.767 Y81.58
G1 F1800 X132.927 Y128.42 E1406.55539
G1 X132.857 Y128.49
G0 F5400 X131.23 Y128.42
G1 F1800 X150.595 Y109.054 E1408.37718
G1 X150.665 Y108.984
G0 F5400 X149.644 Y109.44
G1 F1800 X130.664 Y128.42 E1410.1627
G0 F5400 X130.098 Y128.42
G1 F1800 X148.994 Y109.524 E1411.94032
G0 F5400 X148.381 Y109.572
G1 F1800 X129.533 Y128.42 E1413.71343
G0 F5400 X128.967 Y128.42
G1 F1800 X147.878 Y109.509 E1415.49246
G1 X147.948 Y109.439
G0 F5400 X137.755 Y106.621
G1 F1800 X150.124 Y94.252 E1416.65606
G1 X150.194 Y94.182
G0 F5400 X149.33 Y94.48
G1 F1800 X137.981 Y105.829 E1417.7237
G0 F5400 X138.064 Y105.181
G1 F1800 X148.681 Y94.564 E1418.72248
G0 F5400 X148.137 Y94.542
G1 F1800 X138.041 Y104.638 E1419.67225
G0 F5400 X137.977 Y104.136
G1 F1800 X147.635 Y94.479 E1420.58077
G0 F5400 X147.168 Y94.38
G1 F1800 X137.878 Y103.67 E1421.45472
G0 F5400 X137.711 Y103.271
G1 F1800 X146.771 Y94.211 E1422.30703
G0 F5400 X146.374 Y94.042
G1 F1800 X137.545 Y102.871 E1423.13761
G0 F5400 X137.334 Y102.517
G1 F1800 X146.02 Y93.83 E1423.95478
G0 F5400 X145.699 Y93.586
G1 F1800 X137.088 Y102.197 E1424.76485
G0 F5400 X136.843 Y101.876
G1 F1800 X145.378 Y93.342 E1425.56772
G0 F5400 X145.101 Y93.052
G1 F1800 X136.551 Y101.603 E1426.3721
G0 F5400 X136.23 Y101.358
G1 F1800 X144.856 Y92.731 E1427.18363
G0 F5400 X144.612 Y92.41
G1 F1800 X135.909 Y101.113 E1428.00235
G0 F5400 X135.54 Y100.916
G1 F1800 X144.415 Y92.041 E1428.83726
G0 F5400 X144.25 Y91.641
G1 F1800 X135.14 Y100.751 E1429.69427
G0 F5400 X134.74 Y100.585
G1 F1800 X144.085 Y91.24 E1430.57339
G0 F5400 X144.004 Y90.755
G1 F1800 X134.256 Y100.504 E1431.49047
G0 F5400 X133.756 Y100.437
G1 F1800 X143.939 Y90.254 E1432.44843
G0 F5400 X143.948 Y89.68
G1 F1800 X133.178 Y100.45 E1433.4616
G0 F5400 X132.527 Y100.536
G1 F1800 X144.028 Y89.034 E1434.54359
G1 X144.098 Y88.964
G0 F5400 X144.32 Y88.176
G1 F1800 X131.669 Y100.828 E1435.73377
G1 X131.599 Y100.898
G0 F5400 X129.321 Y103.176
G1 F1800 X104.077 Y128.42 E1438.10857
G0 F5400 X104.643 Y128.42
G1 F1800 X129.035 Y104.027 E1440.40327
G0 F5400 X128.946 Y104.682
G1 F1800 X105.208 Y128.42 E1442.63639
G0 F5400 X105.774 Y128.42
G1 F1800 X128.942 Y105.251 E1444.81594
G0 F5400 X129.005 Y105.755
G1 F1800 X106.34 Y128.42 E1446.94813
G0 F5400 X106.905 Y128.42
G1 F1800 X129.089 Y106.236 E1449.03506
G0 F5400 X129.253 Y106.637
G1 F1800 X107.471 Y128.42 E1451.08422
G0 F5400 X108.037 Y128.42
G1 F1800 X129.418 Y107.039 E1453.09562
G0 F5400 X129.611 Y107.411
G1 F1800 X108.602 Y128.42 E1455.07202
G0 F5400 X109.168 Y128.42
G1 F1800 X129.857 Y107.731 E1457.01831
G0 F5400 X130.102 Y108.052
G1 F1800 X109.734 Y128.42 E1458.93441
G0 F5400 X110.299 Y128.42
G1 F1800 X130.378 Y108.341 E1460.82332
G0 F5400 X130.699 Y108.585
G1 F1800 X110.865 Y128.42 E1462.68922
G0 F5400 X111.431 Y128.42
G1 F1800 X131.021 Y108.829 E1464.53218
G0 F5400 X131.373 Y109.044
G1 F1800 X111.997 Y128.42 E1466.35495
G0 F5400 X112.562 Y128.42
G1 F1800 X131.771 Y109.211 E1468.16202
G0 F5400 X132.17 Y109.378
G1 F1800 X113.128 Y128.42 E1469.95337
G0 F5400 X113.694 Y128.42
G1 F1800 X132.638 Y109.476 E1471.73551
G0 F5400 X133.14 Y109.539
G1 F1800 X114.259 Y128.42 E1473.51172
G0 F5400 X114.825 Y128.42
G1 F1800 X133.687 Y109.558 E1475.28614
G0 F5400 X134.335 Y109.475
G1 F1800 X115.391 Y128.42 E1477.06832
G0 F5400 X115.956 Y128.42
G1 F1800 X135.132 Y109.244 E1478.87228
G1 X135.202 Y109.174
G0 F5400 X136.545 Y108.397
G1 F1800 X116.522 Y128.42 E1480.75592
G0 F5400 X117.088 Y128.42
G1 F1800 X163.928 Y81.58 E1485.16234
G0 F5400 X164.494 Y81.58
G1 F1800 X117.653 Y128.42 E1489.56881
G0 F5400 X118.219 Y128.42
G1 F1800 X165.059 Y81.58 E1493.97523
G1 X165.129 Y81.51
G0 F5400 X163.362 Y81.58
G1 F1800 X151.889 Y93.052 E1495.05449
G0 F5400 X151.544 Y93.397
G1 F1800 X136.892 Y108.05 E1496.43291
G1 X136.822 Y108.12
G0 F5400 X152.747 Y91.629
G1 F1800 X162.796 Y81.58 E1497.37826
G0 F5400 X162.231 Y81.58
G1 F1800 X152.979 Y90.831 E1498.24858
G0 F5400 X153.067 Y90.178
G1 F1800 X161.665 Y81.58 E1499.05743
G0 F5400 X161.099 Y81.58
G1 F1800 X153.041 Y89.639 E1499.81552
G0 F5400 X152.978 Y89.136
G1 F1800 X160.534 Y81.58 E1500.52635
G0 F5400 X159.968 Y81.58
G1 F1800 X152.878 Y88.67 E1501.19333
G0 F5400 X152.712 Y88.27
G1 F1800 X159.402 Y81.58 E1501.82268
G0 F5400 X158.837 Y81.58
G1 F1800 X152.547 Y87.869 E1502.41436
G0 F5400 X152.336 Y87.515
G1 F1800 X158.271 Y81.58 E1502.97269
G0 F5400 X157.705 Y81.58
G1 F1800 X152.09 Y87.195 E1503.50091
G0 F5400 X151.845 Y86.874
G1 F1800 X157.14 Y81.58 E1503.99899
G0 F5400 X156.574 Y81.58
G1 F1800 X151.554 Y86.599 E1504.47119
G0 F5400 X151.234 Y86.354
G1 F1800 X156.008 Y81.58 E1504.9203
G0 F5400 X155.443 Y81.58
G1 F1800 X150.908 Y86.114 E1505.34688
G0 F5400 X150.542 Y85.914
G1 F1800 X154.877 Y81.58 E1505.75464
G0 F5400 X154.311 Y81.58
G1 F1800 X150.143 Y85.748 E1506.14674
G0 F5400 X149.727 Y85.598
G1 F1800 X153.746 Y81.58 E1506.52478
G0 F5400 X153.18 Y81.58
G1 F1800 X149.256 Y85.503 E1506.89388
G0 F5400 X148.753 Y85.44
G1 F1800 X152.614 Y81.58 E1507.25705
G0 F5400 X152.048 Y81.58
G1 F1800 X148.179 Y85.449 E1507.62102
G0 F5400 X147.531 Y85.532
G1 F1800 X151.483 Y81.58 E1507.9928
G0 F5400 X150.917 Y81.58
G1 F1800 X146.674 Y85.822 E1508.39191
G1 X146.604 Y85.892
G0 F5400 X146.957 Y81.58
G1 F1800 X100.117 Y128.42 E1512.79833
G0 F5400 X100.683 Y128.42
G1 F1800 X147.522 Y81.58 E1517.2047
G0 F5400 X148.088 Y81.58
G1 F1800 X101.248 Y128.42 E1521.61112
G0 F5400 X101.814 Y128.42
G1 F1800 X148.654 Y81.58 E1526.01754
G0 F5400 X149.22 Y81.58
G1 F1800 X102.38 Y128.42 E1530.42396
G0 F5400 X102.946 Y128.42
G1 F1800 X149.786 Y81.58 E1534.83038
G0 F5400 X150.351 Y81.58
G1 F1800 X103.511 Y128.42 E1539.2368
G1 X103.441 Y128.49
G0 F5400 X99.551 Y128.42
G1 F1800 X146.391 Y81.58 E1543.64322
G0 F5400 X145.825 Y81.58
G1 F1800 X98.986 Y128.42 E1548.04959
G0 F5400 X98.42 Y128.42
G1 F1800 X145.26 Y81.58 E1552.45601
G0 F5400 X144.694 Y81.58
G1 F1800 X97.854 Y128.42 E1556.86243
G0 F5400 X97.289 Y128.42
G1 F1800 X144.128 Y81.58 E1561.26881
G0 F5400 X143.562 Y81.58
G1 F1800 X96.723 Y128.42 E1565.67518
G0 F5400 X96.157 Y128.42
G1 F1800 X142.997 Y81.58 E1570.0816
G0 F5400 X142.431 Y81.58
G1 F1800 X95.592 Y128.42 E1574.48797
G0 F5400 X95.026 Y128.42
G1 F1800 X141.865 Y81.58 E1578.89435
G0 F5400 X141.3 Y81.58
G1 F1800 X94.46 Y128.42 E1583.30077
G0 F5400 X93.895 Y128.42
G1 F1800 X140.734 Y81.58 E1587.70714
G0 F5400 X140.168 Y81.58
G1 F1800 X93.329 Y128.42 E1592.11351
G0 F5400 X92.763 Y128.42
G1 F1800 X139.603 Y81.58 E1596.51993
G0 F5400 X139.037 Y81.58
G1 F1800 X92.198 Y128.42 E1600.9263
G0 F5400 X91.632 Y128.42
G1 F1800 X138.471 Y81.58 E1605.33268
G0 F5400 X137.906 Y81.58
G1 F1800 X91.066 Y128.42 E1609.7391
G0 F5400 X90.5 Y128.42
G1 F1800 X137.34 Y81.58 E1614.14552
G0 F5400 X136.774 Y81.58
G1 F1800 X90.08 Y128.274 E1618.5382
G0 F5400 X90.08 Y127.708
G1 F1800 X136.209 Y81.58 E1622.87769
G0 F5400 X135.643 Y81.58
G1 F1800 X90.08 Y127.143 E1627.16398
G0 F5400 X90.08 Y126.577
G1 F1800 X135.077 Y81.58 E1631.39702
G0 F5400 X134.512 Y81.58
G1 F1800 X90.08 Y126.011 E1635.57686
G0 F5400 X90.08 Y125.446
G1 F1800 X133.946 Y81.58 E1639.70351
G0 F5400 X133.38 Y81.58
G1 F1800 X90.08 Y124.88 E1643.7769
G0 F5400 X90.08 Y124.314
G1 F1800 X132.814 Y81.58 E1647.79706
G0 F5400 X132.249 Y81.58
G1 F1800 X90.08 Y123.749 E1651.76406
G0 F5400 X90.08 Y123.183
G1 F1800 X131.683 Y81.58 E1655.67781
G0 F5400 X131.117 Y81.58
G1 F1800 X90.08 Y122.617 E1659.53832
G0 F5400 X90.08 Y122.052
G1 F1800 X130.552 Y81.58 E1663.34568
G0 F5400 X129.986 Y81.58
G1 F1800 X90.08 Y121.486 E1667.09979
G0 F5400 X90.08 Y120.92
G1 F1800 X129.42 Y81.58 E1670.80066
G0 F5400 X128.855 Y81.58
G1 F1800 X90.08 Y120.355 E1674.44837
G0 F5400 X90.08 Y119.789
G1 F1800 X128.289 Y81.58 E1678.04284
G0 F5400 X127.723 Y81.58
G1 F1800 X90.08 Y119.223 E1681.58406
G0 F5400 X90.08 Y118.657
G1 F1800 X127.158 Y81.58 E1685.07209
G0 F5400 X126.592 Y81.58
G1 F1800 X90.08 Y118.092 E1688.50691
G0 F5400 X90.08 Y117.526
G1 F1800 X126.026 Y81.58 E1691.88849
G0 F5400 X125.461 Y81.58
G1 F1800 X90.08 Y116.96 E1695.21687
G0 F5400 X90.08 Y116.395
G1 F1800 X124.895 Y81.58 E1698.49205
G0 F5400 X124.329 Y81.58
G1 F1800 X90.08 Y115.829 E1701.71399
G0 F5400 X90.08 Y115.263
G1 F1800 X123.763 Y81.58 E1704.88268
G0 F5400 X123.198 Y81.58
G1 F1800 X90.08 Y114.698 E1707.99822
G0 F5400 X90.08 Y114.132
G1 F1800 X122.632 Y81.58 E1711.06051
G0 F5400 X122.066 Y81.58
G1 F1800 X90.08 Y113.566 E1714.06956
G0 F5400 X90.08 Y113.001
G1 F1800 X121.501 Y81.58 E1717.02545
G0 F5400 X120.935 Y81.58
G1 F1800 X90.08 Y112.435 E1719.9281
G0 F5400 X90.08 Y111.869
G1 F1800 X120.369 Y81.58 E1722.7775
G0 F5400 X119.804 Y81.58
G1 F1800 X90.08 Y111.304 E1725.57376
G0 F5400 X90.08 Y110.738
G1 F1800 X119.238 Y81.58 E1728.31676
G0 F5400 X118.672 Y81.58
G1 F1800 X90.08 Y110.172 E1731.00652
G0 F5400 X90.08 Y109.607
G1 F1800 X118.107 Y81.58 E1733.64313
G0 F5400 X117.541 Y81.58
G1 F1800 X90.08 Y109.041 E1736.22649
G0 F5400 X90.08 Y108.475
G1 F1800 X116.975 Y81.58 E1738.75661
G0 F5400 X116.41 Y81.58
G1 F1800 X90.08 Y107.909 E1741.23353
G0 F5400 X90.08 Y107.344
G1 F1800 X115.844 Y81.58 E1743.65725
G0 F5400 X115.278 Y81.58
G1 F1800 X90.08 Y106.778 E1746.02772
G0 F5400 X90.08 Y106.212
G1 F1800 X114.713 Y81.58 E1748.34499
G0 F5400 X114.147 Y81.58
G1 F1800 X90.08 Y105.647 E1750.60907
G0 F5400 X90.08 Y105.081
G1 F1800 X113.581 Y81.58 E1752.8199
G0 F5400 X113.015 Y81.58
G1 F1800 X90.08 Y104.515 E1754.97748
G0 F5400 X90.08 Y103.95
G1 F1800 X112.45 Y81.58 E1757.08192
G0 F5400 X111.884 Y81.58
G1 F1800 X90.08 Y103.384 E1759.1331
G0 F5400 X90.08 Y102.818
G1 F1800 X111.318 Y81.58 E1761.13104
G0 F5400 X110.753 Y81.58
G1 F1800 X90.08 Y102.253 E1763.07583
G0 F5400 X90.08 Y101.687
G1 F1800 X110.187 Y81.58 E1764.96738
G0 F5400 X109.621 Y81.58
G1 F1800 X90.08 Y101.121 E1766.80567
G0 F5400 X90.08 Y100.556
G1 F1800 X109.056 Y81.58 E1768.59082
G0 F5400 X108.49 Y81.58
G1 F1800 X90.08 Y99.99 E1770.32272
G0 F5400 X90.08 Y99.424
G1 F1800 X107.924 Y81.58 E1772.00137
G0 F5400 X107.359 Y81.58
G1 F1800 X90.08 Y98.858 E1773.62683
G0 F5400 X90.08 Y98.293
G1 F1800 X106.793 Y81.58 E1775.19909
G0 F5400 X106.227 Y81.58
G1 F1800 X90.08 Y97.727 E1776.7181
G0 F5400 X90.08 Y97.161
G1 F1800 X105.662 Y81.58 E1778.18391
G0 F5400 X105.096 Y81.58
G1 F1800 X90.08 Y96.596 E1779.59652
G0 F5400 X90.08 Y96.03
G1 F1800 X104.53 Y81.58 E1780.95589
G0 F5400 X103.964 Y81.58
G1 F1800 X90.08 Y95.464 E1782.26201
G0 F5400 X90.08 Y94.899
G1 F1800 X103.399 Y81.58 E1783.51498
G0 F5400 X102.833 Y81.58
G1 F1800 X90.08 Y94.333 E1784.7147
G0 F5400 X90.08 Y93.767
G1 F1800 X102.267 Y81.58 E1785.86118
G0 F5400 X101.702 Y81.58
G1 F1800 X90.08 Y93.202 E1786.95451
G0 F5400 X90.08 Y92.636
G1 F1800 X101.136 Y81.58 E1787.99459
G0 F5400 X100.57 Y81.58
G1 F1800 X90.08 Y92.07 E1788.98143
G0 F5400 X90.08 Y91.505
G1 F1800 X100.005 Y81.58 E1789.91511
G0 F5400 X99.439 Y81.58
G1 F1800 X90.08 Y90.939 E1790.79555
G0 F5400 X90.08 Y90.373
G1 F1800 X98.873 Y81.58 E1791.62274
G0 F5400 X98.308 Y81.58
G1 F1800 X90.08 Y89.808 E1792.39678
G0 F5400 X90.08 Y89.242
G1 F1800 X97.742 Y81.58 E1793.11757
G0 F5400 X97.176 Y81.58
G1 F1800 X90.08 Y88.676 E1793.78512
G0 F5400 X90.08 Y88.11
G1 F1800 X96.611 Y81.58 E1794.39947
G0 F5400 X96.045 Y81.58
G1 F1800 X90.08 Y87.545 E1794.96062
G0 F5400 X90.08 Y86.979
G1 F1800 X95.479 Y81.58 E1795.46852
G0 F5400 X94.914 Y81.58
G1 F1800 X90.08 Y86.413 E1795.92323
G0 F5400 X90.08 Y85.848
G1 F1800 X94.348 Y81.58 E1796.32474
G0 F5400 X93.782 Y81.58
G1 F1800 X90.08 Y85.282 E1796.673
G0 F5400 X90.08 Y84.716
G1 F1800 X93.216 Y81.58 E1796.96801
G0 F5400 X92.651 Y81.58
G1 F1800 X90.08 Y84.151 E1797.20988
G0 F5400 X90.08 Y83.585
G1 F1800 X92.085 Y81.58 E1797.3985
G0 F5400 X91.519 Y81.58
G1 F1800 X90.08 Y83.019 E1797.53387
G0 F5400 X90.08 Y82.454
G1 F1800 X90.954 Y81.58 E1797.61609
G0 F5400 X90.388 Y81.58
G1 F1800 X90.08 Y81.888 E1797.64506
G1 F1500 E1791.14506
;MESH:NONMESH
G0 F600 X90.08 Y81.888 Z1
G0 F5400 X88.93 Y80.966
G0 X87.835 Y80.966
G0 X82.677 Y80.966
;TIME_ELAPSED:1359.210697
;LAYER:2
;TYPE:SUPPORT
G1 F1500 E1797.64506
G1 F3600 X82.677 Y73.459 E1798.14443
G1 X82.271 Y73.771 E1798.17849
G1 X81.507 Y74.768 E1798.26205
G1 X81.027 Y75.931 E1798.34574
G1 X80.863 Y77.172 E1798.42901
G1 X81.027 Y78.413 E1798.51228
G1 X81.507 Y79.577 E1798.59603
G1 X82.24 Y80.53 E1798.67601
G1 X85.134 Y83.423 E1798.94821
G1 X85.344 Y83.595 E1798.96627
G1 X85.344 Y72.406 E1799.71056
G1 X85.672 Y72.363 E1799.73257
G1 X86.913 Y72.527 E1799.81584
G1 X88.011 Y72.98 E1799.89485
G1 X88.011 Y79.504 E1800.32883
G1 X88.415 Y79.1 E1800.36683
G1 X92.947 Y79.1 E1800.6683
G1 X92.965 Y79 E1800.67506
G1 X92.995 Y79 E1800.67706
G1 X92.99 Y78.8 E1800.69037
G1 X93.162 Y78.8 E1800.70181
G1 X92.664 Y77.593 E1800.78866
G1 X91.936 Y76.647 E1800.86807
G1 X90.678 Y75.389 E1800.98641
G1 X90.678 Y79.1 E1801.23327
G1 F1500 E1794.73327
G0 F7200 X87.847 Y79.347
G0 X87.847 Y130.653
G0 X90.678 Y134.612
G1 F1500 E1801.23327
G1 F3600 X90.678 Y130.9 E1801.48019
G1 X92.942 Y130.9 E1801.6308
G1 X92.998 Y131.2 E1801.6511
G1 X93.162 Y131.2 E1801.66201
G1 X92.664 Y132.407 E1801.74886
G1 X91.936 Y133.353 E1801.82827
G1 X89.03 Y136.26 E1802.10169
G1 X88.011 Y137.044 E1802.18722
G1 X88.011 Y130.496 E1802.62279
G1 X87.6 Y130.085 E1802.66146
G1 X87.6 Y125.561 E1802.96239
G1 X87.5 Y125.543 E1802.96915
G1 X87.5 Y125.496 E1802.97228
G1 X87.3 Y125.515 E1802.98564
G1 X87.3 Y125.368 E1802.99542
G1 X86.657 Y125.561 E1803.04008
G1 X85.826 Y126.008 E1803.10285
G1 X85.344 Y126.404 E1803.14434
G1 X85.344 Y137.593 E1803.88864
G1 X84.431 Y137.473 E1803.94989
G1 X83.268 Y136.993 E1804.03359
G1 X82.271 Y136.229 E1804.11714
G1 X81.507 Y135.232 E1804.20069
G1 X81.027 Y134.069 E1804.28439
G1 X80.863 Y132.828 E1804.36766
G1 X81.027 Y131.587 E1804.45093
G1 X81.507 Y130.423 E1804.53468
G1 X82.24 Y129.47 E1804.61466
G1 X82.677 Y129.033 E1804.65577
G1 X82.677 Y136.54 E1805.15514
G1 F1500 E1798.65514
G0 F7200 X205.359 Y133.648
G1 F1500 E1805.15514
G1 F3600 X205.359 Y130.9 E1805.33793
G1 X204.053 Y130.9 E1805.42481
G1 X204.035 Y131 E1805.43157
G1 X204.005 Y131 E1805.43356
G1 X204.01 Y131.2 E1805.44687
G1 X203.838 Y131.2 E1805.45831
G1 X204.336 Y132.407 E1805.54517
G1 X205.064 Y133.353 E1805.62457
G1 X208.026 Y136.316 E1805.90327
G1 X208.026 Y130.9 E1806.26354
G1 X208.585 Y130.9 E1806.30073
G1 X209.4 Y130.085 E1806.3774
G1 X209.4 Y125.558 E1806.67853
G1 X209.7 Y125.502 E1806.69883
G1 X209.7 Y125.338 E1806.70974
G1 X210.693 Y125.748 E1806.78121
G1 X210.693 Y137.553 E1807.56648
G1 X211.328 Y137.637 E1807.60909
G1 X212.569 Y137.473 E1807.69236
G1 X213.36 Y137.147 E1807.74927
G1 X213.36 Y128.071 E1808.35301
G1 X214.76 Y129.47 E1808.48466
G1 X215.493 Y130.423 E1808.56464
G1 X215.973 Y131.587 E1808.64839
G1 X216.027 Y131.996 E1808.67584
G1 X216.027 Y133.661 E1808.78659
G1 F1500 E1802.28659
G0 F7200 X209.153 Y79.347
G0 X205.359 Y79.1
G1 F1500 E1808.78659
G1 F3600 X205.359 Y76.351 E1808.96946
G1 X205.064 Y76.647 E1808.99726
G1 X204.336 Y77.593 E1809.07666
G1 X203.838 Y78.8 E1809.16352
G1 X204.002 Y78.8 E1809.17443
G1 X204.058 Y79.1 E1809.19473
G1 X208.026 Y79.1 E1809.45868
G1 X208.026 Y73.696 E1809.81815
G1 X208.923 Y73.007 E1809.89339
G1 X210.087 Y72.527 E1809.97715
G1 X210.693 Y72.446 E1810.01782
G1 X210.693 Y84.253 E1810.80322
G1 X210.907 Y84.164 E1810.81864
G1 X211.853 Y83.436 E1810.89804
G1 X213.36 Y81.93 E1811.03977
G1 X213.36 Y72.854 E1811.6435
G1 X213.732 Y73.007 E1811.67026
G1 X214.729 Y73.771 E1811.75382
G1 X215.493 Y74.768 E1811.83737
G1 X215.973 Y75.931 E1811.92106
G1 X216.027 Y76.34 E1811.94851
G1 X216.027 Y78.005 E1812.05926
G1 F1500 E1805.55926
;MESH:manette_1-Body_(Meshed).stl
G0 F7200 X209.165 Y80.424
G0 X208.076 Y80.424
G0 X207.5 Y129
;TYPE:WALL-INNER
G1 F1500 E1812.05926
G1 F3600 X207.5 Y81 E1815.25223
G1 X89.5 Y81 E1823.10163
G1 X89.5 Y129 E1826.2946
G1 X207.5 Y129 E1834.14399
G0 F7200 X207.9 Y129.4
G1 F3600 X207.9 Y80.6 E1837.39018
G1 X89.1 Y80.6 E1845.29279
G1 X89.1 Y129.4 E1848.53898
G1 X207.9 Y129.4 E1856.44159
G0 F7200 X207.62 Y129.12
G0 X164.528 Y108.872
G1 F3600 X163.489 Y109.003 E1856.51125
G1 X162.462 Y108.87 E1856.58013
G1 X161.499 Y108.47 E1856.6495
G1 X160.671 Y107.842 E1856.71863
G1 X160.027 Y107.006 E1856.78883
G1 X159.625 Y106.037 E1856.85861
G1 X159.492 Y105 E1856.92816
G1 X159.625 Y103.961 E1856.99784
G1 X160.026 Y102.994 E1857.06747
G1 X160.665 Y102.162 E1857.13726
G1 X161.498 Y101.527 E1857.20693
G1 X162.464 Y101.126 E1857.27651
G1 X163.492 Y100.993 E1857.34546
G1 X164.536 Y101.128 E1857.41549
G1 X165.505 Y101.528 E1857.48522
G1 X166.335 Y102.166 E1857.55486
G1 X166.977 Y103.015 E1857.62566
G1 X167.367 Y103.959 E1857.69361
G1 X167.502 Y105 E1857.76343
G1 X167.374 Y106.02 E1857.83182
G1 X166.967 Y107.009 E1857.90296
G1 X166.34 Y107.826 E1857.97147
G1 X165.505 Y108.468 E1858.04153
G1 X164.528 Y108.872 E1858.11186
G0 F7200 X164.43 Y108.482
G1 F3600 X163.492 Y108.601 E1858.17475
G1 X162.571 Y108.478 E1858.23656
G1 X161.702 Y108.118 E1858.29913
G1 X160.948 Y107.547 E1858.36205
G1 X160.383 Y106.806 E1858.42403
G1 X160.021 Y105.934 E1858.48684
G1 X159.894 Y105.002 E1858.54941
G1 X160.014 Y104.066 E1858.61218
G1 X160.377 Y103.195 E1858.67495
G1 X160.953 Y102.443 E1858.73796
G1 X161.702 Y101.878 E1858.80037
G1 X162.571 Y101.513 E1858.86307
G1 X163.497 Y101.395 E1858.92517
G1 X164.435 Y101.516 E1858.98808
G1 X165.305 Y101.878 E1859.05076
G1 X166.05 Y102.451 E1859.11328
G1 X166.621 Y103.199 E1859.17588
G1 X166.976 Y104.063 E1859.23802
G1 X167.1 Y105 E1859.30089
G1 X166.978 Y105.942 E1859.36407
G1 X166.62 Y106.802 E1859.42604
G1 X166.049 Y107.547 E1859.48848
G1 X165.304 Y108.118 E1859.55092
G1 X164.43 Y108.482 E1859.6139
G0 F7200 X164.47 Y108.79
G0 X149.537 Y108.871
G1 F3600 X148.5 Y109.004 E1859.68344
G1 X147.457 Y108.871 E1859.75339
G1 X146.494 Y108.469 E1859.8228
G1 X145.665 Y107.833 E1859.89231
G1 X145.027 Y107.006 E1859.96179
G1 X144.625 Y106.037 E1860.03157
G1 X144.492 Y105 E1860.10112
G1 X144.625 Y103.961 E1860.1708
G1 X145.026 Y102.994 E1860.24043
G1 X145.664 Y102.164 E1860.31007
G1 X146.494 Y101.527 E1860.37967
G1 X147.457 Y101.125 E1860.44909
G1 X148.5 Y100.992 E1860.51903
G1 X149.537 Y101.125 E1860.58858
G1 X150.506 Y101.527 E1860.65836
G1 X151.333 Y102.165 E1860.72784
G1 X151.97 Y102.994 E1860.79739
G1 X152.371 Y103.961 E1860.86702
G1 X152.504 Y105 E1860.9367
G1 X152.371 Y106.037 E1861.00625
G1 X151.969 Y107.006 E1861.07603
G1 X151.332 Y107.832 E1861.14542
G1 X150.506 Y108.469 E1861.21481
G1 X149.537 Y108.871 E1861.28459
G0 F7200 X149.434 Y108.475
G1 F3600 X148.502 Y108.602 E1861.34716
G1 X147.566 Y108.482 E1861.40993
G1 X146.695 Y108.119 E1861.4727
G1 X145.949 Y107.548 E1861.5352
G1 X145.383 Y106.806 E1861.59727
G1 X145.021 Y105.934 E1861.66008
G1 X144.894 Y105.002 E1861.72265
G1 X145.014 Y104.066 E1861.78542
G1 X145.377 Y103.195 E1861.84819
G1 X145.949 Y102.448 E1861.91078
G1 X146.695 Y101.883 E1861.97303
G1 X147.562 Y101.521 E1862.03553
G1 X148.498 Y101.394 E1862.09836
G1 X149.433 Y101.514 E1862.16107
G1 X150.306 Y101.883 E1862.22411
G1 X151.048 Y102.449 E1862.28619
G1 X151.613 Y103.195 E1862.34844
G1 X151.975 Y104.062 E1862.41094
G1 X152.102 Y104.998 E1862.47377
G1 X151.982 Y105.933 E1862.53648
G1 X151.613 Y106.806 E1862.59953
G1 X151.048 Y107.548 E1862.66157
G1 X150.306 Y108.113 E1862.7236
G1 X149.434 Y108.475 E1862.78641
G0 F7200 X149.554 Y108.767
G0 X150.428 Y108.339
G0 X151.227 Y107.727
G0 X151.839 Y106.928
G0 X152.225 Y105.997
G0 X152.357 Y105
G0 X152.25 Y104.193
G0 X149.537 Y93.871
G1 F3600 X148.5 Y94.004 E1862.85596
G1 X147.457 Y93.871 E1862.9259
G1 X146.494 Y93.469 E1862.99532
G1 X145.662 Y92.831 E1863.06506
G1 X145.026 Y92.001 E1863.13462
G1 X144.626 Y91.032 E1863.20435
G1 X144.493 Y90.012 E1863.27278
G1 X144.624 Y88.96 E1863.3433
G1 X145.025 Y87.996 E1863.41275
G1 X145.662 Y87.162 E1863.48256
G1 X146.495 Y86.526 E1863.55227
G1 X147.452 Y86.127 E1863.62124
G1 X148.499 Y85.991 E1863.69148
G1 X149.404 Y86.108 E1863.75218
G1 X149.659 Y86.176 E1863.76973
G1 X150.508 Y86.528 E1863.83087
G1 X151.333 Y87.161 E1863.90004
G1 X151.971 Y87.996 E1863.96994
G1 X152.372 Y88.96 E1864.0394
G1 X152.503 Y90.014 E1864.11005
G1 X152.37 Y91.032 E1864.17834
G1 X151.969 Y92.002 E1864.24816
G1 X151.334 Y92.83 E1864.31757
G1 X150.506 Y93.469 E1864.38715
G1 X149.537 Y93.871 E1864.45693
G0 F7200 X149.434 Y93.475
G1 F3600 X148.502 Y93.602 E1864.5195
G1 X147.566 Y93.482 E1864.58227
G1 X146.695 Y93.119 E1864.64504
G1 X145.945 Y92.545 E1864.70787
G1 X145.374 Y91.798 E1864.77041
G1 X145.013 Y90.924 E1864.83332
G1 X144.896 Y90.005 E1864.89494
G1 X145.014 Y89.066 E1864.9579
G1 X145.378 Y88.202 E1865.02026
G1 X145.946 Y87.448 E1865.08306
G1 X146.695 Y86.877 E1865.14571
G1 X147.56 Y86.516 E1865.20806
G1 X148.5 Y86.394 E1865.27111
G1 X149.431 Y86.514 E1865.33355
G1 X150.303 Y86.875 E1865.39633
G1 X151.047 Y87.453 E1865.45901
G1 X151.618 Y88.202 E1865.52166
G1 X151.982 Y89.065 E1865.58396
G1 X152.101 Y90.01 E1865.64732
G1 X151.975 Y90.951 E1865.71047
G1 X151.618 Y91.798 E1865.77162
G1 X151.049 Y92.547 E1865.83419
G1 X150.306 Y93.113 E1865.89632
G1 X149.434 Y93.475 E1865.95912
G0 F7200 X149.554 Y93.767
G0 X136.227 Y107.727
G0 X134.532 Y108.87
G1 F3600 X133.508 Y109.003 E1866.02781
G1 X132.46 Y108.87 E1866.09808
G1 X131.494 Y108.47 E1866.16763
G1 X130.654 Y107.824 E1866.23812
G1 X130.037 Y107.016 E1866.30575
G1 X129.626 Y106.037 E1866.37638
G1 X129.494 Y105 E1866.44592
G1 X129.631 Y103.942 E1866.51688
G1 X130.03 Y102.989 E1866.58561
G1 X130.664 Y102.163 E1866.65488
G1 X131.494 Y101.526 E1866.72447
G1 X132.467 Y101.124 E1866.7945
G1 X133.511 Y100.993 E1866.8645
G1 X134.532 Y101.126 E1866.93299
G1 X135.501 Y101.526 E1867.00272
G1 X136.331 Y102.162 E1867.07228
G1 X136.97 Y102.994 E1867.14206
G1 X137.371 Y103.961 E1867.2117
G1 X137.504 Y105 E1867.28138
G1 X137.371 Y106.037 E1867.35092
G1 X136.969 Y107.006 E1867.42071
G1 X136.33 Y107.834 E1867.49028
G1 X135.502 Y108.469 E1867.55969
G1 X134.532 Y108.87 E1867.62951
G0 F7200 X134.425 Y108.478
G1 F3600 X133.505 Y108.601 E1867.69126
G1 X132.565 Y108.48 E1867.7543
G1 X131.691 Y108.117 E1867.81726
G1 X130.95 Y107.544 E1867.87957
G1 X130.374 Y106.8 E1867.94216
G1 X130.013 Y105.922 E1868.0053
G1 X129.896 Y105 E1868.06713
G1 X130.017 Y104.063 E1868.12998
G1 X130.375 Y103.199 E1868.19219
G1 X130.949 Y102.448 E1868.25507
G1 X131.692 Y101.879 E1868.31732
G1 X132.57 Y101.514 E1868.38057
G1 X133.508 Y101.395 E1868.44346
G1 X134.425 Y101.518 E1868.50501
G1 X135.298 Y101.874 E1868.56772
G1 X136.048 Y102.448 E1868.63055
G1 X136.613 Y103.195 E1868.69285
G1 X136.975 Y104.062 E1868.75535
G1 X137.102 Y104.998 E1868.81818
G1 X136.982 Y105.933 E1868.88089
G1 X136.613 Y106.806 E1868.94394
G1 X136.044 Y107.552 E1869.00635
G1 X135.298 Y108.118 E1869.06864
G1 X134.425 Y108.478 E1869.13146
G0 F7200 X134.466 Y108.791
G0 X145.773 Y122.727
G0 X146.572 Y123.339
G0 X147.503 Y123.725
G0 X149.541 Y123.869
G1 F3600 X148.502 Y124.005 E1869.20116
G1 X147.592 Y123.888 E1869.26219
G1 X147.335 Y123.82 E1869.27988
G1 X146.499 Y123.472 E1869.34011
G1 X145.664 Y122.836 E1869.40993
G1 X145.027 Y122.006 E1869.47953
G1 X144.624 Y121.032 E1869.54965
G1 X144.493 Y119.985 E1869.61984
G1 X144.626 Y118.963 E1869.6884
G1 X145.026 Y117.999 E1869.75782
G1 X145.662 Y117.161 E1869.8278
G1 X146.497 Y116.525 E1869.89763
G1 X147.457 Y116.125 E1869.96681
G1 X148.5 Y115.992 E1870.03675
G1 X149.537 Y116.125 E1870.1063
G1 X150.506 Y116.527 E1870.17608
G1 X151.342 Y117.171 E1870.24628
G1 X151.97 Y117.999 E1870.31541
G1 X152.372 Y118.968 E1870.38519
G1 X152.503 Y119.989 E1870.45367
G1 X152.372 Y121.032 E1870.52359
G1 X151.969 Y122.006 E1870.59371
G1 X151.334 Y122.833 E1870.66307
G1 X150.609 Y123.39 E1870.72389
G1 X150.383 Y123.52 E1870.74123
G1 X149.541 Y123.869 E1870.80186
G0 F7200 X149.437 Y123.48
G1 F3600 X148.501 Y123.602 E1870.86465
G1 X147.566 Y123.482 E1870.92736
G1 X146.697 Y123.12 E1870.98998
G1 X145.95 Y122.544 E1871.05272
G1 X145.378 Y121.798 E1871.11526
G1 X145.014 Y120.932 E1871.17775
G1 X144.895 Y119.989 E1871.24097
G1 X145.018 Y119.071 E1871.30258
G1 X145.374 Y118.201 E1871.36511
G1 X145.948 Y117.448 E1871.4281
G1 X146.695 Y116.883 E1871.4904
G1 X147.562 Y116.521 E1871.5529
G1 X148.498 Y116.394 E1871.61573
G1 X149.433 Y116.514 E1871.67844
G1 X150.306 Y116.883 E1871.74148
G1 X151.054 Y117.453 E1871.80404
G1 X151.618 Y118.202 E1871.86641
G1 X151.983 Y119.071 E1871.92911
G1 X152.1 Y119.995 E1871.99107
G1 X151.982 Y120.932 E1872.05389
G1 X151.618 Y121.798 E1872.11638
G1 X151.052 Y122.545 E1872.17872
G1 X150.302 Y123.121 E1872.24162
G1 X149.437 Y123.48 E1872.30392
G0 F7200 X149.327 Y123.092
;TYPE:WALL-OUTER
G1 F1800 X148.5 Y123.198 E1872.35939
G1 X147.669 Y123.092 E1872.41511
G1 X146.899 Y122.771 E1872.47061
G1 X146.254 Y122.28 E1872.52453
G1 X145.726 Y121.6 E1872.5818
G1 X145.406 Y120.827 E1872.63745
G1 X145.3 Y119.981 E1872.69417
G1 X145.403 Y119.182 E1872.74775
G1 X145.726 Y118.4 E1872.80404
G1 X146.243 Y117.725 E1872.86059
G1 X146.898 Y117.227 E1872.91533
G1 X147.667 Y116.907 E1872.97073
G1 X148.482 Y116.8 E1873.02541
G1 X149.327 Y116.904 E1873.08205
G1 X150.102 Y117.227 E1873.1379
G1 X150.762 Y117.734 E1873.19326
G1 X151.256 Y118.378 E1873.24725
G1 X151.586 Y119.157 E1873.30353
G1 X151.696 Y119.981 E1873.35883
G1 X151.59 Y120.827 E1873.41554
G1 X151.27 Y121.6 E1873.4712
G1 X150.762 Y122.261 E1873.52665
G1 X150.101 Y122.771 E1873.58219
G1 X149.327 Y123.092 E1873.63793
G0 F7200 X149.129 Y123.117
G0 X149.221 Y123.823
G0 X150.428 Y123.339
G0 X151.227 Y122.727
G0 X151.839 Y121.928
G0 X152.225 Y120.997
G0 X152.357 Y120
G0 X152.25 Y119.193
G0 X149.601 Y108.748
G0 X149.329 Y108.089
G1 F1800 X148.518 Y108.196 E1873.69234
G1 X147.669 Y108.092 E1873.74924
G1 X146.898 Y107.769 E1873.80485
G1 X146.243 Y107.271 E1873.85958
G1 X145.727 Y106.602 E1873.91578
G1 X145.407 Y105.829 E1873.97143
G1 X145.3 Y105.018 E1874.02585
G1 X145.404 Y104.169 E1874.08275
G1 X145.727 Y103.398 E1874.13835
G1 X146.225 Y102.743 E1874.19309
G1 X146.898 Y102.227 E1874.2495
G1 X147.667 Y101.907 E1874.30491
G1 X148.482 Y101.8 E1874.35958
G1 X149.327 Y101.904 E1874.41622
G1 X150.102 Y102.227 E1874.47207
G1 X150.762 Y102.734 E1874.52743
G1 X151.269 Y103.398 E1874.583
G1 X151.589 Y104.167 E1874.63841
G1 X151.696 Y104.982 E1874.69309
G1 X151.592 Y105.827 E1874.74972
G1 X151.269 Y106.602 E1874.80558
G1 X150.762 Y107.262 E1874.86094
G1 X150.102 Y107.769 E1874.9163
G1 X149.329 Y108.089 E1874.97195
G0 F7200 X149.131 Y108.115
G0 X149.224 Y108.823
G0 X162.072 Y108.854
G0 X164.403 Y108.799
G0 X164.311 Y108.094
G1 F1800 X163.511 Y108.196 E1875.0256
G1 X162.682 Y108.093 E1875.08117
G1 X161.9 Y107.77 E1875.13745
G1 X161.244 Y107.271 E1875.19228
G1 X160.727 Y106.602 E1875.24852
G1 X160.407 Y105.829 E1875.30417
G1 X160.3 Y105.018 E1875.35859
G1 X160.404 Y104.169 E1875.41548
G1 X160.727 Y103.398 E1875.47109
G1 X161.225 Y102.743 E1875.52582
G1 X161.878 Y102.24 E1875.58065
G1 X162.657 Y101.91 E1875.63693
G1 X163.481 Y101.8 E1875.69223
G1 X164.341 Y101.91 E1875.7499
G1 X165.112 Y102.233 E1875.80551
G1 X165.772 Y102.744 E1875.86103
G1 X166.268 Y103.396 E1875.91553
G1 X166.59 Y104.167 E1875.97111
G1 X166.696 Y105.019 E1876.02822
G1 X166.59 Y105.829 E1876.08256
G1 X166.273 Y106.595 E1876.13771
G1 X165.753 Y107.271 E1876.19444
G1 X165.089 Y107.776 E1876.24993
G1 X164.311 Y108.094 E1876.30584
G0 F7200 X164.113 Y108.119
G0 X164.205 Y108.825
G0 X162.503 Y108.725
G0 X161.572 Y108.339
G0 X160.853 Y107.788
G0 X149.601 Y93.748
G0 X149.329 Y93.089
G1 F1800 X148.518 Y93.196 E1876.36026
G1 X147.669 Y93.092 E1876.41716
G1 X146.898 Y92.769 E1876.47276
G1 X146.243 Y92.271 E1876.5275
G1 X145.733 Y91.611 E1876.58298
G1 X145.41 Y90.839 E1876.63865
G1 X145.3 Y90.019 E1876.69368
G1 X145.406 Y89.169 E1876.75066
G1 X145.726 Y88.4 E1876.80607
G1 X146.232 Y87.733 E1876.86176
G1 X146.878 Y87.24 E1876.91582
G1 X147.668 Y86.904 E1876.97292
G1 X148.5 Y86.798 E1877.02871
G1 X149.327 Y86.904 E1877.08418
G1 X150.101 Y87.225 E1877.13992
G1 X150.763 Y87.735 E1877.1955
G1 X151.256 Y88.378 E1877.2494
G1 X151.59 Y89.169 E1877.30652
G1 X151.696 Y90.019 E1877.3635
G1 X151.593 Y90.814 E1877.41682
G1 X151.27 Y91.6 E1877.47335
G1 X150.771 Y92.252 E1877.52797
G1 X150.102 Y92.769 E1877.58421
G1 X149.329 Y93.089 E1877.63986
G0 F7200 X149.131 Y93.115
G0 X149.224 Y93.823
G0 X136.227 Y107.727
G0 X135.58 Y108.223
G0 X134.611 Y108.744
G0 X134.339 Y108.086
G1 F1800 X133.519 Y108.196 E1877.6949
G1 X132.655 Y108.086 E1877.75283
G1 X131.899 Y107.77 E1877.80734
G1 X131.225 Y107.252 E1877.86389
G1 X130.734 Y106.613 E1877.91749
G1 X130.406 Y105.829 E1877.97402
G1 X130.3 Y105.012 E1878.02883
G1 X130.406 Y104.167 E1878.08548
G1 X130.723 Y103.405 E1878.14038
G1 X131.243 Y102.725 E1878.19732
G1 X131.911 Y102.22 E1878.25302
G1 X132.685 Y101.902 E1878.30869
G1 X133.489 Y101.8 E1878.3626
G1 X134.314 Y101.903 E1878.4179
G1 X135.1 Y102.226 E1878.47443
G1 X135.771 Y102.743 E1878.53078
G1 X136.269 Y103.398 E1878.58551
G1 X136.589 Y104.167 E1878.64092
G1 X136.696 Y104.982 E1878.6956
G1 X136.592 Y105.827 E1878.75223
G1 X136.269 Y106.602 E1878.80808
G1 X135.762 Y107.262 E1878.86345
G1 X135.122 Y107.756 E1878.91723
G1 X134.339 Y108.086 E1878.97375
G0 F7200 X134.141 Y108.112
G0 X134.234 Y108.821
G0 X208.02 Y129.52
G0 X208.3 Y129.8
G1 F1800 X208.3 Y80.2 E1882.27315
G1 X88.7 Y80.2 E1890.22898
G1 X88.7 Y129.8 E1893.52838
G1 X208.3 Y129.8 E1901.48421
G0 F7200 X208.3 Y129.6
G0 X207.62 Y129.12
G0 X149.627 Y124.238
;TYPE:SKIN
G1 F1800 X150.525 Y123.869 E1901.54879
G1 X150.82 Y123.702 E1901.57134
G1 X151.607 Y123.103 E1901.63713
G1 X152.303 Y122.193 E1901.71334
G1 X152.742 Y121.13 E1901.78984
G1 X152.884 Y119.989 E1901.86633
G1 X152.734 Y118.849 E1901.94281
G1 X152.302 Y117.804 E1902.01803
G1 X151.606 Y116.898 E1902.09403
G1 X150.698 Y116.195 E1902.17042
G1 X149.633 Y115.754 E1902.2471
G1 X148.482 Y115.608 E1902.32427
G1 X147.359 Y115.755 E1902.39961
G1 X146.302 Y116.195 E1902.47577
G1 X145.381 Y116.903 E1902.55305
G1 X144.69 Y117.808 E1902.62879
G1 X144.251 Y118.878 E1902.70573
G1 X144.108 Y119.981 E1902.77971
G1 X144.25 Y121.13 E1902.85673
G1 X144.689 Y122.193 E1902.93323
G1 X145.389 Y123.103 E1903.0096
G1 X146.162 Y123.695 E1903.07437
G1 X146.445 Y123.858 E1903.09609
G1 X147.213 Y124.178 E1903.15144
G1 X147.521 Y124.258 E1903.17261
G1 X148.501 Y124.386 E1903.23835
G1 X149.627 Y124.238 E1903.3139
G0 F7200 X151.227 Y122.727
G0 X151.839 Y121.928
G0 X152.225 Y120.997
G0 X152.357 Y120
G0 X152.357 Y105
G0 X152.25 Y104.193
G0 X149.633 Y94.242
G1 F1800 X150.694 Y93.801 E1903.39033
G1 X151.607 Y93.096 E1903.46706
G1 X152.302 Y92.188 E1903.54312
G1 X152.741 Y91.118 E1903.62006
G1 X152.884 Y90.015 E1903.69404
G1 X152.744 Y88.861 E1903.77137
G1 X152.303 Y87.803 E1903.84762
G1 X151.603 Y86.889 E1903.9242
G1 X150.842 Y86.305 E1903.98801
G1 X150.548 Y86.134 E1904.01063
G1 X149.805 Y85.823 E1904.06421
G1 X149.475 Y85.734 E1904.08695
G1 X148.495 Y85.606 E1904.15269
G1 X147.369 Y85.754 E1904.22824
G1 X146.443 Y86.134 E1904.29482
G1 X146.187 Y86.282 E1904.31449
G1 X145.393 Y86.889 E1904.38098
G1 X144.683 Y87.826 E1904.45918
G1 X144.25 Y88.862 E1904.53387
G1 X144.112 Y90.007 E1904.61059
G1 X144.258 Y91.143 E1904.68677
G1 X144.69 Y92.184 E1904.76175
G1 X145.39 Y93.098 E1904.83833
G1 X146.302 Y93.797 E1904.91477
G1 X147.36 Y94.244 E1904.99117
G1 X148.518 Y94.384 E1905.06876
G1 X149.633 Y94.242 E1905.14353
G0 F7200 X137.568 Y106.378
G0 X134.639 Y109.234
G1 F1800 X135.697 Y108.799 E1905.21962
G1 X136.598 Y108.102 E1905.2954
G1 X137.301 Y107.195 E1905.37173
G1 X137.744 Y106.135 E1905.44816
G1 X137.884 Y104.982 E1905.52542
G1 X137.741 Y103.859 E1905.60072
G1 X137.301 Y102.802 E1905.67688
G1 X136.596 Y101.885 E1905.75383
G1 X135.684 Y101.19 E1905.8301
G1 X134.618 Y100.751 E1905.90679
G1 X133.501 Y100.608 E1905.9817
G1 X132.359 Y100.757 E1906.05831
G1 X131.315 Y101.188 E1906.13344
G1 X130.399 Y101.885 E1906.21001
G1 X129.695 Y102.801 E1906.28686
G1 X129.262 Y103.84 E1906.36173
G1 X129.108 Y105.005 E1906.4399
G1 X129.255 Y106.128 E1906.51524
G1 X129.699 Y107.199 E1906.59237
G1 X130.407 Y108.115 E1906.66938
G1 X131.306 Y108.8 E1906.74456
G1 X132.368 Y109.24 E1906.82103
G1 X133.508 Y109.384 E1906.89746
G1 X134.639 Y109.234 E1906.97336
G0 F7200 X149.633 Y109.242
G1 F1800 X150.698 Y108.797 E1907.05014
G1 X151.602 Y108.102 E1907.12599
G1 X152.301 Y107.195 E1907.20216
G1 X152.744 Y106.135 E1907.27858
G1 X152.884 Y104.982 E1907.35584
G1 X152.741 Y103.859 E1907.43115
G1 X152.297 Y102.802 E1907.50741
G1 X151.602 Y101.894 E1907.58348
G1 X150.698 Y101.195 E1907.65949
G1 X149.633 Y100.754 E1907.73617
G1 X148.482 Y100.608 E1907.81335
G1 X147.359 Y100.755 E1907.88869
G1 X146.302 Y101.195 E1907.96485
G1 X145.39 Y101.89 E1908.04112
G1 X144.695 Y102.802 E1908.11739
G1 X144.252 Y103.861 E1908.19375
G1 X144.108 Y105.018 E1908.27131
G1 X144.255 Y106.137 E1908.34639
G1 X144.695 Y107.195 E1908.42261
G1 X145.394 Y108.102 E1908.49878
G1 X146.302 Y108.797 E1908.57485
G1 X147.36 Y109.244 E1908.65125
G1 X148.518 Y109.384 E1908.72884
G1 X149.633 Y109.242 E1908.80361
G0 F7200 X164.637 Y109.239
G1 F1800 X165.7 Y108.793 E1908.88029
G1 X166.593 Y108.111 E1908.95504
G1 X167.301 Y107.191 E1909.03226
G1 X167.74 Y106.12 E1909.10925
G1 X167.884 Y105.005 E1909.18404
G1 X167.734 Y103.84 E1909.26218
G1 X167.294 Y102.795 E1909.3376
G1 X166.593 Y101.885 E1909.41401
G1 X165.7 Y101.203 E1909.48876
G1 X164.627 Y100.752 E1909.56618
G1 X163.492 Y100.612 E1909.64225
G1 X162.353 Y100.758 E1909.71864
G1 X161.296 Y101.198 E1909.7948
G1 X160.394 Y101.89 E1909.87043
G1 X159.695 Y102.802 E1909.94686
G1 X159.252 Y103.859 E1910.0231
G1 X159.108 Y105.018 E1910.10079
G1 X159.255 Y106.137 E1910.17587
G1 X159.695 Y107.195 E1910.25209
G1 X160.403 Y108.111 E1910.3291
G1 X161.292 Y108.794 E1910.40367
G1 X162.374 Y109.241 E1910.48155
G1 X163.498 Y109.384 E1910.55692
G1 X164.637 Y109.239 E1910.6333
G0 F7200 X207.12 Y128.62
G1 F1800 X89.88 Y128.62 E1918.43214
G1 X89.881 Y81.381 E1921.57449
G1 X207.12 Y81.38 E1929.37326
G1 X207.12 Y128.62 E1932.51567
G0 F7200 X206.597 Y81.58
G1 F1800 X206.92 Y81.903 E1932.54606
G0 F7200 X206.92 Y82.469
G1 F1800 X206.031 Y81.58 E1932.62969
G0 F7200 X205.465 Y81.58
G1 F1800 X206.92 Y83.035 E1932.76657
G0 F7200 X206.92 Y83.601
G1 F1800 X204.9 Y81.58 E1932.95664
G0 F7200 X204.334 Y81.58
G1 F1800 X206.92 Y84.166 E1933.19992
G0 F7200 X206.92 Y84.732
G1 F1800 X203.768 Y81.58 E1933.49644
G0 F7200 X203.203 Y81.58
G1 F1800 X206.92 Y85.298 E1933.84616
G0 F7200 X206.92 Y85.863
G1 F1800 X202.637 Y81.58 E1934.24908
G0 F7200 X202.071 Y81.58
G1 F1800 X206.92 Y86.429 E1934.70524
G0 F7200 X206.92 Y86.995
G1 F1800 X201.506 Y81.58 E1935.21461
G0 F7200 X200.94 Y81.58
G1 F1800 X206.92 Y87.56 E1935.77717
G0 F7200 X206.92 Y88.126
G1 F1800 X200.374 Y81.58 E1936.39298
G0 F7200 X199.809 Y81.58
G1 F1800 X206.92 Y88.692 E1937.06198
G0 F7200 X206.92 Y89.257
G1 F1800 X199.243 Y81.58 E1937.78419
G0 F7200 X198.677 Y81.58
G1 F1800 X206.92 Y89.823 E1938.55964
G0 F7200 X206.92 Y90.389
G1 F1800 X198.112 Y81.58 E1939.38829
G0 F7200 X197.546 Y81.58
G1 F1800 X206.92 Y90.954 E1940.27014
G0 F7200 X206.92 Y91.52
G1 F1800 X196.98 Y81.58 E1941.20523
G0 F7200 X196.414 Y81.58
G1 F1800 X206.92 Y92.086 E1942.19357
G0 F7200 X206.92 Y92.651
G1 F1800 X195.849 Y81.58 E1943.23506
G0 F7200 X195.283 Y81.58
G1 F1800 X206.92 Y93.217 E1944.3298
G0 F7200 X206.92 Y93.783
G1 F1800 X194.717 Y81.58 E1945.47778
G0 F7200 X194.152 Y81.58
G1 F1800 X206.92 Y94.349 E1946.67896
G0 F7200 X206.92 Y94.914
G1 F1800 X193.586 Y81.58 E1947.93335
G0 F7200 X193.02 Y81.58
G1 F1800 X206.92 Y95.48 E1949.24097
G0 F7200 X206.92 Y96.046
G1 F1800 X192.455 Y81.58 E1950.6018
G0 F7200 X191.889 Y81.58
G1 F1800 X206.92 Y96.611 E1952.01582
G0 F7200 X206.92 Y97.177
G1 F1800 X191.323 Y81.58 E1953.48309
G0 F7200 X190.758 Y81.58
G1 F1800 X206.92 Y97.743 E1955.00356
G0 F7200 X206.92 Y98.308
G1 F1800 X190.192 Y81.58 E1956.57723
G0 F7200 X189.626 Y81.58
G1 F1800 X206.92 Y98.874 E1958.20414
G0 F7200 X206.92 Y99.44
G1 F1800 X189.061 Y81.58 E1959.88425
G0 F7200 X188.495 Y81.58
G1 F1800 X206.92 Y100.005 E1961.61757
G0 F7200 X206.92 Y100.571
G1 F1800 X187.929 Y81.58 E1963.40412
G0 F7200 X187.363 Y81.58
G1 F1800 X206.92 Y101.137 E1965.24393
G0 F7200 X206.92 Y101.702
G1 F1800 X186.798 Y81.58 E1967.13688
G0 F7200 X186.232 Y81.58
G1 F1800 X206.92 Y102.268 E1969.08308
G0 F7200 X206.92 Y102.834
G1 F1800 X185.666 Y81.58 E1971.08253
G0 F7200 X185.101 Y81.58
G1 F1800 X206.92 Y103.4 E1973.13517
G0 F7200 X206.92 Y103.965
G1 F1800 X184.535 Y81.58 E1975.24101
G0 F7200 X183.969 Y81.58
G1 F1800 X206.92 Y104.531 E1977.4001
G0 F7200 X206.92 Y105.097
G1 F1800 X183.404 Y81.58 E1979.61239
G0 F7200 X182.838 Y81.58
G1 F1800 X206.92 Y105.662 E1981.87788
G0 F7200 X206.92 Y106.228
G1 F1800 X182.272 Y81.58 E1984.19661
G0 F7200 X181.707 Y81.58
G1 F1800 X206.92 Y106.794 E1986.56854
G0 F7200 X206.92 Y107.359
G1 F1800 X181.141 Y81.58 E1988.99367
G0 F7200 X180.575 Y81.58
G1 F1800 X206.92 Y107.925 E1991.47205
G0 F7200 X206.92 Y108.491
G1 F1800 X180.01 Y81.58 E1994.00362
G0 F7200 X179.444 Y81.58
G1 F1800 X206.92 Y109.056 E1996.5884
G0 F7200 X206.92 Y109.622
G1 F1800 X178.878 Y81.58 E1999.22642
G0 F7200 X178.313 Y81.58
G1 F1800 X206.92 Y110.188 E2001.91764
G0 F7200 X206.92 Y110.753
G1 F1800 X177.747 Y81.58 E2004.66205
G0 F7200 X177.181 Y81.58
G1 F1800 X206.92 Y111.319 E2007.45971
G0 F7200 X206.92 Y111.885
G1 F1800 X176.615 Y81.58 E2010.31062
G0 F7200 X176.05 Y81.58
G1 F1800 X206.92 Y112.45 E2013.21468
G0 F7200 X206.92 Y113.016
G1 F1800 X175.484 Y81.58 E2016.17199
G0 F7200 X174.918 Y81.58
G1 F1800 X206.92 Y113.582 E2019.18254
G0 F7200 X206.92 Y114.148
G1 F1800 X174.353 Y81.58 E2022.24629
G0 F7200 X173.787 Y81.58
G1 F1800 X206.92 Y114.713 E2025.36324
G0 F7200 X206.92 Y115.279
G1 F1800 X173.221 Y81.58 E2028.53344
G0 F7200 X172.656 Y81.58
G1 F1800 X206.92 Y115.845 E2031.75683
G0 F7200 X206.92 Y116.41
G1 F1800 X172.09 Y81.58 E2035.03342
G0 F7200 X171.524 Y81.58
G1 F1800 X206.92 Y116.976 E2038.36326
G0 F7200 X206.92 Y117.542
G1 F1800 X170.959 Y81.58 E2041.7463
G0 F7200 X170.393 Y81.58
G1 F1800 X206.92 Y118.107 E2045.18254
G0 F7200 X206.92 Y118.673
G1 F1800 X169.827 Y81.58 E2048.67202
G0 F7200 X169.262 Y81.58
G1 F1800 X206.92 Y119.239 E2052.2147
G0 F7200 X206.92 Y119.804
G1 F1800 X168.696 Y81.58 E2055.81058
G0 F7200 X168.13 Y81.58
G1 F1800 X206.92 Y120.37 E2059.4597
G0 F7200 X206.92 Y120.936
G1 F1800 X167.565 Y81.58 E2063.16203
G0 F7200 X166.999 Y81.58
G1 F1800 X206.92 Y121.501 E2066.91755
G0 F7200 X206.92 Y122.067
G1 F1800 X166.433 Y81.58 E2070.72632
G0 F7200 X165.867 Y81.58
G1 F1800 X206.92 Y122.633 E2074.58833
G0 F7200 X206.92 Y123.199
G1 F1800 X165.302 Y81.58 E2078.50355
G0 F7200 X164.736 Y81.58
G1 F1800 X206.92 Y123.764 E2082.47196
G0 F7200 X206.92 Y124.33
G1 F1800 X164.17 Y81.58 E2086.49362
G0 F7200 X163.605 Y81.58
G1 F1800 X206.92 Y124.896 E2090.56847
G0 F7200 X206.92 Y125.461
G1 F1800 X163.039 Y81.58 E2094.69653
G0 F7200 X162.473 Y81.58
G1 F1800 X206.92 Y126.027 E2098.87783
G0 F7200 X206.92 Y126.593
G1 F1800 X161.908 Y81.58 E2103.11233
G0 F7200 X161.342 Y81.58
G1 F1800 X206.92 Y127.158 E2107.40003
G0 F7200 X206.92 Y127.724
G1 F1800 X160.776 Y81.58 E2111.74097
G0 F7200 X160.211 Y81.58
G1 F1800 X206.92 Y128.29 E2116.13512
G0 F7200 X206.484 Y128.42
G1 F1800 X159.645 Y81.58 E2120.54149
G0 F7200 X159.079 Y81.58
G1 F1800 X205.919 Y128.42 E2124.94791
G0 F7200 X205.353 Y128.42
G1 F1800 X158.514 Y81.58 E2129.35428
G0 F7200 X157.948 Y81.58
G1 F1800 X204.787 Y128.42 E2133.76066
G0 F7200 X204.222 Y128.42
G1 F1800 X157.382 Y81.58 E2138.16708
G0 F7200 X156.816 Y81.58
G1 F1800 X203.656 Y128.42 E2142.5735
G0 F7200 X203.09 Y128.42
G1 F1800 X156.251 Y81.58 E2146.97987
G0 F7200 X155.685 Y81.58
G1 F1800 X202.525 Y128.42 E2151.38629
G0 F7200 X201.959 Y128.42
G1 F1800 X155.119 Y81.58 E2155.79271
G0 F7200 X154.554 Y81.58
G1 F1800 X201.393 Y128.42 E2160.19908
G0 F7200 X200.828 Y128.42
G1 F1800 X153.988 Y81.58 E2164.6055
G0 F7200 X153.422 Y81.58
G1 F1800 X200.262 Y128.42 E2169.01192
G0 F7200 X199.696 Y128.42
G1 F1800 X152.857 Y81.58 E2173.41829
G0 F7200 X152.291 Y81.58
G1 F1800 X199.13 Y128.42 E2177.82467
G0 F7200 X198.565 Y128.42
G1 F1800 X151.725 Y81.58 E2182.23109
G0 F7200 X151.16 Y81.58
G1 F1800 X197.999 Y128.42 E2186.63746
G0 F7200 X197.433 Y128.42
G1 F1800 X150.594 Y81.58 E2191.04383
G0 F7200 X150.028 Y81.58
G1 F1800 X196.868 Y128.42 E2195.45025
G0 F7200 X196.302 Y128.42
G1 F1800 X149.463 Y81.58 E2199.85663
G0 F7200 X148.897 Y81.58
G1 F1800 X195.736 Y128.42 E2204.263
G0 F7200 X195.171 Y128.42
G1 F1800 X148.332 Y81.581 E2208.66933
G0 F7200 X147.766 Y81.581
G1 F1800 X194.605 Y128.42 E2213.07565
G0 F7200 X194.039 Y128.42
G1 F1800 X147.201 Y81.581 E2217.48193
G0 F7200 X146.635 Y81.581
G1 F1800 X193.474 Y128.42 E2221.88826
G0 F7200 X192.908 Y128.42
G1 F1800 X167.678 Y103.19 E2224.26174
G1 X167.608 Y103.12
G0 F7200 X167.963 Y104.04
G1 F1800 X192.342 Y128.42 E2226.55521
G0 F7200 X191.777 Y128.42
G1 F1800 X168.048 Y104.691 E2228.78749
G0 F7200 X168.052 Y105.261
G1 F1800 X191.211 Y128.42 E2230.96615
G0 F7200 X190.645 Y128.42
G1 F1800 X167.985 Y105.76 E2233.09786
G0 F7200 X167.904 Y106.244
G1 F1800 X190.079 Y128.42 E2235.184
G0 F7200 X189.514 Y128.42
G1 F1800 X167.74 Y106.646 E2237.23236
G0 F7200 X167.575 Y107.047
G1 F1800 X188.948 Y128.42 E2239.243
G0 F7200 X188.382 Y128.42
G1 F1800 X167.381 Y107.418 E2241.2187
G0 F7200 X167.135 Y107.738
G1 F1800 X187.817 Y128.42 E2243.16433
G0 F7200 X187.251 Y128.42
G1 F1800 X166.889 Y108.057 E2245.07991
G0 F7200 X166.612 Y108.346
G1 F1800 X186.685 Y128.42 E2246.9683
G0 F7200 X186.12 Y128.42
G1 F1800 X166.29 Y108.59 E2248.83379
G0 F7200 X165.969 Y108.835
G1 F1800 X185.554 Y128.42 E2250.67622
G0 F7200 X184.988 Y128.42
G1 F1800 X165.616 Y109.047 E2252.49867
G0 F7200 X165.217 Y109.214
G1 F1800 X184.423 Y128.42 E2254.30545
G0 F7200 X183.857 Y128.42
G1 F1800 X164.817 Y109.38 E2256.09662
G0 F7200 X164.347 Y109.476
G1 F1800 X183.291 Y128.42 E2257.87875
G0 F7200 X182.726 Y128.42
G1 F1800 X163.847 Y109.541 E2259.65477
G0 F7200 X163.304 Y109.564
G1 F1800 X182.16 Y128.42 E2261.42863
G0 F7200 X181.594 Y128.42
G1 F1800 X162.652 Y109.477 E2263.21063
G1 X162.582 Y109.407
G0 F7200 X161.848 Y109.24
G1 F1800 X181.029 Y128.42 E2265.01501
G0 F7200 X180.463 Y128.42
G1 F1800 X160.414 Y108.371 E2266.9011
G0 F7200 X160.125 Y108.082
G1 F1800 X145.412 Y93.369 E2268.28521
G0 F7200 X145.121 Y93.078
G1 F1800 X133.624 Y81.581 E2269.36677
G0 F7200 X133.058 Y81.581
G1 F1800 X179.897 Y128.42 E2273.7731
G0 F7200 X179.331 Y128.42
G1 F1800 X132.493 Y81.581 E2278.17938
G0 F7200 X131.927 Y81.581
G1 F1800 X178.766 Y128.42 E2282.5857
G0 F7200 X178.2 Y128.42
G1 F1800 X152.431 Y102.651 E2285.00989
G1 X152.361 Y102.581
G0 F7200 X152.872 Y103.657
G1 F1800 X177.634 Y128.42 E2287.3394
G0 F7200 X177.069 Y128.42
G1 F1800 X153.004 Y104.356 E2289.60324
G0 F7200 X153.087 Y105.004
G1 F1800 X176.503 Y128.42 E2291.80607
G0 F7200 X175.937 Y128.42
G1 F1800 X153.022 Y105.505 E2293.96177
G0 F7200 X152.957 Y106.005
G1 F1800 X175.372 Y128.42 E2296.07044
G0 F7200 X174.806 Y128.42
G1 F1800 X152.828 Y106.442 E2298.138
G0 F7200 X152.662 Y106.842
G1 F1800 X174.24 Y128.42 E2300.16792
G0 F7200 X173.675 Y128.42
G1 F1800 X152.495 Y107.241 E2302.16036
G0 F7200 X152.261 Y107.572
G1 F1800 X173.109 Y128.42 E2304.12161
G0 F7200 X172.543 Y128.42
G1 F1800 X152.015 Y107.892 E2306.05276
G0 F7200 X151.77 Y108.212
G1 F1800 X171.978 Y128.42 E2307.9538
G0 F7200 X171.412 Y128.42
G1 F1800 X151.458 Y108.466 E2309.83095
G0 F7200 X151.138 Y108.711
G1 F1800 X170.846 Y128.42 E2311.68501
G0 F7200 X170.281 Y128.42
G1 F1800 X150.817 Y108.956 E2313.51606
G0 F7200 X150.422 Y109.127
G1 F1800 X169.715 Y128.42 E2315.33103
G0 F7200 X169.149 Y128.42
G1 F1800 X150.023 Y109.294 E2317.13029
G0 F7200 X149.609 Y109.445
G1 F1800 X168.583 Y128.42 E2318.91529
G0 F7200 X168.018 Y128.42
G1 F1800 X149.108 Y109.51 E2320.69423
G0 F7200 X148.606 Y109.574
G1 F1800 X167.452 Y128.42 E2322.46714
G0 F7200 X166.886 Y128.42
G1 F1800 X147.99 Y109.524 E2324.24476
G0 F7200 X147.343 Y109.442
G1 F1800 X166.321 Y128.42 E2326.0301
G0 F7200 X165.755 Y128.42
G1 F1800 X146.382 Y109.046 E2327.85264
G1 X146.312 Y108.976
G0 F7200 X144.446 Y107.111
G1 F1800 X118.916 Y81.581 E2330.25434
G0 F7200 X118.351 Y81.581
G1 F1800 X165.189 Y128.42 E2334.66062
G0 F7200 X164.624 Y128.42
G1 F1800 X117.785 Y81.581 E2339.06695
G0 F7200 X117.219 Y81.581
G1 F1800 X164.058 Y128.42 E2343.47327
G0 F7200 X163.492 Y128.42
G1 F1800 X116.654 Y81.581 E2347.87955
G0 F7200 X116.088 Y81.581
G1 F1800 X135.339 Y100.832 E2349.69057
G1 X135.409 Y100.902
G0 F7200 X134.473 Y100.532
G1 F1800 X115.522 Y81.581 E2351.47336
G0 F7200 X114.956 Y81.581
G1 F1800 X133.821 Y100.445 E2353.24802
G0 F7200 X133.249 Y100.44
G1 F1800 X114.391 Y81.581 E2355.02211
G0 F7200 X113.825 Y81.581
G1 F1800 X132.749 Y100.505 E2356.80237
G0 F7200 X132.259 Y100.581
G1 F1800 X113.259 Y81.581 E2358.58977
G0 F7200 X112.694 Y81.581
G1 F1800 X131.86 Y100.747 E2360.39279
G0 F7200 X131.46 Y100.913
G1 F1800 X112.128 Y81.581 E2362.21142
G0 F7200 X111.562 Y81.581
G1 F1800 X131.089 Y101.108 E2364.04841
G0 F7200 X130.768 Y101.352
G1 F1800 X110.997 Y81.581 E2365.90834
G0 F7200 X110.431 Y81.581
G1 F1800 X130.447 Y101.597 E2367.79132
G0 F7200 X130.155 Y101.871
G1 F1800 X109.865 Y81.581 E2369.70008
G0 F7200 X109.3 Y81.581
G1 F1800 X129.91 Y102.191 E2371.63894
G0 F7200 X129.664 Y102.511
G1 F1800 X108.734 Y81.581 E2373.60791
G0 F7200 X108.168 Y81.581
G1 F1800 X129.451 Y102.864 E2375.61008
G0 F7200 X129.285 Y103.263
G1 F1800 X107.603 Y81.581 E2377.64979
G0 F7200 X107.037 Y81.581
G1 F1800 X129.118 Y103.662 E2379.72704
G0 F7200 X129.022 Y104.131
G1 F1800 X106.471 Y81.581 E2381.84845
G0 F7200 X105.906 Y81.581
G1 F1800 X128.954 Y104.629 E2384.01667
G0 F7200 X128.934 Y105.175
G1 F1800 X105.34 Y81.581 E2386.23624
G0 F7200 X104.774 Y81.581
G1 F1800 X129.013 Y105.82 E2388.5165
G1 X129.083 Y105.89
G0 F7200 X129.247 Y106.62
G1 F1800 X104.208 Y81.581 E2390.87202
G0 F7200 X103.643 Y81.581
G1 F1800 X130.069 Y108.007 E2393.35801
G0 F7200 X130.487 Y108.426
G1 F1800 X145.04 Y122.979 E2394.72707
G0 F7200 X145.511 Y123.45
G1 F1800 X150.482 Y128.42 E2395.19466
G0 F7200 X151.047 Y128.42
G1 F1800 X146.89 Y124.263 E2395.58573
G1 X146.82 Y124.193
G0 F7200 X147.671 Y124.478
G1 F1800 X151.613 Y128.42 E2395.95657
G0 F7200 X152.179 Y128.42
G1 F1800 X148.321 Y124.562 E2396.3195
G0 F7200 X148.863 Y124.538
G1 F1800 X152.744 Y128.42 E2396.68465
G0 F7200 X153.31 Y128.42
G1 F1800 X149.364 Y124.474 E2397.05587
G0 F7200 X149.832 Y124.376
G1 F1800 X153.876 Y128.42 E2397.4363
G0 F7200 X154.441 Y128.42
G1 F1800 X150.23 Y124.209 E2397.83245
G0 F7200 X150.627 Y124.04
G1 F1800 X155.007 Y128.42 E2398.24449
G0 F7200 X155.573 Y128.42
G1 F1800 X150.981 Y123.829 E2398.67643
G0 F7200 X151.303 Y123.585
G1 F1800 X156.138 Y128.42 E2399.13128
G0 F7200 X156.704 Y128.42
G1 F1800 X151.626 Y123.341 E2399.60903
G0 F7200 X151.9 Y123.05
G1 F1800 X157.27 Y128.42 E2400.11421
G0 F7200 X157.835 Y128.42
G1 F1800 X152.145 Y122.729 E2400.64954
G0 F7200 X152.39 Y122.409
G1 F1800 X158.401 Y128.42 E2401.21502
G0 F7200 X158.967 Y128.42
G1 F1800 X152.583 Y122.036 E2401.81558
G0 F7200 X152.748 Y121.635
G1 F1800 X159.532 Y128.42 E2402.45383
G0 F7200 X160.098 Y128.42
G1 F1800 X152.913 Y121.234 E2403.12979
G0 F7200 X152.99 Y120.746
G1 F1800 X160.664 Y128.42 E2403.85172
G0 F7200 X161.23 Y128.42
G1 F1800 X153.054 Y120.244 E2404.62087
G0 F7200 X153.044 Y119.669
G1 F1800 X161.795 Y128.42 E2405.44411
G0 F7200 X162.361 Y128.42
G1 F1800 X152.959 Y119.017 E2406.32864
G1 X152.889 Y118.947
G0 F7200 X152.66 Y118.153
G1 F1800 X162.927 Y128.42 E2407.29449
G1 X162.997 Y128.49
G0 F7200 X149.916 Y128.42
G1 F1800 X103.077 Y81.581 E2411.70082
G0 F7200 X102.511 Y81.581
G1 F1800 X149.35 Y128.42 E2416.10714
G0 F7200 X148.784 Y128.42
G1 F1800 X101.946 Y81.581 E2420.51342
G0 F7200 X101.38 Y81.581
G1 F1800 X148.219 Y128.42 E2424.91975
G0 F7200 X147.653 Y128.42
G1 F1800 X100.814 Y81.581 E2429.32607
G0 F7200 X100.249 Y81.581
G1 F1800 X147.087 Y128.42 E2433.73235
G0 F7200 X146.522 Y128.42
G1 F1800 X99.683 Y81.581 E2438.13868
G0 F7200 X99.117 Y81.581
G1 F1800 X145.956 Y128.42 E2442.545
G0 F7200 X145.39 Y128.42
G1 F1800 X98.552 Y81.581 E2446.95128
G0 F7200 X97.986 Y81.581
G1 F1800 X144.825 Y128.42 E2451.35761
G0 F7200 X144.259 Y128.42
G1 F1800 X97.42 Y81.581 E2455.76394
G0 F7200 X96.855 Y81.581
G1 F1800 X143.693 Y128.42 E2460.17021
G0 F7200 X143.128 Y128.42
G1 F1800 X96.289 Y81.581 E2464.57654
G0 F7200 X95.723 Y81.581
G1 F1800 X142.562 Y128.42 E2468.98287
G0 F7200 X141.996 Y128.42
G1 F1800 X95.157 Y81.581 E2473.38919
G0 F7200 X94.592 Y81.581
G1 F1800 X141.431 Y128.42 E2477.79552
G0 F7200 X140.865 Y128.42
G1 F1800 X94.026 Y81.581 E2482.20184
G0 F7200 X93.46 Y81.581
G1 F1800 X140.299 Y128.42 E2486.60817
G0 F7200 X139.733 Y128.42
G1 F1800 X92.895 Y81.581 E2491.01445
G0 F7200 X92.329 Y81.581
G1 F1800 X139.168 Y128.42 E2495.42077
G0 F7200 X138.602 Y128.42
G1 F1800 X91.763 Y81.581 E2499.8271
G0 F7200 X91.198 Y81.581
G1 F1800 X138.036 Y128.42 E2504.23338
G0 F7200 X137.471 Y128.42
G1 F1800 X90.632 Y81.581 E2508.63971
G0 F7200 X90.08 Y81.595
G1 F1800 X136.905 Y128.42 E2513.04471
G0 F7200 X136.339 Y128.42
G1 F1800 X90.08 Y82.161 E2517.39648
G0 F7200 X90.08 Y82.727
G1 F1800 X135.774 Y128.42 E2521.69504
G0 F7200 X135.208 Y128.42
G1 F1800 X90.08 Y83.292 E2525.94041
G0 F7200 X90.08 Y83.858
G1 F1800 X134.642 Y128.42 E2530.13253
G0 F7200 X134.077 Y128.42
G1 F1800 X90.08 Y84.424 E2534.27145
G0 F7200 X90.08 Y84.989
G1 F1800 X133.511 Y128.42 E2538.35717
G0 F7200 X132.945 Y128.42
G1 F1800 X90.08 Y85.555 E2542.38965
G0 F7200 X90.08 Y86.121
G1 F1800 X132.38 Y128.42 E2546.36892
G0 F7200 X131.814 Y128.42
G1 F1800 X90.08 Y86.686 E2550.295
G0 F7200 X90.08 Y87.252
G1 F1800 X131.248 Y128.42 E2554.16784
G0 F7200 X130.683 Y128.42
G1 F1800 X90.08 Y87.818 E2557.98747
G0 F7200 X90.08 Y88.383
G1 F1800 X130.117 Y128.42 E2561.75391
G0 F7200 X129.551 Y128.42
G1 F1800 X90.08 Y88.949 E2565.4671
G0 F7200 X90.08 Y89.515
G1 F1800 X128.985 Y128.42 E2569.12704
G0 F7200 X128.42 Y128.42
G1 F1800 X90.08 Y90.08 E2572.73383
G0 F7200 X90.08 Y90.646
G1 F1800 X127.854 Y128.42 E2576.28738
G0 F7200 X127.288 Y128.42
G1 F1800 X90.08 Y91.212 E2579.78768
G0 F7200 X90.08 Y91.778
G1 F1800 X126.723 Y128.42 E2583.23478
G0 F7200 X126.157 Y128.42
G1 F1800 X90.08 Y92.343 E2586.62868
G0 F7200 X90.08 Y92.909
G1 F1800 X125.591 Y128.42 E2589.96934
G0 F7200 X125.026 Y128.42
G1 F1800 X90.08 Y93.475 E2593.2568
G0 F7200 X90.08 Y94.04
G1 F1800 X124.46 Y128.42 E2596.49106
G0 F7200 X123.894 Y128.42
G1 F1800 X90.08 Y94.606 E2599.67207
G0 F7200 X90.08 Y95.172
G1 F1800 X123.329 Y128.42 E2602.79989
G0 F7200 X122.763 Y128.42
G1 F1800 X90.08 Y95.737 E2605.8745
G0 F7200 X90.08 Y96.303
G1 F1800 X122.197 Y128.42 E2608.89587
G0 F7200 X121.632 Y128.42
G1 F1800 X90.08 Y96.869 E2611.86404
G0 F7200 X90.08 Y97.434
G1 F1800 X121.066 Y128.42 E2614.77902
G0 F7200 X120.5 Y128.42
G1 F1800 X90.08 Y98 E2617.64074
G0 F7200 X90.08 Y98.566
G1 F1800 X119.935 Y128.42 E2620.44927
G0 F7200 X119.369 Y128.42
G1 F1800 X90.08 Y99.131 E2623.2046
G0 F7200 X90.08 Y99.697
G1 F1800 X118.803 Y128.42 E2625.90669
G0 F7200 X118.237 Y128.42
G1 F1800 X90.08 Y100.263 E2628.55552
G0 F7200 X90.08 Y100.828
G1 F1800 X117.672 Y128.42 E2631.15121
G0 F7200 X117.106 Y128.42
G1 F1800 X90.08 Y101.394 E2633.69365
G0 F7200 X90.08 Y101.96
G1 F1800 X116.54 Y128.42 E2636.18285
G0 F7200 X115.975 Y128.42
G1 F1800 X90.08 Y102.526 E2638.61884
G0 F7200 X90.08 Y103.091
G1 F1800 X115.409 Y128.42 E2641.00164
G0 F7200 X114.843 Y128.42
G1 F1800 X90.08 Y103.657 E2643.33119
G0 F7200 X90.08 Y104.223
G1 F1800 X114.278 Y128.42 E2645.60754
G0 F7200 X113.712 Y128.42
G1 F1800 X90.08 Y104.788 E2647.8307
G0 F7200 X90.08 Y105.354
G1 F1800 X113.146 Y128.42 E2650.0006
G0 F7200 X112.581 Y128.42
G1 F1800 X90.08 Y105.92 E2652.11731
G0 F7200 X90.08 Y106.485
G1 F1800 X112.015 Y128.42 E2654.18082
G0 F7200 X111.449 Y128.42
G1 F1800 X90.08 Y107.051 E2656.19109
G0 F7200 X90.08 Y107.617
G1 F1800 X110.884 Y128.42 E2658.14815
G0 F7200 X110.318 Y128.42
G1 F1800 X90.08 Y108.182 E2660.05202
G0 F7200 X90.08 Y108.748
G1 F1800 X109.752 Y128.42 E2661.90264
G0 F7200 X109.186 Y128.42
G1 F1800 X90.08 Y109.314 E2663.70002
G0 F7200 X90.08 Y109.879
G1 F1800 X108.621 Y128.42 E2665.44424
G0 F7200 X108.055 Y128.42
G1 F1800 X90.08 Y110.445 E2667.13522
G0 F7200 X90.08 Y111.011
G1 F1800 X107.489 Y128.42 E2668.77295
G0 F7200 X106.924 Y128.42
G1 F1800 X90.08 Y111.577 E2670.35748
G0 F7200 X90.08 Y112.142
G1 F1800 X106.358 Y128.42 E2671.88882
G0 F7200 X105.792 Y128.42
G1 F1800 X90.08 Y112.708 E2673.36691
G0 F7200 X90.08 Y113.274
G1 F1800 X105.227 Y128.42 E2674.7918
G0 F7200 X104.661 Y128.42
G1 F1800 X90.08 Y113.839 E2676.16349
G0 F7200 X90.08 Y114.405
G1 F1800 X104.095 Y128.42 E2677.48193
G0 F7200 X103.53 Y128.42
G1 F1800 X90.08 Y114.971 E2678.74718
G0 F7200 X90.08 Y115.536
G1 F1800 X102.964 Y128.42 E2679.95923
G0 F7200 X102.398 Y128.42
G1 F1800 X90.08 Y116.102 E2681.11803
G0 F7200 X90.08 Y116.668
G1 F1800 X101.833 Y128.42 E2682.22363
G0 F7200 X101.267 Y128.42
G1 F1800 X90.08 Y117.233 E2683.27604
G0 F7200 X90.08 Y117.799
G1 F1800 X100.701 Y128.42 E2684.27519
G0 F7200 X100.136 Y128.42
G1 F1800 X90.08 Y118.365 E2685.22115
G0 F7200 X90.08 Y118.93
G1 F1800 X99.57 Y128.42 E2686.11391
G0 F7200 X99.004 Y128.42
G1 F1800 X90.08 Y119.496 E2686.95343
G0 F7200 X90.08 Y120.062
G1 F1800 X98.438 Y128.42 E2687.7397
G0 F7200 X97.873 Y128.42
G1 F1800 X90.08 Y120.627 E2688.47282
G0 F7200 X90.08 Y121.193
G1 F1800 X97.307 Y128.42 E2689.15269
G0 F7200 X96.741 Y128.42
G1 F1800 X90.08 Y121.759 E2689.77931
G0 F7200 X90.08 Y122.325
G1 F1800 X96.176 Y128.42 E2690.35274
G0 F7200 X95.61 Y128.42
G1 F1800 X90.08 Y122.89 E2690.87297
G0 F7200 X90.08 Y123.456
G1 F1800 X95.044 Y128.42 E2691.33995
G0 F7200 X94.479 Y128.42
G1 F1800 X90.08 Y124.022 E2691.75374
G0 F7200 X90.08 Y124.587
G1 F1800 X93.913 Y128.42 E2692.11432
G0 F7200 X93.347 Y128.42
G1 F1800 X90.08 Y125.153 E2692.42166
G0 F7200 X90.08 Y125.719
G1 F1800 X92.782 Y128.42 E2692.6758
G0 F7200 X92.216 Y128.42
G1 F1800 X90.08 Y126.284 E2692.87674
G0 F7200 X90.08 Y126.85
G1 F1800 X91.65 Y128.42 E2693.02444
G0 F7200 X91.085 Y128.42
G1 F1800 X90.08 Y127.416 E2693.11894
G0 F7200 X90.08 Y127.981
G1 F1800 X90.519 Y128.42 E2693.16024
G0 F7200 X131.887 Y109.26
G1 F1800 X144.23 Y121.603 E2694.32139
G1 X144.3 Y121.673
G0 F7200 X144.01 Y120.817
G1 F1800 X132.674 Y109.481 E2695.38781
G0 F7200 X133.322 Y109.563
G1 F1800 X143.928 Y120.169 E2696.38556
G0 F7200 X143.951 Y119.627
G1 F1800 X133.861 Y109.536 E2697.33481
G0 F7200 X134.362 Y109.472
G1 F1800 X144.019 Y119.128 E2698.24323
G0 F7200 X144.122 Y118.666
G1 F1800 X134.826 Y109.37 E2699.11775
G0 F7200 X135.227 Y109.206
G1 F1800 X144.287 Y118.266 E2699.97005
G0 F7200 X144.453 Y117.866
G1 F1800 X135.628 Y109.041 E2700.80026
G0 F7200 X135.982 Y108.829
G1 F1800 X144.666 Y117.513 E2701.61719
G0 F7200 X144.911 Y117.192
G1 F1800 X136.302 Y108.583 E2702.42708
G0 F7200 X136.622 Y108.338
G1 F1800 X145.156 Y116.871 E2703.22986
G0 F7200 X145.447 Y116.597
G1 F1800 X136.895 Y108.045 E2704.03438
G0 F7200 X137.142 Y107.726
G1 F1800 X145.768 Y116.352 E2704.84586
G0 F7200 X146.089 Y116.108
G1 F1800 X137.388 Y107.407 E2705.66439
G0 F7200 X137.582 Y107.035
G1 F1800 X146.461 Y115.914 E2706.49967
G0 F7200 X146.86 Y115.748
G1 F1800 X137.748 Y106.635 E2707.35692
G0 F7200 X137.914 Y106.236
G1 F1800 X147.26 Y115.582 E2708.23614
G0 F7200 X147.748 Y115.504
G1 F1800 X137.991 Y105.747 E2709.15402
G0 F7200 X138.056 Y105.246
G1 F1800 X148.247 Y115.437 E2710.11272
G0 F7200 X148.822 Y115.446
G1 F1800 X138.045 Y104.669 E2711.12656
G0 F7200 X137.961 Y104.02
G1 F1800 X149.474 Y115.533 E2712.20963
G1 X149.544 Y115.603
G0 F7200 X150.339 Y115.832
G1 F1800 X137.663 Y103.156 E2713.40211
G1 X137.593 Y103.086
G0 F7200 X144.051 Y103.887
G1 F1800 X121.745 Y81.581 E2715.50052
G0 F7200 X122.31 Y81.581
G1 F1800 X144.202 Y103.472 E2717.55994
G0 F7200 X144.368 Y103.073
G1 F1800 X122.876 Y81.581 E2719.58178
G0 F7200 X123.442 Y81.581
G1 F1800 X144.54 Y102.68 E2721.56659
G0 F7200 X144.784 Y102.358
G1 F1800 X124.007 Y81.581 E2723.52117
G0 F7200 X124.573 Y81.581
G1 F1800 X145.028 Y102.036 E2725.44545
G0 F7200 X145.278 Y101.72
G1 F1800 X125.139 Y81.581 E2727.34
G0 F7200 X125.704 Y81.581
G1 F1800 X145.6 Y101.477 E2729.21169
G0 F7200 X145.922 Y101.233
G1 F1800 X126.27 Y81.581 E2731.06043
G0 F7200 X126.836 Y81.581
G1 F1800 X146.254 Y101 E2732.88721
G0 F7200 X146.654 Y100.833
G1 F1800 X127.402 Y81.581 E2734.69832
G0 F7200 X127.967 Y81.581
G1 F1800 X147.053 Y100.667 E2736.49381
G0 F7200 X147.489 Y100.537
G1 F1800 X128.533 Y81.581 E2738.27707
G0 F7200 X129.099 Y81.581
G1 F1800 X147.989 Y100.471 E2740.05413
G0 F7200 X148.489 Y100.406
G1 F1800 X129.664 Y81.581 E2741.82507
G0 F7200 X130.23 Y81.581
G1 F1800 X149.137 Y100.488 E2743.60373
G0 F7200 X149.839 Y100.625
G1 F1800 X130.796 Y81.581 E2745.39522
G0 F7200 X131.361 Y81.581
G1 F1800 X150.817 Y101.036 E2747.22548
G1 X150.887 Y101.106
G0 F7200 X149.349 Y94.478
G1 F1800 X159.018 Y104.146 E2748.13503
G0 F7200 X159.115 Y103.678
G1 F1800 X149.818 Y94.38 E2749.00968
G0 F7200 X150.217 Y94.214
G1 F1800 X159.281 Y103.279 E2749.86241
G0 F7200 X159.448 Y102.88
G1 F1800 X150.617 Y94.048 E2750.69323
G0 F7200 X150.972 Y93.838
G1 F1800 X159.658 Y102.524 E2751.51035
G0 F7200 X159.904 Y102.204
G1 F1800 X151.292 Y93.592 E2752.32052
G0 F7200 X151.612 Y93.347
G1 F1800 X160.149 Y101.883 E2753.12358
G0 F7200 X160.438 Y101.606
G1 F1800 X151.887 Y93.055 E2753.928
G0 F7200 X152.132 Y92.735
G1 F1800 X160.758 Y101.361 E2754.73948
G0 F7200 X161.078 Y101.115
G1 F1800 X152.378 Y92.415 E2755.55793
G0 F7200 X152.575 Y92.046
G1 F1800 X161.447 Y100.919 E2756.3926
G0 F7200 X161.848 Y100.754
G1 F1800 X152.739 Y91.645 E2757.24952
G0 F7200 X152.905 Y91.245
G1 F1800 X162.247 Y100.587 E2758.12835
G0 F7200 X162.733 Y100.507
G1 F1800 X152.988 Y90.762 E2759.0451
G0 F7200 X153.055 Y90.264
G1 F1800 X163.236 Y100.445 E2760.00287
G0 F7200 X163.806 Y100.449
G1 F1800 X153.046 Y89.689 E2761.01511
G0 F7200 X152.966 Y89.043
G1 F1800 X164.456 Y100.534 E2762.09606
G1 X164.526 Y100.604
G0 F7200 X165.307 Y100.819
G1 F1800 X152.68 Y88.192 E2763.28393
G1 X152.61 Y88.122
G0 F7200 X150.3 Y85.812
G1 F1800 X146.069 Y81.581 E2763.68196
G0 F7200 X145.503 Y81.581
G1 F1800 X149.45 Y85.527 E2764.05322
G0 F7200 X148.803 Y85.446
G1 F1800 X144.938 Y81.581 E2764.41682
G0 F7200 X144.372 Y81.581
G1 F1800 X148.232 Y85.441 E2764.77994
G0 F7200 X147.731 Y85.505
G1 F1800 X143.806 Y81.581 E2765.14913
G0 F7200 X143.241 Y81.581
G1 F1800 X147.244 Y85.584 E2765.52571
G0 F7200 X146.845 Y85.751
G1 F1800 X142.675 Y81.581 E2765.918
G0 F7200 X142.109 Y81.581
G1 F1800 X146.445 Y85.917 E2766.3259
G0 F7200 X146.078 Y86.115
G1 F1800 X141.544 Y81.581 E2766.75244
G0 F7200 X140.978 Y81.581
G1 F1800 X145.757 Y86.36 E2767.20201
G0 F7200 X145.436 Y86.604
G1 F1800 X140.412 Y81.581 E2767.67459
G0 F7200 X139.847 Y81.581
G1 F1800 X145.147 Y86.882 E2768.17323
G0 F7200 X144.902 Y87.202
G1 F1800 X139.281 Y81.581 E2768.70202
G0 F7200 X138.715 Y81.581
G1 F1800 X144.656 Y87.522 E2769.26091
G0 F7200 X144.446 Y87.877
G1 F1800 X138.15 Y81.581 E2769.8532
G0 F7200 X137.584 Y81.581
G1 F1800 X144.279 Y88.277 E2770.48308
G0 F7200 X144.113 Y88.676
G1 F1800 X137.018 Y81.581 E2771.15053
G0 F7200 X136.453 Y81.581
G1 F1800 X144.015 Y89.144 E2771.86196
G0 F7200 X143.953 Y89.647
G1 F1800 X135.887 Y81.581 E2772.62076
G0 F7200 X135.321 Y81.581
G1 F1800 X143.932 Y90.192 E2773.43083
G0 F7200 X144.016 Y90.842
G1 F1800 X134.755 Y81.581 E2774.30205
G0 F7200 X134.19 Y81.581
G1 F1800 X144.251 Y91.642 E2775.24853
G1 X144.321 Y91.712
G0 F7200 X146.856 Y94.247
G1 F1800 X159.25 Y106.641 E2776.41448
G1 X159.32 Y106.711
G0 F7200 X159.016 Y105.842
G1 F1800 X147.657 Y94.482 E2777.48311
G0 F7200 X148.303 Y94.563
G1 F1800 X158.929 Y105.189 E2778.48274
G0 F7200 X158.951 Y104.645
G1 F1800 X148.848 Y94.542 E2779.43317
G1 X148.778 Y94.472
G0 F7200 X143.985 Y104.387
G1 F1800 X121.179 Y81.581 E2781.57862
G0 F7200 X120.613 Y81.581
G1 F1800 X143.92 Y104.887 E2783.77115
G0 F7200 X143.971 Y105.505
G1 F1800 X120.048 Y81.581 E2786.02173
G0 F7200 X119.482 Y81.581
G1 F1800 X144.057 Y106.157 E2788.33364
G1 X144.127 Y106.227
G1 F1500 E2781.83364
;MESH:NONMESH
G0 F600 X144.127 Y106.227 Z1.4
G0 F7200 X136.918 Y102.811
G0 X88.93 Y80.966
G0 X87.835 Y80.966
G0 X82.677 Y80.966
;TIME_ELAPSED:1858.073410
;LAYER:3
;TYPE:SUPPORT
G1 F1500 E2788.33364
G1 F3600 X82.677 Y73.459 E2788.83301
G1 X82.271 Y73.771 E2788.86707
G1 X81.507 Y74.768 E2788.95062
G1 X81.027 Y75.931 E2789.03431
G1 X80.863 Y77.172 E2789.11758
G1 X81.027 Y78.413 E2789.20085
G1 X81.507 Y79.577 E2789.28461
G1 X82.24 Y80.53 E2789.36458
G1 X85.134 Y83.423 E2789.63679
G1 X85.344 Y83.595 E2789.65484
G1 X85.344 Y72.406 E2790.39914
G1 X85.672 Y72.363 E2790.42114
G1 X86.913 Y72.527 E2790.50441
G1 X88.011 Y72.98 E2790.58343
G1 X88.011 Y79.504 E2791.0174
G1 X88.415 Y79.1 E2791.05541
G1 X92.947 Y79.1 E2791.35688
G1 X92.965 Y79 E2791.36364
G1 X92.995 Y79 E2791.36563
G1 X92.99 Y78.8 E2791.37894
G1 X93.162 Y78.8 E2791.39038
G1 X92.664 Y77.593 E2791.47724
G1 X91.936 Y76.647 E2791.55664
G1 X90.678 Y75.389 E2791.67499
G1 X90.678 Y79.1 E2791.92185
G1 F1500 E2785.42185
G0 F7200 X87.847 Y79.347
G0 X87.847 Y130.653
G0 X90.678 Y134.612
G1 F1500 E2791.92185
G1 F3600 X90.678 Y130.9 E2792.16877
G1 X92.942 Y130.9 E2792.31937
G1 X92.998 Y131.2 E2792.33967
G1 X93.162 Y131.2 E2792.35058
G1 X92.664 Y132.407 E2792.43744
G1 X91.936 Y133.353 E2792.51684
G1 X89.03 Y136.26 E2792.79027
G1 X88.011 Y137.044 E2792.87579
G1 X88.011 Y130.496 E2793.31137
G1 X87.6 Y130.085 E2793.35003
G1 X87.6 Y125.561 E2793.65097
G1 X87.5 Y125.543 E2793.65773
G1 X87.5 Y125.496 E2793.66085
G1 X87.3 Y125.515 E2793.67422
G1 X87.3 Y125.368 E2793.684
G1 X86.657 Y125.561 E2793.72865
G1 X85.826 Y126.008 E2793.79142
G1 X85.344 Y126.404 E2793.83292
G1 X85.344 Y137.593 E2794.57721
G1 X84.431 Y137.473 E2794.63847
G1 X83.268 Y136.993 E2794.72216
G1 X82.271 Y136.229 E2794.80572
G1 X81.507 Y135.232 E2794.88927
G1 X81.027 Y134.069 E2794.97296
G1 X80.863 Y132.828 E2795.05623
G1 X81.027 Y131.587 E2795.1395
G1 X81.507 Y130.423 E2795.22326
G1 X82.24 Y129.47 E2795.30323
G1 X82.677 Y129.033 E2795.34434
G1 X82.677 Y136.54 E2795.84371
G1 F1500 E2789.34371
G0 F7200 X205.359 Y133.648
G1 F1500 E2795.84371
G1 F3600 X205.359 Y130.9 E2796.02651
G1 X204.053 Y130.9 E2796.11338
G1 X204.035 Y131 E2796.12014
G1 X204.005 Y131 E2796.12214
G1 X204.01 Y131.2 E2796.13545
G1 X203.838 Y131.2 E2796.14689
G1 X204.336 Y132.407 E2796.23374
G1 X205.064 Y133.353 E2796.31315
G1 X208.026 Y136.316 E2796.59184
G1 X208.026 Y130.9 E2796.95212
G1 X208.585 Y130.9 E2796.9893
G1 X209.4 Y130.085 E2797.06597
G1 X209.4 Y125.558 E2797.36711
G1 X209.7 Y125.502 E2797.38741
G1 X209.7 Y125.338 E2797.39832
G1 X210.693 Y125.748 E2797.46978
G1 X210.693 Y137.553 E2798.25505
G1 X211.328 Y137.637 E2798.29766
G1 X212.569 Y137.473 E2798.38093
G1 X213.36 Y137.147 E2798.43784
G1 X213.36 Y128.071 E2799.04158
G1 X214.76 Y129.47 E2799.17324
G1 X215.493 Y130.423 E2799.25321
G1 X215.973 Y131.587 E2799.33697
G1 X216.027 Y131.996 E2799.36441
G1 X216.027 Y133.661 E2799.47517
G1 F1500 E2792.97517
G0 F7200 X209.153 Y79.347
G0 X205.359 Y79.1
G1 F1500 E2799.47517
G1 F3600 X205.359 Y76.351 E2799.65803
G1 X205.064 Y76.647 E2799.68583
G1 X204.336 Y77.593 E2799.76524
G1 X203.838 Y78.8 E2799.85209
G1 X204.002 Y78.8 E2799.863
G1 X204.058 Y79.1 E2799.8833
G1 X208.026 Y79.1 E2800.14725
G1 X208.026 Y73.696 E2800.50673
G1 X208.923 Y73.007 E2800.58197
G1 X210.087 Y72.527 E2800.66572
G1 X210.693 Y72.446 E2800.70639
G1 X210.693 Y84.253 E2801.4918
G1 X210.907 Y84.164 E2801.50722
G1 X211.853 Y83.436 E2801.58662
G1 X213.36 Y81.93 E2801.72834
G1 X213.36 Y72.854 E2802.33208
G1 X213.732 Y73.007 E2802.35884
G1 X214.729 Y73.771 E2802.44239
G1 X215.493 Y74.768 E2802.52594
G1 X215.973 Y75.931 E2802.60964
G1 X216.027 Y76.34 E2802.63708
G1 X216.027 Y78.005 E2802.74784
G1 F1500 E2796.24784
;MESH:manette_1-Body_(Meshed).stl
G0 F7200 X209.165 Y80.424
G0 X208.076 Y80.424
G0 X207.5 Y129
;TYPE:WALL-INNER
G1 F1500 E2802.74784
G1 F3600 X207.5 Y81 E2805.94081
G1 X89.5 Y81 E2813.7902
G1 X89.5 Y129 E2816.98317
G1 X207.5 Y129 E2824.83257
G0 F7200 X207.9 Y129.4
G1 F3600 X207.9 Y80.6 E2828.07876
G1 X89.1 Y80.6 E2835.98136
G1 X89.1 Y129.4 E2839.22755
G1 X207.9 Y129.4 E2847.13016
G0 F7200 X207.62 Y129.12
G0 X164.528 Y108.872
G1 F3600 X163.489 Y109.003 E2847.19982
G1 X162.462 Y108.87 E2847.26871
G1 X161.499 Y108.47 E2847.33808
G1 X160.671 Y107.842 E2847.4072
G1 X160.027 Y107.006 E2847.4774
G1 X159.625 Y106.037 E2847.54719
G1 X159.492 Y105 E2847.61673
G1 X159.625 Y103.961 E2847.68641
G1 X160.026 Y102.994 E2847.75605
G1 X160.665 Y102.162 E2847.82583
G1 X161.498 Y101.527 E2847.89551
G1 X162.464 Y101.126 E2847.96508
G1 X163.492 Y100.993 E2848.03404
G1 X164.536 Y101.128 E2848.10406
G1 X165.505 Y101.528 E2848.1738
G1 X166.335 Y102.166 E2848.24343
G1 X166.977 Y103.015 E2848.31424
G1 X167.367 Y103.959 E2848.38218
G1 X167.502 Y105 E2848.45201
G1 X167.374 Y106.02 E2848.52039
G1 X166.967 Y107.009 E2848.59153
G1 X166.34 Y107.826 E2848.66004
G1 X165.505 Y108.468 E2848.7301
G1 X164.528 Y108.872 E2848.80043
G0 F7200 X164.43 Y108.482
G1 F3600 X163.492 Y108.601 E2848.86333
G1 X162.571 Y108.478 E2848.92514
G1 X161.702 Y108.118 E2848.98771
G1 X160.948 Y107.547 E2849.05062
G1 X160.383 Y106.806 E2849.11261
G1 X160.021 Y105.934 E2849.17541
G1 X159.894 Y105.002 E2849.23798
G1 X160.014 Y104.066 E2849.30076
G1 X160.377 Y103.195 E2849.36353
G1 X160.953 Y102.443 E2849.42654
G1 X161.702 Y101.878 E2849.48895
G1 X162.571 Y101.513 E2849.55165
G1 X163.497 Y101.395 E2849.61374
G1 X164.435 Y101.516 E2849.67665
G1 X165.305 Y101.878 E2849.73934
G1 X166.05 Y102.451 E2849.80186
G1 X166.621 Y103.199 E2849.86445
G1 X166.976 Y104.063 E2849.92659
G1 X167.1 Y105 E2849.98946
G1 X166.978 Y105.942 E2850.05265
G1 X166.62 Y106.802 E2850.11462
G1 X166.049 Y107.547 E2850.17705
G1 X165.304 Y108.118 E2850.23949
G1 X164.43 Y108.482 E2850.30247
G0 F7200 X164.47 Y108.79
G0 X149.537 Y108.871
G1 F3600 X148.5 Y109.004 E2850.37202
G1 X147.457 Y108.871 E2850.44196
G1 X146.494 Y108.469 E2850.51138
G1 X145.665 Y107.833 E2850.58088
G1 X145.027 Y107.006 E2850.65036
G1 X144.625 Y106.037 E2850.72015
G1 X144.492 Y105 E2850.78969
G1 X144.625 Y103.961 E2850.85937
G1 X145.026 Y102.994 E2850.92901
G1 X145.664 Y102.164 E2850.99865
G1 X146.494 Y101.527 E2851.06825
G1 X147.457 Y101.125 E2851.13766
G1 X148.5 Y100.992 E2851.2076
G1 X149.537 Y101.125 E2851.27715
G1 X150.506 Y101.527 E2851.34694
G1 X151.333 Y102.165 E2851.41642
G1 X151.97 Y102.994 E2851.48596
G1 X152.371 Y103.961 E2851.5556
G1 X152.504 Y105 E2851.62528
G1 X152.371 Y106.037 E2851.69482
G1 X151.969 Y107.006 E2851.76461
G1 X151.332 Y107.832 E2851.834
G1 X150.506 Y108.469 E2851.90338
G1 X149.537 Y108.871 E2851.97317
G0 F7200 X149.434 Y108.475
G1 F3600 X148.502 Y108.602 E2852.03574
G1 X147.566 Y108.482 E2852.09851
G1 X146.695 Y108.119 E2852.16128
G1 X145.949 Y107.548 E2852.22377
G1 X145.383 Y106.806 E2852.28585
G1 X145.021 Y105.934 E2852.34866
G1 X144.894 Y105.002 E2852.41123
G1 X145.014 Y104.066 E2852.474
G1 X145.377 Y103.195 E2852.53677
G1 X145.949 Y102.448 E2852.59935
G1 X146.695 Y101.883 E2852.6616
G1 X147.562 Y101.521 E2852.7241
G1 X148.498 Y101.394 E2852.78693
G1 X149.433 Y101.514 E2852.84964
G1 X150.306 Y101.883 E2852.91269
G1 X151.048 Y102.449 E2852.97477
G1 X151.613 Y103.195 E2853.03702
G1 X151.975 Y104.062 E2853.09952
G1 X152.102 Y104.998 E2853.16235
G1 X151.982 Y105.933 E2853.22506
G1 X151.613 Y106.806 E2853.2881
G1 X151.048 Y107.548 E2853.35014
G1 X150.306 Y108.113 E2853.41218
G1 X149.434 Y108.475 E2853.47498
G0 F7200 X149.554 Y108.767
G0 X150.428 Y108.339
G0 X151.227 Y107.727
G0 X151.839 Y106.928
G0 X152.225 Y105.997
G0 X152.357 Y105
G0 X152.25 Y104.193
G0 X149.537 Y93.871
G1 F3600 X148.5 Y94.004 E2853.54453
G1 X147.457 Y93.871 E2853.61447
G1 X146.494 Y93.469 E2853.68389
G1 X145.662 Y92.831 E2853.75363
G1 X145.026 Y92.001 E2853.82319
G1 X144.626 Y91.032 E2853.89293
G1 X144.493 Y90.012 E2853.96135
G1 X144.624 Y88.96 E2854.03187
G1 X145.025 Y87.996 E2854.10132
G1 X145.662 Y87.162 E2854.17113
G1 X146.495 Y86.526 E2854.24085
G1 X147.452 Y86.127 E2854.30982
G1 X148.499 Y85.991 E2854.38005
G1 X149.404 Y86.108 E2854.44075
G1 X149.659 Y86.176 E2854.45831
G1 X150.508 Y86.528 E2854.51945
G1 X151.333 Y87.161 E2854.58862
G1 X151.971 Y87.996 E2854.65852
G1 X152.372 Y88.96 E2854.72797
G1 X152.503 Y90.014 E2854.79862
G1 X152.37 Y91.032 E2854.86692
G1 X151.969 Y92.002 E2854.93674
G1 X151.334 Y92.83 E2855.00615
G1 X150.506 Y93.469 E2855.07572
G1 X149.537 Y93.871 E2855.14551
G0 F7200 X149.434 Y93.475
G1 F3600 X148.502 Y93.602 E2855.20808
G1 X147.566 Y93.482 E2855.27085
G1 X146.695 Y93.119 E2855.33362
G1 X145.945 Y92.545 E2855.39644
G1 X145.374 Y91.798 E2855.45899
G1 X145.013 Y90.924 E2855.52189
G1 X144.896 Y90.005 E2855.58352
G1 X145.014 Y89.066 E2855.64647
G1 X145.378 Y88.202 E2855.70884
G1 X145.946 Y87.448 E2855.77163
G1 X146.695 Y86.877 E2855.83428
G1 X147.56 Y86.516 E2855.89663
G1 X148.5 Y86.394 E2855.95969
G1 X149.431 Y86.514 E2856.02213
G1 X150.303 Y86.875 E2856.08491
G1 X151.047 Y87.453 E2856.14758
G1 X151.618 Y88.202 E2856.21023
G1 X151.982 Y89.065 E2856.27254
G1 X152.101 Y90.01 E2856.33589
G1 X151.975 Y90.951 E2856.39905
G1 X151.618 Y91.798 E2856.46019
G1 X151.049 Y92.547 E2856.52276
G1 X150.306 Y93.113 E2856.58489
G1 X149.434 Y93.475 E2856.6477
G0 F7200 X149.554 Y93.767
G0 X136.227 Y107.727
G0 X134.532 Y108.87
G1 F3600 X133.508 Y109.003 E2856.71639
G1 X132.46 Y108.87 E2856.78666
G1 X131.494 Y108.47 E2856.85621
G1 X130.654 Y107.824 E2856.9267
G1 X130.037 Y107.016 E2856.99433
G1 X129.626 Y106.037 E2857.06496
G1 X129.494 Y105 E2857.13449
G1 X129.631 Y103.942 E2857.20546
G1 X130.03 Y102.989 E2857.27419
G1 X130.664 Y102.163 E2857.34345
G1 X131.494 Y101.526 E2857.41305
G1 X132.467 Y101.124 E2857.48308
G1 X133.511 Y100.993 E2857.55307
G1 X134.532 Y101.126 E2857.62156
G1 X135.501 Y101.526 E2857.6913
G1 X136.331 Y102.162 E2857.76085
G1 X136.97 Y102.994 E2857.83064
G1 X137.371 Y103.961 E2857.90027
G1 X137.504 Y105 E2857.96995
G1 X137.371 Y106.037 E2858.0395
G1 X136.969 Y107.006 E2858.10928
G1 X136.33 Y107.834 E2858.17886
G1 X135.502 Y108.469 E2858.24827
G1 X134.532 Y108.87 E2858.31809
G0 F7200 X134.425 Y108.478
G1 F3600 X133.505 Y108.601 E2858.37983
G1 X132.565 Y108.48 E2858.44288
G1 X131.691 Y108.117 E2858.50583
G1 X130.95 Y107.544 E2858.56814
G1 X130.374 Y106.8 E2858.63073
G1 X130.013 Y105.922 E2858.69388
G1 X129.896 Y105 E2858.7557
G1 X130.017 Y104.063 E2858.81855
G1 X130.375 Y103.199 E2858.88076
G1 X130.949 Y102.448 E2858.94364
G1 X131.692 Y101.879 E2859.00589
G1 X132.57 Y101.514 E2859.06914
G1 X133.508 Y101.395 E2859.13204
G1 X134.425 Y101.518 E2859.19359
G1 X135.298 Y101.874 E2859.2563
G1 X136.048 Y102.448 E2859.31912
G1 X136.613 Y103.195 E2859.38143
G1 X136.975 Y104.062 E2859.44393
G1 X137.102 Y104.998 E2859.50676
G1 X136.982 Y105.933 E2859.56947
G1 X136.613 Y106.806 E2859.63251
G1 X136.044 Y107.552 E2859.69492
G1 X135.298 Y108.118 E2859.75722
G1 X134.425 Y108.478 E2859.82003
G0 F7200 X134.466 Y108.791
G0 X145.773 Y122.727
G0 X146.572 Y123.339
G0 X147.503 Y123.725
G0 X149.541 Y123.869
G1 F3600 X148.502 Y124.005 E2859.88974
G1 X147.592 Y123.888 E2859.95077
G1 X147.335 Y123.82 E2859.96845
G1 X146.499 Y123.472 E2860.02869
G1 X145.664 Y122.836 E2860.09851
G1 X145.027 Y122.006 E2860.16811
G1 X144.624 Y121.032 E2860.23823
G1 X144.493 Y119.985 E2860.30841
G1 X144.626 Y118.963 E2860.37697
G1 X145.026 Y117.999 E2860.4464
G1 X145.662 Y117.161 E2860.51638
G1 X146.497 Y116.525 E2860.5862
G1 X147.457 Y116.125 E2860.65538
G1 X148.5 Y115.992 E2860.72532
G1 X149.537 Y116.125 E2860.79487
G1 X150.506 Y116.527 E2860.86466
G1 X151.342 Y117.171 E2860.93485
G1 X151.97 Y117.999 E2861.00398
G1 X152.372 Y118.968 E2861.07377
G1 X152.503 Y119.989 E2861.14224
G1 X152.372 Y121.032 E2861.21217
G1 X151.969 Y122.006 E2861.28228
G1 X151.334 Y122.833 E2861.35164
G1 X150.609 Y123.39 E2861.41246
G1 X150.383 Y123.52 E2861.4298
G1 X149.541 Y123.869 E2861.49043
G0 F7200 X149.437 Y123.48
G1 F3600 X148.501 Y123.602 E2861.55322
G1 X147.566 Y123.482 E2861.61593
G1 X146.697 Y123.12 E2861.67855
G1 X145.95 Y122.544 E2861.7413
G1 X145.378 Y121.798 E2861.80383
G1 X145.014 Y120.932 E2861.86632
G1 X144.895 Y119.989 E2861.92955
G1 X145.018 Y119.071 E2861.99116
G1 X145.374 Y118.201 E2862.05369
G1 X145.948 Y117.448 E2862.11667
G1 X146.695 Y116.883 E2862.17897
G1 X147.562 Y116.521 E2862.24147
G1 X148.498 Y116.394 E2862.30431
G1 X149.433 Y116.514 E2862.36701
G1 X150.306 Y116.883 E2862.43006
G1 X151.054 Y117.453 E2862.49262
G1 X151.618 Y118.202 E2862.55499
G1 X151.983 Y119.071 E2862.61769
G1 X152.1 Y119.995 E2862.67964
G1 X151.982 Y120.932 E2862.74246
G1 X151.618 Y121.798 E2862.80495
G1 X151.052 Y122.545 E2862.86729
G1 X150.302 Y123.121 E2862.9302
G1 X149.437 Y123.48 E2862.9925
G0 F7200 X149.327 Y123.092
;TYPE:WALL-OUTER
G1 F1800 X148.5 Y123.198 E2863.04796
G1 X147.669 Y123.092 E2863.10369
G1 X146.899 Y122.771 E2863.15918
G1 X146.254 Y122.28 E2863.2131
G1 X145.726 Y121.6 E2863.27037
G1 X145.406 Y120.827 E2863.32602
G1 X145.3 Y119.981 E2863.38274
G1 X145.403 Y119.182 E2863.43633
G1 X145.726 Y118.4 E2863.49261
G1 X146.243 Y117.725 E2863.54917
G1 X146.898 Y117.227 E2863.6039
G1 X147.667 Y116.907 E2863.65931
G1 X148.482 Y116.8 E2863.71399
G1 X149.327 Y116.904 E2863.77062
G1 X150.102 Y117.227 E2863.82647
G1 X150.762 Y117.734 E2863.88184
G1 X151.256 Y118.378 E2863.93583
G1 X151.586 Y119.157 E2863.9921
G1 X151.696 Y119.981 E2864.0474
G1 X151.59 Y120.827 E2864.10412
G1 X151.27 Y121.6 E2864.15977
G1 X150.762 Y122.261 E2864.21523
G1 X150.101 Y122.771 E2864.27076
G1 X149.327 Y123.092 E2864.3265
G0 F7200 X149.129 Y123.117
G0 X149.221 Y123.823
G0 X150.428 Y123.339
G0 X151.227 Y122.727
G0 X151.839 Y121.928
G0 X152.225 Y120.997
G0 X152.357 Y120
G0 X152.25 Y119.193
G0 X149.601 Y108.748
G0 X149.329 Y108.089
G1 F1800 X148.518 Y108.196 E2864.38092
G1 X147.669 Y108.092 E2864.43782
G1 X146.898 Y107.769 E2864.49342
G1 X146.243 Y107.271 E2864.54816
G1 X145.727 Y106.602 E2864.60436
G1 X145.407 Y105.829 E2864.66001
G1 X145.3 Y105.018 E2864.71442
G1 X145.404 Y104.169 E2864.77132
G1 X145.727 Y103.398 E2864.82693
G1 X146.225 Y102.743 E2864.88166
G1 X146.898 Y102.227 E2864.93807
G1 X147.667 Y101.907 E2864.99348
G1 X148.482 Y101.8 E2865.04816
G1 X149.327 Y101.904 E2865.10479
G1 X150.102 Y102.227 E2865.16065
G1 X150.762 Y102.734 E2865.21601
G1 X151.269 Y103.398 E2865.27158
G1 X151.589 Y104.167 E2865.32699
G1 X151.696 Y104.982 E2865.38167
G1 X151.592 Y105.827 E2865.4383
G1 X151.269 Y106.602 E2865.49415
G1 X150.762 Y107.262 E2865.54951
G1 X150.102 Y107.769 E2865.60487
G1 X149.329 Y108.089 E2865.66053
G0 F7200 X149.131 Y108.115
G0 X149.224 Y108.823
G0 X162.072 Y108.854
G0 X164.403 Y108.799
G0 X164.311 Y108.094
G1 F1800 X163.511 Y108.196 E2865.71417
G1 X162.682 Y108.093 E2865.76974
G1 X161.9 Y107.77 E2865.82602
G1 X161.244 Y107.271 E2865.88085
G1 X160.727 Y106.602 E2865.93709
G1 X160.407 Y105.829 E2865.99275
G1 X160.3 Y105.018 E2866.04716
G1 X160.404 Y104.169 E2866.10406
G1 X160.727 Y103.398 E2866.15967
G1 X161.225 Y102.743 E2866.2144
G1 X161.878 Y102.24 E2866.26923
G1 X162.657 Y101.91 E2866.32551
G1 X163.481 Y101.8 E2866.38081
G1 X164.341 Y101.91 E2866.43848
G1 X165.112 Y102.233 E2866.49409
G1 X165.772 Y102.744 E2866.54961
G1 X166.268 Y103.396 E2866.6041
G1 X166.59 Y104.167 E2866.65968
G1 X166.696 Y105.019 E2866.7168
G1 X166.59 Y105.829 E2866.77114
G1 X166.273 Y106.595 E2866.82628
G1 X165.753 Y107.271 E2866.88302
G1 X165.089 Y107.776 E2866.93851
G1 X164.311 Y108.094 E2866.99442
G0 F7200 X164.113 Y108.119
G0 X164.205 Y108.825
G0 X162.503 Y108.725
G0 X161.572 Y108.339
G0 X160.853 Y107.788
G0 X149.601 Y93.748
G0 X149.329 Y93.089
G1 F1800 X148.518 Y93.196 E2867.04883
G1 X147.669 Y93.092 E2867.10573
G1 X146.898 Y92.769 E2867.16134
G1 X146.243 Y92.271 E2867.21607
G1 X145.733 Y91.611 E2867.27155
G1 X145.41 Y90.839 E2867.32722
G1 X145.3 Y90.019 E2867.38226
G1 X145.406 Y89.169 E2867.43924
G1 X145.726 Y88.4 E2867.49464
G1 X146.232 Y87.733 E2867.55033
G1 X146.878 Y87.24 E2867.60439
G1 X147.668 Y86.904 E2867.6615
G1 X148.5 Y86.798 E2867.71729
G1 X149.327 Y86.904 E2867.77275
G1 X150.101 Y87.225 E2867.82849
G1 X150.763 Y87.735 E2867.88408
G1 X151.256 Y88.378 E2867.93798
G1 X151.59 Y89.169 E2867.99509
G1 X151.696 Y90.019 E2868.05207
G1 X151.593 Y90.814 E2868.1054
G1 X151.27 Y91.6 E2868.16193
G1 X150.771 Y92.252 E2868.21654
G1 X150.102 Y92.769 E2868.27279
G1 X149.329 Y93.089 E2868.32844
G0 F7200 X149.131 Y93.115
G0 X149.224 Y93.823
G0 X136.227 Y107.727
G0 X135.58 Y108.223
G0 X134.611 Y108.744
G0 X134.339 Y108.086
G1 F1800 X133.519 Y108.196 E2868.38347
G1 X132.655 Y108.086 E2868.44141
G1 X131.899 Y107.77 E2868.49592
G1 X131.225 Y107.252 E2868.55246
G1 X130.734 Y106.613 E2868.60607
G1 X130.406 Y105.829 E2868.6626
G1 X130.3 Y105.012 E2868.7174
G1 X130.406 Y104.167 E2868.77405
G1 X130.723 Y103.405 E2868.82895
G1 X131.243 Y102.725 E2868.8859
G1 X131.911 Y102.22 E2868.9416
G1 X132.685 Y101.902 E2868.99726
G1 X133.489 Y101.8 E2869.05117
G1 X134.314 Y101.903 E2869.10648
G1 X135.1 Y102.226 E2869.16301
G1 X135.771 Y102.743 E2869.21935
G1 X136.269 Y103.398 E2869.27409
G1 X136.589 Y104.167 E2869.32949
G1 X136.696 Y104.982 E2869.38417
G1 X136.592 Y105.827 E2869.44081
G1 X136.269 Y106.602 E2869.49666
G1 X135.762 Y107.262 E2869.55202
G1 X135.122 Y107.756 E2869.6058
G1 X134.339 Y108.086 E2869.66232
G0 F7200 X134.141 Y108.112
G0 X134.234 Y108.821
G0 X208.02 Y129.52
G0 X208.3 Y129.8
G1 F1800 X208.3 Y80.2 E2872.96173
G1 X88.7 Y80.2 E2880.91755
G1 X88.7 Y129.8 E2884.21696
G1 X208.3 Y129.8 E2892.17278
G0 F7200 X208.3 Y129.6
G0 X207.62 Y129.12
G0 X149.627 Y124.238
;TYPE:SKIN
G1 F1800 X150.525 Y123.869 E2892.23736
G1 X150.82 Y123.702 E2892.25991
G1 X151.607 Y123.103 E2892.3257
G1 X152.303 Y122.193 E2892.40191
G1 X152.742 Y121.13 E2892.47842
G1 X152.884 Y119.989 E2892.5549
G1 X152.734 Y118.849 E2892.63139
G1 X152.302 Y117.804 E2892.70661
G1 X151.606 Y116.898 E2892.78261
G1 X150.698 Y116.195 E2892.85899
G1 X149.633 Y115.754 E2892.93567
G1 X148.482 Y115.608 E2893.01285
G1 X147.359 Y115.755 E2893.08819
G1 X146.302 Y116.195 E2893.16435
G1 X145.381 Y116.903 E2893.24163
G1 X144.69 Y117.808 E2893.31737
G1 X144.251 Y118.878 E2893.3943
G1 X144.108 Y119.981 E2893.46829
G1 X144.25 Y121.13 E2893.5453
G1 X144.689 Y122.193 E2893.62181
G1 X145.389 Y123.103 E2893.69818
G1 X146.162 Y123.695 E2893.76294
G1 X146.445 Y123.858 E2893.78467
G1 X147.213 Y124.178 E2893.84001
G1 X147.521 Y124.258 E2893.86118
G1 X148.501 Y124.386 E2893.92692
G1 X149.627 Y124.238 E2894.00247
G0 F7200 X151.227 Y122.727
G0 X151.839 Y121.928
G0 X152.225 Y120.997
G0 X152.357 Y120
G0 X152.357 Y105
G0 X152.25 Y104.193
G0 X149.633 Y94.242
G1 F1800 X150.694 Y93.801 E2894.0789
G1 X151.61 Y93.093 E2894.15591
G1 X152.302 Y92.188 E2894.2317
G1 X152.741 Y91.118 E2894.30863
G1 X152.884 Y90.015 E2894.38262
G1 X152.744 Y88.861 E2894.45995
G1 X152.303 Y87.803 E2894.53619
G1 X151.603 Y86.889 E2894.61277
G1 X150.842 Y86.305 E2894.67658
G1 X150.548 Y86.134 E2894.69921
G1 X149.805 Y85.823 E2894.75279
G1 X149.475 Y85.734 E2894.77552
G1 X148.495 Y85.606 E2894.84127
G1 X147.369 Y85.754 E2894.91681
G1 X146.443 Y86.134 E2894.9834
G1 X146.187 Y86.282 E2895.00307
G1 X145.393 Y86.889 E2895.06955
G1 X144.683 Y87.826 E2895.14775
G1 X144.25 Y88.862 E2895.22244
G1 X144.112 Y90.007 E2895.29916
G1 X144.258 Y91.143 E2895.37535
G1 X144.69 Y92.184 E2895.45032
G1 X145.39 Y93.098 E2895.52691
G1 X146.302 Y93.797 E2895.60334
G1 X147.36 Y94.244 E2895.67974
G1 X148.518 Y94.384 E2895.75734
G1 X149.633 Y94.242 E2895.8321
G0 F7200 X137.568 Y106.378
G0 X134.639 Y109.234
G1 F1800 X135.697 Y108.799 E2895.9082
G1 X136.598 Y108.102 E2895.98397
G1 X137.301 Y107.195 E2896.06031
G1 X137.744 Y106.135 E2896.13673
G1 X137.884 Y104.982 E2896.21399
G1 X137.741 Y103.859 E2896.2893
G1 X137.301 Y102.802 E2896.36546
G1 X136.596 Y101.885 E2896.4424
G1 X135.684 Y101.19 E2896.51868
G1 X134.618 Y100.751 E2896.59536
G1 X133.501 Y100.608 E2896.67027
G1 X132.359 Y100.757 E2896.74688
G1 X131.315 Y101.188 E2896.82202
G1 X130.399 Y101.885 E2896.89858
G1 X129.695 Y102.801 E2896.97543
G1 X129.262 Y103.84 E2897.05031
G1 X129.108 Y105.005 E2897.12848
G1 X129.255 Y106.128 E2897.20382
G1 X129.699 Y107.199 E2897.28094
G1 X130.407 Y108.115 E2897.35795
G1 X131.306 Y108.8 E2897.43314
G1 X132.368 Y109.24 E2897.5096
G1 X133.497 Y109.384 E2897.58531
G1 X134.639 Y109.234 E2897.66193
G0 F7200 X149.633 Y109.242
G1 F1800 X150.698 Y108.797 E2897.73871
G1 X151.602 Y108.102 E2897.81456
G1 X152.301 Y107.195 E2897.89074
G1 X152.744 Y106.135 E2897.96716
G1 X152.884 Y104.982 E2898.04442
G1 X152.741 Y103.859 E2898.11972
G1 X152.297 Y102.802 E2898.19599
G1 X151.602 Y101.894 E2898.27205
G1 X150.698 Y101.195 E2898.34806
G1 X149.633 Y100.754 E2898.42474
G1 X148.482 Y100.608 E2898.50192
G1 X147.359 Y100.755 E2898.57726
G1 X146.302 Y101.195 E2898.65342
G1 X145.39 Y101.89 E2898.7297
G1 X144.695 Y102.802 E2898.80597
G1 X144.252 Y103.861 E2898.88233
G1 X144.108 Y105.018 E2898.95989
G1 X144.255 Y106.137 E2899.03496
G1 X144.695 Y107.195 E2899.11119
G1 X145.394 Y108.102 E2899.18736
G1 X146.302 Y108.797 E2899.26342
G1 X147.361 Y109.244 E2899.33988
G1 X148.518 Y109.384 E2899.41741
G1 X149.633 Y109.242 E2899.49218
G0 F7200 X164.637 Y109.239
G1 F1800 X165.7 Y108.793 E2899.56886
G1 X166.593 Y108.111 E2899.64361
G1 X167.301 Y107.191 E2899.72083
G1 X167.74 Y106.12 E2899.79782
G1 X167.884 Y105.005 E2899.87261
G1 X167.734 Y103.84 E2899.95075
G1 X167.294 Y102.795 E2900.02617
G1 X166.593 Y101.885 E2900.10258
G1 X165.7 Y101.203 E2900.17733
G1 X164.627 Y100.752 E2900.25475
G1 X163.492 Y100.612 E2900.33083
G1 X162.353 Y100.758 E2900.40721
G1 X161.296 Y101.198 E2900.48337
G1 X160.394 Y101.89 E2900.559
G1 X159.695 Y102.802 E2900.63543
G1 X159.252 Y103.859 E2900.71167
G1 X159.108 Y105.018 E2900.78936
G1 X159.255 Y106.137 E2900.86444
G1 X159.695 Y107.195 E2900.94066
G1 X160.403 Y108.111 E2901.01767
G1 X161.292 Y108.794 E2901.09224
G1 X162.374 Y109.241 E2901.17012
G1 X163.498 Y109.384 E2901.24549
G1 X164.637 Y109.239 E2901.32187
G0 F7200 X207.12 Y128.62
G1 F1800 X89.88 Y128.62 E2909.12071
G1 X89.881 Y81.381 E2912.26306
G1 X207.12 Y81.38 E2920.06183
G1 X207.12 Y128.62 E2923.20424
G0 F7200 X206.466 Y128.42
G1 F1800 X206.92 Y127.966 E2923.24695
G0 F7200 X206.92 Y127.4
G1 F1800 X205.9 Y128.42 E2923.34291
G0 F7200 X205.335 Y128.42
G1 F1800 X206.92 Y126.834 E2923.49206
G0 F7200 X206.92 Y126.269
G1 F1800 X204.769 Y128.42 E2923.69442
G0 F7200 X204.203 Y128.42
G1 F1800 X206.92 Y125.703 E2923.95001
G0 F7200 X206.92 Y125.137
G1 F1800 X203.638 Y128.42 E2924.25881
G0 F7200 X203.072 Y128.42
G1 F1800 X206.92 Y124.572 E2924.62081
G0 F7200 X206.92 Y124.006
G1 F1800 X202.506 Y128.42 E2925.03605
G0 F7200 X201.941 Y128.42
G1 F1800 X206.92 Y123.44 E2925.50449
G0 F7200 X206.92 Y122.875
G1 F1800 X201.375 Y128.42 E2926.02613
G0 F7200 X200.809 Y128.42
G1 F1800 X206.92 Y122.309 E2926.60102
G0 F7200 X206.92 Y121.743
G1 F1800 X200.243 Y128.42 E2927.22915
G0 F7200 X199.678 Y128.42
G1 F1800 X206.92 Y121.178 E2927.91043
G0 F7200 X206.92 Y120.612
G1 F1800 X199.112 Y128.42 E2928.64496
G0 F7200 X198.546 Y128.42
G1 F1800 X206.92 Y120.046 E2929.43273
G0 F7200 X206.92 Y119.481
G1 F1800 X197.981 Y128.42 E2930.27366
G0 F7200 X197.415 Y128.42
G1 F1800 X206.92 Y118.915 E2931.16783
G0 F7200 X206.92 Y118.349
G1 F1800 X196.849 Y128.42 E2932.11525
G0 F7200 X196.284 Y128.42
G1 F1800 X206.92 Y117.783 E2933.11587
G0 F7200 X206.92 Y117.218
G1 F1800 X195.718 Y128.42 E2934.16968
G0 F7200 X195.152 Y128.42
G1 F1800 X206.92 Y116.652 E2935.27674
G0 F7200 X206.92 Y116.086
G1 F1800 X194.587 Y128.42 E2936.437
G0 F7200 X194.021 Y128.42
G1 F1800 X206.92 Y115.521 E2937.65046
G0 F7200 X206.92 Y114.955
G1 F1800 X193.455 Y128.42 E2938.91717
G0 F7200 X192.89 Y128.42
G1 F1800 X206.92 Y114.389 E2940.23707
G0 F7200 X206.92 Y113.824
G1 F1800 X192.324 Y128.42 E2941.61017
G0 F7200 X191.758 Y128.42
G1 F1800 X206.92 Y113.258 E2943.03652
G0 F7200 X206.92 Y112.692
G1 F1800 X191.192 Y128.42 E2944.51611
G0 F7200 X190.627 Y128.42
G1 F1800 X206.92 Y112.127 E2946.04886
G0 F7200 X206.92 Y111.561
G1 F1800 X190.061 Y128.42 E2947.63485
G0 F7200 X189.495 Y128.42
G1 F1800 X206.92 Y110.995 E2949.27409
G0 F7200 X206.92 Y110.43
G1 F1800 X188.93 Y128.42 E2950.96648
G0 F7200 X188.364 Y128.42
G1 F1800 X206.92 Y109.864 E2952.71211
G0 F7200 X206.92 Y109.298
G1 F1800 X187.798 Y128.42 E2954.51099
G0 F7200 X187.233 Y128.42
G1 F1800 X206.92 Y108.733 E2956.36302
G0 F7200 X206.92 Y108.167
G1 F1800 X186.667 Y128.42 E2958.2683
G0 F7200 X186.101 Y128.42
G1 F1800 X206.92 Y107.601 E2960.22683
G0 F7200 X206.92 Y107.035
G1 F1800 X185.536 Y128.42 E2962.23855
G0 F7200 X184.97 Y128.42
G1 F1800 X206.92 Y106.47 E2964.30347
G0 F7200 X206.92 Y105.904
G1 F1800 X184.404 Y128.42 E2966.42164
G0 F7200 X183.839 Y128.42
G1 F1800 X206.92 Y105.338 E2968.593
G0 F7200 X206.92 Y104.773
G1 F1800 X183.273 Y128.42 E2970.81757
G0 F7200 X182.707 Y128.42
G1 F1800 X206.92 Y104.207 E2973.09538
G0 F7200 X206.92 Y103.641
G1 F1800 X182.142 Y128.42 E2975.42639
G0 F7200 X181.576 Y128.42
G1 F1800 X206.92 Y103.076 E2977.8106
G0 F7200 X206.92 Y102.51
G1 F1800 X181.01 Y128.42 E2980.24805
G0 F7200 X180.444 Y128.42
G1 F1800 X206.92 Y101.944 E2982.73875
G0 F7200 X206.92 Y101.379
G1 F1800 X179.879 Y128.42 E2985.2826
G0 F7200 X179.313 Y128.42
G1 F1800 X206.92 Y100.813 E2987.8797
G0 F7200 X206.92 Y100.247
G1 F1800 X178.747 Y128.42 E2990.53004
G0 F7200 X178.182 Y128.42
G1 F1800 X206.92 Y99.682 E2993.23354
G0 F7200 X206.92 Y99.116
G1 F1800 X177.616 Y128.42 E2995.99028
G0 F7200 X177.05 Y128.42
G1 F1800 X206.92 Y98.55 E2998.80026
G0 F7200 X206.92 Y97.984
G1 F1800 X176.485 Y128.42 E3001.66345
G0 F7200 X175.919 Y128.42
G1 F1800 X206.92 Y97.419 E3004.57983
G0 F7200 X206.92 Y96.853
G1 F1800 X175.353 Y128.42 E3007.54946
G0 F7200 X174.788 Y128.42
G1 F1800 X206.92 Y96.287 E3010.57229
G0 F7200 X206.92 Y95.722
G1 F1800 X174.222 Y128.42 E3013.64832
G0 F7200 X173.656 Y128.42
G1 F1800 X206.92 Y95.156 E3016.77759
G0 F7200 X206.92 Y94.59
G1 F1800 X173.091 Y128.42 E3019.96006
G0 F7200 X172.525 Y128.42
G1 F1800 X206.92 Y94.025 E3023.19573
G0 F7200 X206.92 Y93.459
G1 F1800 X171.959 Y128.42 E3026.48465
G0 F7200 X171.393 Y128.42
G1 F1800 X206.92 Y92.893 E3029.82681
G0 F7200 X206.92 Y92.328
G1 F1800 X170.828 Y128.42 E3033.22213
G0 F7200 X170.262 Y128.42
G1 F1800 X206.92 Y91.762 E3036.67069
G0 F7200 X206.92 Y91.196
G1 F1800 X169.696 Y128.42 E3040.17249
G0 F7200 X169.131 Y128.42
G1 F1800 X206.92 Y90.631 E3043.72745
G0 F7200 X206.92 Y90.065
G1 F1800 X168.565 Y128.42 E3047.33565
G0 F7200 X167.999 Y128.42
G1 F1800 X206.92 Y89.499 E3050.9971
G0 F7200 X206.92 Y88.934
G1 F1800 X167.434 Y128.42 E3054.7117
G0 F7200 X166.868 Y128.42
G1 F1800 X206.92 Y88.368 E3058.47955
G0 F7200 X206.92 Y87.802
G1 F1800 X166.302 Y128.42 E3062.30064
G0 F7200 X165.737 Y128.42
G1 F1800 X206.92 Y87.236 E3066.17493
G0 F7200 X206.92 Y86.671
G1 F1800 X165.171 Y128.42 E3070.10242
G0 F7200 X164.605 Y128.42
G1 F1800 X206.92 Y86.105 E3074.08316
G0 F7200 X206.92 Y85.539
G1 F1800 X164.04 Y128.42 E3078.11709
G0 F7200 X163.474 Y128.42
G1 F1800 X206.92 Y84.974 E3082.20423
G0 F7200 X206.92 Y84.408
G1 F1800 X162.908 Y128.42 E3086.34461
G0 F7200 X162.343 Y128.42
G1 F1800 X206.92 Y83.842 E3090.53818
G0 F7200 X206.92 Y83.277
G1 F1800 X161.777 Y128.42 E3094.78496
G0 F7200 X161.211 Y128.42
G1 F1800 X206.92 Y82.711 E3099.08498
G0 F7200 X206.92 Y82.145
G1 F1800 X160.645 Y128.42 E3103.43825
G0 F7200 X160.08 Y128.42
G1 F1800 X206.92 Y81.58 E3107.84467
G0 F7200 X206.354 Y81.58
G1 F1800 X159.514 Y128.42 E3112.25109
G0 F7200 X158.948 Y128.42
G1 F1800 X205.789 Y81.58 E3116.65756
G0 F7200 X205.223 Y81.58
G1 F1800 X158.383 Y128.42 E3121.06398
G0 F7200 X157.817 Y128.42
G1 F1800 X204.657 Y81.58 E3125.4704
G0 F7200 X204.092 Y81.58
G1 F1800 X157.251 Y128.42 E3129.87687
G0 F7200 X156.686 Y128.42
G1 F1800 X203.526 Y81.58 E3134.28329
G0 F7200 X202.96 Y81.58
G1 F1800 X156.12 Y128.42 E3138.68971
G0 F7200 X155.554 Y128.42
G1 F1800 X202.394 Y81.58 E3143.09613
G0 F7200 X201.829 Y81.58
G1 F1800 X154.989 Y128.42 E3147.50255
G0 F7200 X154.423 Y128.42
G1 F1800 X201.263 Y81.58 E3151.90897
G0 F7200 X200.697 Y81.58
G1 F1800 X153.857 Y128.42 E3156.31539
G0 F7200 X153.292 Y128.42
G1 F1800 X200.132 Y81.58 E3160.7218
G0 F7200 X199.566 Y81.58
G1 F1800 X152.726 Y128.42 E3165.12822
G0 F7200 X152.16 Y128.42
G1 F1800 X199 Y81.58 E3169.53464
G0 F7200 X198.435 Y81.58
G1 F1800 X151.595 Y128.42 E3173.94106
G0 F7200 X151.029 Y128.42
G1 F1800 X197.869 Y81.58 E3178.34748
G0 F7200 X197.303 Y81.58
G1 F1800 X150.463 Y128.42 E3182.7539
G0 F7200 X149.897 Y128.42
G1 F1800 X196.738 Y81.58 E3187.16037
G0 F7200 X196.172 Y81.58
G1 F1800 X149.332 Y128.42 E3191.56679
G0 F7200 X148.766 Y128.42
G1 F1800 X195.606 Y81.58 E3195.97321
G0 F7200 X195.041 Y81.58
G1 F1800 X148.2 Y128.42 E3200.37968
G0 F7200 X147.635 Y128.42
G1 F1800 X194.475 Y81.58 E3204.7861
G0 F7200 X193.909 Y81.58
G1 F1800 X147.069 Y128.42 E3209.19252
G0 F7200 X146.503 Y128.42
G1 F1800 X151.45 Y123.474 E3209.65786
G0 F7200 X151.989 Y122.934
G1 F1800 X166.468 Y108.455 E3211.01995
G0 F7200 X166.968 Y107.955
G1 F1800 X193.344 Y81.58 E3213.5012
G0 F7200 X192.778 Y81.58
G1 F1800 X167.76 Y106.598 E3215.85474
G1 X167.69 Y106.668
G0 F7200 X167.98 Y105.812
G1 F1800 X192.212 Y81.58 E3218.13433
G0 F7200 X191.646 Y81.58
G1 F1800 X168.065 Y105.161 E3220.35269
G0 F7200 X168.04 Y104.621
G1 F1800 X191.081 Y81.58 E3222.52025
G0 F7200 X190.515 Y81.58
G1 F1800 X167.974 Y104.121 E3224.64077
G0 F7200 X167.871 Y103.658
G1 F1800 X189.949 Y81.58 E3226.71773
G0 F7200 X189.384 Y81.58
G1 F1800 X167.706 Y103.257 E3228.75701
G0 F7200 X167.541 Y102.856
G1 F1800 X188.818 Y81.58 E3230.75858
G0 F7200 X188.252 Y81.58
G1 F1800 X167.326 Y102.506 E3232.72717
G0 F7200 X167.08 Y102.186
G1 F1800 X187.687 Y81.58 E3234.6657
G0 F7200 X187.121 Y81.58
G1 F1800 X166.835 Y101.866 E3236.57408
G0 F7200 X166.539 Y101.596
G1 F1800 X186.555 Y81.58 E3238.45706
G0 F7200 X185.99 Y81.58
G1 F1800 X166.217 Y101.352 E3240.31714
G0 F7200 X165.896 Y101.107
G1 F1800 X185.424 Y81.58 E3242.15417
G0 F7200 X184.858 Y81.58
G1 F1800 X165.526 Y100.912 E3243.9728
G0 F7200 X165.128 Y100.744
G1 F1800 X184.293 Y81.58 E3245.77568
G0 F7200 X183.727 Y81.58
G1 F1800 X164.73 Y100.577 E3247.5628
G0 F7200 X164.235 Y100.506
G1 F1800 X183.161 Y81.58 E3249.34325
G0 F7200 X182.595 Y81.58
G1 F1800 X163.734 Y100.441 E3251.11757
G0 F7200 X163.153 Y100.457
G1 F1800 X182.03 Y81.58 E3252.89341
G0 F7200 X181.464 Y81.58
G1 F1800 X162.507 Y100.536 E3254.67672
G1 X162.437 Y100.606
G0 F7200 X161.636 Y100.842
G1 F1800 X180.898 Y81.58 E3256.48877
G0 F7200 X180.333 Y81.58
G1 F1800 X133.493 Y128.42 E3260.89519
G0 F7200 X134.058 Y128.42
G1 F1800 X144.339 Y118.139 E3261.86236
G1 X144.409 Y118.069
G0 F7200 X144.033 Y119.01
G1 F1800 X134.624 Y128.42 E3262.74755
G0 F7200 X135.19 Y128.42
G1 F1800 X143.946 Y119.663 E3263.57131
G0 F7200 X143.937 Y120.239
G1 F1800 X135.755 Y128.42 E3264.34097
G0 F7200 X136.321 Y128.42
G1 F1800 X144 Y120.741 E3265.06337
G0 F7200 X144.077 Y121.23
G1 F1800 X136.887 Y128.42 E3265.73976
G0 F7200 X137.452 Y128.42
G1 F1800 X144.241 Y121.631 E3266.37842
G0 F7200 X144.406 Y122.032
G1 F1800 X138.018 Y128.42 E3266.97937
G0 F7200 X138.584 Y128.42
G1 F1800 X144.598 Y122.405 E3267.54518
G0 F7200 X144.844 Y122.725
G1 F1800 X139.149 Y128.42 E3268.08093
G0 F7200 X139.715 Y128.42
G1 F1800 X145.091 Y123.044 E3268.58667
G0 F7200 X145.364 Y123.336
G1 F1800 X140.281 Y128.42 E3269.06489
G0 F7200 X140.846 Y128.42
G1 F1800 X145.685 Y123.582 E3269.52007
G0 F7200 X146.006 Y123.826
G1 F1800 X141.412 Y128.42 E3269.95224
G0 F7200 X141.978 Y128.42
G1 F1800 X146.361 Y124.036 E3270.36462
G0 F7200 X146.757 Y124.206
G1 F1800 X142.544 Y128.42 E3270.761
G0 F7200 X143.109 Y128.42
G1 F1800 X147.162 Y124.367 E3271.14228
G0 F7200 X147.623 Y124.471
G1 F1800 X143.675 Y128.42 E3271.51373
G0 F7200 X144.241 Y128.42
G1 F1800 X148.125 Y124.536 E3271.87911
G0 F7200 X148.663 Y124.563
G1 F1800 X144.806 Y128.42 E3272.24195
G0 F7200 X145.372 Y128.42
G1 F1800 X149.312 Y124.48 E3272.61261
G1 X149.382 Y124.41
G0 F7200 X150.09 Y124.267
G1 F1800 X145.938 Y128.42 E3273.00325
G1 X145.868 Y128.49
G0 F7200 X152.768 Y121.59
G1 F1800 X165.092 Y109.265 E3274.16266
G1 X165.162 Y109.195
G0 F7200 X164.313 Y109.479
G1 F1800 X152.983 Y120.808 E3275.22847
G0 F7200 X153.065 Y120.161
G1 F1800 X163.662 Y109.564 E3276.22537
G0 F7200 X163.122 Y109.539
G1 F1800 X153.038 Y119.622 E3277.17396
G0 F7200 X152.973 Y119.122
G1 F1800 X162.622 Y109.473 E3278.08168
G0 F7200 X162.161 Y109.368
G1 F1800 X152.869 Y118.66 E3278.95582
G0 F7200 X152.704 Y118.259
G1 F1800 X161.761 Y109.203 E3279.8078
G0 F7200 X161.361 Y109.037
G1 F1800 X152.539 Y117.858 E3280.63767
G0 F7200 X152.325 Y117.507
G1 F1800 X161.008 Y108.824 E3281.45451
G0 F7200 X160.687 Y108.579
G1 F1800 X152.08 Y117.186 E3282.26421
G0 F7200 X151.835 Y116.866
G1 F1800 X160.367 Y108.334 E3283.06685
G0 F7200 X160.093 Y108.042
G1 F1800 X151.54 Y116.595 E3283.87146
G0 F7200 X151.22 Y116.349
G1 F1800 X159.848 Y107.721 E3284.68313
G0 F7200 X159.602 Y107.402
G1 F1800 X150.901 Y116.103 E3285.50167
G0 F7200 X150.527 Y115.91
G1 F1800 X159.41 Y107.028 E3286.33728
G0 F7200 X159.244 Y106.628
G1 F1800 X150.127 Y115.745 E3287.19495
G0 F7200 X149.727 Y115.579
G1 F1800 X159.077 Y106.229 E3288.07454
G0 F7200 X159.001 Y105.739
G1 F1800 X149.238 Y115.502 E3288.99298
G0 F7200 X148.739 Y115.436
G1 F1800 X158.936 Y105.239 E3289.95225
G0 F7200 X158.948 Y104.661
G1 F1800 X148.16 Y115.449 E3290.96712
G0 F7200 X147.507 Y115.536
G1 F1800 X159.035 Y104.008 E3292.05161
G1 X159.105 Y103.938
G0 F7200 X159.342 Y103.136
G1 F1800 X146.637 Y115.841 E3293.24681
G1 X146.567 Y115.911
G0 F7200 X147.375 Y109.446
G1 F1800 X128.401 Y128.42 E3295.03177
G0 F7200 X127.836 Y128.42
G1 F1800 X146.964 Y109.292 E3296.83122
G0 F7200 X146.566 Y109.124
G1 F1800 X127.27 Y128.42 E3298.64647
G0 F7200 X126.704 Y128.42
G1 F1800 X146.175 Y108.95 E3300.47813
G0 F7200 X145.854 Y108.705
G1 F1800 X126.139 Y128.42 E3302.3328
G0 F7200 X125.573 Y128.42
G1 F1800 X145.532 Y108.46 E3304.21047
G0 F7200 X145.22 Y108.207
G1 F1800 X125.007 Y128.42 E3306.11198
G0 F7200 X124.442 Y128.42
G1 F1800 X144.975 Y107.887 E3308.0436
G0 F7200 X144.729 Y107.566
G1 F1800 X123.876 Y128.42 E3310.00537
G0 F7200 X123.31 Y128.42
G1 F1800 X144.497 Y107.233 E3311.99851
G0 F7200 X144.33 Y106.834
G1 F1800 X122.745 Y128.42 E3314.02914
G0 F7200 X122.179 Y128.42
G1 F1800 X144.164 Y106.434 E3316.0974
G0 F7200 X144.036 Y105.997
G1 F1800 X121.613 Y128.42 E3318.20682
G0 F7200 X121.047 Y128.42
G1 F1800 X143.97 Y105.498 E3320.36323
G0 F7200 X143.904 Y104.998
G1 F1800 X120.482 Y128.42 E3322.56663
G0 F7200 X119.916 Y128.42
G1 F1800 X143.99 Y104.346 E3324.83136
G0 F7200 X144.131 Y103.639
G1 F1800 X119.35 Y128.42 E3327.16261
G0 F7200 X118.785 Y128.42
G1 F1800 X144.584 Y102.62 E3329.58967
G1 X144.654 Y102.55
G0 F7200 X146.124 Y101.081
G1 F1800 X165.625 Y81.58 E3331.4242
G0 F7200 X166.191 Y81.58
G1 F1800 X147.138 Y100.632 E3333.21654
G0 F7200 X147.845 Y100.491
G1 F1800 X166.756 Y81.58 E3334.99557
G0 F7200 X167.322 Y81.58
G1 F1800 X148.497 Y100.405 E3336.76651
G0 F7200 X148.997 Y100.471
G1 F1800 X167.888 Y81.58 E3338.54366
G0 F7200 X168.453 Y81.58
G1 F1800 X149.497 Y100.536 E3340.32693
G0 F7200 X149.934 Y100.664
G1 F1800 X169.019 Y81.58 E3342.12228
G0 F7200 X169.585 Y81.58
G1 F1800 X150.334 Y100.831 E3343.9333
G0 F7200 X150.734 Y100.996
G1 F1800 X170.15 Y81.58 E3345.75984
G0 F7200 X170.716 Y81.58
G1 F1800 X151.066 Y101.229 E3347.60834
G0 F7200 X151.386 Y101.475
G1 F1800 X171.282 Y81.58 E3349.47999
G0 F7200 X171.847 Y81.58
G1 F1800 X151.706 Y101.722 E3351.37478
G0 F7200 X151.957 Y102.036
G1 F1800 X172.413 Y81.58 E3353.29915
G0 F7200 X172.979 Y81.58
G1 F1800 X152.203 Y102.355 E3355.25358
G0 F7200 X152.45 Y102.674
G1 F1800 X173.545 Y81.58 E3357.23802
G0 F7200 X174.11 Y81.58
G1 F1800 X152.623 Y103.066 E3359.25934
G0 F7200 X152.791 Y103.465
G1 F1800 X174.676 Y81.58 E3361.31815
G0 F7200 X175.242 Y81.58
G1 F1800 X152.944 Y103.878 E3363.41581
G0 F7200 X153.009 Y104.378
G1 F1800 X175.807 Y81.58 E3365.5605
G0 F7200 X176.373 Y81.58
G1 F1800 X153.073 Y104.879 E3367.75238
G0 F7200 X153.024 Y105.494
G1 F1800 X176.939 Y81.58 E3370.00211
G0 F7200 X177.504 Y81.58
G1 F1800 X152.94 Y106.144 E3372.31294
G1 X152.87 Y106.214
G0 F7200 X152.559 Y107.091
G1 F1800 X178.07 Y81.58 E3374.71286
G0 F7200 X178.636 Y81.58
G1 F1800 X131.796 Y128.42 E3379.11928
G0 F7200 X132.361 Y128.42
G1 F1800 X179.201 Y81.58 E3383.5257
G0 F7200 X179.767 Y81.58
G1 F1800 X132.927 Y128.42 E3387.93212
G1 X132.857 Y128.49
G0 F7200 X131.23 Y128.42
G1 F1800 X150.595 Y109.054 E3389.7539
G1 X150.665 Y108.984
G0 F7200 X149.644 Y109.44
G1 F1800 X130.664 Y128.42 E3391.53943
G0 F7200 X130.098 Y128.42
G1 F1800 X148.994 Y109.524 E3393.31705
G0 F7200 X148.381 Y109.572
G1 F1800 X129.533 Y128.42 E3395.09015
G0 F7200 X128.967 Y128.42
G1 F1800 X147.878 Y109.509 E3396.86918
G1 X147.948 Y109.439
G0 F7200 X137.755 Y106.621
G1 F1800 X150.124 Y94.252 E3398.03278
G1 X150.194 Y94.182
G0 F7200 X149.33 Y94.48
G1 F1800 X137.981 Y105.829 E3399.10042
G0 F7200 X138.065 Y105.18
G1 F1800 X148.681 Y94.564 E3400.09911
G0 F7200 X148.137 Y94.542
G1 F1800 X138.041 Y104.638 E3401.04888
G0 F7200 X137.977 Y104.136
G1 F1800 X147.635 Y94.479 E3401.9574
G0 F7200 X147.168 Y94.38
G1 F1800 X137.878 Y103.67 E3402.83135
G0 F7200 X137.711 Y103.271
G1 F1800 X146.771 Y94.211 E3403.68366
G0 F7200 X146.374 Y94.042
G1 F1800 X137.545 Y102.871 E3404.51423
G0 F7200 X137.334 Y102.517
G1 F1800 X146.02 Y93.83 E3405.33141
G0 F7200 X145.699 Y93.586
G1 F1800 X137.088 Y102.197 E3406.14148
G0 F7200 X136.843 Y101.876
G1 F1800 X145.378 Y93.342 E3406.94435
G0 F7200 X145.101 Y93.052
G1 F1800 X136.551 Y101.603 E3407.74873
G0 F7200 X136.23 Y101.358
G1 F1800 X144.856 Y92.731 E3408.56026
G0 F7200 X144.612 Y92.41
G1 F1800 X135.909 Y101.113 E3409.37898
G0 F7200 X135.54 Y100.916
G1 F1800 X144.415 Y92.041 E3410.21389
G0 F7200 X144.25 Y91.641
G1 F1800 X135.14 Y100.751 E3411.0709
G0 F7200 X134.74 Y100.585
G1 F1800 X144.085 Y91.24 E3411.95002
G0 F7200 X144.004 Y90.755
G1 F1800 X134.256 Y100.504 E3412.8671
G0 F7200 X133.756 Y100.437
G1 F1800 X143.939 Y90.254 E3413.82505
G0 F7200 X143.948 Y89.68
G1 F1800 X133.178 Y100.45 E3414.83823
G0 F7200 X132.527 Y100.536
G1 F1800 X144.028 Y89.034 E3415.92022
G1 X144.098 Y88.964
G0 F7200 X144.32 Y88.176
G1 F1800 X131.669 Y100.828 E3417.1104
G1 X131.599 Y100.898
G0 F7200 X129.321 Y103.176
G1 F1800 X104.077 Y128.42 E3419.4852
G0 F7200 X104.643 Y128.42
G1 F1800 X129.035 Y104.027 E3421.77989
G0 F7200 X128.946 Y104.682
G1 F1800 X105.208 Y128.42 E3424.01302
G0 F7200 X105.774 Y128.42
G1 F1800 X128.942 Y105.251 E3426.19257
G0 F7200 X129.005 Y105.755
G1 F1800 X106.34 Y128.42 E3428.32475
G0 F7200 X106.905 Y128.42
G1 F1800 X129.089 Y106.236 E3430.41169
G0 F7200 X129.253 Y106.637
G1 F1800 X107.471 Y128.42 E3432.46085
G0 F7200 X108.037 Y128.42
G1 F1800 X129.418 Y107.039 E3434.47225
G0 F7200 X129.611 Y107.411
G1 F1800 X108.602 Y128.42 E3436.44864
G0 F7200 X109.168 Y128.42
G1 F1800 X129.857 Y107.731 E3438.39494
G0 F7200 X130.102 Y108.052
G1 F1800 X109.734 Y128.42 E3440.31103
G0 F7200 X110.299 Y128.42
G1 F1800 X130.378 Y108.341 E3442.19994
G0 F7200 X130.699 Y108.585
G1 F1800 X110.865 Y128.42 E3444.06585
G0 F7200 X111.431 Y128.42
G1 F1800 X131.021 Y108.829 E3445.90881
G0 F7200 X131.373 Y109.044
G1 F1800 X111.997 Y128.42 E3447.73158
G0 F7200 X112.562 Y128.42
G1 F1800 X131.771 Y109.211 E3449.53865
G0 F7200 X132.17 Y109.378
G1 F1800 X113.128 Y128.42 E3451.33
G0 F7200 X113.694 Y128.42
G1 F1800 X132.638 Y109.476 E3453.11214
G0 F7200 X133.14 Y109.539
G1 F1800 X114.259 Y128.42 E3454.88834
G0 F7200 X114.825 Y128.42
G1 F1800 X133.687 Y109.558 E3456.66277
G0 F7200 X134.335 Y109.475
G1 F1800 X115.391 Y128.42 E3458.44495
G0 F7200 X115.956 Y128.42
G1 F1800 X135.132 Y109.244 E3460.24891
G1 X135.202 Y109.174
G0 F7200 X136.545 Y108.397
G1 F1800 X116.522 Y128.42 E3462.13255
G0 F7200 X117.088 Y128.42
G1 F1800 X163.928 Y81.58 E3466.53897
G0 F7200 X164.494 Y81.58
G1 F1800 X117.653 Y128.42 E3470.94544
G0 F7200 X118.219 Y128.42
G1 F1800 X165.059 Y81.58 E3475.35186
G1 X165.129 Y81.51
G0 F7200 X163.362 Y81.58
G1 F1800 X151.901 Y93.04 E3476.42999
G0 F7200 X151.531 Y93.411
G1 F1800 X136.893 Y108.049 E3477.80704
G1 X136.823 Y108.119
G0 F7200 X152.747 Y91.629
G1 F1800 X162.796 Y81.58 E3478.75239
G0 F7200 X162.231 Y81.58
G1 F1800 X152.979 Y90.831 E3479.62272
G0 F7200 X153.067 Y90.178
G1 F1800 X161.665 Y81.58 E3480.43156
G0 F7200 X161.099 Y81.58
G1 F1800 X153.041 Y89.639 E3481.18966
G0 F7200 X152.978 Y89.136
G1 F1800 X160.534 Y81.58 E3481.90048
G0 F7200 X159.968 Y81.58
G1 F1800 X152.878 Y88.67 E3482.56746
G0 F7200 X152.712 Y88.27
G1 F1800 X159.402 Y81.58 E3483.19682
G0 F7200 X158.837 Y81.58
G1 F1800 X152.547 Y87.869 E3483.7885
G0 F7200 X152.336 Y87.515
G1 F1800 X158.271 Y81.58 E3484.34682
G0 F7200 X157.705 Y81.58
G1 F1800 X152.09 Y87.195 E3484.87505
G0 F7200 X151.845 Y86.874
G1 F1800 X157.14 Y81.58 E3485.37312
G0 F7200 X156.574 Y81.58
G1 F1800 X151.554 Y86.599 E3485.84533
G0 F7200 X151.234 Y86.354
G1 F1800 X156.008 Y81.58 E3486.29444
G0 F7200 X155.443 Y81.58
G1 F1800 X150.908 Y86.114 E3486.72101
G0 F7200 X150.542 Y85.914
G1 F1800 X154.877 Y81.58 E3487.12878
G0 F7200 X154.311 Y81.58
G1 F1800 X150.143 Y85.748 E3487.52088
G0 F7200 X149.727 Y85.598
G1 F1800 X153.746 Y81.58 E3487.89891
G0 F7200 X153.18 Y81.58
G1 F1800 X149.256 Y85.503 E3488.26801
G0 F7200 X148.753 Y85.44
G1 F1800 X152.614 Y81.58 E3488.63118
G0 F7200 X152.048 Y81.58
G1 F1800 X148.179 Y85.449 E3488.99515
G0 F7200 X147.531 Y85.532
G1 F1800 X151.483 Y81.58 E3489.36693
G0 F7200 X150.917 Y81.58
G1 F1800 X146.674 Y85.822 E3489.76604
G1 X146.604 Y85.892
G0 F7200 X146.957 Y81.58
G1 F1800 X100.117 Y128.42 E3494.17246
G0 F7200 X100.683 Y128.42
G1 F1800 X147.522 Y81.58 E3498.57884
G0 F7200 X148.088 Y81.58
G1 F1800 X101.248 Y128.42 E3502.98526
G0 F7200 X101.814 Y128.42
G1 F1800 X148.654 Y81.58 E3507.39168
G0 F7200 X149.22 Y81.58
G1 F1800 X102.38 Y128.42 E3511.7981
G0 F7200 X102.946 Y128.42
G1 F1800 X149.786 Y81.58 E3516.20452
G0 F7200 X150.351 Y81.58
G1 F1800 X103.511 Y128.42 E3520.61094
G1 X103.441 Y128.49
G0 F7200 X99.551 Y128.42
G1 F1800 X146.391 Y81.58 E3525.01736
G0 F7200 X145.825 Y81.58
G1 F1800 X98.986 Y128.42 E3529.42373
G0 F7200 X98.42 Y128.42
G1 F1800 X145.26 Y81.58 E3533.83015
G0 F7200 X144.694 Y81.58
G1 F1800 X97.854 Y128.42 E3538.23657
G0 F7200 X97.289 Y128.42
G1 F1800 X144.128 Y81.58 E3542.64294
G0 F7200 X143.562 Y81.58
G1 F1800 X96.723 Y128.42 E3547.04931
G0 F7200 X96.157 Y128.42
G1 F1800 X142.997 Y81.58 E3551.45573
G0 F7200 X142.431 Y81.58
G1 F1800 X95.592 Y128.42 E3555.86211
G0 F7200 X95.026 Y128.42
G1 F1800 X141.865 Y81.58 E3560.26848
G0 F7200 X141.3 Y81.58
G1 F1800 X94.46 Y128.42 E3564.6749
G0 F7200 X93.895 Y128.42
G1 F1800 X140.734 Y81.58 E3569.08127
G0 F7200 X140.168 Y81.58
G1 F1800 X93.329 Y128.42 E3573.48765
G0 F7200 X92.763 Y128.42
G1 F1800 X139.603 Y81.58 E3577.89407
G0 F7200 X139.037 Y81.58
G1 F1800 X92.198 Y128.42 E3582.30044
G0 F7200 X91.632 Y128.42
G1 F1800 X138.471 Y81.58 E3586.70681
G0 F7200 X137.906 Y81.58
G1 F1800 X91.066 Y128.42 E3591.11323
G0 F7200 X90.5 Y128.42
G1 F1800 X137.34 Y81.58 E3595.51965
G0 F7200 X136.774 Y81.58
G1 F1800 X90.08 Y128.274 E3599.91234
G0 F7200 X90.08 Y127.708
G1 F1800 X136.209 Y81.58 E3604.25182
G0 F7200 X135.643 Y81.58
G1 F1800 X90.08 Y127.143 E3608.53811
G0 F7200 X90.08 Y126.577
G1 F1800 X135.077 Y81.58 E3612.77115
G0 F7200 X134.512 Y81.58
G1 F1800 X90.08 Y126.011 E3616.951
G0 F7200 X90.08 Y125.446
G1 F1800 X133.946 Y81.58 E3621.07764
G0 F7200 X133.38 Y81.58
G1 F1800 X90.08 Y124.88 E3625.15104
G0 F7200 X90.08 Y124.314
G1 F1800 X132.814 Y81.58 E3629.17119
G0 F7200 X132.249 Y81.58
G1 F1800 X90.08 Y123.749 E3633.13819
G0 F7200 X90.08 Y123.183
G1 F1800 X131.683 Y81.58 E3637.05195
G0 F7200 X131.117 Y81.58
G1 F1800 X90.08 Y122.617 E3640.91246
G0 F7200 X90.08 Y122.052
G1 F1800 X130.552 Y81.58 E3644.71982
G0 F7200 X129.986 Y81.58
G1 F1800 X90.08 Y121.486 E3648.47393
G0 F7200 X90.08 Y120.92
G1 F1800 X129.42 Y81.58 E3652.17479
G0 F7200 X128.855 Y81.58
G1 F1800 X90.08 Y120.355 E3655.82251
G0 F7200 X90.08 Y119.789
G1 F1800 X128.289 Y81.58 E3659.41698
G0 F7200 X127.723 Y81.58
G1 F1800 X90.08 Y119.223 E3662.9582
G0 F7200 X90.08 Y118.657
G1 F1800 X127.158 Y81.58 E3666.44622
G0 F7200 X126.592 Y81.58
G1 F1800 X90.08 Y118.092 E3669.88105
G0 F7200 X90.08 Y117.526
G1 F1800 X126.026 Y81.58 E3673.26263
G0 F7200 X125.461 Y81.58
G1 F1800 X90.08 Y116.96 E3676.59101
G0 F7200 X90.08 Y116.395
G1 F1800 X124.895 Y81.58 E3679.86619
G0 F7200 X124.329 Y81.58
G1 F1800 X90.08 Y115.829 E3683.08812
G0 F7200 X90.08 Y115.263
G1 F1800 X123.763 Y81.58 E3686.25681
G0 F7200 X123.198 Y81.58
G1 F1800 X90.08 Y114.698 E3689.37235
G0 F7200 X90.08 Y114.132
G1 F1800 X122.632 Y81.58 E3692.43465
G0 F7200 X122.066 Y81.58
G1 F1800 X90.08 Y113.566 E3695.44369
G0 F7200 X90.08 Y113.001
G1 F1800 X121.501 Y81.58 E3698.39959
G0 F7200 X120.935 Y81.58
G1 F1800 X90.08 Y112.435 E3701.30224
G0 F7200 X90.08 Y111.869
G1 F1800 X120.369 Y81.58 E3704.15164
G0 F7200 X119.804 Y81.58
G1 F1800 X90.08 Y111.304 E3706.94789
G0 F7200 X90.08 Y110.738
G1 F1800 X119.238 Y81.58 E3709.6909
G0 F7200 X118.672 Y81.58
G1 F1800 X90.08 Y110.172 E3712.38066
G0 F7200 X90.08 Y109.607
G1 F1800 X118.107 Y81.58 E3715.01727
G0 F7200 X117.541 Y81.58
G1 F1800 X90.08 Y109.041 E3717.60063
G0 F7200 X90.08 Y108.475
G1 F1800 X116.975 Y81.58 E3720.13074
G0 F7200 X116.41 Y81.58
G1 F1800 X90.08 Y107.909 E3722.60766
G0 F7200 X90.08 Y107.344
G1 F1800 X115.844 Y81.58 E3725.03138
G0 F7200 X115.278 Y81.58
G1 F1800 X90.08 Y106.778 E3727.40186
G0 F7200 X90.08 Y106.212
G1 F1800 X114.713 Y81.58 E3729.71913
G0 F7200 X114.147 Y81.58
G1 F1800 X90.08 Y105.647 E3731.98321
G0 F7200 X90.08 Y105.081
G1 F1800 X113.581 Y81.58 E3734.19404
G0 F7200 X113.015 Y81.58
G1 F1800 X90.08 Y104.515 E3736.35162
G0 F7200 X90.08 Y103.95
G1 F1800 X112.45 Y81.58 E3738.45605
G0 F7200 X111.884 Y81.58
G1 F1800 X90.08 Y103.384 E3740.50724
G0 F7200 X90.08 Y102.818
G1 F1800 X111.318 Y81.58 E3742.50518
G0 F7200 X110.753 Y81.58
G1 F1800 X90.08 Y102.253 E3744.44997
G0 F7200 X90.08 Y101.687
G1 F1800 X110.187 Y81.58 E3746.34151
G0 F7200 X109.621 Y81.58
G1 F1800 X90.08 Y101.121 E3748.17981
G0 F7200 X90.08 Y100.556
G1 F1800 X109.056 Y81.58 E3749.96496
G0 F7200 X108.49 Y81.58
G1 F1800 X90.08 Y99.99 E3751.69686
G0 F7200 X90.08 Y99.424
G1 F1800 X107.924 Y81.58 E3753.37551
G0 F7200 X107.359 Y81.58
G1 F1800 X90.08 Y98.858 E3755.00096
G0 F7200 X90.08 Y98.293
G1 F1800 X106.793 Y81.58 E3756.57322
G0 F7200 X106.227 Y81.58
G1 F1800 X90.08 Y97.727 E3758.09223
G0 F7200 X90.08 Y97.161
G1 F1800 X105.662 Y81.58 E3759.55804
G0 F7200 X105.096 Y81.58
G1 F1800 X90.08 Y96.596 E3760.97066
G0 F7200 X90.08 Y96.03
G1 F1800 X104.53 Y81.58 E3762.33002
G0 F7200 X103.964 Y81.58
G1 F1800 X90.08 Y95.464 E3763.63615
G0 F7200 X90.08 Y94.899
G1 F1800 X103.399 Y81.58 E3764.88912
G0 F7200 X102.833 Y81.58
G1 F1800 X90.08 Y94.333 E3766.08884
G0 F7200 X90.08 Y93.767
G1 F1800 X102.267 Y81.58 E3767.23532
G0 F7200 X101.702 Y81.58
G1 F1800 X90.08 Y93.202 E3768.32864
G0 F7200 X90.08 Y92.636
G1 F1800 X101.136 Y81.58 E3769.36873
G0 F7200 X100.57 Y81.58
G1 F1800 X90.08 Y92.07 E3770.35556
G0 F7200 X90.08 Y91.505
G1 F1800 X100.005 Y81.58 E3771.28924
G0 F7200 X99.439 Y81.58
G1 F1800 X90.08 Y90.939 E3772.16968
G0 F7200 X90.08 Y90.373
G1 F1800 X98.873 Y81.58 E3772.99687
G0 F7200 X98.308 Y81.58
G1 F1800 X90.08 Y89.808 E3773.77091
G0 F7200 X90.08 Y89.242
G1 F1800 X97.742 Y81.58 E3774.49171
G0 F7200 X97.176 Y81.58
G1 F1800 X90.08 Y88.676 E3775.15925
G0 F7200 X90.08 Y88.11
G1 F1800 X96.611 Y81.58 E3775.7736
G0 F7200 X96.045 Y81.58
G1 F1800 X90.08 Y87.545 E3776.33475
G0 F7200 X90.08 Y86.979
G1 F1800 X95.479 Y81.58 E3776.84266
G0 F7200 X94.914 Y81.58
G1 F1800 X90.08 Y86.413 E3777.29736
G0 F7200 X90.08 Y85.848
G1 F1800 X94.348 Y81.58 E3777.69887
G0 F7200 X93.782 Y81.58
G1 F1800 X90.08 Y85.282 E3778.04713
G0 F7200 X90.08 Y84.716
G1 F1800 X93.216 Y81.58 E3778.34215
G0 F7200 X92.651 Y81.58
G1 F1800 X90.08 Y84.151 E3778.58401
G0 F7200 X90.08 Y83.585
G1 F1800 X92.085 Y81.58 E3778.77263
G0 F7200 X91.519 Y81.58
G1 F1800 X90.08 Y83.019 E3778.908
G0 F7200 X90.08 Y82.454
G1 F1800 X90.954 Y81.58 E3778.99022
G0 F7200 X90.388 Y81.58
G1 F1800 X90.08 Y81.888 E3779.0192
G1 F1500 E3772.5192
;MESH:NONMESH
G0 F600 X90.08 Y81.888 Z1.8
G0 F7200 X88.93 Y80.966
G0 X87.835 Y80.966
G0 X82.677 Y80.966
;TIME_ELAPSED:2355.884588
;LAYER:4
;TYPE:SUPPORT
G1 F1500 E3779.0192
G1 F3600 X82.677 Y73.459 E3779.51857
G1 X82.271 Y73.771 E3779.55263
G1 X81.507 Y74.768 E3779.63618
G1 X81.027 Y75.931 E3779.71987
G1 X80.863 Y77.172 E3779.80314
G1 X81.027 Y78.413 E3779.88641
G1 X81.507 Y79.577 E3779.97017
G1 X82.24 Y80.53 E3780.05014
G1 X85.134 Y83.423 E3780.32235
G1 X85.344 Y83.595 E3780.3404
G1 X85.344 Y72.406 E3781.0847
G1 X85.672 Y72.363 E3781.1067
G1 X86.913 Y72.527 E3781.18997
G1 X88.011 Y72.98 E3781.26899
G1 X88.011 Y79.504 E3781.70296
G1 X88.415 Y79.1 E3781.74097
G1 X92.947 Y79.1 E3782.04244
G1 X92.965 Y79 E3782.0492
G1 X92.995 Y79 E3782.05119
G1 X92.99 Y78.8 E3782.0645
G1 X93.162 Y78.8 E3782.07594
G1 X92.664 Y77.593 E3782.1628
G1 X91.936 Y76.647 E3782.2422
G1 X90.678 Y75.389 E3782.36055
G1 X90.678 Y79.1 E3782.60741
G1 F1500 E3776.10741
G0 F7200 X87.847 Y79.347
G0 X87.847 Y130.653
G0 X90.678 Y134.612
G1 F1500 E3782.60741
G1 F3600 X90.678 Y130.9 E3782.85433
G1 X92.942 Y130.9 E3783.00493
G1 X92.998 Y131.2 E3783.02523
G1 X93.162 Y131.2 E3783.03614
G1 X92.664 Y132.407 E3783.123
G1 X91.936 Y133.353 E3783.2024
G1 X89.03 Y136.26 E3783.47583
G1 X88.011 Y137.044 E3783.56135
G1 X88.011 Y130.496 E3783.99693
G1 X87.6 Y130.085 E3784.03559
G1 X87.6 Y125.561 E3784.33653
G1 X87.5 Y125.543 E3784.34329
G1 X87.5 Y125.496 E3784.34641
G1 X87.3 Y125.515 E3784.35978
G1 X87.3 Y125.368 E3784.36956
G1 X86.657 Y125.561 E3784.41421
G1 X85.826 Y126.008 E3784.47698
G1 X85.344 Y126.404 E3784.51848
G1 X85.344 Y137.593 E3785.26277
G1 X84.431 Y137.473 E3785.32403
G1 X83.268 Y136.993 E3785.40772
G1 X82.271 Y136.229 E3785.49128
G1 X81.507 Y135.232 E3785.57483
G1 X81.027 Y134.069 E3785.65852
G1 X80.863 Y132.828 E3785.74179
G1 X81.027 Y131.587 E3785.82506
G1 X81.507 Y130.423 E3785.90882
G1 X82.24 Y129.47 E3785.98879
G1 X82.677 Y129.033 E3786.0299
G1 X82.677 Y136.54 E3786.52927
G1 F1500 E3780.02927
G0 F7200 X205.359 Y133.648
G1 F1500 E3786.52927
G1 F3600 X205.359 Y130.9 E3786.71207
G1 X204.053 Y130.9 E3786.79894
G1 X204.035 Y131 E3786.8057
G1 X204.005 Y131 E3786.8077
G1 X204.01 Y131.2 E3786.82101
G1 X203.838 Y131.2 E3786.83245
G1 X204.336 Y132.407 E3786.9193
G1 X205.064 Y133.353 E3786.99871
G1 X208.026 Y136.316 E3787.2774
G1 X208.026 Y130.9 E3787.63768
G1 X208.585 Y130.9 E3787.67486
G1 X209.4 Y130.085 E3787.75153
G1 X209.4 Y125.558 E3788.05267
G1 X209.7 Y125.502 E3788.07297
G1 X209.7 Y125.338 E3788.08388
G1 X210.693 Y125.748 E3788.15534
G1 X210.693 Y137.553 E3788.94061
G1 X211.328 Y137.637 E3788.98322
G1 X212.569 Y137.473 E3789.06649
G1 X213.36 Y137.147 E3789.1234
G1 X213.36 Y128.071 E3789.72714
G1 X214.76 Y129.47 E3789.8588
G1 X215.493 Y130.423 E3789.93877
G1 X215.973 Y131.587 E3790.02253
G1 X216.027 Y131.996 E3790.04997
G1 X216.027 Y133.661 E3790.16073
G1 F1500 E3783.66073
G0 F7200 X209.153 Y79.347
G0 X205.359 Y79.1
G1 F1500 E3790.16073
G1 F3600 X205.359 Y76.351 E3790.34359
G1 X205.064 Y76.647 E3790.37139
G1 X204.336 Y77.593 E3790.4508
G1 X203.838 Y78.8 E3790.53765
G1 X204.002 Y78.8 E3790.54856
G1 X204.058 Y79.1 E3790.56886
G1 X208.026 Y79.1 E3790.83281
G1 X208.026 Y73.696 E3791.19229
G1 X208.923 Y73.007 E3791.26753
G1 X210.087 Y72.527 E3791.35128
G1 X210.693 Y72.446 E3791.39195
G1 X210.693 Y84.253 E3792.17736
G1 X210.907 Y84.164 E3792.19277
G1 X211.853 Y83.436 E3792.27218
G1 X213.36 Y81.93 E3792.4139
G1 X213.36 Y72.854 E3793.01764
G1 X213.732 Y73.007 E3793.0444
G1 X214.729 Y73.771 E3793.12795
G1 X215.493 Y74.768 E3793.2115
G1 X215.973 Y75.931 E3793.2952
G1 X216.027 Y76.34 E3793.32264
G1 X216.027 Y78.005 E3793.4334
G1 F1500 E3786.9334
;MESH:manette_1-Body_(Meshed).stl
G0 F7200 X209.165 Y80.424
G0 X208.076 Y80.424
G0 X207.5 Y129
;TYPE:WALL-INNER
G1 F1500 E3793.4334
G1 F3600 X207.5 Y81 E3796.62637
G1 X89.5 Y81 E3804.47576
G1 X89.5 Y129 E3807.66873
G1 X207.5 Y129 E3815.51813
G0 F7200 X207.9 Y129.4
G1 F3600 X207.9 Y80.6 E3818.76432
G1 X89.1 Y80.6 E3826.66692
G1 X89.1 Y129.4 E3829.91311
G1 X207.9 Y129.4 E3837.81572
G0 F7200 X207.62 Y129.12
G0 X164.528 Y108.872
G1 F3600 X163.489 Y109.003 E3837.88538
G1 X162.462 Y108.87 E3837.95427
G1 X161.499 Y108.47 E3838.02364
G1 X160.671 Y107.842 E3838.09276
G1 X160.027 Y107.006 E3838.16296
G1 X159.625 Y106.037 E3838.23275
G1 X159.492 Y105 E3838.30229
G1 X159.625 Y103.961 E3838.37197
G1 X160.026 Y102.994 E3838.44161
G1 X160.665 Y102.162 E3838.51139
G1 X161.498 Y101.527 E3838.58107
G1 X162.464 Y101.126 E3838.65064
G1 X163.492 Y100.993 E3838.7196
G1 X164.536 Y101.128 E3838.78962
G1 X165.505 Y101.528 E3838.85936
G1 X166.335 Y102.166 E3838.92899
G1 X166.977 Y103.015 E3838.9998
G1 X167.367 Y103.959 E3839.06774
G1 X167.502 Y105 E3839.13757
G1 X167.374 Y106.02 E3839.20595
G1 X166.967 Y107.009 E3839.27709
G1 X166.34 Y107.826 E3839.3456
G1 X165.505 Y108.468 E3839.41566
G1 X164.528 Y108.872 E3839.48599
G0 F7200 X164.43 Y108.482
G1 F3600 X163.492 Y108.601 E3839.54889
G1 X162.571 Y108.478 E3839.6107
G1 X161.702 Y108.118 E3839.67327
G1 X160.948 Y107.547 E3839.73618
G1 X160.383 Y106.806 E3839.79817
G1 X160.021 Y105.934 E3839.86097
G1 X159.894 Y105.002 E3839.92354
G1 X160.014 Y104.066 E3839.98632
G1 X160.377 Y103.195 E3840.04909
G1 X160.953 Y102.443 E3840.1121
G1 X161.702 Y101.878 E3840.17451
G1 X162.571 Y101.513 E3840.2372
G1 X163.497 Y101.395 E3840.2993
G1 X164.435 Y101.516 E3840.36221
G1 X165.305 Y101.878 E3840.4249
G1 X166.05 Y102.451 E3840.48742
G1 X166.621 Y103.199 E3840.55001
G1 X166.976 Y104.063 E3840.61215
G1 X167.1 Y105 E3840.67502
G1 X166.978 Y105.942 E3840.73821
G1 X166.62 Y106.802 E3840.80018
G1 X166.049 Y107.547 E3840.86261
G1 X165.304 Y108.118 E3840.92505
G1 X164.43 Y108.482 E3840.98803
G0 F7200 X164.47 Y108.79
G0 X149.537 Y108.871
G1 F3600 X148.5 Y109.004 E3841.05758
G1 X147.457 Y108.871 E3841.12752
G1 X146.494 Y108.469 E3841.19694
G1 X145.665 Y107.833 E3841.26644
G1 X145.027 Y107.006 E3841.33592
G1 X144.625 Y106.037 E3841.40571
G1 X144.492 Y105 E3841.47525
G1 X144.625 Y103.961 E3841.54493
G1 X145.026 Y102.994 E3841.61457
G1 X145.664 Y102.164 E3841.68421
G1 X146.494 Y101.527 E3841.75381
G1 X147.457 Y101.125 E3841.82322
G1 X148.5 Y100.992 E3841.89316
G1 X149.537 Y101.125 E3841.96271
G1 X150.506 Y101.527 E3842.0325
G1 X151.333 Y102.165 E3842.10198
G1 X151.97 Y102.994 E3842.17152
G1 X152.371 Y103.961 E3842.24116
G1 X152.504 Y105 E3842.31084
G1 X152.371 Y106.037 E3842.38038
G1 X151.969 Y107.006 E3842.45017
G1 X151.332 Y107.832 E3842.51956
G1 X150.506 Y108.469 E3842.58894
G1 X149.537 Y108.871 E3842.65873
G0 F7200 X149.434 Y108.475
G1 F3600 X148.502 Y108.602 E3842.7213
G1 X147.566 Y108.482 E3842.78407
G1 X146.695 Y108.119 E3842.84684
G1 X145.949 Y107.548 E3842.90933
G1 X145.383 Y106.806 E3842.97141
G1 X145.021 Y105.934 E3843.03422
G1 X144.894 Y105.002 E3843.09679
G1 X145.014 Y104.066 E3843.15956
G1 X145.377 Y103.195 E3843.22233
G1 X145.949 Y102.448 E3843.28491
G1 X146.695 Y101.883 E3843.34716
G1 X147.562 Y101.521 E3843.40966
G1 X148.498 Y101.394 E3843.47249
G1 X149.433 Y101.514 E3843.5352
G1 X150.306 Y101.883 E3843.59825
G1 X151.048 Y102.449 E3843.66033
G1 X151.613 Y103.195 E3843.72258
G1 X151.975 Y104.062 E3843.78508
G1 X152.102 Y104.998 E3843.84791
G1 X151.982 Y105.933 E3843.91062
G1 X151.613 Y106.806 E3843.97366
G1 X151.048 Y107.548 E3844.0357
G1 X150.306 Y108.113 E3844.09774
G1 X149.434 Y108.475 E3844.16054
G0 F7200 X149.554 Y108.767
G0 X150.428 Y108.339
G0 X151.227 Y107.727
G0 X151.839 Y106.928
G0 X152.225 Y105.997
G0 X152.357 Y105
G0 X152.25 Y104.193
G0 X149.537 Y93.871
G1 F3600 X148.5 Y94.004 E3844.23009
G1 X147.457 Y93.871 E3844.30003
G1 X146.494 Y93.469 E3844.36945
G1 X145.662 Y92.831 E3844.43919
G1 X145.026 Y92.001 E3844.50875
G1 X144.626 Y91.032 E3844.57849
G1 X144.493 Y90.012 E3844.64691
G1 X144.624 Y88.96 E3844.71743
G1 X145.025 Y87.996 E3844.78688
G1 X145.662 Y87.162 E3844.85669
G1 X146.495 Y86.526 E3844.92641
G1 X147.452 Y86.127 E3844.99538
G1 X148.499 Y85.991 E3845.06561
G1 X149.404 Y86.108 E3845.12631
G1 X149.659 Y86.176 E3845.14387
G1 X150.508 Y86.528 E3845.20501
G1 X151.333 Y87.161 E3845.27418
G1 X151.971 Y87.996 E3845.34408
G1 X152.372 Y88.96 E3845.41353
G1 X152.503 Y90.014 E3845.48418
G1 X152.37 Y91.032 E3845.55248
G1 X151.969 Y92.002 E3845.6223
G1 X151.334 Y92.83 E3845.69171
G1 X150.506 Y93.469 E3845.76128
G1 X149.537 Y93.871 E3845.83107
G0 F7200 X149.434 Y93.475
G1 F3600 X148.502 Y93.602 E3845.89364
G1 X147.566 Y93.482 E3845.95641
G1 X146.695 Y93.119 E3846.01918
G1 X145.945 Y92.545 E3846.082
G1 X145.374 Y91.798 E3846.14455
G1 X145.013 Y90.924 E3846.20745
G1 X144.896 Y90.005 E3846.26908
G1 X145.014 Y89.066 E3846.33203
G1 X145.378 Y88.202 E3846.3944
G1 X145.946 Y87.448 E3846.45719
G1 X146.695 Y86.877 E3846.51984
G1 X147.56 Y86.516 E3846.58219
G1 X148.5 Y86.394 E3846.64525
G1 X149.431 Y86.514 E3846.70769
G1 X150.303 Y86.875 E3846.77047
G1 X151.047 Y87.453 E3846.83314
G1 X151.618 Y88.202 E3846.89579
G1 X151.982 Y89.065 E3846.9581
G1 X152.101 Y90.01 E3847.02145
G1 X151.975 Y90.951 E3847.08461
G1 X151.618 Y91.798 E3847.14575
G1 X151.049 Y92.547 E3847.20832
G1 X150.306 Y93.113 E3847.27045
G1 X149.434 Y93.475 E3847.33326
G0 F7200 X149.554 Y93.767
G0 X136.227 Y107.727
G0 X134.532 Y108.87
G1 F3600 X133.508 Y109.003 E3847.40195
G1 X132.46 Y108.87 E3847.47222
G1 X131.494 Y108.47 E3847.54177
G1 X130.654 Y107.824 E3847.61226
G1 X130.037 Y107.016 E3847.67989
G1 X129.626 Y106.037 E3847.75052
G1 X129.494 Y105 E3847.82005
G1 X129.631 Y103.942 E3847.89102
G1 X130.03 Y102.989 E3847.95975
G1 X130.664 Y102.163 E3848.02901
G1 X131.494 Y101.526 E3848.09861
G1 X132.467 Y101.124 E3848.16864
G1 X133.511 Y100.993 E3848.23863
G1 X134.532 Y101.126 E3848.30712
G1 X135.501 Y101.526 E3848.37686
G1 X136.331 Y102.162 E3848.44641
G1 X136.97 Y102.994 E3848.5162
G1 X137.371 Y103.961 E3848.58583
G1 X137.504 Y105 E3848.65551
G1 X137.371 Y106.037 E3848.72506
G1 X136.969 Y107.006 E3848.79484
G1 X136.33 Y107.834 E3848.86442
G1 X135.502 Y108.469 E3848.93383
G1 X134.532 Y108.87 E3849.00365
G0 F7200 X134.425 Y108.478
G1 F3600 X133.504 Y108.601 E3849.06546
G1 X132.564 Y108.476 E3849.12854
G1 X131.692 Y108.117 E3849.19127
G1 X130.95 Y107.544 E3849.25363
G1 X130.374 Y106.8 E3849.31622
G1 X130.013 Y105.922 E3849.37937
G1 X129.896 Y105 E3849.44119
G1 X130.017 Y104.063 E3849.50404
G1 X130.375 Y103.199 E3849.56625
G1 X130.949 Y102.448 E3849.62913
G1 X131.692 Y101.879 E3849.69138
G1 X132.57 Y101.514 E3849.75463
G1 X133.508 Y101.395 E3849.81753
G1 X134.425 Y101.518 E3849.87907
G1 X135.298 Y101.874 E3849.94179
G1 X136.048 Y102.448 E3850.00461
G1 X136.613 Y103.195 E3850.06692
G1 X136.975 Y104.062 E3850.12942
G1 X137.102 Y104.998 E3850.19225
G1 X136.982 Y105.933 E3850.25496
G1 X136.613 Y106.806 E3850.318
G1 X136.044 Y107.552 E3850.38041
G1 X135.298 Y108.118 E3850.4427
G1 X134.425 Y108.478 E3850.50552
G0 F7200 X134.466 Y108.791
G0 X145.773 Y122.727
G0 X146.572 Y123.339
G0 X147.503 Y123.725
G0 X149.541 Y123.869
G1 F3600 X148.5 Y124.005 E3850.57536
G1 X147.592 Y123.888 E3850.63626
G1 X147.335 Y123.82 E3850.65394
G1 X146.499 Y123.472 E3850.71418
G1 X145.664 Y122.836 E3850.784
G1 X145.027 Y122.006 E3850.8536
G1 X144.624 Y121.032 E3850.92371
G1 X144.493 Y119.985 E3850.9939
G1 X144.626 Y118.963 E3851.06246
G1 X145.026 Y117.999 E3851.13189
G1 X145.662 Y117.161 E3851.20187
G1 X146.497 Y116.525 E3851.27169
G1 X147.457 Y116.125 E3851.34087
G1 X148.5 Y115.992 E3851.41081
G1 X149.537 Y116.125 E3851.48036
G1 X150.506 Y116.527 E3851.55014
G1 X151.342 Y117.171 E3851.62034
G1 X151.97 Y117.999 E3851.68947
G1 X152.372 Y118.968 E3851.75926
G1 X152.503 Y119.989 E3851.82773
G1 X152.372 Y121.032 E3851.89766
G1 X151.969 Y122.006 E3851.96777
G1 X151.334 Y122.833 E3852.03713
G1 X150.609 Y123.39 E3852.09795
G1 X150.383 Y123.52 E3852.11529
G1 X149.541 Y123.869 E3852.17592
G0 F7200 X149.437 Y123.48
G1 F3600 X148.501 Y123.602 E3852.23871
G1 X147.566 Y123.482 E3852.30142
G1 X146.697 Y123.12 E3852.36404
G1 X145.95 Y122.544 E3852.42679
G1 X145.378 Y121.798 E3852.48932
G1 X145.014 Y120.932 E3852.55181
G1 X144.895 Y119.989 E3852.61503
G1 X145.018 Y119.071 E3852.67665
G1 X145.374 Y118.201 E3852.73918
G1 X145.948 Y117.448 E3852.80216
G1 X146.695 Y116.883 E3852.86446
G1 X147.562 Y116.521 E3852.92696
G1 X148.498 Y116.394 E3852.98979
G1 X149.433 Y116.514 E3853.0525
G1 X150.306 Y116.883 E3853.11555
G1 X151.054 Y117.453 E3853.17811
G1 X151.618 Y118.202 E3853.24048
G1 X151.983 Y119.071 E3853.30317
G1 X152.1 Y119.995 E3853.36513
G1 X151.982 Y120.932 E3853.42795
G1 X151.618 Y121.798 E3853.49044
G1 X151.052 Y122.545 E3853.55278
G1 X150.302 Y123.121 E3853.61569
G1 X149.437 Y123.48 E3853.67799
G0 F7200 X149.327 Y123.092
;TYPE:WALL-OUTER
G1 F1800 X148.5 Y123.198 E3853.73345
G1 X147.669 Y123.092 E3853.78918
G1 X146.899 Y122.771 E3853.84467
G1 X146.254 Y122.28 E3853.89859
G1 X145.726 Y121.6 E3853.95586
G1 X145.406 Y120.827 E3854.01151
G1 X145.3 Y119.981 E3854.06823
G1 X145.403 Y119.182 E3854.12182
G1 X145.726 Y118.4 E3854.1781
G1 X146.243 Y117.725 E3854.23466
G1 X146.898 Y117.227 E3854.28939
G1 X147.667 Y116.907 E3854.3448
G1 X148.482 Y116.8 E3854.39948
G1 X149.327 Y116.904 E3854.45611
G1 X150.102 Y117.227 E3854.51196
G1 X150.762 Y117.734 E3854.56732
G1 X151.256 Y118.378 E3854.62132
G1 X151.586 Y119.157 E3854.67759
G1 X151.696 Y119.981 E3854.73289
G1 X151.59 Y120.827 E3854.78961
G1 X151.27 Y121.6 E3854.84526
G1 X150.762 Y122.261 E3854.90072
G1 X150.101 Y122.771 E3854.95625
G1 X149.327 Y123.092 E3855.01199
G0 F7200 X149.129 Y123.117
G0 X149.221 Y123.823
G0 X150.428 Y123.339
G0 X151.227 Y122.727
G0 X151.839 Y121.928
G0 X152.225 Y120.997
G0 X152.357 Y120
G0 X152.25 Y119.193
G0 X149.601 Y108.748
G0 X149.329 Y108.089
G1 F1800 X148.518 Y108.196 E3855.06641
G1 X147.669 Y108.092 E3855.1233
G1 X146.898 Y107.769 E3855.17891
G1 X146.243 Y107.271 E3855.23364
G1 X145.727 Y106.602 E3855.28985
G1 X145.407 Y105.829 E3855.3455
G1 X145.3 Y105.018 E3855.39991
G1 X145.404 Y104.169 E3855.45681
G1 X145.727 Y103.398 E3855.51242
G1 X146.225 Y102.743 E3855.56715
G1 X146.898 Y102.227 E3855.62356
G1 X147.667 Y101.907 E3855.67897
G1 X148.482 Y101.8 E3855.73365
G1 X149.327 Y101.904 E3855.79028
G1 X150.102 Y102.227 E3855.84613
G1 X150.762 Y102.734 E3855.9015
G1 X151.269 Y103.398 E3855.95707
G1 X151.589 Y104.167 E3856.01247
G1 X151.696 Y105.018 E3856.06953
G1 X151.592 Y105.827 E3856.12379
G1 X151.269 Y106.602 E3856.17964
G1 X150.762 Y107.262 E3856.235
G1 X150.102 Y107.769 E3856.29036
G1 X149.329 Y108.089 E3856.34601
G0 F7200 X149.131 Y108.115
G0 X149.224 Y108.823
G0 X162.072 Y108.854
G0 X164.403 Y108.799
G0 X164.311 Y108.094
G1 F1800 X163.511 Y108.196 E3856.39966
G1 X162.682 Y108.093 E3856.45523
G1 X161.9 Y107.77 E3856.51151
G1 X161.244 Y107.271 E3856.56634
G1 X160.727 Y106.602 E3856.62258
G1 X160.407 Y105.829 E3856.67823
G1 X160.3 Y105.018 E3856.73265
G1 X160.404 Y104.169 E3856.78955
G1 X160.727 Y103.398 E3856.84515
G1 X161.225 Y102.743 E3856.89989
G1 X161.878 Y102.24 E3856.95472
G1 X162.657 Y101.91 E3857.01099
G1 X163.481 Y101.8 E3857.06629
G1 X164.341 Y101.91 E3857.12397
G1 X165.112 Y102.233 E3857.17957
G1 X165.772 Y102.744 E3857.2351
G1 X166.268 Y103.396 E3857.28959
G1 X166.59 Y104.167 E3857.34517
G1 X166.696 Y105.019 E3857.40228
G1 X166.59 Y105.829 E3857.45663
G1 X166.273 Y106.595 E3857.51177
G1 X165.753 Y107.271 E3857.5685
G1 X165.089 Y107.776 E3857.624
G1 X164.311 Y108.094 E3857.6799
G0 F7200 X164.113 Y108.119
G0 X164.205 Y108.825
G0 X162.503 Y108.725
G0 X161.572 Y108.339
G0 X160.853 Y107.788
G0 X149.601 Y93.748
G0 X149.329 Y93.089
G1 F1800 X148.518 Y93.196 E3857.73432
G1 X147.669 Y93.092 E3857.79122
G1 X146.898 Y92.769 E3857.84682
G1 X146.243 Y92.271 E3857.90156
G1 X145.733 Y91.611 E3857.95704
G1 X145.41 Y90.839 E3858.01271
G1 X145.3 Y90.019 E3858.06774
G1 X145.406 Y89.169 E3858.12472
G1 X145.726 Y88.4 E3858.18013
G1 X146.232 Y87.733 E3858.23582
G1 X146.878 Y87.24 E3858.28988
G1 X147.668 Y86.904 E3858.34699
G1 X148.5 Y86.798 E3858.40278
G1 X149.327 Y86.904 E3858.45824
G1 X150.101 Y87.225 E3858.51398
G1 X150.763 Y87.735 E3858.56957
G1 X151.256 Y88.378 E3858.62347
G1 X151.59 Y89.169 E3858.68058
G1 X151.696 Y90.019 E3858.73756
G1 X151.593 Y90.814 E3858.79089
G1 X151.27 Y91.6 E3858.84741
G1 X150.771 Y92.252 E3858.90203
G1 X150.102 Y92.769 E3858.95827
G1 X149.329 Y93.089 E3859.01392
G0 F7200 X149.131 Y93.115
G0 X149.224 Y93.823
G0 X136.227 Y107.727
G0 X135.58 Y108.223
G0 X134.611 Y108.744
G0 X134.339 Y108.086
G1 F1800 X133.519 Y108.196 E3859.06896
G1 X132.655 Y108.086 E3859.1269
G1 X131.899 Y107.77 E3859.1814
G1 X131.225 Y107.252 E3859.23795
G1 X130.734 Y106.613 E3859.29155
G1 X130.406 Y105.829 E3859.34809
G1 X130.3 Y105.012 E3859.40289
G1 X130.406 Y104.167 E3859.45954
G1 X130.723 Y103.405 E3859.51444
G1 X131.243 Y102.725 E3859.57138
G1 X131.911 Y102.22 E3859.62709
G1 X132.685 Y101.902 E3859.68275
G1 X133.489 Y101.8 E3859.73666
G1 X134.314 Y101.903 E3859.79197
G1 X135.1 Y102.226 E3859.84849
G1 X135.771 Y102.743 E3859.90484
G1 X136.269 Y103.398 E3859.95958
G1 X136.589 Y104.167 E3860.01498
G1 X136.696 Y104.982 E3860.06966
G1 X136.592 Y105.827 E3860.12629
G1 X136.269 Y106.602 E3860.18215
G1 X135.762 Y107.262 E3860.23751
G1 X135.122 Y107.756 E3860.29129
G1 X134.339 Y108.086 E3860.34781
G0 F7200 X134.141 Y108.112
G0 X134.234 Y108.821
G0 X208.02 Y129.52
G0 X208.3 Y129.8
G1 F1800 X208.3 Y80.2 E3863.64722
G1 X88.7 Y80.2 E3871.60304
G1 X88.7 Y129.8 E3874.90245
G1 X208.3 Y129.8 E3882.85827
G0 F7200 X208.3 Y129.6
G0 X207.62 Y129.12
G0 X149.627 Y124.238
;TYPE:SKIN
G1 F1800 X150.525 Y123.869 E3882.92285
G1 X150.82 Y123.702 E3882.9454
G1 X151.607 Y123.103 E3883.01119
G1 X152.303 Y122.193 E3883.0874
G1 X152.742 Y121.13 E3883.1639
G1 X152.884 Y119.989 E3883.24039
G1 X152.734 Y118.849 E3883.31688
G1 X152.302 Y117.804 E3883.3921
G1 X151.606 Y116.898 E3883.46809
G1 X150.698 Y116.195 E3883.54448
G1 X149.633 Y115.754 E3883.62116
G1 X148.482 Y115.608 E3883.69834
G1 X147.359 Y115.755 E3883.77368
G1 X146.302 Y116.195 E3883.84984
G1 X145.381 Y116.903 E3883.92711
G1 X144.69 Y117.808 E3884.00286
G1 X144.251 Y118.878 E3884.07979
G1 X144.108 Y119.981 E3884.15378
G1 X144.25 Y121.13 E3884.23079
G1 X144.689 Y122.193 E3884.30729
G1 X145.389 Y123.103 E3884.38366
G1 X146.162 Y123.695 E3884.44843
G1 X146.445 Y123.858 E3884.47016
G1 X147.213 Y124.178 E3884.5255
G1 X147.521 Y124.258 E3884.54667
G1 X148.501 Y124.386 E3884.61241
G1 X149.627 Y124.238 E3884.68796
G0 F7200 X151.227 Y122.727
G0 X151.839 Y121.928
G0 X152.225 Y120.997
G0 X152.357 Y120
G0 X152.357 Y105
G0 X152.25 Y104.193
G0 X149.633 Y94.242
G1 F1800 X150.694 Y93.801 E3884.76439
G1 X151.607 Y93.096 E3884.84112
G1 X152.302 Y92.188 E3884.91718
G1 X152.741 Y91.118 E3884.99412
G1 X152.884 Y90.015 E3885.06811
G1 X152.744 Y88.861 E3885.14543
G1 X152.303 Y87.803 E3885.22168
G1 X151.603 Y86.889 E3885.29826
G1 X150.842 Y86.305 E3885.36207
G1 X150.548 Y86.134 E3885.3847
G1 X149.805 Y85.823 E3885.43828
G1 X149.475 Y85.734 E3885.46101
G1 X148.495 Y85.606 E3885.52676
G1 X147.369 Y85.754 E3885.6023
G1 X146.443 Y86.134 E3885.66888
G1 X146.187 Y86.282 E3885.68855
G1 X145.393 Y86.889 E3885.75504
G1 X144.683 Y87.826 E3885.83324
G1 X144.25 Y88.862 E3885.90793
G1 X144.112 Y90.007 E3885.98465
G1 X144.258 Y91.143 E3886.06084
G1 X144.69 Y92.184 E3886.13581
G1 X145.39 Y93.098 E3886.21239
G1 X146.302 Y93.797 E3886.28883
G1 X147.36 Y94.244 E3886.36523
G1 X148.518 Y94.384 E3886.44282
G1 X149.633 Y94.242 E3886.51759
G0 F7200 X137.568 Y106.378
G0 X134.639 Y109.234
G1 F1800 X135.697 Y108.799 E3886.59369
G1 X136.598 Y108.102 E3886.66946
G1 X137.301 Y107.195 E3886.7458
G1 X137.744 Y106.135 E3886.82222
G1 X137.884 Y104.982 E3886.89948
G1 X137.741 Y103.859 E3886.97478
G1 X137.301 Y102.802 E3887.05095
G1 X136.596 Y101.885 E3887.12789
G1 X135.684 Y101.19 E3887.20416
G1 X134.618 Y100.751 E3887.28085
G1 X133.501 Y100.608 E3887.35576
G1 X132.359 Y100.757 E3887.43237
G1 X131.315 Y101.188 E3887.5075
G1 X130.399 Y101.885 E3887.58407
G1 X129.695 Y102.801 E3887.66092
G1 X129.262 Y103.84 E3887.7358
G1 X129.108 Y105.005 E3887.81397
G1 X129.255 Y106.128 E3887.88931
G1 X129.699 Y107.199 E3887.96643
G1 X130.407 Y108.115 E3888.04344
G1 X131.306 Y108.8 E3888.11862
G1 X132.368 Y109.24 E3888.19509
G1 X133.508 Y109.384 E3888.27153
G1 X134.639 Y109.234 E3888.34742
G0 F7200 X149.633 Y109.242
G1 F1800 X150.698 Y108.797 E3888.4242
G1 X151.602 Y108.102 E3888.50005
G1 X152.301 Y107.195 E3888.57622
G1 X152.744 Y106.135 E3888.65265
G1 X152.884 Y104.982 E3888.72991
G1 X152.741 Y103.859 E3888.80521
G1 X152.297 Y102.802 E3888.88148
G1 X151.602 Y101.894 E3888.95754
G1 X150.698 Y101.195 E3889.03355
G1 X149.633 Y100.754 E3889.11023
G1 X148.482 Y100.608 E3889.18741
G1 X147.359 Y100.755 E3889.26275
G1 X146.302 Y101.195 E3889.33891
G1 X145.39 Y101.89 E3889.41518
G1 X144.695 Y102.802 E3889.49146
G1 X144.252 Y103.861 E3889.56782
G1 X144.108 Y105.018 E3889.64538
G1 X144.252 Y106.135 E3889.72029
G1 X144.695 Y107.195 E3889.79672
G1 X145.394 Y108.102 E3889.87289
G1 X146.302 Y108.797 E3889.94895
G1 X147.36 Y109.244 E3890.02535
G1 X148.518 Y109.384 E3890.10294
G1 X149.633 Y109.242 E3890.17771
G0 F7200 X164.637 Y109.239
G1 F1800 X165.7 Y108.793 E3890.2544
G1 X166.593 Y108.111 E3890.32914
G1 X167.301 Y107.191 E3890.40636
G1 X167.74 Y106.12 E3890.48336
G1 X167.884 Y105.005 E3890.55815
G1 X167.734 Y103.84 E3890.63628
G1 X167.294 Y102.795 E3890.71171
G1 X166.593 Y101.885 E3890.78812
G1 X165.7 Y101.203 E3890.86286
G1 X164.627 Y100.752 E3890.94029
G1 X163.492 Y100.612 E3891.01636
G1 X162.353 Y100.758 E3891.09275
G1 X161.296 Y101.198 E3891.16891
G1 X160.394 Y101.89 E3891.24453
G1 X159.695 Y102.802 E3891.32097
G1 X159.252 Y103.859 E3891.3972
G1 X159.108 Y105.018 E3891.47489
G1 X159.255 Y106.137 E3891.54997
G1 X159.695 Y107.195 E3891.62619
G1 X160.403 Y108.111 E3891.7032
G1 X161.292 Y108.794 E3891.77778
G1 X162.374 Y109.241 E3891.85565
G1 X163.498 Y109.384 E3891.93103
G1 X164.637 Y109.239 E3892.0074
G0 F7200 X207.12 Y128.62
G1 F1800 X89.88 Y128.62 E3899.80624
G1 X89.881 Y81.381 E3902.94859
G1 X207.12 Y81.38 E3910.74736
G1 X207.12 Y128.62 E3913.88978
G0 F7200 X206.597 Y81.58
G1 F1800 X206.92 Y81.903 E3913.92016
G0 F7200 X206.92 Y82.469
G1 F1800 X206.031 Y81.58 E3914.0038
G0 F7200 X205.465 Y81.58
G1 F1800 X206.92 Y83.035 E3914.14067
G0 F7200 X206.92 Y83.601
G1 F1800 X204.9 Y81.58 E3914.33075
G0 F7200 X204.334 Y81.58
G1 F1800 X206.92 Y84.166 E3914.57402
G0 F7200 X206.92 Y84.732
G1 F1800 X203.768 Y81.58 E3914.87055
G0 F7200 X203.203 Y81.58
G1 F1800 X206.92 Y85.298 E3915.22026
G0 F7200 X206.92 Y85.863
G1 F1800 X202.637 Y81.58 E3915.62318
G0 F7200 X202.071 Y81.58
G1 F1800 X206.92 Y86.429 E3916.07935
G0 F7200 X206.92 Y86.995
G1 F1800 X201.506 Y81.58 E3916.58871
G0 F7200 X200.94 Y81.58
G1 F1800 X206.92 Y87.56 E3917.15127
G0 F7200 X206.92 Y88.126
G1 F1800 X200.374 Y81.58 E3917.76708
G0 F7200 X199.809 Y81.58
G1 F1800 X206.92 Y88.692 E3918.43609
G0 F7200 X206.92 Y89.257
G1 F1800 X199.243 Y81.58 E3919.15829
G0 F7200 X198.677 Y81.58
G1 F1800 X206.92 Y89.823 E3919.93374
G0 F7200 X206.92 Y90.389
G1 F1800 X198.112 Y81.58 E3920.76239
G0 F7200 X197.546 Y81.58
G1 F1800 X206.92 Y90.954 E3921.64424
G0 F7200 X206.92 Y91.52
G1 F1800 X196.98 Y81.58 E3922.57933
G0 F7200 X196.414 Y81.58
G1 F1800 X206.92 Y92.086 E3923.56767
G0 F7200 X206.92 Y92.651
G1 F1800 X195.849 Y81.58 E3924.60917
G0 F7200 X195.283 Y81.58
G1 F1800 X206.92 Y93.217 E3925.7039
G0 F7200 X206.92 Y93.783
G1 F1800 X194.717 Y81.58 E3926.85189
G0 F7200 X194.152 Y81.58
G1 F1800 X206.92 Y94.349 E3928.05307
G0 F7200 X206.92 Y94.914
G1 F1800 X193.586 Y81.58 E3929.30745
G0 F7200 X193.02 Y81.58
G1 F1800 X206.92 Y95.48 E3930.61508
G0 F7200 X206.92 Y96.046
G1 F1800 X192.455 Y81.58 E3931.9759
G0 F7200 X191.889 Y81.58
G1 F1800 X206.92 Y96.611 E3933.38993
G0 F7200 X206.92 Y97.177
G1 F1800 X191.323 Y81.58 E3934.8572
G0 F7200 X190.758 Y81.58
G1 F1800 X206.92 Y97.743 E3936.37767
G0 F7200 X206.92 Y98.308
G1 F1800 X190.192 Y81.58 E3937.95133
G0 F7200 X189.626 Y81.58
G1 F1800 X206.92 Y98.874 E3939.57825
G0 F7200 X206.92 Y99.44
G1 F1800 X189.061 Y81.58 E3941.25836
G0 F7200 X188.495 Y81.58
G1 F1800 X206.92 Y100.005 E3942.99167
G0 F7200 X206.92 Y100.571
G1 F1800 X187.929 Y81.58 E3944.77823
G0 F7200 X187.363 Y81.58
G1 F1800 X206.92 Y101.137 E3946.61803
G0 F7200 X206.92 Y101.702
G1 F1800 X186.798 Y81.58 E3948.51098
G0 F7200 X186.232 Y81.58
G1 F1800 X206.92 Y102.268 E3950.45718
G0 F7200 X206.92 Y102.834
G1 F1800 X185.666 Y81.58 E3952.45663
G0 F7200 X185.101 Y81.58
G1 F1800 X206.92 Y103.4 E3954.50928
G0 F7200 X206.92 Y103.965
G1 F1800 X184.535 Y81.58 E3956.61512
G0 F7200 X183.969 Y81.58
G1 F1800 X206.92 Y104.531 E3958.77421
G0 F7200 X206.92 Y105.097
G1 F1800 X183.404 Y81.58 E3960.9865
G0 F7200 X182.838 Y81.58
G1 F1800 X206.92 Y105.662 E3963.25198
G0 F7200 X206.92 Y106.228
G1 F1800 X182.272 Y81.58 E3965.57072
G0 F7200 X181.707 Y81.58
G1 F1800 X206.92 Y106.794 E3967.94265
G0 F7200 X206.92 Y107.359
G1 F1800 X181.141 Y81.58 E3970.36778
G0 F7200 X180.575 Y81.58
G1 F1800 X206.92 Y107.925 E3972.84615
G0 F7200 X206.92 Y108.491
G1 F1800 X180.01 Y81.58 E3975.37773
G0 F7200 X179.444 Y81.58
G1 F1800 X206.92 Y109.056 E3977.9625
G0 F7200 X206.92 Y109.622
G1 F1800 X178.878 Y81.58 E3980.60052
G0 F7200 X178.313 Y81.58
G1 F1800 X206.92 Y110.188 E3983.29174
G0 F7200 X206.92 Y110.753
G1 F1800 X177.747 Y81.58 E3986.03616
G0 F7200 X177.181 Y81.58
G1 F1800 X206.92 Y111.319 E3988.83382
G0 F7200 X206.92 Y111.885
G1 F1800 X176.615 Y81.58 E3991.68473
G0 F7200 X176.05 Y81.58
G1 F1800 X206.92 Y112.45 E3994.58879
G0 F7200 X206.92 Y113.016
G1 F1800 X175.484 Y81.58 E3997.54609
G0 F7200 X174.918 Y81.58
G1 F1800 X206.92 Y113.582 E4000.55665
G0 F7200 X206.92 Y114.148
G1 F1800 X174.353 Y81.58 E4003.6204
G0 F7200 X173.787 Y81.58
G1 F1800 X206.92 Y114.713 E4006.73735
G0 F7200 X206.92 Y115.279
G1 F1800 X173.221 Y81.58 E4009.90754
G0 F7200 X172.656 Y81.58
G1 F1800 X206.92 Y115.845 E4013.13094
G0 F7200 X206.92 Y116.41
G1 F1800 X172.09 Y81.58 E4016.40753
G0 F7200 X171.524 Y81.58
G1 F1800 X206.92 Y116.976 E4019.73737
G0 F7200 X206.92 Y117.542
G1 F1800 X170.959 Y81.58 E4023.1204
G0 F7200 X170.393 Y81.58
G1 F1800 X206.92 Y118.107 E4026.55664
G0 F7200 X206.92 Y118.673
G1 F1800 X169.827 Y81.58 E4030.04612
G0 F7200 X169.262 Y81.58
G1 F1800 X206.92 Y119.239 E4033.5888
G0 F7200 X206.92 Y119.804
G1 F1800 X168.696 Y81.58 E4037.18468
G0 F7200 X168.13 Y81.58
G1 F1800 X206.92 Y120.37 E4040.83381
G0 F7200 X206.92 Y120.936
G1 F1800 X167.565 Y81.58 E4044.53613
G0 F7200 X166.999 Y81.58
G1 F1800 X206.92 Y121.501 E4048.29166
G0 F7200 X206.92 Y122.067
G1 F1800 X166.433 Y81.58 E4052.10042
G0 F7200 X165.867 Y81.58
G1 F1800 X206.92 Y122.633 E4055.96244
G0 F7200 X206.92 Y123.199
G1 F1800 X165.302 Y81.58 E4059.87765
G0 F7200 X164.736 Y81.58
G1 F1800 X206.92 Y123.764 E4063.84606
G0 F7200 X206.92 Y124.33
G1 F1800 X164.17 Y81.58 E4067.86772
G0 F7200 X163.605 Y81.58
G1 F1800 X206.92 Y124.896 E4071.94258
G0 F7200 X206.92 Y125.461
G1 F1800 X163.039 Y81.58 E4076.07063
G0 F7200 X162.473 Y81.58
G1 F1800 X206.92 Y126.027 E4080.25194
G0 F7200 X206.92 Y126.593
G1 F1800 X161.908 Y81.58 E4084.48644
G0 F7200 X161.342 Y81.58
G1 F1800 X206.92 Y127.158 E4088.77413
G0 F7200 X206.92 Y127.724
G1 F1800 X160.776 Y81.58 E4093.11508
G0 F7200 X160.211 Y81.58
G1 F1800 X206.92 Y128.29 E4097.50922
G0 F7200 X206.484 Y128.42
G1 F1800 X159.645 Y81.58 E4101.91559
G0 F7200 X159.079 Y81.58
G1 F1800 X205.919 Y128.42 E4106.32201
G0 F7200 X205.353 Y128.42
G1 F1800 X158.514 Y81.58 E4110.72839
G0 F7200 X157.948 Y81.58
G1 F1800 X204.787 Y128.42 E4115.13476
G0 F7200 X204.222 Y128.42
G1 F1800 X157.382 Y81.58 E4119.54118
G0 F7200 X156.816 Y81.58
G1 F1800 X203.656 Y128.42 E4123.9476
G0 F7200 X203.09 Y128.42
G1 F1800 X156.251 Y81.58 E4128.35397
G0 F7200 X155.685 Y81.58
G1 F1800 X202.525 Y128.42 E4132.76039
G0 F7200 X201.959 Y128.42
G1 F1800 X155.119 Y81.58 E4137.16681
G0 F7200 X154.554 Y81.58
G1 F1800 X201.393 Y128.42 E4141.57319
G0 F7200 X200.828 Y128.42
G1 F1800 X153.988 Y81.58 E4145.97961
G0 F7200 X153.422 Y81.58
G1 F1800 X200.262 Y128.42 E4150.38603
G0 F7200 X199.696 Y128.42
G1 F1800 X152.857 Y81.58 E4154.7924
G0 F7200 X152.291 Y81.58
G1 F1800 X199.13 Y128.42 E4159.19877
G0 F7200 X198.565 Y128.42
G92 E0
G1 F1800 X151.725 Y81.58 E4.40642
G0 F7200 X151.16 Y81.58
G1 F1800 X197.999 Y128.42 E8.81279
G0 F7200 X197.433 Y128.42
G1 F1800 X150.594 Y81.58 E13.21917
G0 F7200 X150.028 Y81.58
G1 F1800 X196.868 Y128.42 E17.62559
G0 F7200 X196.302 Y128.42
G1 F1800 X149.463 Y81.58 E22.03196
G0 F7200 X148.897 Y81.58
G1 F1800 X195.736 Y128.42 E26.43833
G0 F7200 X195.171 Y128.42
G1 F1800 X148.332 Y81.581 E30.84466
G0 F7200 X147.766 Y81.581
G1 F1800 X194.605 Y128.42 E35.25098
G0 F7200 X194.039 Y128.42
G1 F1800 X147.201 Y81.581 E39.65726
G0 F7200 X146.635 Y81.581
G1 F1800 X193.474 Y128.42 E44.06359
G0 F7200 X192.908 Y128.42
G1 F1800 X167.677 Y103.189 E46.43717
G1 X167.607 Y103.119
G0 F7200 X167.962 Y104.039
G1 F1800 X192.342 Y128.42 E48.73073
G0 F7200 X191.777 Y128.42
G1 F1800 X168.048 Y104.691 E50.96301
G0 F7200 X168.052 Y105.261
G1 F1800 X191.211 Y128.42 E53.14167
G0 F7200 X190.645 Y128.42
G1 F1800 X167.985 Y105.76 E55.27338
G0 F7200 X167.904 Y106.244
G1 F1800 X190.079 Y128.42 E57.35952
G0 F7200 X189.514 Y128.42
G1 F1800 X167.74 Y106.646 E59.40788
G0 F7200 X167.575 Y107.047
G1 F1800 X188.948 Y128.42 E61.41852
G0 F7200 X188.382 Y128.42
G1 F1800 X167.381 Y107.418 E63.39422
G0 F7200 X167.135 Y107.738
G1 F1800 X187.817 Y128.42 E65.33985
G0 F7200 X187.251 Y128.42
G1 F1800 X166.889 Y108.057 E67.25543
G0 F7200 X166.612 Y108.346
G1 F1800 X186.685 Y128.42 E69.14382
G0 F7200 X186.12 Y128.42
G1 F1800 X166.29 Y108.59 E71.00931
G0 F7200 X165.969 Y108.835
G1 F1800 X185.554 Y128.42 E72.85174
G0 F7200 X184.988 Y128.42
G1 F1800 X165.616 Y109.047 E74.67419
G0 F7200 X165.217 Y109.214
G1 F1800 X184.423 Y128.42 E76.48097
G0 F7200 X183.857 Y128.42
G1 F1800 X164.817 Y109.38 E78.27214
G0 F7200 X164.347 Y109.476
G1 F1800 X183.291 Y128.42 E80.05427
G0 F7200 X182.726 Y128.42
G1 F1800 X163.847 Y109.541 E81.8303
G0 F7200 X163.304 Y109.564
G1 F1800 X182.16 Y128.42 E83.60415
G0 F7200 X181.594 Y128.42
G1 F1800 X162.652 Y109.477 E85.38615
G1 X162.582 Y109.407
G0 F7200 X161.848 Y109.24
G1 F1800 X181.029 Y128.42 E87.19053
G0 F7200 X180.463 Y128.42
G1 F1800 X160.414 Y108.371 E89.07662
G0 F7200 X160.125 Y108.082
G1 F1800 X145.413 Y93.37 E90.46063
G0 F7200 X145.121 Y93.078
G1 F1800 X133.624 Y81.581 E91.5422
G0 F7200 X133.058 Y81.581
G1 F1800 X179.897 Y128.42 E95.94853
G0 F7200 X179.331 Y128.42
G1 F1800 X132.493 Y81.581 E100.3548
G0 F7200 X131.927 Y81.581
G1 F1800 X178.766 Y128.42 E104.76113
G0 F7200 X178.2 Y128.42
G1 F1800 X152.431 Y102.651 E107.18532
G1 X152.361 Y102.581
G0 F7200 X152.872 Y103.657
G1 F1800 X177.634 Y128.42 E109.51482
G0 F7200 X177.069 Y128.42
G1 F1800 X153.004 Y104.356 E111.77866
G0 F7200 X153.087 Y105.004
G1 F1800 X176.503 Y128.42 E113.9815
G0 F7200 X175.937 Y128.42
G1 F1800 X153.022 Y105.505 E116.1372
G0 F7200 X152.957 Y106.005
G1 F1800 X175.372 Y128.42 E118.24587
G0 F7200 X174.806 Y128.42
G1 F1800 X152.828 Y106.442 E120.31342
G0 F7200 X152.662 Y106.842
G1 F1800 X174.24 Y128.42 E122.34335
G0 F7200 X173.675 Y128.42
G1 F1800 X152.495 Y107.241 E124.33579
G0 F7200 X152.261 Y107.572
G1 F1800 X173.109 Y128.42 E126.29704
G0 F7200 X172.543 Y128.42
G1 F1800 X152.015 Y107.892 E128.22819
G0 F7200 X151.77 Y108.212
G1 F1800 X171.978 Y128.42 E130.12923
G0 F7200 X171.412 Y128.42
G1 F1800 X151.458 Y108.466 E132.00638
G0 F7200 X151.138 Y108.711
G1 F1800 X170.846 Y128.42 E133.86044
G0 F7200 X170.281 Y128.42
G1 F1800 X150.817 Y108.956 E135.69149
G0 F7200 X150.422 Y109.127
G1 F1800 X169.715 Y128.42 E137.50646
G0 F7200 X169.149 Y128.42
G1 F1800 X150.023 Y109.294 E139.30571
G0 F7200 X149.609 Y109.445
G1 F1800 X168.583 Y128.42 E141.09072
G0 F7200 X168.018 Y128.42
G1 F1800 X149.108 Y109.51 E142.86965
G0 F7200 X148.606 Y109.574
G1 F1800 X167.452 Y128.42 E144.64257
G0 F7200 X166.886 Y128.42
G1 F1800 X147.99 Y109.524 E146.42019
G0 F7200 X147.343 Y109.442
G1 F1800 X166.321 Y128.42 E148.20552
G0 F7200 X165.755 Y128.42
G1 F1800 X146.382 Y109.046 E150.02806
G1 X146.312 Y108.976
G0 F7200 X144.445 Y107.11
G1 F1800 X118.916 Y81.581 E152.42968
G0 F7200 X118.351 Y81.581
G1 F1800 X165.189 Y128.42 E156.83595
G0 F7200 X164.624 Y128.42
G1 F1800 X117.785 Y81.581 E161.24228
G0 F7200 X117.219 Y81.581
G1 F1800 X164.058 Y128.42 E165.64861
G0 F7200 X163.492 Y128.42
G1 F1800 X116.654 Y81.581 E170.05489
G0 F7200 X116.088 Y81.581
G1 F1800 X135.34 Y100.833 E171.866
G1 X135.41 Y100.903
G0 F7200 X134.474 Y100.533
G1 F1800 X115.522 Y81.581 E173.64888
G0 F7200 X114.956 Y81.581
G1 F1800 X133.821 Y100.445 E175.42354
G0 F7200 X133.249 Y100.44
G1 F1800 X114.391 Y81.581 E177.19763
G0 F7200 X113.825 Y81.581
G1 F1800 X132.749 Y100.505 E178.97789
G0 F7200 X132.259 Y100.581
G1 F1800 X113.259 Y81.581 E180.76529
G0 F7200 X112.694 Y81.581
G1 F1800 X131.86 Y100.747 E182.56831
G0 F7200 X131.46 Y100.913
G1 F1800 X112.128 Y81.581 E184.38695
G0 F7200 X111.562 Y81.581
G1 F1800 X131.088 Y101.107 E186.22383
G0 F7200 X130.768 Y101.352
G1 F1800 X110.997 Y81.581 E188.08377
G0 F7200 X110.431 Y81.581
G1 F1800 X130.447 Y101.597 E189.96675
G0 F7200 X130.155 Y101.871
G1 F1800 X109.865 Y81.581 E191.87551
G0 F7200 X109.3 Y81.581
G1 F1800 X129.91 Y102.191 E193.81437
G0 F7200 X129.664 Y102.511
G1 F1800 X108.734 Y81.581 E195.78334
G0 F7200 X108.168 Y81.581
G1 F1800 X129.451 Y102.864 E197.78551
G0 F7200 X129.285 Y103.263
G1 F1800 X107.603 Y81.581 E199.82522
G0 F7200 X107.037 Y81.581
G1 F1800 X129.118 Y103.662 E201.90246
G0 F7200 X129.022 Y104.131
G1 F1800 X106.471 Y81.581 E204.02388
G0 F7200 X105.906 Y81.581
G1 F1800 X128.954 Y104.629 E206.19209
G0 F7200 X128.934 Y105.175
G1 F1800 X105.34 Y81.581 E208.41167
G0 F7200 X104.774 Y81.581
G1 F1800 X129.013 Y105.82 E210.69193
G1 X129.083 Y105.89
G0 F7200 X129.247 Y106.62
G1 F1800 X104.208 Y81.581 E213.04744
G0 F7200 X103.643 Y81.581
G1 F1800 X130.069 Y108.007 E215.53344
G0 F7200 X130.487 Y108.426
G1 F1800 X145.04 Y122.979 E216.9025
G0 F7200 X145.511 Y123.45
G1 F1800 X150.482 Y128.42 E217.37009
G0 F7200 X151.047 Y128.42
G1 F1800 X146.89 Y124.263 E217.76116
G1 X146.82 Y124.193
G0 F7200 X147.671 Y124.478
G1 F1800 X151.613 Y128.42 E218.13199
G0 F7200 X152.179 Y128.42
G1 F1800 X148.321 Y124.562 E218.49493
G0 F7200 X148.863 Y124.538
G1 F1800 X152.744 Y128.42 E218.86008
G0 F7200 X153.31 Y128.42
G1 F1800 X149.364 Y124.474 E219.23129
G0 F7200 X149.832 Y124.376
G1 F1800 X153.876 Y128.42 E219.61173
G0 F7200 X154.441 Y128.42
G1 F1800 X150.23 Y124.209 E220.00787
G0 F7200 X150.627 Y124.04
G1 F1800 X155.007 Y128.42 E220.41992
G0 F7200 X155.573 Y128.42
G1 F1800 X150.981 Y123.829 E220.85186
G0 F7200 X151.303 Y123.585
G1 F1800 X156.138 Y128.42 E221.30671
G0 F7200 X156.704 Y128.42
G1 F1800 X151.626 Y123.341 E221.78446
G0 F7200 X151.9 Y123.05
G1 F1800 X157.27 Y128.42 E222.28964
G0 F7200 X157.835 Y128.42
G1 F1800 X152.145 Y122.729 E222.82496
G0 F7200 X152.39 Y122.409
G1 F1800 X158.401 Y128.42 E223.39044
G0 F7200 X158.967 Y128.42
G1 F1800 X152.583 Y122.036 E223.99101
G0 F7200 X152.748 Y121.635
G1 F1800 X159.532 Y128.42 E224.62925
G0 F7200 X160.098 Y128.42
G1 F1800 X152.913 Y121.234 E225.30522
G0 F7200 X152.99 Y120.746
G1 F1800 X160.664 Y128.42 E226.02714
G0 F7200 X161.23 Y128.42
G1 F1800 X153.054 Y120.244 E226.79629
G0 F7200 X153.044 Y119.669
G1 F1800 X161.795 Y128.42 E227.61953
G0 F7200 X162.361 Y128.42
G1 F1800 X152.959 Y119.017 E228.50406
G1 X152.889 Y118.947
G0 F7200 X152.66 Y118.153
G1 F1800 X162.927 Y128.42 E229.46992
G1 X162.997 Y128.49
G0 F7200 X149.916 Y128.42
G1 F1800 X103.077 Y81.581 E233.87624
G0 F7200 X102.511 Y81.581
G1 F1800 X149.35 Y128.42 E238.28257
G0 F7200 X148.784 Y128.42
G1 F1800 X101.946 Y81.581 E242.68885
G0 F7200 X101.38 Y81.581
G1 F1800 X148.219 Y128.42 E247.09517
G0 F7200 X147.653 Y128.42
G1 F1800 X100.814 Y81.581 E251.5015
G0 F7200 X100.249 Y81.581
G1 F1800 X147.087 Y128.42 E255.90778
G0 F7200 X146.522 Y128.42
G1 F1800 X99.683 Y81.581 E260.31411
G0 F7200 X99.117 Y81.581
G1 F1800 X145.956 Y128.42 E264.72043
G0 F7200 X145.39 Y128.42
G1 F1800 X98.552 Y81.581 E269.12671
G0 F7200 X97.986 Y81.581
G1 F1800 X144.825 Y128.42 E273.53304
G0 F7200 X144.259 Y128.42
G1 F1800 X97.42 Y81.581 E277.93936
G0 F7200 X96.855 Y81.581
G1 F1800 X143.693 Y128.42 E282.34564
G0 F7200 X143.128 Y128.42
G1 F1800 X96.289 Y81.581 E286.75197
G0 F7200 X95.723 Y81.581
G1 F1800 X142.562 Y128.42 E291.15829
G0 F7200 X141.996 Y128.42
G1 F1800 X95.157 Y81.581 E295.56462
G0 F7200 X94.592 Y81.581
G1 F1800 X141.431 Y128.42 E299.97094
G0 F7200 X140.865 Y128.42
G1 F1800 X94.026 Y81.581 E304.37727
G0 F7200 X93.46 Y81.581
G1 F1800 X140.299 Y128.42 E308.7836
G0 F7200 X139.733 Y128.42
G1 F1800 X92.895 Y81.581 E313.18988
G0 F7200 X92.329 Y81.581
G1 F1800 X139.168 Y128.42 E317.5962
G0 F7200 X138.602 Y128.42
G1 F1800 X91.763 Y81.581 E322.00253
G0 F7200 X91.198 Y81.581
G1 F1800 X138.036 Y128.42 E326.40881
G0 F7200 X137.471 Y128.42
G1 F1800 X90.632 Y81.581 E330.81513
G0 F7200 X90.08 Y81.595
G1 F1800 X136.905 Y128.42 E335.22014
G0 F7200 X136.339 Y128.42
G1 F1800 X90.08 Y82.161 E339.5719
G0 F7200 X90.08 Y82.727
G1 F1800 X135.774 Y128.42 E343.87047
G0 F7200 X135.208 Y128.42
G1 F1800 X90.08 Y83.292 E348.11583
G0 F7200 X90.08 Y83.858
G1 F1800 X134.642 Y128.42 E352.30795
G0 F7200 X134.077 Y128.42
G1 F1800 X90.08 Y84.424 E356.44687
G0 F7200 X90.08 Y84.989
G1 F1800 X133.511 Y128.42 E360.5326
G0 F7200 X132.945 Y128.42
G1 F1800 X90.08 Y85.555 E364.56507
G0 F7200 X90.08 Y86.121
G1 F1800 X132.38 Y128.42 E368.54435
G0 F7200 X131.814 Y128.42
G1 F1800 X90.08 Y86.686 E372.47043
G0 F7200 X90.08 Y87.252
G1 F1800 X131.248 Y128.42 E376.34326
G0 F7200 X130.683 Y128.42
G1 F1800 X90.08 Y87.818 E380.1629
G0 F7200 X90.08 Y88.383
G1 F1800 X130.117 Y128.42 E383.92933
G0 F7200 X129.551 Y128.42
G1 F1800 X90.08 Y88.949 E387.64252
G0 F7200 X90.08 Y89.515
G1 F1800 X128.985 Y128.42 E391.30247
G0 F7200 X128.42 Y128.42
G1 F1800 X90.08 Y90.08 E394.90926
G0 F7200 X90.08 Y90.646
G1 F1800 X127.854 Y128.42 E398.4628
G0 F7200 X127.288 Y128.42
G1 F1800 X90.08 Y91.212 E401.9631
G0 F7200 X90.08 Y91.778
G1 F1800 X126.723 Y128.42 E405.41021
G0 F7200 X126.157 Y128.42
G1 F1800 X90.08 Y92.343 E408.80411
G0 F7200 X90.08 Y92.909
G1 F1800 X125.591 Y128.42 E412.14477
G0 F7200 X125.026 Y128.42
G1 F1800 X90.08 Y93.475 E415.43222
G0 F7200 X90.08 Y94.04
G1 F1800 X124.46 Y128.42 E418.66648
G0 F7200 X123.894 Y128.42
G1 F1800 X90.08 Y94.606 E421.8475
G0 F7200 X90.08 Y95.172
G1 F1800 X123.329 Y128.42 E424.97531
G0 F7200 X122.763 Y128.42
G1 F1800 X90.08 Y95.737 E428.04993
G0 F7200 X90.08 Y96.303
G1 F1800 X122.197 Y128.42 E431.0713
G0 F7200 X121.632 Y128.42
G1 F1800 X90.08 Y96.869 E434.03947
G0 F7200 X90.08 Y97.434
G1 F1800 X121.066 Y128.42 E436.95444
G0 F7200 X120.5 Y128.42
G1 F1800 X90.08 Y98 E439.81617
G0 F7200 X90.08 Y98.566
G1 F1800 X119.935 Y128.42 E442.6247
G0 F7200 X119.369 Y128.42
G1 F1800 X90.08 Y99.131 E445.38003
G0 F7200 X90.08 Y99.697
G1 F1800 X118.803 Y128.42 E448.08211
G0 F7200 X118.237 Y128.42
G1 F1800 X90.08 Y100.263 E450.73095
G0 F7200 X90.08 Y100.828
G1 F1800 X117.672 Y128.42 E453.32664
G0 F7200 X117.106 Y128.42
G1 F1800 X90.08 Y101.394 E455.86908
G0 F7200 X90.08 Y101.96
G1 F1800 X116.54 Y128.42 E458.35827
G0 F7200 X115.975 Y128.42
G1 F1800 X90.08 Y102.526 E460.79427
G0 F7200 X90.08 Y103.091
G1 F1800 X115.409 Y128.42 E463.17706
G0 F7200 X114.843 Y128.42
G1 F1800 X90.08 Y103.657 E465.50662
G0 F7200 X90.08 Y104.223
G1 F1800 X114.278 Y128.42 E467.78297
G0 F7200 X113.712 Y128.42
G1 F1800 X90.08 Y104.788 E470.00612
G0 F7200 X90.08 Y105.354
G1 F1800 X113.146 Y128.42 E472.17603
G0 F7200 X112.581 Y128.42
G1 F1800 X90.08 Y105.92 E474.29274
G0 F7200 X90.08 Y106.485
G1 F1800 X112.015 Y128.42 E476.35625
G0 F7200 X111.449 Y128.42
G1 F1800 X90.08 Y107.051 E478.36651
G0 F7200 X90.08 Y107.617
G1 F1800 X110.884 Y128.42 E480.32358
G0 F7200 X110.318 Y128.42
G1 F1800 X90.08 Y108.182 E482.22745
G0 F7200 X90.08 Y108.748
G1 F1800 X109.752 Y128.42 E484.07807
G0 F7200 X109.186 Y128.42
G1 F1800 X90.08 Y109.314 E485.87544
G0 F7200 X90.08 Y109.879
G1 F1800 X108.621 Y128.42 E487.61967
G0 F7200 X108.055 Y128.42
G1 F1800 X90.08 Y110.445 E489.31064
G0 F7200 X90.08 Y111.011
G1 F1800 X107.489 Y128.42 E490.94838
G0 F7200 X106.924 Y128.42
G1 F1800 X90.08 Y111.577 E492.53291
G0 F7200 X90.08 Y112.142
G1 F1800 X106.358 Y128.42 E494.06424
G0 F7200 X105.792 Y128.42
G1 F1800 X90.08 Y112.708 E495.54233
G0 F7200 X90.08 Y113.274
G1 F1800 X105.227 Y128.42 E496.96722
G0 F7200 X104.661 Y128.42
G1 F1800 X90.08 Y113.839 E498.33891
G0 F7200 X90.08 Y114.405
G1 F1800 X104.095 Y128.42 E499.65736
G0 F7200 X103.53 Y128.42
G1 F1800 X90.08 Y114.971 E500.9226
G0 F7200 X90.08 Y115.536
G1 F1800 X102.964 Y128.42 E502.13465
G0 F7200 X102.398 Y128.42
G1 F1800 X90.08 Y116.102 E503.29345
G0 F7200 X90.08 Y116.668
G1 F1800 X101.833 Y128.42 E504.39906
G0 F7200 X101.267 Y128.42
G1 F1800 X90.08 Y117.233 E505.45146
G0 F7200 X90.08 Y117.799
G1 F1800 X100.701 Y128.42 E506.45062
G0 F7200 X100.136 Y128.42
G1 F1800 X90.08 Y118.365 E507.39658
G0 F7200 X90.08 Y118.93
G1 F1800 X99.57 Y128.42 E508.28934
G0 F7200 X99.004 Y128.42
G1 F1800 X90.08 Y119.496 E509.12886
G0 F7200 X90.08 Y120.062
G1 F1800 X98.438 Y128.42 E509.91513
G0 F7200 X97.873 Y128.42
G1 F1800 X90.08 Y120.627 E510.64824
G0 F7200 X90.08 Y121.193
G1 F1800 X97.307 Y128.42 E511.32812
G0 F7200 X96.741 Y128.42
G1 F1800 X90.08 Y121.759 E511.95474
G0 F7200 X90.08 Y122.325
G1 F1800 X96.176 Y128.42 E512.52817
G0 F7200 X95.61 Y128.42
G1 F1800 X90.08 Y122.89 E513.0484
G0 F7200 X90.08 Y123.456
G1 F1800 X95.044 Y128.42 E513.51538
G0 F7200 X94.479 Y128.42
G1 F1800 X90.08 Y124.022 E513.92916
G0 F7200 X90.08 Y124.587
G1 F1800 X93.913 Y128.42 E514.28975
G0 F7200 X93.347 Y128.42
G1 F1800 X90.08 Y125.153 E514.59709
G0 F7200 X90.08 Y125.719
G1 F1800 X92.782 Y128.42 E514.85123
G0 F7200 X92.216 Y128.42
G1 F1800 X90.08 Y126.284 E515.05217
G0 F7200 X90.08 Y126.85
G1 F1800 X91.65 Y128.42 E515.19987
G0 F7200 X91.085 Y128.42
G1 F1800 X90.08 Y127.416 E515.29436
G0 F7200 X90.08 Y127.981
G1 F1800 X90.519 Y128.42 E515.33566
G0 F7200 X131.887 Y109.26
G1 F1800 X144.23 Y121.603 E516.49682
G1 X144.3 Y121.673
G0 F7200 X144.01 Y120.817
G1 F1800 X132.674 Y109.481 E517.56324
G0 F7200 X133.322 Y109.563
G1 F1800 X143.928 Y120.169 E518.56098
G0 F7200 X143.951 Y119.627
G1 F1800 X133.861 Y109.536 E519.51024
G0 F7200 X134.362 Y109.472
G1 F1800 X144.019 Y119.128 E520.41866
G0 F7200 X144.122 Y118.666
G1 F1800 X134.826 Y109.37 E521.29317
G0 F7200 X135.227 Y109.206
G1 F1800 X144.287 Y118.266 E522.14548
G0 F7200 X144.452 Y117.865
G1 F1800 X135.628 Y109.041 E522.97559
G0 F7200 X135.982 Y108.829
G1 F1800 X144.666 Y117.513 E523.79253
G0 F7200 X144.911 Y117.192
G1 F1800 X136.302 Y108.583 E524.60241
G0 F7200 X136.622 Y108.338
G1 F1800 X145.156 Y116.871 E525.40519
G0 F7200 X145.447 Y116.597
G1 F1800 X136.895 Y108.045 E526.20971
G0 F7200 X137.142 Y107.726
G1 F1800 X145.768 Y116.352 E527.02119
G0 F7200 X146.089 Y116.108
G1 F1800 X137.388 Y107.407 E527.83973
G0 F7200 X137.582 Y107.035
G1 F1800 X146.461 Y115.914 E528.67501
G0 F7200 X146.86 Y115.748
G1 F1800 X137.748 Y106.635 E529.53226
G0 F7200 X137.914 Y106.236
G1 F1800 X147.26 Y115.582 E530.41147
G0 F7200 X147.748 Y115.504
G1 F1800 X137.991 Y105.747 E531.32935
G0 F7200 X138.056 Y105.246
G1 F1800 X148.247 Y115.437 E532.28806
G0 F7200 X148.822 Y115.446
G1 F1800 X138.045 Y104.669 E533.30189
G0 F7200 X137.961 Y104.02
G1 F1800 X149.474 Y115.533 E534.38496
G1 X149.544 Y115.603
G0 F7200 X150.339 Y115.832
G1 F1800 X137.662 Y103.156 E535.57749
G1 X137.592 Y103.086
G0 F7200 X144.051 Y103.887
G1 F1800 X121.745 Y81.581 E537.6759
G0 F7200 X122.31 Y81.581
G1 F1800 X144.202 Y103.472 E539.73532
G0 F7200 X144.368 Y103.073
G1 F1800 X122.876 Y81.581 E541.75715
G0 F7200 X123.442 Y81.581
G1 F1800 X144.54 Y102.679 E543.74192
G0 F7200 X144.784 Y102.357
G1 F1800 X124.007 Y81.581 E545.69645
G0 F7200 X124.573 Y81.581
G1 F1800 X145.028 Y102.036 E547.62073
G0 F7200 X145.278 Y101.72
G1 F1800 X125.139 Y81.581 E549.51529
G0 F7200 X125.704 Y81.581
G1 F1800 X145.6 Y101.477 E551.38698
G0 F7200 X145.922 Y101.233
G1 F1800 X126.27 Y81.581 E553.23572
G0 F7200 X126.836 Y81.581
G1 F1800 X146.254 Y101 E555.06249
G0 F7200 X146.654 Y100.833
G1 F1800 X127.402 Y81.581 E556.8736
G0 F7200 X127.967 Y81.581
G1 F1800 X147.053 Y100.667 E558.6691
G0 F7200 X147.489 Y100.537
G1 F1800 X128.533 Y81.581 E560.45236
G0 F7200 X129.099 Y81.581
G1 F1800 X147.989 Y100.471 E562.22942
G0 F7200 X148.489 Y100.406
G1 F1800 X129.664 Y81.581 E564.00036
G0 F7200 X130.23 Y81.581
G1 F1800 X149.137 Y100.488 E565.77901
G0 F7200 X149.839 Y100.625
G1 F1800 X130.796 Y81.581 E567.57051
G0 F7200 X131.361 Y81.581
G1 F1800 X150.812 Y101.032 E569.40034
G1 X150.882 Y101.102
G0 F7200 X149.349 Y94.478
G1 F1800 X159.018 Y104.146 E570.30989
G0 F7200 X159.116 Y103.679
G1 F1800 X149.818 Y94.38 E571.18464
G0 F7200 X150.217 Y94.214
G1 F1800 X159.282 Y103.279 E572.03742
G0 F7200 X159.449 Y102.881
G1 F1800 X150.617 Y94.048 E572.86832
G0 F7200 X150.972 Y93.838
G1 F1800 X159.658 Y102.524 E573.68545
G0 F7200 X159.904 Y102.205
G1 F1800 X151.292 Y93.592 E574.49566
G0 F7200 X151.612 Y93.347
G1 F1800 X160.15 Y101.884 E575.29882
G0 F7200 X160.438 Y101.606
G1 F1800 X151.887 Y93.055 E576.10324
G0 F7200 X152.132 Y92.735
G1 F1800 X160.757 Y101.36 E576.91463
G0 F7200 X161.078 Y101.115
G1 F1800 X152.378 Y92.415 E577.73307
G0 F7200 X152.575 Y92.046
G1 F1800 X161.447 Y100.919 E578.56774
G0 F7200 X161.848 Y100.754
G1 F1800 X152.739 Y91.645 E579.42466
G0 F7200 X152.905 Y91.245
G1 F1800 X162.247 Y100.587 E580.3035
G0 F7200 X162.733 Y100.507
G1 F1800 X152.988 Y90.762 E581.22025
G0 F7200 X153.054 Y90.263
G1 F1800 X163.236 Y100.445 E582.17811
G0 F7200 X163.806 Y100.449
G1 F1800 X153.047 Y89.69 E583.19025
G0 F7200 X152.966 Y89.043
G1 F1800 X164.456 Y100.534 E584.27121
G1 X164.526 Y100.604
G0 F7200 X165.307 Y100.819
G1 F1800 X152.681 Y88.192 E585.45903
G1 X152.611 Y88.122
G0 F7200 X150.3 Y85.812
G1 F1800 X146.069 Y81.581 E585.85706
G0 F7200 X145.503 Y81.581
G1 F1800 X149.45 Y85.527 E586.22832
G0 F7200 X148.803 Y85.446
G1 F1800 X144.938 Y81.581 E586.59191
G0 F7200 X144.372 Y81.581
G1 F1800 X148.232 Y85.441 E586.95504
G0 F7200 X147.731 Y85.505
G1 F1800 X143.806 Y81.581 E587.32423
G0 F7200 X143.241 Y81.581
G1 F1800 X147.244 Y85.584 E587.70081
G0 F7200 X146.845 Y85.751
G1 F1800 X142.675 Y81.581 E588.0931
G0 F7200 X142.109 Y81.581
G1 F1800 X146.446 Y85.918 E588.5011
G0 F7200 X146.078 Y86.115
G1 F1800 X141.544 Y81.581 E588.92763
G0 F7200 X140.978 Y81.581
G1 F1800 X145.757 Y86.36 E589.37721
G0 F7200 X145.436 Y86.604
G1 F1800 X140.412 Y81.581 E589.84979
G0 F7200 X139.847 Y81.581
G1 F1800 X145.147 Y86.882 E590.34842
G0 F7200 X144.902 Y87.202
G1 F1800 X139.281 Y81.581 E590.87721
G0 F7200 X138.715 Y81.581
G1 F1800 X144.656 Y87.522 E591.43611
G0 F7200 X144.446 Y87.877
G1 F1800 X138.15 Y81.581 E592.0284
G0 F7200 X137.584 Y81.581
G1 F1800 X144.279 Y88.277 E592.65827
G0 F7200 X144.113 Y88.676
G1 F1800 X137.018 Y81.581 E593.32572
G0 F7200 X136.453 Y81.581
G1 F1800 X144.015 Y89.144 E594.03715
G0 F7200 X143.953 Y89.647
G1 F1800 X135.887 Y81.581 E594.79595
G0 F7200 X135.321 Y81.581
G1 F1800 X143.932 Y90.192 E595.60602
G0 F7200 X144.016 Y90.842
G1 F1800 X134.755 Y81.581 E596.47724
G0 F7200 X134.19 Y81.581
G1 F1800 X144.251 Y91.642 E597.42372
G1 X144.321 Y91.712
G0 F7200 X146.856 Y94.247
G1 F1800 X159.25 Y106.641 E598.58967
G1 X159.32 Y106.711
G0 F7200 X159.016 Y105.841
G1 F1800 X147.657 Y94.482 E599.65826
G0 F7200 X148.303 Y94.563
G1 F1800 X158.929 Y105.189 E600.65789
G0 F7200 X158.951 Y104.645
G1 F1800 X148.848 Y94.542 E601.60831
G1 X148.778 Y94.472
G0 F7200 X143.985 Y104.387
G1 F1800 X121.179 Y81.581 E603.75376
G0 F7200 X120.613 Y81.581
G1 F1800 X143.92 Y104.887 E605.94629
G0 F7200 X143.969 Y105.502
G1 F1800 X120.048 Y81.581 E608.19664
G0 F7200 X119.482 Y81.581
G1 F1800 X144.053 Y106.152 E610.50812
G1 X144.123 Y106.222
G1 F1500 E604.00812
;MESH:NONMESH
G0 F600 X144.123 Y106.222 Z2.2
G0 F7200 X136.918 Y102.81
G0 X88.93 Y80.966
G0 X87.835 Y80.966
G0 X82.677 Y80.966
;TIME_ELAPSED:2854.752986
;LAYER:5
;TYPE:SUPPORT
G1 F1500 E610.50812
G1 F3600 X82.677 Y73.459 E611.00749
G1 X82.271 Y73.771 E611.04155
G1 X81.507 Y74.768 E611.12511
G1 X81.027 Y75.931 E611.2088
G1 X80.863 Y77.172 E611.29207
G1 X81.027 Y78.413 E611.37534
G1 X81.507 Y79.577 E611.45909
G1 X82.24 Y80.53 E611.53907
G1 X85.134 Y83.423 E611.81127
G1 X85.344 Y83.595 E611.82933
G1 X85.344 Y72.406 E612.57363
G1 X85.672 Y72.363 E612.59563
G1 X86.913 Y72.527 E612.6789
G1 X88.011 Y72.98 E612.75791
G1 X88.011 Y79.504 E613.19189
G1 X88.415 Y79.1 E613.2299
G1 X92.947 Y79.1 E613.53137
G1 X92.965 Y79 E613.53812
G1 X92.995 Y79 E613.54012
G1 X92.99 Y78.8 E613.55343
G1 X93.162 Y78.8 E613.56487
G1 X92.664 Y77.593 E613.65172
G1 X91.936 Y76.647 E613.73113
G1 X90.678 Y75.389 E613.84947
G1 X90.678 Y79.1 E614.09633
G1 F1500 E607.59633
G0 F7200 X87.847 Y79.347
G0 X87.847 Y130.653
G0 X90.678 Y134.612
G1 F1500 E614.09633
G1 F3600 X90.678 Y130.9 E614.34325
G1 X92.942 Y130.9 E614.49386
G1 X92.998 Y131.2 E614.51416
G1 X93.162 Y131.2 E614.52507
G1 X92.664 Y132.407 E614.61192
G1 X91.936 Y133.353 E614.69133
G1 X89.03 Y136.26 E614.96475
G1 X88.011 Y137.044 E615.05028
G1 X88.011 Y130.496 E615.48585
G1 X87.6 Y130.085 E615.52452
G1 X87.6 Y125.561 E615.82545
G1 X87.5 Y125.543 E615.83221
G1 X87.5 Y125.496 E615.83534
G1 X87.3 Y125.515 E615.8487
G1 X87.3 Y125.368 E615.85848
G1 X86.657 Y125.561 E615.90314
G1 X85.826 Y126.008 E615.96591
G1 X85.344 Y126.404 E616.0074
G1 X85.344 Y137.593 E616.7517
G1 X84.431 Y137.473 E616.81295
G1 X83.268 Y136.993 E616.89665
G1 X82.271 Y136.229 E616.9802
G1 X81.507 Y135.232 E617.06376
G1 X81.027 Y134.069 E617.14745
G1 X80.863 Y132.828 E617.23072
G1 X81.027 Y131.587 E617.31399
G1 X81.507 Y130.423 E617.39774
G1 X82.24 Y129.47 E617.47772
G1 X82.677 Y129.033 E617.51883
G1 X82.677 Y136.54 E618.0182
G1 F1500 E611.5182
G0 F7200 X205.359 Y133.648
G1 F1500 E618.0182
G1 F3600 X205.359 Y130.9 E618.20099
G1 X204.053 Y130.9 E618.28787
G1 X204.035 Y131 E618.29463
G1 X204.005 Y131 E618.29662
G1 X204.01 Y131.2 E618.30993
G1 X203.838 Y131.2 E618.32137
G1 X204.336 Y132.407 E618.40823
G1 X205.064 Y133.353 E618.48763
G1 X208.026 Y136.316 E618.76633
G1 X208.026 Y130.9 E619.1266
G1 X208.585 Y130.9 E619.16379
G1 X209.4 Y130.085 E619.24046
G1 X209.4 Y125.558 E619.54159
G1 X209.7 Y125.502 E619.5619
G1 X209.7 Y125.338 E619.5728
G1 X210.693 Y125.748 E619.64427
G1 X210.693 Y137.553 E620.42954
G1 X211.328 Y137.637 E620.47215
G1 X212.569 Y137.473 E620.55542
G1 X213.36 Y137.147 E620.61233
G1 X213.36 Y128.071 E621.21607
G1 X214.76 Y129.47 E621.34772
G1 X215.493 Y130.423 E621.4277
G1 X215.973 Y131.587 E621.51145
G1 X216.027 Y131.996 E621.5389
G1 X216.027 Y133.661 E621.64965
G1 F1500 E615.14965
G0 F7200 X209.153 Y79.347
G0 X205.359 Y79.1
G1 F1500 E621.64965
G1 F3600 X205.359 Y76.351 E621.83252
G1 X205.064 Y76.647 E621.86032
G1 X204.336 Y77.593 E621.93972
G1 X203.838 Y78.8 E622.02658
G1 X204.002 Y78.8 E622.03749
G1 X204.058 Y79.1 E622.05779
G1 X208.026 Y79.1 E622.32174
G1 X208.026 Y73.696 E622.68121
G1 X208.923 Y73.007 E622.75645
G1 X210.087 Y72.527 E622.84021
G1 X210.693 Y72.446 E622.88088
G1 X210.693 Y84.253 E623.66628
G1 X210.907 Y84.164 E623.6817
G1 X211.853 Y83.436 E623.76111
G1 X213.36 Y81.93 E623.90283
G1 X213.36 Y72.854 E624.50657
G1 X213.732 Y73.007 E624.53332
G1 X214.729 Y73.771 E624.61688
G1 X215.493 Y74.768 E624.70043
G1 X215.973 Y75.931 E624.78412
G1 X216.027 Y76.34 E624.81157
G1 X216.027 Y78.005 E624.92232
G1 F1500 E618.42232
;MESH:manette_1-Body_(Meshed).stl
G0 F7200 X209.165 Y80.424
G0 X208.076 Y80.424
G0 X207.5 Y82
;TYPE:WALL-INNER
G1 F1500 E624.92232
G1 F3582.1 X207.498 Y128 E627.99755
G1 F3503.6 X207.491 Y128.174 E628.00946
G0 F7200 X207.195 Y128.696
G1 F3654.8 X206.67 Y128.993 E628.04898
G1 X207.514 Y129.014 E628.1043
G1 F3636.4 X207.491 Y128.174 E628.15964
G1 X207.195 Y128.696 E628.19916
G0 F7200 X206.922 Y128.424
G1 F3600 X206.585 Y128.6 E628.22445
G1 X90.5 Y128.597 E635.94645
G1 X90.076 Y128.422 E635.97696
G1 X89.9 Y128.085 E636.00225
G1 X89.9 Y82 E639.06784
G1 X90.075 Y81.575 E639.09841
G1 X90.411 Y81.4 E639.12362
G1 X206.5 Y81.4 E646.84589
G1 X206.924 Y81.576 E646.87642
G1 X207.1 Y82 E646.90696
G1 X207.096 Y128.089 E649.97282
G1 X206.922 Y128.424 E649.99793
G0 F7200 X206.67 Y128.993
G1 F3529.4 X206.496 Y129 E650.00974
G1 F3600 X148.498 Y128.999 E653.86778
G1 F3582.1 X90.5 Y128.998 E657.74512
G0 F7200 X89.804 Y128.696
G1 F3654.8 X89.507 Y128.17 E657.7847
G1 X89.487 Y129.013 E657.83995
G1 F3720.9 X90.5 Y128.998 E657.90515
G1 X89.804 Y128.696 E657.95398
G0 F7200 X89.507 Y128.17
G1 F3529.4 X89.5 Y127.996 E657.96579
G1 F3600 X89.5 Y82 E661.02546
G0 F7200 X89.803 Y81.303
G1 F3654.8 X90.326 Y81.007 E661.06484
G1 X89.486 Y80.986 E661.11989
G1 F3730.6 X89.5 Y82 E661.18499
G1 X89.803 Y81.303 E661.23378
G0 F7200 X90.326 Y81.007
G1 F3529.4 X90.5 Y81 E661.24559
G1 F3600 X206.5 Y81 E668.96194
G0 F7200 X207.197 Y81.303
G1 F3730.6 X207.5 Y82 E669.01073
G1 X207.514 Y80.986 E669.07583
G1 X206.5 Y81 E669.14092
G1 X207.197 Y81.303 E669.18971
G0 F7200 X207.198 Y81.091
G0 X207.62 Y129.12
G0 X207.9 Y129.4
G1 F3600 X207.9 Y80.6 E672.4359
G1 X89.101 Y80.601 E680.33844
G1 X89.101 Y129.399 E683.5845
G1 X207.9 Y129.4 E691.48704
G0 F7200 X208.3 Y129.8
;TYPE:WALL-OUTER
G1 F1800 X208.3 Y80.2 E694.78644
G1 X88.701 Y80.201 E702.7422
G1 X88.701 Y129.799 E706.04147
G1 X208.3 Y129.8 E713.99723
G0 F7200 X208.3 Y129.6
G0 X207.62 Y129.12
G0 X207.409 Y128.036
G0 X206.694 Y128.035
G1 F1800 X206.638 Y128.142 E714.00527
G1 X206.531 Y128.198 E714.0133
G1 X90.5 Y128.197 E721.73171
G1 X90.358 Y128.138 E721.74194
G1 X90.302 Y128.031 E721.74997
G1 X90.3 Y82 E724.81197
G1 X90.358 Y81.858 E724.82217
G1 X90.465 Y81.802 E724.83021
G1 X206.5 Y81.8 E732.54889
G1 X206.642 Y81.858 E732.55909
G1 X206.7 Y82 E732.56929
G1 X206.694 Y128.035 E735.63155
G0 F7200 X206.638 Y128.142
G0 X206.569 Y128.178
G1 F1500 E729.13155
;MESH:NONMESH
G0 F600 X206.569 Y128.178 Z2.6
G0 F7200 X206.568 Y128.909
G0 X90.062 Y128.437
G0 X90.054 Y81.575
G0 X82.677 Y80.966
;TIME_ELAPSED:2905.008369
;LAYER:6
;TYPE:SUPPORT
G1 F1500 E735.63155
G1 F3600 X82.677 Y73.459 E736.13092
G1 X82.271 Y73.771 E736.16498
G1 X81.507 Y74.768 E736.24854
G1 X81.027 Y75.931 E736.33223
G1 X80.863 Y77.172 E736.4155
G1 X81.027 Y78.413 E736.49877
G1 X81.507 Y79.577 E736.58252
G1 X82.24 Y80.53 E736.6625
G1 X85.134 Y83.423 E736.9347
G1 X85.344 Y83.595 E736.95276
G1 X85.344 Y72.406 E737.69705
G1 X85.672 Y72.363 E737.71906
G1 X86.913 Y72.527 E737.80233
G1 X88.011 Y72.98 E737.88134
G1 X88.011 Y79.504 E738.31532
G1 X88.415 Y79.1 E738.35332
G1 X92.947 Y79.1 E738.65479
G1 X92.965 Y79 E738.66155
G1 X92.995 Y79 E738.66355
G1 X92.99 Y78.8 E738.67686
G1 X93.162 Y78.8 E738.6883
G1 X92.664 Y77.593 E738.77515
G1 X91.936 Y76.647 E738.85456
G1 X90.678 Y75.389 E738.9729
G1 X90.678 Y79.1 E739.21976
G1 F1500 E732.71976
G0 F7200 X93.345 Y85.316
G1 F1500 E739.21976
G1 F3600 X93.046 Y85.614 E739.24784
G1 X92.684 Y85.888 E739.27804
G1 X91.869 Y86.225 E739.33671
G1 X91.599 Y86.261 E739.35483
G1 X91.599 Y86.054 E739.3686
G1 X91.4 Y85.739 E739.39338
G1 X91.4 Y82.9 E739.58223
G1 X93.345 Y82.9 E739.71161
G1 X94.227 Y82.9 E739.77029
G1 X94.518 Y83.083 E739.79315
G1 X94.67 Y83.09 E739.80327
G1 X94.59 Y83.628 E739.83946
G1 X94.462 Y84.006 E739.866
G1 X94.102 Y84.559 E739.9099
G1 X93.345 Y85.316 E739.98111
G1 X93.345 Y82.9 E740.14182
G1 F1500 E733.64182
G0 F7200 X93.345 Y124.683
G1 F1500 E740.14182
G1 F3600 X94.094 Y125.432 E740.21228
G1 X94.388 Y125.814 E740.24435
G1 X94.725 Y126.631 E740.30314
G1 X94.761 Y126.9 E740.32119
G1 X94.608 Y126.9 E740.33137
G1 X94.291 Y127.1 E740.3563
G1 X93.345 Y127.1 E740.41923
G1 X91.4 Y127.1 E740.54861
G1 X91.4 Y124.295 E740.7352
G1 X91.6 Y124.032 E740.75718
G1 X91.6 Y123.839 E740.77002
G1 X92.078 Y123.899 E740.80207
G1 X92.452 Y124.018 E740.82817
G1 X93.06 Y124.398 E740.87587
G1 X93.345 Y124.683 E740.90268
G1 X93.345 Y127.1 E741.06346
G1 F1500 E734.56346
G0 F7200 X90.678 Y134.612
G1 F1500 E741.06346
G1 F3600 X90.678 Y130.9 E741.31038
G1 X92.942 Y130.9 E741.46098
G1 X92.998 Y131.2 E741.48128
G1 X93.162 Y131.2 E741.49219
G1 X92.664 Y132.407 E741.57905
G1 X91.936 Y133.353 E741.65845
G1 X89.03 Y136.26 E741.93188
G1 X88.011 Y137.044 E742.0174
G1 X88.011 Y130.496 E742.45298
G1 X87.6 Y130.085 E742.49164
G1 X87.6 Y125.561 E742.79258
G1 X87.5 Y125.543 E742.79934
G1 X87.5 Y125.496 E742.80247
G1 X87.3 Y125.515 E742.81583
G1 X87.3 Y125.368 E742.82561
G1 X86.657 Y125.561 E742.87027
G1 X85.826 Y126.008 E742.93303
G1 X85.344 Y126.404 E742.97453
G1 X85.344 Y137.593 E743.71883
G1 X84.431 Y137.473 E743.78008
G1 X83.268 Y136.993 E743.86377
G1 X82.271 Y136.229 E743.94733
G1 X81.507 Y135.232 E744.03088
G1 X81.027 Y134.069 E744.11458
G1 X80.863 Y132.828 E744.19784
G1 X81.027 Y131.587 E744.28111
G1 X81.507 Y130.423 E744.36487
G1 X82.24 Y129.47 E744.44485
G1 X82.677 Y129.033 E744.48596
G1 X82.677 Y136.54 E744.98532
G1 F1500 E738.48532
G0 F7200 X202.692 Y127.049
G1 F1500 E744.98532
G1 F3600 X202.692 Y125.753 E745.07153
G1 X202.872 Y125.466 E745.09407
G1 X204.034 Y124.304 E745.20338
G1 X204.556 Y124.013 E745.24314
G1 X205.131 Y123.775 E745.28453
G1 X205.401 Y123.739 E745.30265
G1 X205.401 Y123.892 E745.31283
G1 X205.6 Y124.213 E745.33795
G1 X205.6 Y127.1 E745.53
G1 X205.359 Y127.1 E745.54603
G1 X205.359 Y123.744 E745.76927
G1 F1500 E739.26927
G0 F7200 X205.359 Y133.648
G1 F1500 E745.76927
G1 F3600 X205.359 Y130.9 E745.95207
G1 X204.053 Y130.9 E746.03894
G1 X204.035 Y131 E746.0457
G1 X204.005 Y131 E746.0477
G1 X204.01 Y131.2 E746.06101
G1 X203.838 Y131.2 E746.07245
G1 X204.336 Y132.407 E746.1593
G1 X205.064 Y133.353 E746.23871
G1 X208.026 Y136.316 E746.5174
G1 X208.026 Y130.9 E746.87768
G1 X208.585 Y130.9 E746.91486
G1 X209.4 Y130.085 E746.99153
G1 X209.4 Y125.558 E747.29267
G1 X209.7 Y125.502 E747.31297
G1 X209.7 Y125.338 E747.32388
G1 X210.693 Y125.748 E747.39534
G1 X210.693 Y137.553 E748.18061
G1 X211.328 Y137.637 E748.22322
G1 X212.569 Y137.473 E748.30649
G1 X213.36 Y137.147 E748.3634
G1 X213.36 Y128.071 E748.96714
G1 X214.76 Y129.47 E749.0988
G1 X215.493 Y130.423 E749.17877
G1 X215.973 Y131.587 E749.26253
G1 X216.027 Y131.996 E749.28997
G1 X216.027 Y133.661 E749.40073
G1 F1500 E742.90073
G0 F7200 X202.692 Y84.284
G1 F1500 E749.40073
G1 F3600 X202.692 Y82.9 E749.49279
G1 X205.6 Y82.9 E749.68623
G1 X205.6 Y85.697 E749.87229
G1 X205.417 Y85.95 E749.89306
G1 X205.407 Y86.162 E749.90718
G1 X205.359 Y86.154 E749.91042
G1 X205.359 Y82.9 E750.12687
G1 F1500 E743.62687
G0 F7200 X205.359 Y79.1
G1 F1500 E750.12687
G1 F3600 X205.359 Y76.351 E750.30974
G1 X205.064 Y76.647 E750.33754
G1 X204.336 Y77.593 E750.41694
G1 X203.838 Y78.8 E750.5038
G1 X204.002 Y78.8 E750.51471
G1 X204.058 Y79.1 E750.53501
G1 X208.026 Y79.1 E750.79896
G1 X208.026 Y73.696 E751.15843
G1 X208.923 Y73.007 E751.23367
G1 X210.087 Y72.527 E751.31743
G1 X210.693 Y72.446 E751.3581
G1 X210.693 Y84.253 E752.1435
G1 X210.907 Y84.164 E752.15892
G1 X211.853 Y83.436 E752.23833
G1 X213.36 Y81.93 E752.38005
G1 X213.36 Y72.854 E752.98379
G1 X213.732 Y73.007 E753.01054
G1 X214.729 Y73.771 E753.0941
G1 X215.493 Y74.768 E753.17765
G1 X215.973 Y75.931 E753.26134
G1 X216.027 Y76.34 E753.28879
G1 X216.027 Y78.005 E753.39954
G1 F1500 E746.89954
;MESH:manette_1-Body_(Meshed).stl
G0 F7200 X209.165 Y80.424
G0 X208.076 Y80.424
G0 X207.5 Y82
;TYPE:WALL-INNER
G1 F1500 E753.39954
G1 F3600 X207.5 Y128 E756.45948
G1 F3538.1 X207.493 Y128.174 E756.47126
G0 F7200 X207.197 Y128.697
G1 F3654.8 X206.674 Y128.993 E756.51064
G1 X207.514 Y129.014 E756.56569
G1 F3664.1 X207.493 Y128.174 E756.62061
G1 X207.197 Y128.697 E756.65989
G0 F7200 X206.924 Y128.424
G1 F3600 X206.589 Y128.6 E756.68506
G1 X90.5 Y128.6 E764.40733
G1 X90.075 Y128.425 E764.4379
G1 X89.9 Y128.089 E764.4631
G1 X89.9 Y82 E767.52896
G1 X90.075 Y81.575 E767.55953
G1 X90.411 Y81.4 E767.58473
G1 X206.5 Y81.4 E775.307
G1 X206.924 Y81.576 E775.33754
G1 X207.1 Y82 E775.36808
G1 X207.1 Y128.089 E778.43393
G1 X206.924 Y128.424 E778.45911
G0 F7200 X206.674 Y128.993
G1 F3529.4 X206.5 Y129 E778.47092
G1 F3600 X90.5 Y129 E786.18727
G0 F7200 X89.803 Y128.697
G1 F3654.8 X89.507 Y128.174 E786.22665
G1 X89.486 Y129.014 E786.2817
G1 F3730.6 X90.5 Y129 E786.3468
G1 X89.803 Y128.697 E786.39559
G0 F7200 X89.507 Y128.174
G1 F3529.4 X89.5 Y128 E786.4074
G1 F3600 X89.5 Y82 E789.46734
G0 F7200 X89.803 Y81.303
G1 F3654.8 X90.326 Y81.007 E789.50671
G1 X89.486 Y80.986 E789.56177
G1 F3730.6 X89.5 Y82 E789.62686
G1 X89.803 Y81.303 E789.67565
G0 F7200 X90.326 Y81.007
G1 F3529.4 X90.5 Y81 E789.68747
G1 F3600 X206.5 Y81 E797.40382
G0 F7200 X207.197 Y81.303
G1 F3730.6 X207.5 Y82 E797.4526
G1 X207.514 Y80.986 E797.5177
G1 X206.5 Y81 E797.5828
G1 X207.197 Y81.303 E797.63159
G0 F7200 X207.197 Y81.09
G0 X207.62 Y129.12
G0 X207.9 Y129.4
G1 F3600 X207.9 Y80.6 E800.87777
G1 X89.101 Y80.601 E808.78032
G1 X89.101 Y129.399 E812.02637
G1 X207.9 Y129.4 E819.92891
G0 F7200 X208.3 Y129.8
;TYPE:WALL-OUTER
G1 F1800 X208.3 Y80.2 E823.22832
G1 X88.701 Y80.201 E831.18408
G1 X88.701 Y129.799 E834.48335
G1 X208.3 Y129.8 E842.43911
G0 F7200 X208.3 Y129.6
G0 X207.62 Y129.12
G0 X207.41 Y128.035
G0 X206.698 Y128.035
G1 F1800 X206.642 Y128.142 E842.44714
G1 X206.535 Y128.198 E842.45517
G1 X90.5 Y128.2 E850.17385
G1 X90.358 Y128.142 E850.18406
G1 X90.302 Y128.035 E850.19209
G1 X90.3 Y82 E853.25435
G1 X90.358 Y81.858 E853.26456
G1 X90.465 Y81.802 E853.27259
G1 X206.5 Y81.8 E860.99127
G1 X206.642 Y81.858 E861.00147
G1 X206.7 Y82 E861.01168
G1 X206.698 Y128.035 E864.07394
G0 F7200 X206.642 Y128.142
G0 X206.573 Y128.178
G1 F1500 E857.57394
;MESH:NONMESH
G0 F600 X206.573 Y128.178 Z3
G0 F7200 X206.573 Y128.91
G0 X90.062 Y128.438
G0 X90.053 Y81.575
G0 X82.677 Y80.966
;TIME_ELAPSED:2958.427777
;LAYER:7
;TYPE:SUPPORT
G1 F1500 E864.07394
G1 F3600 X82.677 Y73.459 E864.5733
G1 X82.271 Y73.771 E864.60736
G1 X81.507 Y74.768 E864.69092
G1 X81.027 Y75.931 E864.77461
G1 X80.863 Y77.172 E864.85788
G1 X81.027 Y78.413 E864.94115
G1 X81.507 Y79.577 E865.0249
G1 X82.24 Y80.53 E865.10488
G1 X85.134 Y83.423 E865.37708
G1 X85.344 Y83.595 E865.39514
G1 X85.344 Y72.406 E866.13944
G1 X85.672 Y72.363 E866.16144
G1 X86.913 Y72.527 E866.24471
G1 X88.011 Y72.98 E866.32372
G1 X88.011 Y79.504 E866.7577
G1 X88.415 Y79.1 E866.79571
G1 X92.947 Y79.1 E867.09718
G1 X92.965 Y79 E867.10393
G1 X92.995 Y79 E867.10593
G1 X92.99 Y78.8 E867.11924
G1 X93.162 Y78.8 E867.13068
G1 X92.664 Y77.593 E867.21754
G1 X91.936 Y76.647 E867.29694
G1 X90.678 Y75.389 E867.41529
G1 X90.678 Y79.1 E867.66214
G1 F1500 E861.16214
G0 F7200 X93.345 Y85.316
G1 F1500 E867.66214
G1 F3600 X93.046 Y85.614 E867.69022
G1 X92.684 Y85.888 E867.72042
G1 X91.869 Y86.225 E867.77909
G1 X91.599 Y86.261 E867.79721
G1 X91.599 Y86.054 E867.81098
G1 X91.4 Y85.739 E867.83576
G1 X91.4 Y82.9 E868.02461
G1 X93.345 Y82.9 E868.154
G1 X94.227 Y82.9 E868.21267
G1 X94.519 Y83.084 E868.23563
G1 X94.67 Y83.09 E868.24568
G1 X94.59 Y83.628 E868.28186
G1 X94.462 Y84.006 E868.30841
G1 X94.102 Y84.559 E868.3523
G1 X93.345 Y85.316 E868.42351
G1 X93.345 Y82.9 E868.58423
G1 F1500 E862.08423
G0 F7200 X93.345 Y124.683
G1 F1500 E868.58423
G1 F3600 X94.094 Y125.432 E868.65469
G1 X94.388 Y125.814 E868.68675
G1 X94.725 Y126.631 E868.74554
G1 X94.761 Y126.9 E868.7636
G1 X94.608 Y126.9 E868.77377
G1 X94.291 Y127.1 E868.79871
G1 X93.345 Y127.1 E868.86164
G1 X91.4 Y127.1 E868.99102
G1 X91.4 Y124.295 E869.17761
G1 X91.6 Y124.032 E869.19959
G1 X91.6 Y123.839 E869.21242
G1 X92.078 Y123.899 E869.24447
G1 X92.452 Y124.018 E869.27058
G1 X93.06 Y124.398 E869.31827
G1 X93.345 Y124.683 E869.34508
G1 X93.345 Y127.1 E869.50586
G1 F1500 E863.00586
G0 F7200 X90.678 Y134.612
G1 F1500 E869.50586
G1 F3600 X90.678 Y130.9 E869.75279
G1 X92.942 Y130.9 E869.90339
G1 X92.998 Y131.2 E869.92369
G1 X93.162 Y131.2 E869.9346
G1 X92.664 Y132.407 E870.02145
G1 X91.936 Y133.353 E870.10086
G1 X89.03 Y136.26 E870.37428
G1 X88.011 Y137.044 E870.45981
G1 X88.011 Y130.496 E870.89538
G1 X87.6 Y130.085 E870.93405
G1 X87.6 Y125.561 E871.23499
G1 X87.5 Y125.543 E871.24174
G1 X87.5 Y125.496 E871.24487
G1 X87.3 Y125.515 E871.25823
G1 X87.3 Y125.368 E871.26801
G1 X86.657 Y125.561 E871.31267
G1 X85.826 Y126.008 E871.37544
G1 X85.344 Y126.404 E871.41694
G1 X85.344 Y137.593 E872.16123
G1 X84.431 Y137.473 E872.22249
G1 X83.268 Y136.993 E872.30618
G1 X82.271 Y136.229 E872.38973
G1 X81.507 Y135.232 E872.47329
G1 X81.027 Y134.069 E872.55698
G1 X80.863 Y132.828 E872.64025
G1 X81.027 Y131.587 E872.72352
G1 X81.507 Y130.423 E872.80727
G1 X82.24 Y129.47 E872.88725
G1 X82.677 Y129.033 E872.92836
G1 X82.677 Y136.54 E873.42773
G1 F1500 E866.92773
G0 F7200 X202.692 Y127.049
G1 F1500 E873.42773
G1 F3600 X202.692 Y125.753 E873.51394
G1 X202.872 Y125.466 E873.53647
G1 X204.034 Y124.304 E873.64579
G1 X204.556 Y124.013 E873.68554
G1 X205.131 Y123.775 E873.72694
G1 X205.401 Y123.739 E873.74506
G1 X205.401 Y123.892 E873.75524
G1 X205.6 Y124.213 E873.78036
G1 X205.6 Y127.1 E873.9724
G1 X205.359 Y127.1 E873.98843
G1 X205.359 Y123.744 E874.21168
G1 F1500 E867.71168
G0 F7200 X205.359 Y133.648
G1 F1500 E874.21168
G1 F3600 X205.359 Y130.9 E874.39447
G1 X204.053 Y130.9 E874.48135
G1 X204.035 Y131 E874.48811
G1 X204.005 Y131 E874.4901
G1 X204.01 Y131.2 E874.50341
G1 X203.838 Y131.2 E874.51485
G1 X204.336 Y132.407 E874.60171
G1 X205.064 Y133.353 E874.68111
G1 X208.026 Y136.316 E874.95981
G1 X208.026 Y130.9 E875.32008
G1 X208.585 Y130.9 E875.35727
G1 X209.4 Y130.085 E875.43394
G1 X209.4 Y125.558 E875.73507
G1 X209.7 Y125.502 E875.75537
G1 X209.7 Y125.338 E875.76628
G1 X210.693 Y125.748 E875.83775
G1 X210.693 Y137.553 E876.62302
G1 X211.328 Y137.637 E876.66563
G1 X212.569 Y137.473 E876.7489
G1 X213.36 Y137.147 E876.80581
G1 X213.36 Y128.071 E877.40955
G1 X214.76 Y129.47 E877.5412
G1 X215.493 Y130.423 E877.62118
G1 X215.973 Y131.587 E877.70493
G1 X216.027 Y131.996 E877.73238
G1 X216.027 Y133.661 E877.84313
G1 F1500 E871.34313
G0 F7200 X202.692 Y84.284
G1 F1500 E877.84313
G1 F3600 X202.692 Y82.9 E877.9352
G1 X205.6 Y82.9 E878.12864
G1 X205.6 Y85.705 E878.31523
G1 X205.416 Y86.001 E878.33841
G1 X205.411 Y86.163 E878.34919
G1 X205.359 Y86.154 E878.3527
G1 X205.359 Y82.9 E878.56916
G1 F1500 E872.06916
G0 F7200 X205.359 Y79.1
G1 F1500 E878.56916
G1 F3600 X205.359 Y76.351 E878.75202
G1 X205.064 Y76.647 E878.77982
G1 X204.336 Y77.593 E878.85923
G1 X203.838 Y78.8 E878.94608
G1 X204.002 Y78.8 E878.95699
G1 X204.058 Y79.1 E878.97729
G1 X208.026 Y79.1 E879.24125
G1 X208.026 Y73.696 E879.60072
G1 X208.923 Y73.007 E879.67596
G1 X210.087 Y72.527 E879.75972
G1 X210.693 Y72.446 E879.80039
G1 X210.693 Y84.253 E880.58579
G1 X210.907 Y84.164 E880.60121
G1 X211.853 Y83.436 E880.68061
G1 X213.36 Y81.93 E880.82233
G1 X213.36 Y72.854 E881.42607
G1 X213.732 Y73.007 E881.45283
G1 X214.729 Y73.771 E881.53638
G1 X215.493 Y74.768 E881.61994
G1 X215.973 Y75.931 E881.70363
G1 X216.027 Y76.34 E881.73107
G1 X216.027 Y78.005 E881.84183
G1 F1500 E875.34183
;MESH:manette_1-Body_(Meshed).stl
G0 F7200 X209.165 Y80.424
G0 X208.076 Y80.424
G0 X207.5 Y82
;TYPE:WALL-INNER
G1 F1500 E881.84183
G1 F3600 X207.5 Y128 E884.90176
G1 F3538.1 X207.493 Y128.174 E884.91355
G0 F7200 X207.197 Y128.697
G1 F3654.8 X206.674 Y128.993 E884.95292
G1 X207.514 Y129.014 E885.00798
G1 F3664.1 X207.493 Y128.174 E885.0629
G1 X207.197 Y128.697 E885.10217
G0 F7200 X206.924 Y128.424
G1 F3600 X206.589 Y128.6 E885.12735
G1 X90.5 Y128.6 E892.84962
G1 X90.075 Y128.425 E892.88019
G1 X89.9 Y128.089 E892.90539
G1 X89.9 Y82 E895.97124
G1 X90.075 Y81.575 E896.00182
G1 X90.411 Y81.4 E896.02702
G1 X206.5 Y81.4 E903.74929
G1 X206.924 Y81.576 E903.77983
G1 X207.1 Y82 E903.81037
G1 X207.1 Y128.089 E906.87622
G1 X206.924 Y128.424 E906.90139
G0 F7200 X206.674 Y128.993
G1 F3529.4 X206.5 Y129 E906.91321
G1 F3600 X90.5 Y129 E914.62956
G0 F7200 X89.803 Y128.697
G1 F3654.8 X89.507 Y128.174 E914.66893
G1 X89.486 Y129.014 E914.72399
G1 F3730.6 X90.5 Y129 E914.78909
G1 X89.803 Y128.697 E914.83787
G0 F7200 X89.507 Y128.174
G1 F3529.4 X89.5 Y128 E914.84969
G1 F3600 X89.5 Y82 E917.90962
G0 F7200 X89.803 Y81.303
G1 F3654.8 X90.326 Y81.007 E917.949
G1 X89.486 Y80.986 E918.00405
G1 F3730.6 X89.5 Y82 E918.06915
G1 X89.803 Y81.303 E918.11794
G0 F7200 X90.326 Y81.007
G1 F3529.4 X90.5 Y81 E918.12975
G1 F3600 X206.5 Y81 E925.84611
G0 F7200 X207.197 Y81.303
G1 F3730.6 X207.5 Y82 E925.89489
G1 X207.514 Y80.986 E925.95999
G1 X206.5 Y81 E926.02509
G1 X207.197 Y81.303 E926.07387
G0 F7200 X207.197 Y81.09
G0 X207.62 Y129.12
G0 X207.9 Y129.4
G1 F3600 X207.9 Y80.6 E929.32006
G1 X89.101 Y80.601 E937.2226
G1 X89.101 Y129.399 E940.46866
G1 X207.9 Y129.4 E948.3712
G0 F7200 X208.3 Y129.8
;TYPE:WALL-OUTER
G1 F1800 X208.3 Y80.2 E951.67061
G1 X88.701 Y80.201 E959.62636
G1 X88.701 Y129.799 E962.92564
G1 X208.3 Y129.8 E970.88139
G0 F7200 X208.3 Y129.6
G0 X207.62 Y129.12
G0 X207.41 Y128.035
G0 X206.698 Y128.035
G1 F1800 X206.642 Y128.142 E970.88943
G1 X206.535 Y128.198 E970.89746
G1 X90.5 Y128.2 E978.61614
G1 X90.358 Y128.142 E978.62634
G1 X90.302 Y128.035 E978.63438
G1 X90.3 Y82 E981.69664
G1 X90.358 Y81.858 E981.70684
G1 X90.465 Y81.802 E981.71488
G1 X206.5 Y81.8 E989.43356
G1 X206.642 Y81.858 E989.44376
G1 X206.7 Y82 E989.45396
G1 X206.698 Y128.035 E992.51622
G0 F7200 X206.642 Y128.142
G0 X206.573 Y128.178
G1 F1500 E986.01622
;MESH:NONMESH
G0 F600 X206.573 Y128.178 Z3.4
G0 F7200 X206.573 Y128.91
G0 X90.062 Y128.438
G0 X90.053 Y81.575
G0 X82.677 Y80.966
;TIME_ELAPSED:3011.845972
;LAYER:8
;TYPE:SUPPORT
G1 F1500 E992.51622
G1 F3600 X82.677 Y73.459 E993.01559
G1 X82.271 Y73.771 E993.04965
G1 X81.507 Y74.768 E993.13321
G1 X81.027 Y75.931 E993.2169
G1 X80.863 Y77.172 E993.30017
G1 X81.027 Y78.413 E993.38344
G1 X81.507 Y79.577 E993.46719
G1 X82.24 Y80.53 E993.54717
G1 X85.134 Y83.423 E993.81937
G1 X85.344 Y83.595 E993.83743
G1 X85.344 Y72.406 E994.58172
G1 X85.672 Y72.363 E994.60373
G1 X86.913 Y72.527 E994.687
G1 X88.011 Y72.98 E994.76601
G1 X88.011 Y79.504 E995.19999
G1 X88.415 Y79.1 E995.23799
G1 X92.947 Y79.1 E995.53946
G1 X92.965 Y79 E995.54622
G1 X92.995 Y79 E995.54822
G1 X92.99 Y78.8 E995.56153
G1 X93.162 Y78.8 E995.57297
G1 X92.664 Y77.593 E995.65982
G1 X91.936 Y76.647 E995.73923
G1 X90.678 Y75.389 E995.85757
G1 X90.678 Y79.1 E996.10443
G1 F1500 E989.60443
G0 F7200 X93.345 Y85.316
G1 F1500 E996.10443
G1 F3600 X93.046 Y85.614 E996.13251
G1 X92.684 Y85.888 E996.16271
G1 X91.869 Y86.225 E996.22138
G1 X91.599 Y86.261 E996.2395
G1 X91.599 Y86.054 E996.25327
G1 X91.4 Y85.739 E996.27805
G1 X91.4 Y82.9 E996.4669
G1 X93.345 Y82.9 E996.59628
G1 X94.228 Y82.9 E996.65502
G1 X94.516 Y83.084 E996.67776
G1 X94.67 Y83.09 E996.68801
G1 X94.59 Y83.628 E996.72419
G1 X94.462 Y84.006 E996.75074
G1 X94.102 Y84.559 E996.79463
G1 X93.345 Y85.316 E996.86584
G1 X93.345 Y82.9 E997.02656
G1 F1500 E990.52656
G0 F7200 X93.345 Y124.683
G1 F1500 E997.02656
G1 F3600 X94.094 Y125.432 E997.09702
G1 X94.388 Y125.814 E997.12908
G1 X94.725 Y126.631 E997.18787
G1 X94.761 Y126.9 E997.20593
G1 X94.608 Y126.9 E997.2161
G1 X94.291 Y127.1 E997.24104
G1 X93.345 Y127.1 E997.30396
G1 X91.4 Y127.1 E997.43335
G1 X91.4 Y124.297 E997.6198
G1 X91.6 Y124.03 E997.64199
G1 X91.6 Y123.839 E997.6547
G1 X92.078 Y123.899 E997.68675
G1 X92.452 Y124.018 E997.71285
G1 X93.06 Y124.398 E997.76055
G1 X93.345 Y124.683 E997.78736
G1 X93.345 Y127.1 E997.94814
G1 F1500 E991.44814
G0 F7200 X90.678 Y134.612
G1 F1500 E997.94814
G1 F3600 X90.678 Y130.9 E998.19506
G1 X92.942 Y130.9 E998.34566
G1 X92.998 Y131.2 E998.36596
G1 X93.162 Y131.2 E998.37687
G1 X92.664 Y132.407 E998.46373
G1 X91.936 Y133.353 E998.54313
G1 X89.03 Y136.26 E998.81656
G1 X88.011 Y137.044 E998.90208
G1 X88.011 Y130.496 E999.33766
G1 X87.6 Y130.085 E999.37632
G1 X87.6 Y125.561 E999.67726
G1 X87.5 Y125.543 E999.68402
G1 X87.5 Y125.496 E999.68715
G1 X87.3 Y125.515 E999.70051
G1 X87.3 Y125.368 E999.71029
G1 X86.657 Y125.561 E999.75495
G1 X85.826 Y126.008 E999.81771
G1 X85.344 Y126.404 E999.85921
G1 X85.344 Y137.593 E1000.60351
G1 X84.431 Y137.473 E1000.66476
G1 X83.268 Y136.993 E1000.74845
G1 X82.271 Y136.229 E1000.83201
G1 X81.507 Y135.232 E1000.91556
G1 X81.027 Y134.069 E1000.99925
G1 X80.863 Y132.828 E1001.08252
G1 X81.027 Y131.587 E1001.16579
G1 X81.507 Y130.423 E1001.24955
G1 X82.24 Y129.47 E1001.32952
G1 X82.677 Y129.033 E1001.37063
G1 X82.677 Y136.54 E1001.87
G1 F1500 E995.37
G0 F7200 X202.692 Y127.049
G1 F1500 E1001.87
G1 F3600 X202.692 Y125.753 E1001.95621
G1 X202.872 Y125.466 E1001.97875
G1 X204.034 Y124.304 E1002.08806
G1 X204.556 Y124.013 E1002.12782
G1 X205.131 Y123.775 E1002.16921
G1 X205.401 Y123.739 E1002.18733
G1 X205.401 Y123.893 E1002.19758
G1 X205.6 Y124.214 E1002.2227
G1 X205.6 Y127.1 E1002.41468
G1 X205.359 Y127.1 E1002.43071
G1 X205.359 Y123.744 E1002.65395
G1 F1500 E996.15395
G0 F7200 X205.359 Y133.648
G1 F1500 E1002.65395
G1 F3600 X205.359 Y130.9 E1002.83675
G1 X204.053 Y130.9 E1002.92362
G1 X204.035 Y131 E1002.93038
G1 X204.005 Y131 E1002.93238
G1 X204.01 Y131.2 E1002.94569
G1 X203.838 Y131.2 E1002.95713
G1 X204.336 Y132.407 E1003.04398
G1 X205.064 Y133.353 E1003.12339
G1 X208.026 Y136.316 E1003.40208
G1 X208.026 Y130.9 E1003.76236
G1 X208.585 Y130.9 E1003.79954
G1 X209.4 Y130.085 E1003.87621
G1 X209.4 Y125.558 E1004.17735
G1 X209.7 Y125.502 E1004.19765
G1 X209.7 Y125.338 E1004.20856
G1 X210.693 Y125.748 E1004.28002
G1 X210.693 Y137.553 E1005.06529
G1 X211.328 Y137.637 E1005.1079
G1 X212.569 Y137.473 E1005.19117
G1 X213.36 Y137.147 E1005.24808
G1 X213.36 Y128.071 E1005.85182
G1 X214.76 Y129.47 E1005.98348
G1 X215.493 Y130.423 E1006.06345
G1 X215.973 Y131.587 E1006.14721
G1 X216.027 Y131.996 E1006.17465
G1 X216.027 Y133.661 E1006.28541
G1 F1500 E999.78541
G0 F7200 X202.692 Y84.284
G1 F1500 E1006.28541
G1 F3600 X202.692 Y82.9 E1006.37747
G1 X205.6 Y82.9 E1006.57091
G1 X205.6 Y85.697 E1006.75697
G1 X205.416 Y86.002 E1006.78066
G1 X205.411 Y86.163 E1006.79138
G1 X205.359 Y86.154 E1006.79489
G1 X205.359 Y82.9 E1007.01135
G1 F1500 E1000.51135
G0 F7200 X205.359 Y79.1
G1 F1500 E1007.01135
G1 F3600 X205.359 Y76.351 E1007.19421
G1 X205.064 Y76.647 E1007.22201
G1 X204.336 Y77.593 E1007.30141
G1 X203.838 Y78.8 E1007.38827
G1 X204.002 Y78.8 E1007.39918
G1 X204.058 Y79.1 E1007.41948
G1 X208.026 Y79.1 E1007.68343
G1 X208.026 Y73.696 E1008.04291
G1 X208.923 Y73.007 E1008.11815
G1 X210.087 Y72.527 E1008.2019
G1 X210.693 Y72.446 E1008.24257
G1 X210.693 Y84.253 E1009.02798
G1 X210.907 Y84.164 E1009.04339
G1 X211.853 Y83.436 E1009.1228
G1 X213.36 Y81.93 E1009.26452
G1 X213.36 Y72.854 E1009.86826
G1 X213.732 Y73.007 E1009.89502
G1 X214.729 Y73.771 E1009.97857
G1 X215.493 Y74.768 E1010.06212
G1 X215.973 Y75.931 E1010.14582
G1 X216.027 Y76.34 E1010.17326
G1 X216.027 Y78.005 E1010.28402
G1 F1500 E1003.78402
;MESH:manette_1-Body_(Meshed).stl
G0 F7200 X209.165 Y80.424
G0 X208.076 Y80.424
G0 X207.5 Y82
;TYPE:WALL-INNER
G1 F1500 E1010.28402
G1 F3600 X207.5 Y128 E1013.34395
G1 F3538.1 X207.493 Y128.174 E1013.35574
G0 F7200 X207.197 Y128.697
G1 F3654.8 X206.674 Y128.993 E1013.39511
G1 X207.514 Y129.014 E1013.45017
G1 F3664.1 X207.493 Y128.174 E1013.50508
G1 X207.197 Y128.697 E1013.54436
G0 F7200 X206.924 Y128.424
G1 F3600 X206.589 Y128.6 E1013.56953
G1 X90.5 Y128.6 E1021.2918
G1 X90.075 Y128.425 E1021.32238
G1 X89.9 Y128.089 E1021.34758
G1 X89.9 Y82 E1024.41343
G1 X90.075 Y81.575 E1024.44401
G1 X90.411 Y81.4 E1024.46921
G1 X206.5 Y81.4 E1032.19148
G1 X206.924 Y81.576 E1032.22202
G1 X207.1 Y82 E1032.25255
G1 X207.1 Y128.089 E1035.31841
G1 X206.924 Y128.424 E1035.34358
G0 F7200 X206.674 Y128.993
G1 F3529.4 X206.5 Y129 E1035.35539
G1 F3600 X90.5 Y129 E1043.07175
G0 F7200 X89.803 Y128.697
G1 F3654.8 X89.507 Y128.174 E1043.11112
G1 X89.486 Y129.014 E1043.16618
G1 F3730.6 X90.5 Y129 E1043.23127
G1 X89.803 Y128.697 E1043.28006
G0 F7200 X89.507 Y128.174
G1 F3529.4 X89.5 Y128 E1043.29188
G1 F3600 X89.5 Y82 E1046.35181
G0 F7200 X89.803 Y81.303
G1 F3654.8 X90.326 Y81.007 E1046.39119
G1 X89.486 Y80.986 E1046.44624
G1 F3730.6 X89.5 Y82 E1046.51134
G1 X89.803 Y81.303 E1046.56012
G0 F7200 X90.326 Y81.007
G1 F3529.4 X90.5 Y81 E1046.57194
G1 F3600 X206.5 Y81 E1054.28829
G0 F7200 X207.197 Y81.303
G1 F3730.6 X207.5 Y82 E1054.33708
G1 X207.514 Y80.986 E1054.40218
G1 X206.5 Y81 E1054.46727
G1 X207.197 Y81.303 E1054.51606
G0 F7200 X207.197 Y81.09
G0 X207.62 Y129.12
G0 X207.9 Y129.4
G1 F3600 X207.9 Y80.6 E1057.76225
G1 X89.101 Y80.601 E1065.66479
G1 X89.101 Y129.399 E1068.91085
G1 X207.9 Y129.4 E1076.81339
G0 F7200 X208.3 Y129.8
;TYPE:WALL-OUTER
G1 F1800 X208.3 Y80.2 E1080.11279
G1 X88.701 Y80.201 E1088.06855
G1 X88.701 Y129.799 E1091.36782
G1 X208.3 Y129.8 E1099.32358
G0 F7200 X208.3 Y129.6
G0 X207.62 Y129.12
G0 X207.41 Y128.035
G0 X206.698 Y128.035
G1 F1800 X206.642 Y128.142 E1099.33161
G1 X206.535 Y128.198 E1099.33965
G1 X90.5 Y128.2 E1107.05833
G1 X90.358 Y128.142 E1107.06853
G1 X90.302 Y128.035 E1107.07656
G1 X90.3 Y82 E1110.13883
G1 X90.358 Y81.858 E1110.14903
G1 X90.465 Y81.802 E1110.15706
G1 X206.5 Y81.8 E1117.87574
G1 X206.642 Y81.858 E1117.88595
G1 X206.7 Y82 E1117.89615
G1 X206.698 Y128.035 E1120.95841
G0 F7200 X206.642 Y128.142
G0 X206.573 Y128.178
G1 F1500 E1114.45841
;MESH:NONMESH
G0 F600 X206.573 Y128.178 Z3.8
G0 F7200 X206.573 Y128.91
G0 X90.062 Y128.438
G0 X90.053 Y81.575
G0 X82.677 Y80.966
;TIME_ELAPSED:3065.263965
;LAYER:9
;TYPE:SUPPORT
G1 F1500 E1120.95841
G1 F3600 X82.677 Y73.459 E1121.45778
G1 X82.271 Y73.771 E1121.49184
G1 X81.507 Y74.768 E1121.57539
G1 X81.027 Y75.931 E1121.65908
G1 X80.863 Y77.172 E1121.74235
G1 X81.027 Y78.413 E1121.82562
G1 X81.507 Y79.577 E1121.90938
G1 X82.24 Y80.53 E1121.98935
G1 X85.134 Y83.423 E1122.26156
G1 X85.344 Y83.595 E1122.27961
G1 X85.344 Y72.406 E1123.02391
G1 X85.672 Y72.363 E1123.04591
G1 X86.913 Y72.527 E1123.12918
G1 X88.011 Y72.98 E1123.2082
G1 X88.011 Y79.504 E1123.64217
G1 X88.415 Y79.1 E1123.68018
G1 X92.947 Y79.1 E1123.98165
G1 X92.965 Y79 E1123.98841
G1 X92.995 Y79 E1123.9904
G1 X92.99 Y78.8 E1124.00371
G1 X93.162 Y78.8 E1124.01515
G1 X92.664 Y77.593 E1124.10201
G1 X91.936 Y76.647 E1124.18141
G1 X90.678 Y75.389 E1124.29976
G1 X90.678 Y79.1 E1124.54662
G1 F1500 E1118.04662
G0 F7200 X93.345 Y85.316
G1 F1500 E1124.54662
G1 F3600 X93.046 Y85.614 E1124.5747
G1 X92.684 Y85.888 E1124.6049
G1 X91.869 Y86.225 E1124.66356
G1 X91.599 Y86.261 E1124.68168
G1 X91.599 Y86.055 E1124.69539
G1 X91.4 Y85.74 E1124.72017
G1 X91.4 Y82.9 E1124.90909
G1 X93.345 Y82.9 E1125.03847
G1 X94.228 Y82.9 E1125.09721
G1 X94.516 Y83.084 E1125.11994
G1 X94.67 Y83.09 E1125.13019
G1 X94.59 Y83.628 E1125.16637
G1 X94.462 Y84.006 E1125.19292
G1 X94.102 Y84.559 E1125.23682
G1 X93.345 Y85.316 E1125.30803
G1 X93.345 Y82.9 E1125.46874
G1 F1500 E1118.96874
G0 F7200 X93.345 Y124.683
G1 F1500 E1125.46874
G1 F3600 X94.094 Y125.432 E1125.5392
G1 X94.388 Y125.814 E1125.57127
G1 X94.725 Y126.631 E1125.63006
G1 X94.761 Y126.9 E1125.64811
G1 X94.61 Y126.9 E1125.65816
G1 X94.281 Y127.1 E1125.68377
G1 X93.345 Y127.1 E1125.74603
G1 X91.4 Y127.1 E1125.87541
G1 X91.4 Y124.297 E1126.06187
G1 X91.6 Y124.03 E1126.08406
G1 X91.6 Y123.839 E1126.09677
G1 X92.078 Y123.899 E1126.12881
G1 X92.452 Y124.018 E1126.15492
G1 X93.06 Y124.398 E1126.20261
G1 X93.345 Y124.683 E1126.22942
G1 X93.345 Y127.1 E1126.3902
G1 F1500 E1119.8902
G0 F7200 X90.678 Y134.612
G1 F1500 E1126.3902
G1 F3600 X90.678 Y130.9 E1126.63713
G1 X92.942 Y130.9 E1126.78773
G1 X92.998 Y131.2 E1126.80803
G1 X93.162 Y131.2 E1126.81894
G1 X92.664 Y132.407 E1126.90579
G1 X91.936 Y133.353 E1126.9852
G1 X89.03 Y136.26 E1127.25863
G1 X88.011 Y137.044 E1127.34415
G1 X88.011 Y130.496 E1127.77972
G1 X87.6 Y130.085 E1127.81839
G1 X87.6 Y125.561 E1128.11933
G1 X87.5 Y125.543 E1128.12609
G1 X87.5 Y125.496 E1128.12921
G1 X87.3 Y125.515 E1128.14258
G1 X87.3 Y125.368 E1128.15235
G1 X86.657 Y125.561 E1128.19701
G1 X85.826 Y126.008 E1128.25978
G1 X85.344 Y126.404 E1128.30128
G1 X85.344 Y137.593 E1129.04557
G1 X84.431 Y137.473 E1129.10683
G1 X83.268 Y136.993 E1129.19052
G1 X82.271 Y136.229 E1129.27407
G1 X81.507 Y135.232 E1129.35763
G1 X81.027 Y134.069 E1129.44132
G1 X80.863 Y132.828 E1129.52459
G1 X81.027 Y131.587 E1129.60786
G1 X81.507 Y130.423 E1129.69162
G1 X82.24 Y129.47 E1129.77159
G1 X82.677 Y129.033 E1129.8127
G1 X82.677 Y136.54 E1130.31207
G1 F1500 E1123.81207
G0 F7200 X202.692 Y127.047
G1 F1500 E1130.31207
G1 F3600 X202.692 Y125.753 E1130.39815
G1 X202.872 Y125.466 E1130.42068
G1 X204.034 Y124.304 E1130.53
G1 X204.556 Y124.013 E1130.56975
G1 X205.131 Y123.775 E1130.61115
G1 X205.401 Y123.739 E1130.62927
G1 X205.401 Y123.894 E1130.63958
G1 X205.6 Y124.215 E1130.6647
G1 X205.6 Y127.1 E1130.85661
G1 X205.359 Y127.1 E1130.87264
G1 X205.359 Y123.744 E1131.09588
G1 F1500 E1124.59588
G0 F7200 X205.359 Y133.648
G1 F1500 E1131.09588
G1 F3600 X205.359 Y130.9 E1131.27868
G1 X204.053 Y130.9 E1131.36556
G1 X204.035 Y131 E1131.37232
G1 X204.005 Y131 E1131.37431
G1 X204.01 Y131.2 E1131.38762
G1 X203.838 Y131.2 E1131.39906
G1 X204.336 Y132.407 E1131.48592
G1 X205.064 Y133.353 E1131.56532
G1 X208.026 Y136.316 E1131.84402
G1 X208.026 Y130.9 E1132.20429
G1 X208.585 Y130.9 E1132.24147
G1 X209.4 Y130.085 E1132.31815
G1 X209.4 Y125.558 E1132.61928
G1 X209.7 Y125.502 E1132.63958
G1 X209.7 Y125.338 E1132.65049
G1 X210.693 Y125.748 E1132.72196
G1 X210.693 Y137.553 E1133.50723
G1 X211.328 Y137.637 E1133.54984
G1 X212.569 Y137.473 E1133.63311
G1 X213.36 Y137.147 E1133.69002
G1 X213.36 Y128.071 E1134.29375
G1 X214.76 Y129.47 E1134.42541
G1 X215.493 Y130.423 E1134.50539
G1 X215.973 Y131.587 E1134.58914
G1 X216.027 Y131.996 E1134.61659
G1 X216.027 Y133.661 E1134.72734
G1 F1500 E1128.22734
G0 F7200 X202.692 Y84.284
G1 F1500 E1134.72734
G1 F3600 X202.692 Y82.9 E1134.81941
G1 X205.6 Y82.9 E1135.01285
G1 X205.6 Y85.691 E1135.1985
G1 X205.418 Y85.944 E1135.21924
G1 X205.408 Y86.163 E1135.23382
G1 X205.359 Y86.155 E1135.23712
G1 X205.359 Y82.9 E1135.45365
G1 F1500 E1128.95365
G0 F7200 X205.359 Y79.1
G1 F1500 E1135.45365
G1 F3600 X205.359 Y76.351 E1135.63651
G1 X205.064 Y76.647 E1135.66431
G1 X204.336 Y77.593 E1135.74371
G1 X203.838 Y78.8 E1135.83057
G1 X204.002 Y78.8 E1135.84148
G1 X204.058 Y79.1 E1135.86178
G1 X208.026 Y79.1 E1136.12573
G1 X208.026 Y73.696 E1136.48521
G1 X208.923 Y73.007 E1136.56045
G1 X210.087 Y72.527 E1136.6442
G1 X210.693 Y72.446 E1136.68487
G1 X210.693 Y84.253 E1137.47028
G1 X210.907 Y84.164 E1137.48569
G1 X211.853 Y83.436 E1137.5651
G1 X213.36 Y81.93 E1137.70682
G1 X213.36 Y72.854 E1138.31056
G1 X213.732 Y73.007 E1138.33731
G1 X214.729 Y73.771 E1138.42087
G1 X215.493 Y74.768 E1138.50442
G1 X215.973 Y75.931 E1138.58812
G1 X216.027 Y76.34 E1138.61556
G1 X216.027 Y78.005 E1138.72631
G1 F1500 E1132.22631
;MESH:manette_1-Body_(Meshed).stl
G0 F7200 X209.165 Y80.424
G0 X208.076 Y80.424
G0 X207.5 Y82
;TYPE:WALL-INNER
G1 F1500 E1138.72631
G1 F3600 X207.5 Y128 E1141.78625
G1 F3538.1 X207.493 Y128.174 E1141.79803
G0 F7200 X207.197 Y128.697
G1 F3654.8 X206.674 Y128.993 E1141.83741
G1 X207.514 Y129.014 E1141.89247
G1 F3664.1 X207.493 Y128.174 E1141.94738
G1 X207.197 Y128.697 E1141.98666
G0 F7200 X206.924 Y128.424
G1 F3600 X206.589 Y128.6 E1142.01183
G1 X90.5 Y128.6 E1149.7341
G1 X90.075 Y128.425 E1149.76468
G1 X89.9 Y128.089 E1149.78988
G1 X89.9 Y82 E1152.85573
G1 X90.075 Y81.575 E1152.8863
G1 X90.411 Y81.4 E1152.9115
G1 X206.5 Y81.4 E1160.63378
G1 X206.924 Y81.576 E1160.66431
G1 X207.1 Y82 E1160.69485
G1 X207.1 Y128.089 E1163.7607
G1 X206.924 Y128.424 E1163.78588
G0 F7200 X206.674 Y128.993
G1 F3529.4 X206.5 Y129 E1163.79769
G1 F3600 X90.5 Y129 E1171.51404
G0 F7200 X89.803 Y128.697
G1 F3654.8 X89.507 Y128.174 E1171.55342
G1 X89.486 Y129.014 E1171.60848
G1 F3730.6 X90.5 Y129 E1171.67357
G1 X89.803 Y128.697 E1171.72236
G0 F7200 X89.507 Y128.174
G1 F3529.4 X89.5 Y128 E1171.73418
G1 F3600 X89.5 Y82 E1174.79411
G0 F7200 X89.803 Y81.303
G1 F3654.8 X90.326 Y81.007 E1174.83348
G1 X89.486 Y80.986 E1174.88854
G1 F3730.6 X89.5 Y82 E1174.95364
G1 X89.803 Y81.303 E1175.00242
G0 F7200 X90.326 Y81.007
G1 F3529.4 X90.5 Y81 E1175.01424
G1 F3600 X206.5 Y81 E1182.73059
G0 F7200 X207.197 Y81.303
G1 F3730.6 X207.5 Y82 E1182.77938
G1 X207.514 Y80.986 E1182.84447
G1 X206.5 Y81 E1182.90957
G1 X207.197 Y81.303 E1182.95836
G0 F7200 X207.197 Y81.09
G0 X207.62 Y129.12
G0 X207.9 Y129.4
G1 F3600 X207.9 Y80.6 E1186.20455
G1 X89.101 Y80.601 E1194.10709
G1 X89.101 Y129.399 E1197.35314
G1 X207.9 Y129.4 E1205.25569
G0 F7200 X208.3 Y129.8
;TYPE:WALL-OUTER
G1 F1800 X208.3 Y80.2 E1208.55509
G1 X88.701 Y80.201 E1216.51085
G1 X88.701 Y129.799 E1219.81012
G1 X208.3 Y129.8 E1227.76588
G0 F7200 X208.3 Y129.6
G0 X207.62 Y129.12
G0 X207.41 Y128.035
G0 X206.698 Y128.035
G1 F1800 X206.642 Y128.142 E1227.77391
G1 X206.535 Y128.198 E1227.78195
G1 X90.5 Y128.2 E1235.50063
G1 X90.358 Y128.142 E1235.51083
G1 X90.302 Y128.035 E1235.51886
G1 X90.3 Y82 E1238.58112
G1 X90.358 Y81.858 E1238.59133
G1 X90.465 Y81.802 E1238.59936
G1 X206.5 Y81.8 E1246.31804
G1 X206.642 Y81.858 E1246.32824
G1 X206.7 Y82 E1246.33845
G1 X206.698 Y128.035 E1249.40071
G0 F7200 X206.642 Y128.142
G0 X206.573 Y128.178
G1 F1500 E1242.90071
;MESH:NONMESH
G0 F600 X206.573 Y128.178 Z4.2
G0 F7200 X206.573 Y128.91
G0 X90.062 Y128.438
G0 X90.053 Y81.575
G0 X82.677 Y80.966
;TIME_ELAPSED:3118.683127
;LAYER:10
;TYPE:SUPPORT
G1 F1500 E1249.40071
G1 F3600 X82.677 Y73.459 E1249.90008
G1 X82.271 Y73.771 E1249.93414
G1 X81.507 Y74.768 E1250.01769
G1 X81.027 Y75.931 E1250.10138
G1 X80.863 Y77.172 E1250.18465
G1 X81.027 Y78.413 E1250.26792
G1 X81.507 Y79.577 E1250.35168
G1 X82.24 Y80.53 E1250.43165
G1 X85.134 Y83.423 E1250.70386
G1 X85.344 Y83.595 E1250.72191
G1 X85.344 Y72.406 E1251.46621
G1 X85.672 Y72.363 E1251.48821
G1 X86.913 Y72.527 E1251.57148
G1 X88.011 Y72.98 E1251.65049
G1 X88.011 Y79.504 E1252.08447
G1 X88.415 Y79.1 E1252.12248
G1 X92.947 Y79.1 E1252.42395
G1 X92.965 Y79 E1252.43071
G1 X92.995 Y79 E1252.4327
G1 X92.99 Y78.8 E1252.44601
G1 X93.162 Y78.8 E1252.45745
G1 X92.664 Y77.593 E1252.54431
G1 X91.936 Y76.647 E1252.62371
G1 X90.678 Y75.389 E1252.74206
G1 X90.678 Y79.1 E1252.98891
G1 F1500 E1246.48891
G0 F7200 X93.345 Y85.316
G1 F1500 E1252.98891
G1 F3600 X93.046 Y85.614 E1253.017
G1 X92.684 Y85.888 E1253.0472
G1 X91.869 Y86.225 E1253.10586
G1 X91.599 Y86.261 E1253.12398
G1 X91.599 Y86.057 E1253.13755
G1 X91.4 Y85.741 E1253.16239
G1 X91.4 Y82.9 E1253.35138
G1 X93.345 Y82.9 E1253.48076
G1 X94.227 Y82.9 E1253.53943
G1 X94.515 Y83.084 E1253.56216
G1 X94.67 Y83.09 E1253.57248
G1 X94.59 Y83.628 E1253.60866
G1 X94.462 Y84.006 E1253.63521
G1 X94.102 Y84.559 E1253.6791
G1 X93.345 Y85.316 E1253.75032
G1 X93.345 Y82.9 E1253.91103
G1 F1500 E1247.41103
G0 F7200 X93.345 Y124.683
G1 F1500 E1253.91103
G1 F3600 X94.094 Y125.432 E1253.98149
G1 X94.388 Y125.814 E1254.01356
G1 X94.725 Y126.631 E1254.07235
G1 X94.761 Y126.9 E1254.0904
G1 X94.608 Y126.9 E1254.10058
G1 X94.28 Y127.1 E1254.12613
G1 X93.345 Y127.1 E1254.18833
G1 X91.4 Y127.1 E1254.31771
G1 X91.4 Y124.29 E1254.50463
G1 X91.6 Y123.985 E1254.52889
G1 X91.6 Y123.839 E1254.53861
G1 X92.078 Y123.899 E1254.57065
G1 X92.452 Y124.018 E1254.59676
G1 X93.06 Y124.398 E1254.64445
G1 X93.345 Y124.683 E1254.67127
G1 X93.345 Y127.1 E1254.83204
G1 F1500 E1248.33204
G0 F7200 X90.678 Y134.612
G1 F1500 E1254.83204
G1 F3600 X90.678 Y130.9 E1255.07897
G1 X92.942 Y130.9 E1255.22957
G1 X92.998 Y131.2 E1255.24987
G1 X93.162 Y131.2 E1255.26078
G1 X92.664 Y132.407 E1255.34764
G1 X91.936 Y133.353 E1255.42704
G1 X89.03 Y136.26 E1255.70047
G1 X88.011 Y137.044 E1255.78599
G1 X88.011 Y130.496 E1256.22157
G1 X87.6 Y130.085 E1256.26023
G1 X87.6 Y125.561 E1256.56117
G1 X87.5 Y125.543 E1256.56793
G1 X87.5 Y125.496 E1256.57105
G1 X87.3 Y125.515 E1256.58442
G1 X87.3 Y125.368 E1256.5942
G1 X86.657 Y125.561 E1256.63885
G1 X85.826 Y126.008 E1256.70162
G1 X85.344 Y126.404 E1256.74312
G1 X85.344 Y137.593 E1257.48741
G1 X84.431 Y137.473 E1257.54867
G1 X83.268 Y136.993 E1257.63236
G1 X82.271 Y136.229 E1257.71592
G1 X81.507 Y135.232 E1257.79947
G1 X81.027 Y134.069 E1257.88316
G1 X80.863 Y132.828 E1257.96643
G1 X81.027 Y131.587 E1258.0497
G1 X81.507 Y130.423 E1258.13346
G1 X82.24 Y129.47 E1258.21343
G1 X82.677 Y129.033 E1258.25454
G1 X82.677 Y136.54 E1258.75391
G1 F1500 E1252.25391
G0 F7200 X202.692 Y127.044
G1 F1500 E1258.75391
G1 F3600 X202.692 Y125.753 E1258.83979
G1 X202.872 Y125.466 E1258.86232
G1 X204.034 Y124.304 E1258.97164
G1 X204.556 Y124.013 E1259.01139
G1 X205.131 Y123.775 E1259.05279
G1 X205.401 Y123.739 E1259.07091
G1 X205.401 Y123.894 E1259.08122
G1 X205.6 Y124.215 E1259.10634
G1 X205.6 Y127.1 E1259.29825
G1 X205.359 Y127.1 E1259.31428
G1 X205.359 Y123.744 E1259.53753
G1 F1500 E1253.03753
G0 F7200 X205.359 Y133.648
G1 F1500 E1259.53753
G1 F3600 X205.359 Y130.9 E1259.72032
G1 X204.053 Y130.9 E1259.8072
G1 X204.035 Y131 E1259.81396
G1 X204.005 Y131 E1259.81595
G1 X204.01 Y131.2 E1259.82926
G1 X203.838 Y131.2 E1259.8407
G1 X204.336 Y132.407 E1259.92756
G1 X205.064 Y133.353 E1260.00696
G1 X208.026 Y136.316 E1260.28566
G1 X208.026 Y130.9 E1260.64593
G1 X208.585 Y130.9 E1260.68312
G1 X209.4 Y130.085 E1260.75979
G1 X209.4 Y125.558 E1261.06092
G1 X209.7 Y125.502 E1261.08122
G1 X209.7 Y125.338 E1261.09213
G1 X210.693 Y125.748 E1261.1636
G1 X210.693 Y137.553 E1261.94887
G1 X211.328 Y137.637 E1261.99148
G1 X212.569 Y137.473 E1262.07475
G1 X213.36 Y137.147 E1262.13166
G1 X213.36 Y128.071 E1262.7354
G1 X214.76 Y129.47 E1262.86705
G1 X215.493 Y130.423 E1262.94703
G1 X215.973 Y131.587 E1263.03078
G1 X216.027 Y131.996 E1263.05823
G1 X216.027 Y133.661 E1263.16898
G1 F1500 E1256.66898
G0 F7200 X202.692 Y84.284
G1 F1500 E1263.16898
G1 F3600 X202.692 Y82.9 E1263.26105
G1 X205.6 Y82.9 E1263.45449
G1 X205.6 Y85.691 E1263.64015
G1 X205.417 Y85.946 E1263.66102
G1 X205.408 Y86.163 E1263.67547
G1 X205.359 Y86.155 E1263.67877
G1 X205.359 Y82.9 E1263.8953
G1 F1500 E1257.3953
G0 F7200 X205.359 Y79.1
G1 F1500 E1263.8953
G1 F3600 X205.359 Y76.351 E1264.07816
G1 X205.064 Y76.647 E1264.10596
G1 X204.336 Y77.593 E1264.18537
G1 X203.838 Y78.8 E1264.27222
G1 X204.002 Y78.8 E1264.28313
G1 X204.058 Y79.1 E1264.30343
G1 X208.026 Y79.1 E1264.56738
G1 X208.026 Y73.696 E1264.92686
G1 X208.923 Y73.007 E1265.0021
G1 X210.087 Y72.527 E1265.08585
G1 X210.693 Y72.446 E1265.12652
G1 X210.693 Y84.253 E1265.91193
G1 X210.907 Y84.164 E1265.92735
G1 X211.853 Y83.436 E1266.00675
G1 X213.36 Y81.93 E1266.14847
G1 X213.36 Y72.854 E1266.75221
G1 X213.732 Y73.007 E1266.77897
G1 X214.729 Y73.771 E1266.86252
G1 X215.493 Y74.768 E1266.94607
G1 X215.973 Y75.931 E1267.02977
G1 X216.027 Y76.34 E1267.05721
G1 X216.027 Y78.005 E1267.16797
G1 F1500 E1260.66797
;MESH:manette_1-Body_(Meshed).stl
G0 F7200 X209.165 Y80.424
G0 X208.076 Y80.424
G0 X207.5 Y82
;TYPE:WALL-INNER
G1 F1500 E1267.16797
G1 F3600 X207.5 Y128 E1270.2279
G1 F3538.1 X207.493 Y128.174 E1270.23969
G0 F7200 X207.197 Y128.697
G1 F3654.8 X206.674 Y128.993 E1270.27906
G1 X207.514 Y129.014 E1270.33412
G1 F3664.1 X207.493 Y128.174 E1270.38903
G1 X207.197 Y128.697 E1270.42831
G0 F7200 X206.924 Y128.424
G1 F3600 X206.589 Y128.6 E1270.45348
G1 X90.5 Y128.6 E1278.17575
G1 X90.075 Y128.425 E1278.20633
G1 X89.9 Y128.089 E1278.23153
G1 X89.9 Y82 E1281.29738
G1 X90.075 Y81.575 E1281.32796
G1 X90.411 Y81.4 E1281.35316
G1 X206.5 Y81.4 E1289.07543
G1 X206.924 Y81.576 E1289.10597
G1 X207.1 Y82 E1289.1365
G1 X207.1 Y128.089 E1292.20236
G1 X206.924 Y128.424 E1292.22753
G0 F7200 X206.674 Y128.993
G1 F3529.4 X206.5 Y129 E1292.23935
G1 F3600 X90.5 Y129 E1299.9557
G0 F7200 X89.803 Y128.697
G1 F3654.8 X89.507 Y128.174 E1299.99507
G1 X89.486 Y129.014 E1300.05013
G1 F3730.6 X90.5 Y129 E1300.11523
G1 X89.803 Y128.697 E1300.16401
G0 F7200 X89.507 Y128.174
G1 F3529.4 X89.5 Y128 E1300.17583
G1 F3600 X89.5 Y82 E1303.23576
G0 F7200 X89.803 Y81.303
G1 F3654.8 X90.326 Y81.007 E1303.27514
G1 X89.486 Y80.986 E1303.33019
G1 F3730.6 X89.5 Y82 E1303.39529
G1 X89.803 Y81.303 E1303.44408
G0 F7200 X90.326 Y81.007
G1 F3529.4 X90.5 Y81 E1303.45589
G1 F3600 X206.5 Y81 E1311.17224
G0 F7200 X207.197 Y81.303
G1 F3730.6 X207.5 Y82 E1311.22103
G1 X207.514 Y80.986 E1311.28613
G1 X206.5 Y81 E1311.35122
G1 X207.197 Y81.303 E1311.40001
G0 F7200 X207.197 Y81.09
G0 X207.62 Y129.12
G0 X207.9 Y129.4
G1 F3600 X207.9 Y80.6 E1314.6462
G1 X89.101 Y80.601 E1322.54874
G1 X89.101 Y129.399 E1325.7948
G1 X207.9 Y129.4 E1333.69734
G0 F7200 X208.3 Y129.8
;TYPE:WALL-OUTER
G1 F1800 X208.3 Y80.2 E1336.99674
G1 X88.701 Y80.201 E1344.9525
G1 X88.701 Y129.799 E1348.25177
G1 X208.3 Y129.8 E1356.20753
G0 F7200 X208.3 Y129.6
G0 X207.62 Y129.12
G0 X207.41 Y128.035
G0 X206.698 Y128.035
G1 F1800 X206.642 Y128.142 E1356.21557
G1 X206.535 Y128.198 E1356.2236
G1 X90.5 Y128.2 E1363.94228
G1 X90.358 Y128.142 E1363.95248
G1 X90.302 Y128.035 E1363.96052
G1 X90.3 Y82 E1367.02278
G1 X90.358 Y81.858 E1367.03298
G1 X90.465 Y81.802 E1367.04101
G1 X206.5 Y81.8 E1374.75969
G1 X206.642 Y81.858 E1374.7699
G1 X206.7 Y82 E1374.7801
G1 X206.698 Y128.035 E1377.84236
G0 F7200 X206.642 Y128.142
G0 X206.573 Y128.178
G1 F1500 E1371.34236
;MESH:NONMESH
G0 F600 X206.573 Y128.178 Z4.6
G0 F7200 X206.573 Y128.91
G0 X90.062 Y128.438
G0 X90.053 Y81.575
G0 X82.677 Y80.966
;TIME_ELAPSED:3172.100763
;LAYER:11
;TYPE:SUPPORT
G1 F1500 E1377.84236
G1 F3600 X82.677 Y73.459 E1378.34173
G1 X82.271 Y73.771 E1378.37579
G1 X81.507 Y74.768 E1378.45934
G1 X81.027 Y75.931 E1378.54304
G1 X80.863 Y77.172 E1378.62631
G1 X81.027 Y78.413 E1378.70957
G1 X81.507 Y79.577 E1378.79333
G1 X82.24 Y80.53 E1378.87331
G1 X85.134 Y83.423 E1379.14551
G1 X85.344 Y83.595 E1379.16357
G1 X85.344 Y72.406 E1379.90786
G1 X85.672 Y72.363 E1379.92987
G1 X86.913 Y72.527 E1380.01314
G1 X88.011 Y72.98 E1380.09215
G1 X88.011 Y79.504 E1380.52612
G1 X88.415 Y79.1 E1380.56413
G1 X92.947 Y79.1 E1380.8656
G1 X92.965 Y79 E1380.87236
G1 X92.995 Y79 E1380.87436
G1 X92.99 Y78.8 E1380.88766
G1 X93.162 Y78.8 E1380.8991
G1 X92.664 Y77.593 E1380.98596
G1 X91.936 Y76.647 E1381.06536
G1 X90.678 Y75.389 E1381.18371
G1 X90.678 Y79.1 E1381.43057
G1 F1500 E1374.93057
G0 F7200 X93.345 Y85.316
G1 F1500 E1381.43057
G1 F3600 X93.046 Y85.614 E1381.45865
G1 X92.684 Y85.888 E1381.48885
G1 X91.869 Y86.225 E1381.54751
G1 X91.599 Y86.261 E1381.56563
G1 X91.599 Y86.058 E1381.57914
G1 X91.4 Y85.742 E1381.60398
G1 X91.4 Y82.9 E1381.79303
G1 X93.345 Y82.9 E1381.92241
G1 X94.226 Y82.9 E1381.98102
G1 X94.513 Y83.083 E1382.00366
G1 X94.67 Y83.089 E1382.01411
G1 X94.59 Y83.628 E1382.05036
G1 X94.462 Y84.006 E1382.0769
G1 X94.102 Y84.559 E1382.1208
G1 X93.345 Y85.316 E1382.19201
G1 X93.345 Y82.9 E1382.35272
G1 F1500 E1375.85272
G0 F7200 X93.345 Y124.683
G1 F1500 E1382.35272
G1 F3600 X94.094 Y125.432 E1382.42319
G1 X94.388 Y125.814 E1382.45525
G1 X94.725 Y126.631 E1382.51404
G1 X94.761 Y126.9 E1382.53209
G1 X94.607 Y126.9 E1382.54234
G1 X94.279 Y127.1 E1382.56789
G1 X93.345 Y127.1 E1382.63002
G1 X91.4 Y127.1 E1382.7594
G1 X91.4 Y124.293 E1382.94613
G1 X91.6 Y123.984 E1382.97061
G1 X91.6 Y123.839 E1382.98026
G1 X92.078 Y123.899 E1383.0123
G1 X92.452 Y124.018 E1383.03841
G1 X93.06 Y124.398 E1383.0861
G1 X93.345 Y124.683 E1383.11291
G1 X93.345 Y127.1 E1383.27369
G1 F1500 E1376.77369
G0 F7200 X90.678 Y134.612
G1 F1500 E1383.27369
G1 F3600 X90.678 Y130.9 E1383.52062
G1 X92.942 Y130.9 E1383.67122
G1 X92.998 Y131.2 E1383.69152
G1 X93.162 Y131.2 E1383.70243
G1 X92.664 Y132.407 E1383.78929
G1 X91.936 Y133.353 E1383.86869
G1 X89.03 Y136.26 E1384.14212
G1 X88.011 Y137.044 E1384.22764
G1 X88.011 Y130.496 E1384.66322
G1 X87.6 Y130.085 E1384.70188
G1 X87.6 Y125.561 E1385.00282
G1 X87.5 Y125.543 E1385.00958
G1 X87.5 Y125.496 E1385.0127
G1 X87.3 Y125.515 E1385.02607
G1 X87.3 Y125.368 E1385.03585
G1 X86.657 Y125.561 E1385.0805
G1 X85.826 Y126.008 E1385.14327
G1 X85.344 Y126.404 E1385.18477
G1 X85.344 Y137.593 E1385.92906
G1 X84.431 Y137.473 E1385.99032
G1 X83.268 Y136.993 E1386.07401
G1 X82.271 Y136.229 E1386.15756
G1 X81.507 Y135.232 E1386.24112
G1 X81.027 Y134.069 E1386.32481
G1 X80.863 Y132.828 E1386.40808
G1 X81.027 Y131.587 E1386.49135
G1 X81.507 Y130.423 E1386.57511
G1 X82.24 Y129.47 E1386.65508
G1 X82.677 Y129.033 E1386.69619
G1 X82.677 Y136.54 E1387.19556
G1 F1500 E1380.69556
G0 F7200 X202.692 Y127.044
G1 F1500 E1387.19556
G1 F3600 X202.692 Y125.753 E1387.28144
G1 X202.872 Y125.466 E1387.30397
G1 X204.034 Y124.304 E1387.41329
G1 X204.556 Y124.013 E1387.45304
G1 X205.131 Y123.775 E1387.49444
G1 X205.401 Y123.739 E1387.51256
G1 X205.401 Y123.894 E1387.52287
G1 X205.6 Y124.215 E1387.54799
G1 X205.6 Y127.1 E1387.7399
G1 X205.359 Y127.1 E1387.75593
G1 X205.359 Y123.744 E1387.97918
G1 F1500 E1381.47918
G0 F7200 X205.359 Y133.648
G1 F1500 E1387.97918
G1 F3600 X205.359 Y130.9 E1388.16197
G1 X204.053 Y130.9 E1388.24885
G1 X204.035 Y131 E1388.25561
G1 X204.005 Y131 E1388.2576
G1 X204.01 Y131.2 E1388.27091
G1 X203.838 Y131.2 E1388.28235
G1 X204.336 Y132.407 E1388.36921
G1 X205.064 Y133.353 E1388.44861
G1 X208.026 Y136.316 E1388.72731
G1 X208.026 Y130.9 E1389.08758
G1 X208.585 Y130.9 E1389.12477
G1 X209.4 Y130.085 E1389.20144
G1 X209.4 Y125.558 E1389.50257
G1 X209.7 Y125.502 E1389.52287
G1 X209.7 Y125.338 E1389.53378
G1 X210.693 Y125.748 E1389.60525
G1 X210.693 Y137.553 E1390.39052
G1 X211.328 Y137.637 E1390.43313
G1 X212.569 Y137.473 E1390.5164
G1 X213.36 Y137.147 E1390.57331
G1 X213.36 Y128.071 E1391.17705
G1 X214.76 Y129.47 E1391.3087
G1 X215.493 Y130.423 E1391.38868
G1 X215.973 Y131.587 E1391.47243
G1 X216.027 Y131.996 E1391.49988
G1 X216.027 Y133.661 E1391.61063
G1 F1500 E1385.11063
G0 F7200 X202.692 Y84.284
G1 F1500 E1391.61063
G1 F3600 X202.692 Y82.9 E1391.7027
G1 X205.6 Y82.9 E1391.89614
G1 X205.6 Y85.691 E1392.0818
G1 X205.417 Y85.954 E1392.10311
G1 X205.41 Y86.163 E1392.11702
G1 X205.359 Y86.154 E1392.12046
G1 X205.359 Y82.9 E1392.33692
G1 F1500 E1385.83692
G0 F7200 X205.359 Y79.1
G1 F1500 E1392.33692
G1 F3600 X205.359 Y76.351 E1392.51979
G1 X205.064 Y76.647 E1392.54758
G1 X204.336 Y77.593 E1392.62699
G1 X203.838 Y78.8 E1392.71384
G1 X204.002 Y78.8 E1392.72475
G1 X204.058 Y79.1 E1392.74505
G1 X208.026 Y79.1 E1393.00901
G1 X208.026 Y73.696 E1393.36848
G1 X208.923 Y73.007 E1393.44372
G1 X210.087 Y72.527 E1393.52748
G1 X210.693 Y72.446 E1393.56815
G1 X210.693 Y84.253 E1394.35355
G1 X210.907 Y84.164 E1394.36897
G1 X211.853 Y83.436 E1394.44837
G1 X213.36 Y81.93 E1394.5901
G1 X213.36 Y72.854 E1395.19383
G1 X213.732 Y73.007 E1395.22059
G1 X214.729 Y73.771 E1395.30414
G1 X215.493 Y74.768 E1395.3877
G1 X215.973 Y75.931 E1395.47139
G1 X216.027 Y76.34 E1395.49883
G1 X216.027 Y78.005 E1395.60959
G1 F1500 E1389.10959
;MESH:manette_1-Body_(Meshed).stl
G0 F7200 X209.165 Y80.424
G0 X208.076 Y80.424
G0 X207.5 Y82
;TYPE:WALL-INNER
G1 F1500 E1395.60959
G1 F3600 X207.5 Y128 E1398.66952
G1 F3538.1 X207.493 Y128.174 E1398.68131
G0 F7200 X207.197 Y128.697
G1 F3654.8 X206.674 Y128.993 E1398.72069
G1 X207.514 Y129.014 E1398.77574
G1 F3664.1 X207.493 Y128.174 E1398.83066
G1 X207.197 Y128.697 E1398.86993
G0 F7200 X206.924 Y128.424
G1 F3600 X206.589 Y128.6 E1398.89511
G1 X90.5 Y128.6 E1406.61738
G1 X90.075 Y128.425 E1406.64795
G1 X89.9 Y128.089 E1406.67315
G1 X89.9 Y82 E1409.73901
G1 X90.075 Y81.575 E1409.76958
G1 X90.411 Y81.4 E1409.79478
G1 X206.5 Y81.4 E1417.51705
G1 X206.924 Y81.576 E1417.54759
G1 X207.1 Y82 E1417.57813
G1 X207.1 Y128.089 E1420.64398
G1 X206.924 Y128.424 E1420.66915
G0 F7200 X206.674 Y128.993
G1 F3529.4 X206.5 Y129 E1420.68097
G1 F3600 X90.5 Y129 E1428.39732
G0 F7200 X89.803 Y128.697
G1 F3654.8 X89.507 Y128.174 E1428.4367
G1 X89.486 Y129.014 E1428.49175
G1 F3730.6 X90.5 Y129 E1428.55685
G1 X89.803 Y128.697 E1428.60564
G0 F7200 X89.507 Y128.174
G1 F3529.4 X89.5 Y128 E1428.61745
G1 F3600 X89.5 Y82 E1431.67738
G0 F7200 X89.803 Y81.303
G1 F3654.8 X90.326 Y81.007 E1431.71676
G1 X89.486 Y80.986 E1431.77182
G1 F3730.6 X89.5 Y82 E1431.83691
G1 X89.803 Y81.303 E1431.8857
G0 F7200 X90.326 Y81.007
G1 F3529.4 X90.5 Y81 E1431.89751
G1 F3600 X206.5 Y81 E1439.61387
G0 F7200 X207.197 Y81.303
G1 F3730.6 X207.5 Y82 E1439.66265
G1 X207.514 Y80.986 E1439.72775
G1 X206.5 Y81 E1439.79285
G1 X207.197 Y81.303 E1439.84163
G0 F7200 X207.197 Y81.09
G0 X207.62 Y129.12
G0 X207.9 Y129.4
G1 F3600 X207.9 Y80.6 E1443.08782
G1 X89.101 Y80.601 E1450.99036
G1 X89.101 Y129.399 E1454.23642
G1 X207.9 Y129.4 E1462.13896
G0 F7200 X208.3 Y129.8
;TYPE:WALL-OUTER
G1 F1800 X208.3 Y80.2 E1465.43837
G1 X88.701 Y80.201 E1473.39413
G1 X88.701 Y129.799 E1476.6934
G1 X208.3 Y129.8 E1484.64916
G0 F7200 X208.3 Y129.6
G0 X207.62 Y129.12
G0 X207.41 Y128.035
G0 X206.698 Y128.035
G1 F1800 X206.642 Y128.142 E1484.65719
G1 X206.535 Y128.198 E1484.66522
G1 X90.5 Y128.2 E1492.3839
G1 X90.358 Y128.142 E1492.39411
G1 X90.302 Y128.035 E1492.40214
G1 X90.3 Y82 E1495.4644
G1 X90.358 Y81.858 E1495.4746
G1 X90.465 Y81.802 E1495.48264
G1 X206.5 Y81.8 E1503.20132
G1 X206.642 Y81.858 E1503.21152
G1 X206.7 Y82 E1503.22172
G1 X206.698 Y128.035 E1506.28398
G0 F7200 X206.642 Y128.142
G0 X206.573 Y128.178
G1 F1500 E1499.78398
;MESH:NONMESH
G0 F600 X206.573 Y128.178 Z5
G0 F7200 X206.573 Y128.91
G0 X90.062 Y128.438
G0 X90.053 Y81.575
G0 X82.677 Y80.966
;TIME_ELAPSED:3225.518127
;LAYER:12
;TYPE:SUPPORT
G1 F1500 E1506.28398
G1 F3600 X82.677 Y73.459 E1506.78335
G1 X82.271 Y73.771 E1506.81741
G1 X81.507 Y74.768 E1506.90097
G1 X81.027 Y75.931 E1506.98466
G1 X80.863 Y77.172 E1507.06793
G1 X81.027 Y78.413 E1507.1512
G1 X81.507 Y79.577 E1507.23495
G1 X82.24 Y80.53 E1507.31493
G1 X85.134 Y83.423 E1507.58713
G1 X85.344 Y83.595 E1507.60519
G1 X85.344 Y72.406 E1508.34948
G1 X85.672 Y72.363 E1508.37149
G1 X86.913 Y72.527 E1508.45476
G1 X88.011 Y72.98 E1508.53377
G1 X88.011 Y79.504 E1508.96775
G1 X88.415 Y79.1 E1509.00575
G1 X92.947 Y79.1 E1509.30722
G1 X92.965 Y79 E1509.31398
G1 X92.995 Y79 E1509.31598
G1 X92.99 Y78.8 E1509.32929
G1 X93.162 Y78.8 E1509.34073
G1 X92.664 Y77.593 E1509.42758
G1 X91.936 Y76.647 E1509.50699
G1 X90.678 Y75.389 E1509.62533
G1 X90.678 Y79.1 E1509.87219
G1 F1500 E1503.37219
G0 F7200 X93.345 Y85.316
G1 F1500 E1509.87219
G1 F3600 X93.046 Y85.614 E1509.90027
G1 X92.684 Y85.888 E1509.93047
G1 X91.869 Y86.225 E1509.98914
G1 X91.599 Y86.261 E1510.00726
G1 X91.599 Y86.058 E1510.02076
G1 X91.4 Y85.742 E1510.0456
G1 X91.4 Y82.9 E1510.23465
G1 X93.345 Y82.9 E1510.36403
G1 X94.227 Y82.9 E1510.42271
G1 X94.512 Y83.083 E1510.44524
G1 X94.67 Y83.089 E1510.45575
G1 X94.59 Y83.628 E1510.492
G1 X94.462 Y84.006 E1510.51855
G1 X94.102 Y84.559 E1510.56244
G1 X93.345 Y85.316 E1510.63365
G1 X93.345 Y82.9 E1510.79437
G1 F1500 E1504.29437
G0 F7200 X93.345 Y124.683
G1 F1500 E1510.79437
G1 F3600 X94.094 Y125.432 E1510.86483
G1 X94.388 Y125.814 E1510.89689
G1 X94.725 Y126.631 E1510.95568
G1 X94.761 Y126.9 E1510.97374
G1 X94.606 Y126.9 E1510.98405
G1 X94.278 Y127.1 E1511.0096
G1 X93.345 Y127.1 E1511.07167
G1 X91.4 Y127.1 E1511.20105
G1 X91.4 Y124.297 E1511.3875
G1 X91.6 Y123.983 E1511.41227
G1 X91.6 Y123.839 E1511.42185
G1 X92.078 Y123.899 E1511.45389
G1 X92.452 Y124.018 E1511.48
G1 X93.06 Y124.398 E1511.5277
G1 X93.345 Y124.683 E1511.55451
G1 X93.345 Y127.1 E1511.71529
G1 F1500 E1505.21529
G0 F7200 X90.678 Y134.612
G1 F1500 E1511.71529
G1 F3600 X90.678 Y130.9 E1511.96221
G1 X92.942 Y130.9 E1512.11281
G1 X92.998 Y131.2 E1512.13311
G1 X93.162 Y131.2 E1512.14402
G1 X92.664 Y132.407 E1512.23088
G1 X91.936 Y133.353 E1512.31028
G1 X89.03 Y136.26 E1512.58371
G1 X88.011 Y137.044 E1512.66923
G1 X88.011 Y130.496 E1513.10481
G1 X87.6 Y130.085 E1513.14347
G1 X87.6 Y125.561 E1513.44441
G1 X87.5 Y125.543 E1513.45117
G1 X87.5 Y125.496 E1513.45429
G1 X87.3 Y125.515 E1513.46766
G1 X87.3 Y125.368 E1513.47744
G1 X86.657 Y125.561 E1513.52209
G1 X85.826 Y126.008 E1513.58486
G1 X85.344 Y126.404 E1513.62636
G1 X85.344 Y137.593 E1514.37065
G1 X84.431 Y137.473 E1514.43191
G1 X83.268 Y136.993 E1514.5156
G1 X82.271 Y136.229 E1514.59916
G1 X81.507 Y135.232 E1514.68271
G1 X81.027 Y134.069 E1514.7664
G1 X80.863 Y132.828 E1514.84967
G1 X81.027 Y131.587 E1514.93294
G1 X81.507 Y130.423 E1515.0167
G1 X82.24 Y129.47 E1515.09667
G1 X82.677 Y129.033 E1515.13778
G1 X82.677 Y136.54 E1515.63715
G1 F1500 E1509.13715
G0 F7200 X202.692 Y127.043
G1 F1500 E1515.63715
G1 F3600 X202.692 Y125.753 E1515.72296
G1 X202.872 Y125.466 E1515.7455
G1 X204.034 Y124.304 E1515.85481
G1 X204.556 Y124.013 E1515.89457
G1 X205.131 Y123.775 E1515.93596
G1 X205.401 Y123.739 E1515.95408
G1 X205.401 Y123.894 E1515.96439
G1 X205.6 Y124.215 E1515.98952
G1 X205.6 Y127.1 E1516.18143
G1 X205.359 Y127.1 E1516.19746
G1 X205.359 Y123.744 E1516.4207
G1 F1500 E1509.9207
G0 F7200 X205.359 Y133.648
G1 F1500 E1516.4207
G1 F3600 X205.359 Y130.9 E1516.6035
G1 X204.053 Y130.9 E1516.69037
G1 X204.035 Y131 E1516.69713
G1 X204.005 Y131 E1516.69913
G1 X204.01 Y131.2 E1516.71244
G1 X203.838 Y131.2 E1516.72388
G1 X204.336 Y132.407 E1516.81073
G1 X205.064 Y133.353 E1516.89014
G1 X208.026 Y136.316 E1517.16883
G1 X208.026 Y130.9 E1517.52911
G1 X208.585 Y130.9 E1517.56629
G1 X209.4 Y130.085 E1517.64296
G1 X209.4 Y125.558 E1517.9441
G1 X209.7 Y125.502 E1517.9644
G1 X209.7 Y125.338 E1517.97531
G1 X210.693 Y125.748 E1518.04677
G1 X210.693 Y137.553 E1518.83204
G1 X211.328 Y137.637 E1518.87465
G1 X212.569 Y137.473 E1518.95792
G1 X213.36 Y137.147 E1519.01483
G1 X213.36 Y128.071 E1519.61857
G1 X214.76 Y129.47 E1519.75023
G1 X215.493 Y130.423 E1519.8302
G1 X215.973 Y131.587 E1519.91396
G1 X216.027 Y131.996 E1519.9414
G1 X216.027 Y133.661 E1520.05216
G1 F1500 E1513.55216
G0 F7200 X202.692 Y84.284
G1 F1500 E1520.05216
G1 F3600 X202.692 Y82.9 E1520.14422
G1 X205.6 Y82.9 E1520.33766
G1 X205.6 Y85.691 E1520.52332
G1 X205.417 Y85.954 E1520.54463
G1 X205.41 Y86.163 E1520.55854
G1 X205.359 Y86.154 E1520.56199
G1 X205.359 Y82.9 E1520.77845
G1 F1500 E1514.27845
G0 F7200 X205.359 Y79.1
G1 F1500 E1520.77845
G1 F3600 X205.359 Y76.351 E1520.96131
G1 X205.064 Y76.647 E1520.98911
G1 X204.336 Y77.593 E1521.06851
G1 X203.838 Y78.8 E1521.15537
G1 X204.002 Y78.8 E1521.16628
G1 X204.058 Y79.1 E1521.18658
G1 X208.026 Y79.1 E1521.45053
G1 X208.026 Y73.696 E1521.81001
G1 X208.923 Y73.007 E1521.88525
G1 X210.087 Y72.527 E1521.969
G1 X210.693 Y72.446 E1522.00967
G1 X210.693 Y84.253 E1522.79508
G1 X210.907 Y84.164 E1522.81049
G1 X211.853 Y83.436 E1522.8899
G1 X213.36 Y81.93 E1523.03162
G1 X213.36 Y72.854 E1523.63536
G1 X213.732 Y73.007 E1523.66212
G1 X214.729 Y73.771 E1523.74567
G1 X215.493 Y74.768 E1523.82922
G1 X215.973 Y75.931 E1523.91292
G1 X216.027 Y76.34 E1523.94036
G1 X216.027 Y78.005 E1524.05112
G1 F1500 E1517.55112
;MESH:manette_1-Body_(Meshed).stl
G0 F7200 X209.165 Y80.424
G0 X208.076 Y80.424
G0 X207.5 Y82
;TYPE:WALL-INNER
G1 F1500 E1524.05112
G1 F3600 X207.5 Y128 E1527.11105
G1 F3538.1 X207.493 Y128.174 E1527.12283
G0 F7200 X207.197 Y128.697
G1 F3654.8 X206.674 Y128.993 E1527.16221
G1 X207.514 Y129.014 E1527.21727
G1 F3664.1 X207.493 Y128.174 E1527.27218
G1 X207.197 Y128.697 E1527.31146
G0 F7200 X206.924 Y128.424
G1 F3600 X206.589 Y128.6 E1527.33663
G1 X90.5 Y128.6 E1535.0589
G1 X90.075 Y128.425 E1535.08948
G1 X89.9 Y128.089 E1535.11468
G1 X89.9 Y82 E1538.18053
G1 X90.075 Y81.575 E1538.2111
G1 X90.411 Y81.4 E1538.2363
G1 X206.5 Y81.4 E1545.95858
G1 X206.924 Y81.576 E1545.98911
G1 X207.1 Y82 E1546.01965
G1 X207.1 Y128.089 E1549.08551
G1 X206.924 Y128.424 E1549.11068
G0 F7200 X206.674 Y128.993
G1 F3529.4 X206.5 Y129 E1549.12249
G1 F3600 X90.5 Y129 E1556.83884
G0 F7200 X89.803 Y128.697
G1 F3654.8 X89.507 Y128.174 E1556.87822
G1 X89.486 Y129.014 E1556.93328
G1 F3730.6 X90.5 Y129 E1556.99837
G1 X89.803 Y128.697 E1557.04716
G0 F7200 X89.507 Y128.174
G1 F3529.4 X89.5 Y128 E1557.05898
G1 F3600 X89.5 Y82 E1560.11891
G0 F7200 X89.803 Y81.303
G1 F3654.8 X90.326 Y81.007 E1560.15828
G1 X89.486 Y80.986 E1560.21334
G1 F3730.6 X89.5 Y82 E1560.27844
G1 X89.803 Y81.303 E1560.32722
G0 F7200 X90.326 Y81.007
G1 F3529.4 X90.5 Y81 E1560.33904
G1 F3600 X206.5 Y81 E1568.05539
G0 F7200 X207.197 Y81.303
G1 F3730.6 X207.5 Y82 E1568.10418
G1 X207.514 Y80.986 E1568.16927
G1 X206.5 Y81 E1568.23437
G1 X207.197 Y81.303 E1568.28316
G0 F7200 X207.197 Y81.09
G0 X207.62 Y129.12
G0 X207.9 Y129.4
G1 F3600 X207.9 Y80.6 E1571.52935
G1 X89.101 Y80.601 E1579.43189
G1 X89.101 Y129.399 E1582.67795
G1 X207.9 Y129.4 E1590.58049
G0 F7200 X208.3 Y129.8
;TYPE:WALL-OUTER
G1 F1800 X208.3 Y80.2 E1593.87989
G1 X88.701 Y80.201 E1601.83565
G1 X88.701 Y129.799 E1605.13492
G1 X208.3 Y129.8 E1613.09068
G0 F7200 X208.3 Y129.6
G0 X207.62 Y129.12
G0 X207.41 Y128.035
G0 X206.698 Y128.035
G1 F1800 X206.642 Y128.142 E1613.09871
G1 X206.535 Y128.198 E1613.10675
G1 X90.5 Y128.2 E1620.82543
G1 X90.358 Y128.142 E1620.83563
G1 X90.302 Y128.035 E1620.84366
G1 X90.3 Y82 E1623.90592
G1 X90.358 Y81.858 E1623.91613
G1 X90.465 Y81.802 E1623.92416
G1 X206.5 Y81.8 E1631.64284
G1 X206.642 Y81.858 E1631.65304
G1 X206.7 Y82 E1631.66325
G1 X206.698 Y128.035 E1634.72551
G0 F7200 X206.642 Y128.142
G0 X206.573 Y128.178
G1 F1500 E1628.22551
;MESH:NONMESH
G0 F600 X206.573 Y128.178 Z5.4
G0 F7200 X206.573 Y128.91
G0 X90.062 Y128.438
G0 X90.053 Y81.575
G0 X82.677 Y80.966
;TIME_ELAPSED:3278.935395
;LAYER:13
;TYPE:SUPPORT
G1 F1500 E1634.72551
G1 F3600 X82.677 Y73.459 E1635.22488
G1 X82.271 Y73.771 E1635.25894
G1 X81.507 Y74.768 E1635.34249
G1 X81.027 Y75.931 E1635.42618
G1 X80.863 Y77.172 E1635.50945
G1 X81.027 Y78.413 E1635.59272
G1 X81.507 Y79.577 E1635.67648
G1 X82.24 Y80.53 E1635.75645
G1 X85.134 Y83.423 E1636.02866
G1 X85.344 Y83.595 E1636.04671
G1 X85.344 Y72.406 E1636.79101
G1 X85.672 Y72.363 E1636.81301
G1 X86.913 Y72.527 E1636.89628
G1 X88.011 Y72.98 E1636.97529
G1 X88.011 Y79.504 E1637.40927
G1 X88.415 Y79.1 E1637.44728
G1 X92.947 Y79.1 E1637.74875
G1 X92.965 Y79 E1637.75551
G1 X92.995 Y79 E1637.7575
G1 X92.99 Y78.8 E1637.77081
G1 X93.162 Y78.8 E1637.78225
G1 X92.664 Y77.593 E1637.86911
G1 X91.936 Y76.647 E1637.94851
G1 X90.678 Y75.389 E1638.06686
G1 X90.678 Y79.1 E1638.31371
G1 F1500 E1631.81371
G0 F7200 X93.345 Y85.316
G1 F1500 E1638.31371
G1 F3600 X93.046 Y85.614 E1638.3418
G1 X92.684 Y85.888 E1638.372
G1 X91.869 Y86.225 E1638.43066
G1 X91.599 Y86.261 E1638.44878
G1 X91.599 Y86.057 E1638.46235
G1 X91.4 Y85.741 E1638.48719
G1 X91.4 Y82.9 E1638.67618
G1 X93.345 Y82.9 E1638.80556
G1 X94.222 Y82.9 E1638.8639
G1 X94.511 Y83.085 E1638.88672
G1 X94.67 Y83.094 E1638.89732
G1 X94.59 Y83.628 E1638.93324
G1 X94.462 Y84.006 E1638.95978
G1 X94.102 Y84.559 E1639.00368
G1 X93.345 Y85.316 E1639.07489
G1 X93.345 Y82.9 E1639.2356
G1 F1500 E1632.7356
G0 F7200 X93.345 Y124.683
G1 F1500 E1639.2356
G1 F3600 X94.094 Y125.432 E1639.30606
G1 X94.388 Y125.814 E1639.33813
G1 X94.725 Y126.631 E1639.39692
G1 X94.761 Y126.9 E1639.41497
G1 X94.608 Y126.9 E1639.42515
G1 X94.263 Y127.1 E1639.45168
G1 X93.345 Y127.1 E1639.51274
G1 X91.4 Y127.1 E1639.64212
G1 X91.4 Y124.296 E1639.82865
G1 X91.6 Y123.985 E1639.85324
G1 X91.6 Y123.839 E1639.86296
G1 X92.078 Y123.899 E1639.895
G1 X92.452 Y124.018 E1639.92111
G1 X93.06 Y124.398 E1639.9688
G1 X93.345 Y124.683 E1639.99561
G1 X93.345 Y127.1 E1640.15639
G1 F1500 E1633.65639
G0 F7200 X90.678 Y134.612
G1 F1500 E1640.15639
G1 F3600 X90.678 Y130.9 E1640.40332
G1 X92.942 Y130.9 E1640.55392
G1 X92.998 Y131.2 E1640.57422
G1 X93.162 Y131.2 E1640.58513
G1 X92.664 Y132.407 E1640.67198
G1 X91.936 Y133.353 E1640.75139
G1 X89.03 Y136.26 E1641.02481
G1 X88.011 Y137.044 E1641.11034
G1 X88.011 Y130.496 E1641.54591
G1 X87.6 Y130.085 E1641.58458
G1 X87.6 Y125.561 E1641.88552
G1 X87.5 Y125.543 E1641.89228
G1 X87.5 Y125.496 E1641.8954
G1 X87.3 Y125.515 E1641.90877
G1 X87.3 Y125.368 E1641.91854
G1 X86.657 Y125.561 E1641.9632
G1 X85.826 Y126.008 E1642.02597
G1 X85.344 Y126.404 E1642.06747
G1 X85.344 Y137.593 E1642.81176
G1 X84.431 Y137.473 E1642.87302
G1 X83.268 Y136.993 E1642.95671
G1 X82.271 Y136.229 E1643.04026
G1 X81.507 Y135.232 E1643.12382
G1 X81.027 Y134.069 E1643.20751
G1 X80.863 Y132.828 E1643.29078
G1 X81.027 Y131.587 E1643.37405
G1 X81.507 Y130.423 E1643.4578
G1 X82.24 Y129.47 E1643.53778
G1 X82.677 Y129.033 E1643.57889
G1 X82.677 Y136.54 E1644.07826
G1 F1500 E1637.57826
G0 F7200 X202.692 Y127.042
G1 F1500 E1644.07826
G1 F3600 X202.692 Y125.753 E1644.164
G1 X202.872 Y125.466 E1644.18654
G1 X204.034 Y124.304 E1644.29585
G1 X204.556 Y124.013 E1644.33561
G1 X205.131 Y123.775 E1644.377
G1 X205.401 Y123.739 E1644.39512
G1 X205.401 Y123.891 E1644.40523
G1 X205.6 Y124.239 E1644.4319
G1 X205.6 Y127.1 E1644.62222
G1 X205.359 Y127.1 E1644.63825
G1 X205.359 Y123.744 E1644.86149
G1 F1500 E1638.36149
G0 F7200 X205.359 Y133.648
G1 F1500 E1644.86149
G1 F3600 X205.359 Y130.9 E1645.04429
G1 X204.053 Y130.9 E1645.13116
G1 X204.035 Y131 E1645.13792
G1 X204.005 Y131 E1645.13992
G1 X204.01 Y131.2 E1645.15322
G1 X203.838 Y131.2 E1645.16467
G1 X204.336 Y132.407 E1645.25152
G1 X205.064 Y133.353 E1645.33093
G1 X208.026 Y136.316 E1645.60962
G1 X208.026 Y130.9 E1645.96989
G1 X208.585 Y130.9 E1646.00708
G1 X209.4 Y130.085 E1646.08375
G1 X209.4 Y125.558 E1646.38489
G1 X209.7 Y125.502 E1646.40519
G1 X209.7 Y125.338 E1646.4161
G1 X210.693 Y125.748 E1646.48756
G1 X210.693 Y137.553 E1647.27283
G1 X211.328 Y137.637 E1647.31544
G1 X212.569 Y137.473 E1647.39871
G1 X213.36 Y137.147 E1647.45562
G1 X213.36 Y128.071 E1648.05936
G1 X214.76 Y129.47 E1648.19102
G1 X215.493 Y130.423 E1648.27099
G1 X215.973 Y131.587 E1648.35475
G1 X216.027 Y131.996 E1648.38219
G1 X216.027 Y133.661 E1648.49295
G1 F1500 E1641.99295
G0 F7200 X202.692 Y84.284
G1 F1500 E1648.49295
G1 F3600 X202.692 Y82.9 E1648.58501
G1 X205.6 Y82.9 E1648.77845
G1 X205.6 Y85.69 E1648.96404
G1 X205.417 Y85.953 E1648.98536
G1 X205.41 Y86.163 E1648.99933
G1 X205.359 Y86.154 E1649.00278
G1 X205.359 Y82.9 E1649.21923
G1 F1500 E1642.71923
G0 F7200 X205.359 Y79.1
G1 F1500 E1649.21923
G1 F3600 X205.359 Y76.351 E1649.4021
G1 X205.064 Y76.647 E1649.4299
G1 X204.336 Y77.593 E1649.5093
G1 X203.838 Y78.8 E1649.59616
G1 X204.002 Y78.8 E1649.60707
G1 X204.058 Y79.1 E1649.62737
G1 X208.026 Y79.1 E1649.89132
G1 X208.026 Y73.696 E1650.2508
G1 X208.923 Y73.007 E1650.32603
G1 X210.087 Y72.527 E1650.40979
G1 X210.693 Y72.446 E1650.45046
G1 X210.693 Y84.253 E1651.23586
G1 X210.907 Y84.164 E1651.25128
G1 X211.853 Y83.436 E1651.33069
G1 X213.36 Y81.93 E1651.47241
G1 X213.36 Y72.854 E1652.07615
G1 X213.732 Y73.007 E1652.1029
G1 X214.729 Y73.771 E1652.18646
G1 X215.493 Y74.768 E1652.27001
G1 X215.973 Y75.931 E1652.3537
G1 X216.027 Y76.34 E1652.38115
G1 X216.027 Y78.005 E1652.4919
G1 F1500 E1645.9919
;MESH:manette_1-Body_(Meshed).stl
G0 F7200 X209.165 Y80.424
G0 X208.076 Y80.424
G0 X207.5 Y82
;TYPE:WALL-INNER
G1 F1500 E1652.4919
G1 F3600 X207.5 Y128 E1655.55184
G1 F3538.1 X207.493 Y128.174 E1655.56362
G0 F7200 X207.197 Y128.697
G1 F3654.8 X206.674 Y128.993 E1655.603
G1 X207.514 Y129.014 E1655.65805
G1 F3664.1 X207.493 Y128.174 E1655.71297
G1 X207.197 Y128.697 E1655.75225
G0 F7200 X206.924 Y128.424
G1 F3600 X206.589 Y128.6 E1655.77742
G1 X90.5 Y128.6 E1663.49969
G1 X90.075 Y128.425 E1663.53027
G1 X89.9 Y128.089 E1663.55547
G1 X89.9 Y82 E1666.62132
G1 X90.075 Y81.575 E1666.65189
G1 X90.411 Y81.4 E1666.67709
G1 X206.5 Y81.4 E1674.39936
G1 X206.924 Y81.576 E1674.4299
G1 X207.1 Y82 E1674.46044
G1 X207.1 Y128.089 E1677.52629
G1 X206.924 Y128.424 E1677.55147
G0 F7200 X206.674 Y128.993
G1 F3529.4 X206.5 Y129 E1677.56328
G1 F3600 X90.5 Y129 E1685.27963
G0 F7200 X89.803 Y128.697
G1 F3654.8 X89.507 Y128.174 E1685.31901
G1 X89.486 Y129.014 E1685.37406
G1 F3730.6 X90.5 Y129 E1685.43916
G1 X89.803 Y128.697 E1685.48795
G0 F7200 X89.507 Y128.174
G1 F3529.4 X89.5 Y128 E1685.49976
G1 F3600 X89.5 Y82 E1688.5597
G0 F7200 X89.803 Y81.303
G1 F3654.8 X90.326 Y81.007 E1688.59907
G1 X89.486 Y80.986 E1688.65413
G1 F3730.6 X89.5 Y82 E1688.71923
G1 X89.803 Y81.303 E1688.76801
G0 F7200 X90.326 Y81.007
G1 F3529.4 X90.5 Y81 E1688.77983
G1 F3600 X206.5 Y81 E1696.49618
G0 F7200 X207.197 Y81.303
G1 F3730.6 X207.5 Y82 E1696.54497
G1 X207.514 Y80.986 E1696.61006
G1 X206.5 Y81 E1696.67516
G1 X207.197 Y81.303 E1696.72395
G0 F7200 X207.197 Y81.09
G0 X207.62 Y129.12
G0 X207.9 Y129.4
G1 F3600 X207.9 Y80.6 E1699.97014
G1 X89.101 Y80.601 E1707.87268
G1 X89.101 Y129.399 E1711.11873
G1 X207.9 Y129.4 E1719.02128
G0 F7200 X208.3 Y129.8
;TYPE:WALL-OUTER
G1 F1800 X208.3 Y80.2 E1722.32068
G1 X88.701 Y80.201 E1730.27644
G1 X88.701 Y129.799 E1733.57571
G1 X208.3 Y129.8 E1741.53147
G0 F7200 X208.3 Y129.6
G0 X207.62 Y129.12
G0 X207.41 Y128.035
G0 X206.698 Y128.035
G1 F1800 X206.642 Y128.142 E1741.5395
G1 X206.535 Y128.198 E1741.54754
G1 X90.5 Y128.2 E1749.26621
G1 X90.358 Y128.142 E1749.27642
G1 X90.302 Y128.035 E1749.28445
G1 X90.3 Y82 E1752.34671
G1 X90.358 Y81.858 E1752.35692
G1 X90.465 Y81.802 E1752.36495
G1 X206.5 Y81.8 E1760.08363
G1 X206.642 Y81.858 E1760.09383
G1 X206.7 Y82 E1760.10404
G1 X206.698 Y128.035 E1763.1663
G0 F7200 X206.642 Y128.142
G0 X206.573 Y128.178
G1 F1500 E1756.6663
;MESH:NONMESH
G0 F600 X206.573 Y128.178 Z5.8
G0 F7200 X206.573 Y128.91
G0 X90.062 Y128.438
G0 X90.053 Y81.575
G0 X82.677 Y80.966
;TIME_ELAPSED:3332.351783
;LAYER:14
;TYPE:SUPPORT
G1 F1500 E1763.1663
G1 F3600 X82.677 Y73.459 E1763.66566
G1 X82.271 Y73.771 E1763.69972
G1 X81.507 Y74.768 E1763.78328
G1 X81.027 Y75.931 E1763.86697
G1 X80.863 Y77.172 E1763.95024
G1 X81.027 Y78.413 E1764.03351
G1 X81.507 Y79.577 E1764.11727
G1 X82.24 Y80.53 E1764.19724
G1 X85.134 Y83.423 E1764.46944
G1 X85.344 Y83.595 E1764.4875
G1 X85.344 Y72.406 E1765.2318
G1 X85.672 Y72.363 E1765.2538
G1 X86.913 Y72.527 E1765.33707
G1 X88.011 Y72.98 E1765.41608
G1 X88.011 Y79.504 E1765.85006
G1 X88.415 Y79.1 E1765.88807
G1 X92.947 Y79.1 E1766.18954
G1 X92.965 Y79 E1766.1963
G1 X92.995 Y79 E1766.19829
G1 X92.99 Y78.8 E1766.2116
G1 X93.162 Y78.8 E1766.22304
G1 X92.664 Y77.593 E1766.3099
G1 X91.936 Y76.647 E1766.3893
G1 X90.678 Y75.389 E1766.50765
G1 X90.678 Y79.1 E1766.7545
G1 F1500 E1760.2545
G0 F7200 X93.345 Y85.316
G1 F1500 E1766.7545
G1 F3600 X93.046 Y85.614 E1766.78258
G1 X92.684 Y85.888 E1766.81278
G1 X91.869 Y86.225 E1766.87145
G1 X91.599 Y86.261 E1766.88957
G1 X91.599 Y86.057 E1766.90314
G1 X91.4 Y85.741 E1766.92798
G1 X91.4 Y82.9 E1767.11697
G1 X93.345 Y82.9 E1767.24635
G1 X94.203 Y82.9 E1767.30342
G1 X94.473 Y83.082 E1767.32508
G1 X94.67 Y83.091 E1767.3382
G1 X94.59 Y83.628 E1767.37432
G1 X94.462 Y84.006 E1767.40086
G1 X94.102 Y84.559 E1767.44476
G1 X93.345 Y85.316 E1767.51597
G1 X93.345 Y82.9 E1767.67668
G1 F1500 E1761.17668
G0 F7200 X93.345 Y124.683
G1 F1500 E1767.67668
G1 F3600 X94.094 Y125.432 E1767.74714
G1 X94.388 Y125.814 E1767.77921
G1 X94.725 Y126.631 E1767.838
G1 X94.761 Y126.9 E1767.85605
G1 X94.607 Y126.9 E1767.8663
G1 X94.262 Y127.1 E1767.89282
G1 X93.345 Y127.1 E1767.95382
G1 X91.4 Y127.1 E1768.0832
G1 X91.4 Y124.303 E1768.26926
G1 X91.6 Y123.988 E1768.29408
G1 X91.6 Y123.839 E1768.30399
G1 X92.078 Y123.899 E1768.33604
G1 X92.452 Y124.018 E1768.36215
G1 X93.06 Y124.398 E1768.40984
G1 X93.345 Y124.683 E1768.43665
G1 X93.345 Y127.1 E1768.59743
G1 F1500 E1762.09743
G0 F7200 X90.678 Y134.612
G1 F1500 E1768.59743
G1 F3600 X90.678 Y130.9 E1768.84436
G1 X92.942 Y130.9 E1768.99496
G1 X92.998 Y131.2 E1769.01526
G1 X93.162 Y131.2 E1769.02617
G1 X92.664 Y132.407 E1769.11302
G1 X91.936 Y133.353 E1769.19243
G1 X89.03 Y136.26 E1769.46585
G1 X88.011 Y137.044 E1769.55138
G1 X88.011 Y130.496 E1769.98695
G1 X87.6 Y130.085 E1770.02562
G1 X87.6 Y125.561 E1770.32655
G1 X87.5 Y125.543 E1770.33331
G1 X87.5 Y125.496 E1770.33644
G1 X87.3 Y125.515 E1770.3498
G1 X87.3 Y125.368 E1770.35958
G1 X86.657 Y125.561 E1770.40424
G1 X85.826 Y126.008 E1770.46701
G1 X85.344 Y126.404 E1770.5085
G1 X85.344 Y137.593 E1771.2528
G1 X84.431 Y137.473 E1771.31406
G1 X83.268 Y136.993 E1771.39775
G1 X82.271 Y136.229 E1771.4813
G1 X81.507 Y135.232 E1771.56486
G1 X81.027 Y134.069 E1771.64855
G1 X80.863 Y132.828 E1771.73182
G1 X81.027 Y131.587 E1771.81509
G1 X81.507 Y130.423 E1771.89884
G1 X82.24 Y129.47 E1771.97882
G1 X82.677 Y129.033 E1772.01993
G1 X82.677 Y136.54 E1772.5193
G1 F1500 E1766.0193
G0 F7200 X202.692 Y127.041
G1 F1500 E1772.5193
G1 F3600 X202.692 Y125.753 E1772.60498
G1 X202.872 Y125.466 E1772.62751
G1 X204.034 Y124.304 E1772.73682
G1 X204.556 Y124.013 E1772.77658
G1 X205.131 Y123.775 E1772.81798
G1 X205.401 Y123.739 E1772.8361
G1 X205.401 Y123.891 E1772.84621
G1 X205.6 Y124.239 E1772.87287
G1 X205.6 Y127.1 E1773.06319
G1 X205.359 Y127.1 E1773.07922
G1 X205.359 Y123.744 E1773.30246
G1 F1500 E1766.80246
G0 F7200 X205.359 Y133.648
G1 F1500 E1773.30246
G1 F3600 X205.359 Y130.9 E1773.48526
G1 X204.053 Y130.9 E1773.57213
G1 X204.035 Y131 E1773.57889
G1 X204.005 Y131 E1773.58089
G1 X204.01 Y131.2 E1773.5942
G1 X203.838 Y131.2 E1773.60564
G1 X204.336 Y132.407 E1773.69249
G1 X205.064 Y133.353 E1773.7719
G1 X208.026 Y136.316 E1774.05059
G1 X208.026 Y130.9 E1774.41087
G1 X208.585 Y130.9 E1774.44805
G1 X209.4 Y130.085 E1774.52472
G1 X209.4 Y125.558 E1774.82586
G1 X209.7 Y125.502 E1774.84616
G1 X209.7 Y125.338 E1774.85707
G1 X210.693 Y125.748 E1774.92853
G1 X210.693 Y137.553 E1775.7138
G1 X211.328 Y137.637 E1775.75641
G1 X212.569 Y137.473 E1775.83968
G1 X213.36 Y137.147 E1775.89659
G1 X213.36 Y128.071 E1776.50033
G1 X214.76 Y129.47 E1776.63199
G1 X215.493 Y130.423 E1776.71196
G1 X215.973 Y131.587 E1776.79572
G1 X216.027 Y131.996 E1776.82316
G1 X216.027 Y133.661 E1776.93392
G1 F1500 E1770.43392
G0 F7200 X202.692 Y84.284
G1 F1500 E1776.93392
G1 F3600 X202.692 Y82.9 E1777.02598
G1 X205.6 Y82.9 E1777.21942
G1 X205.6 Y85.69 E1777.40501
G1 X205.416 Y85.956 E1777.42653
G1 X205.408 Y86.163 E1777.44031
G1 X205.359 Y86.155 E1777.44361
G1 X205.359 Y82.9 E1777.66014
G1 F1500 E1771.16014
G0 F7200 X205.359 Y79.1
G1 F1500 E1777.66014
G1 F3600 X205.359 Y76.351 E1777.843
G1 X205.064 Y76.647 E1777.8708
G1 X204.336 Y77.593 E1777.9502
G1 X203.838 Y78.8 E1778.03706
G1 X204.002 Y78.8 E1778.04797
G1 X204.058 Y79.1 E1778.06827
G1 X208.026 Y79.1 E1778.33222
G1 X208.026 Y73.696 E1778.6917
G1 X208.923 Y73.007 E1778.76694
G1 X210.087 Y72.527 E1778.85069
G1 X210.693 Y72.446 E1778.89136
G1 X210.693 Y84.253 E1779.67677
G1 X210.907 Y84.164 E1779.69218
G1 X211.853 Y83.436 E1779.77159
G1 X213.36 Y81.93 E1779.91331
G1 X213.36 Y72.854 E1780.51705
G1 X213.732 Y73.007 E1780.5438
G1 X214.729 Y73.771 E1780.62736
G1 X215.493 Y74.768 E1780.71091
G1 X215.973 Y75.931 E1780.79461
G1 X216.027 Y76.34 E1780.82205
G1 X216.027 Y78.005 E1780.9328
G1 F1500 E1774.4328
;MESH:manette_1-Body_(Meshed).stl
G0 F7200 X209.165 Y80.424
G0 X208.076 Y80.424
G0 X207.5 Y82
;TYPE:WALL-INNER
G1 F1500 E1780.9328
G1 F3600 X207.5 Y128 E1783.99274
G1 F3538.1 X207.493 Y128.174 E1784.00452
G0 F7200 X207.197 Y128.697
G1 F3654.8 X206.674 Y128.993 E1784.0439
G1 X207.514 Y129.014 E1784.09896
G1 F3664.1 X207.493 Y128.174 E1784.15387
G1 X207.197 Y128.697 E1784.19315
G0 F7200 X206.924 Y128.424
G1 F3600 X206.589 Y128.6 E1784.21832
G1 X90.5 Y128.6 E1791.94059
G1 X90.075 Y128.425 E1791.97117
G1 X89.9 Y128.089 E1791.99637
G1 X89.9 Y82 E1795.06222
G1 X90.075 Y81.575 E1795.09279
G1 X90.411 Y81.4 E1795.11799
G1 X206.5 Y81.4 E1802.84027
G1 X206.924 Y81.576 E1802.8708
G1 X207.1 Y82 E1802.90134
G1 X207.1 Y128.089 E1805.96719
G1 X206.924 Y128.424 E1805.99237
G0 F7200 X206.674 Y128.993
G1 F3529.4 X206.5 Y129 E1806.00418
G1 F3600 X90.5 Y129 E1813.72053
G0 F7200 X89.803 Y128.697
G1 F3654.8 X89.507 Y128.174 E1813.75991
G1 X89.486 Y129.014 E1813.81497
G1 F3730.6 X90.5 Y129 E1813.88006
G1 X89.803 Y128.697 E1813.92885
G0 F7200 X89.507 Y128.174
G1 F3529.4 X89.5 Y128 E1813.94067
G1 F3600 X89.5 Y82 E1817.0006
G0 F7200 X89.803 Y81.303
G1 F3654.8 X90.326 Y81.007 E1817.03997
G1 X89.486 Y80.986 E1817.09503
G1 F3730.6 X89.5 Y82 E1817.16013
G1 X89.803 Y81.303 E1817.20891
G0 F7200 X90.326 Y81.007
G1 F3529.4 X90.5 Y81 E1817.22073
G1 F3600 X206.5 Y81 E1824.93708
G0 F7200 X207.197 Y81.303
G1 F3730.6 X207.5 Y82 E1824.98587
G1 X207.514 Y80.986 E1825.05096
G1 X206.5 Y81 E1825.11606
G1 X207.197 Y81.303 E1825.16485
G0 F7200 X207.197 Y81.09
G0 X207.62 Y129.12
G0 X207.9 Y129.4
G1 F3600 X207.9 Y80.6 E1828.41104
G1 X89.101 Y80.601 E1836.31358
G1 X89.101 Y129.399 E1839.55963
G1 X207.9 Y129.4 E1847.46218
G0 F7200 X208.3 Y129.8
;TYPE:WALL-OUTER
G1 F1800 X208.3 Y80.2 E1850.76158
G1 X88.701 Y80.201 E1858.71734
G1 X88.701 Y129.799 E1862.01661
G1 X208.3 Y129.8 E1869.97237
G0 F7200 X208.3 Y129.6
G0 X207.62 Y129.12
G0 X207.41 Y128.035
G0 X206.698 Y128.035
G1 F1800 X206.642 Y128.142 E1869.9804
G1 X206.535 Y128.198 E1869.98844
G1 X90.5 Y128.2 E1877.70712
G1 X90.358 Y128.142 E1877.71732
G1 X90.302 Y128.035 E1877.72535
G1 X90.3 Y82 E1880.78761
G1 X90.358 Y81.858 E1880.79782
G1 X90.465 Y81.802 E1880.80585
G1 X206.5 Y81.8 E1888.52453
G1 X206.642 Y81.858 E1888.53473
G1 X206.7 Y82 E1888.54494
G1 X206.698 Y128.035 E1891.6072
G0 F7200 X206.642 Y128.142
G0 X206.573 Y128.178
G1 F1500 E1885.1072
;MESH:NONMESH
G0 F600 X206.573 Y128.178 Z6.2
G0 F7200 X206.573 Y128.91
G0 X90.062 Y128.438
G0 X90.053 Y81.575
G0 X82.677 Y80.966
;TIME_ELAPSED:3385.768653
;LAYER:15
;TYPE:SUPPORT
G1 F1500 E1891.6072
G1 F3600 X82.677 Y73.459 E1892.10657
G1 X82.271 Y73.771 E1892.14063
G1 X81.507 Y74.768 E1892.22418
G1 X81.027 Y75.931 E1892.30787
G1 X80.863 Y77.172 E1892.39114
G1 X81.027 Y78.413 E1892.47441
G1 X81.507 Y79.577 E1892.55817
G1 X82.24 Y80.53 E1892.63814
G1 X85.134 Y83.423 E1892.91035
G1 X85.344 Y83.595 E1892.9284
G1 X85.344 Y72.406 E1893.6727
G1 X85.672 Y72.363 E1893.6947
G1 X86.913 Y72.527 E1893.77797
G1 X88.011 Y72.98 E1893.85698
G1 X88.011 Y79.504 E1894.29096
G1 X88.415 Y79.1 E1894.32897
G1 X92.947 Y79.1 E1894.63044
G1 X92.965 Y79 E1894.6372
G1 X92.995 Y79 E1894.63919
G1 X92.99 Y78.8 E1894.6525
G1 X93.162 Y78.8 E1894.66394
G1 X92.664 Y77.593 E1894.7508
G1 X91.936 Y76.647 E1894.8302
G1 X90.678 Y75.389 E1894.94855
G1 X90.678 Y79.1 E1895.1954
G1 F1500 E1888.6954
G0 F7200 X93.345 Y85.316
G1 F1500 E1895.1954
G1 F3600 X93.046 Y85.614 E1895.22349
G1 X92.684 Y85.888 E1895.25369
G1 X91.869 Y86.225 E1895.31235
G1 X91.599 Y86.261 E1895.33047
G1 X91.599 Y86.057 E1895.34404
G1 X91.4 Y85.741 E1895.36888
G1 X91.4 Y82.9 E1895.55787
G1 X93.345 Y82.9 E1895.68725
G1 X94.204 Y82.9 E1895.74439
G1 X94.474 Y83.082 E1895.76605
G1 X94.67 Y83.091 E1895.7791
G1 X94.59 Y83.628 E1895.81522
G1 X94.462 Y84.006 E1895.84176
G1 X94.102 Y84.559 E1895.88566
G1 X93.345 Y85.316 E1895.95687
G1 X93.345 Y82.9 E1896.11758
G1 F1500 E1889.61758
G0 F7200 X93.345 Y124.683
G1 F1500 E1896.11758
G1 F3600 X94.094 Y125.432 E1896.18805
G1 X94.388 Y125.814 E1896.22011
G1 X94.725 Y126.631 E1896.2789
G1 X94.761 Y126.9 E1896.29695
G1 X94.608 Y126.9 E1896.30713
G1 X94.255 Y127.1 E1896.33412
G1 X93.345 Y127.1 E1896.39465
G1 X91.4 Y127.1 E1896.52403
G1 X91.4 Y124.31 E1896.70963
G1 X91.6 Y123.987 E1896.7349
G1 X91.6 Y123.839 E1896.74474
G1 X92.078 Y123.899 E1896.77679
G1 X92.452 Y124.018 E1896.8029
G1 X93.06 Y124.398 E1896.85059
G1 X93.345 Y124.683 E1896.8774
G1 X93.345 Y127.1 E1897.03818
G1 F1500 E1890.53818
G0 F7200 X90.678 Y134.612
G1 F1500 E1897.03818
G1 F3600 X90.678 Y130.9 E1897.2851
G1 X92.942 Y130.9 E1897.43571
G1 X92.998 Y131.2 E1897.45601
G1 X93.162 Y131.2 E1897.46692
G1 X92.664 Y132.407 E1897.55377
G1 X91.936 Y133.353 E1897.63318
G1 X89.03 Y136.26 E1897.9066
G1 X88.011 Y137.044 E1897.99213
G1 X88.011 Y130.496 E1898.4277
G1 X87.6 Y130.085 E1898.46637
G1 X87.6 Y125.561 E1898.7673
G1 X87.5 Y125.543 E1898.77406
G1 X87.5 Y125.496 E1898.77719
G1 X87.3 Y125.515 E1898.79055
G1 X87.3 Y125.368 E1898.80033
G1 X86.657 Y125.561 E1898.84499
G1 X85.826 Y126.008 E1898.90776
G1 X85.344 Y126.404 E1898.94925
G1 X85.344 Y137.593 E1899.69355
G1 X84.431 Y137.473 E1899.7548
G1 X83.268 Y136.993 E1899.8385
G1 X82.271 Y136.229 E1899.92205
G1 X81.507 Y135.232 E1900.00561
G1 X81.027 Y134.069 E1900.0893
G1 X80.863 Y132.828 E1900.17257
G1 X81.027 Y131.587 E1900.25584
G1 X81.507 Y130.423 E1900.33959
G1 X82.24 Y129.47 E1900.41957
G1 X82.677 Y129.033 E1900.46068
G1 X82.677 Y136.54 E1900.96005
G1 F1500 E1894.46005
G0 F7200 X202.692 Y127.037
G1 F1500 E1900.96005
G1 F3600 X202.692 Y125.753 E1901.04546
G1 X202.872 Y125.466 E1901.06799
G1 X204.034 Y124.304 E1901.17731
G1 X204.556 Y124.013 E1901.21706
G1 X205.131 Y123.775 E1901.25846
G1 X205.401 Y123.739 E1901.27658
G1 X205.401 Y123.891 E1901.28669
G1 X205.6 Y124.239 E1901.31336
G1 X205.6 Y127.1 E1901.50367
G1 X205.359 Y127.1 E1901.5197
G1 X205.359 Y123.744 E1901.74294
G1 F1500 E1895.24294
G0 F7200 X205.359 Y133.648
G1 F1500 E1901.74294
G1 F3600 X205.359 Y130.9 E1901.92574
G1 X204.053 Y130.9 E1902.01262
G1 X204.035 Y131 E1902.01938
G1 X204.005 Y131 E1902.02137
G1 X204.01 Y131.2 E1902.03468
G1 X203.838 Y131.2 E1902.04612
G1 X204.336 Y132.407 E1902.13298
G1 X205.064 Y133.353 E1902.21238
G1 X208.026 Y136.316 E1902.49108
G1 X208.026 Y130.9 E1902.85135
G1 X208.585 Y130.9 E1902.88853
G1 X209.4 Y130.085 E1902.9652
G1 X209.4 Y125.558 E1903.26634
G1 X209.7 Y125.502 E1903.28664
G1 X209.7 Y125.338 E1903.29755
G1 X210.693 Y125.748 E1903.36902
G1 X210.693 Y137.553 E1904.15429
G1 X211.328 Y137.637 E1904.1969
G1 X212.569 Y137.473 E1904.28016
G1 X213.36 Y137.147 E1904.33708
G1 X213.36 Y128.071 E1904.94081
G1 X214.76 Y129.47 E1905.07247
G1 X215.493 Y130.423 E1905.15245
G1 X215.973 Y131.587 E1905.2362
G1 X216.027 Y131.996 E1905.26364
G1 X216.027 Y133.661 E1905.3744
G1 F1500 E1898.8744
G0 F7200 X202.692 Y84.284
G1 F1500 E1905.3744
G1 F3600 X202.692 Y82.929 E1905.46454
G1 X202.745 Y82.9 E1905.46855
G1 X205.6 Y82.9 E1905.65847
G1 X205.6 Y85.697 E1905.84453
G1 X205.414 Y86.009 E1905.86869
G1 X205.408 Y86.163 E1905.87894
G1 X205.359 Y86.155 E1905.88224
G1 X205.359 Y82.9 E1906.09877
G1 F1500 E1899.59877
G0 F7200 X205.359 Y79.1
G1 F1500 E1906.09877
G1 F3600 X205.359 Y76.351 E1906.28163
G1 X205.064 Y76.647 E1906.30943
G1 X204.336 Y77.593 E1906.38884
G1 X203.838 Y78.8 E1906.47569
G1 X204.002 Y78.8 E1906.4866
G1 X204.058 Y79.1 E1906.5069
G1 X208.026 Y79.1 E1906.77085
G1 X208.026 Y73.696 E1907.13033
G1 X208.923 Y73.007 E1907.20557
G1 X210.087 Y72.527 E1907.28932
G1 X210.693 Y72.446 E1907.32999
G1 X210.693 Y84.253 E1908.1154
G1 X210.907 Y84.164 E1908.13082
G1 X211.853 Y83.436 E1908.21022
G1 X213.36 Y81.93 E1908.35194
G1 X213.36 Y72.854 E1908.95568
G1 X213.732 Y73.007 E1908.98244
G1 X214.729 Y73.771 E1909.06599
G1 X215.493 Y74.768 E1909.14954
G1 X215.973 Y75.931 E1909.23324
G1 X216.027 Y76.34 E1909.26068
G1 X216.027 Y78.005 E1909.37144
G1 F1500 E1902.87144
;MESH:manette_1-Body_(Meshed).stl
G0 F7200 X209.165 Y80.424
G0 X208.076 Y80.424
G0 X207.5 Y82
;TYPE:WALL-INNER
G1 F1500 E1909.37144
G1 F3600 X207.5 Y128 E1912.43137
G1 F3538.1 X207.493 Y128.174 E1912.44316
G0 F7200 X207.197 Y128.697
G1 F3654.8 X206.674 Y128.993 E1912.48253
G1 X207.514 Y129.014 E1912.53759
G1 F3664.1 X207.493 Y128.174 E1912.5925
G1 X207.197 Y128.697 E1912.63178
G0 F7200 X206.924 Y128.424
G1 F3600 X206.589 Y128.6 E1912.65695
G1 X90.5 Y128.6 E1920.37922
G1 X90.075 Y128.425 E1920.4098
G1 X89.9 Y128.089 E1920.435
G1 X89.9 Y82 E1923.50085
G1 X90.075 Y81.575 E1923.53143
G1 X90.411 Y81.4 E1923.55663
G1 X206.5 Y81.4 E1931.2789
G1 X206.924 Y81.576 E1931.30944
G1 X207.1 Y82 E1931.33997
G1 X207.1 Y128.089 E1934.40583
G1 X206.924 Y128.424 E1934.431
G0 F7200 X206.674 Y128.993
G1 F3529.4 X206.5 Y129 E1934.44281
G1 F3600 X90.5 Y129 E1942.15917
G0 F7200 X89.803 Y128.697
G1 F3654.8 X89.507 Y128.174 E1942.19854
G1 X89.486 Y129.014 E1942.2536
G1 F3730.6 X90.5 Y129 E1942.3187
G1 X89.803 Y128.697 E1942.36748
G0 F7200 X89.507 Y128.174
G1 F3529.4 X89.5 Y128 E1942.3793
G1 F3600 X89.5 Y82 E1945.43923
G0 F7200 X89.803 Y81.303
G1 F3654.8 X90.326 Y81.007 E1945.47861
G1 X89.486 Y80.986 E1945.53366
G1 F3730.6 X89.5 Y82 E1945.59876
G1 X89.803 Y81.303 E1945.64755
G0 F7200 X90.326 Y81.007
G1 F3529.4 X90.5 Y81 E1945.65936
G1 F3600 X206.5 Y81 E1953.37571
G0 F7200 X207.197 Y81.303
G1 F3730.6 X207.5 Y82 E1953.4245
G1 X207.514 Y80.986 E1953.4896
G1 X206.5 Y81 E1953.55469
G1 X207.197 Y81.303 E1953.60348
G0 F7200 X207.197 Y81.09
G0 X207.62 Y129.12
G0 X207.9 Y129.4
G1 F3600 X207.9 Y80.6 E1956.84967
G1 X89.101 Y80.601 E1964.75221
G1 X89.101 Y129.399 E1967.99827
G1 X207.9 Y129.4 E1975.90081
G0 F7200 X208.3 Y129.8
;TYPE:WALL-OUTER
G1 F1800 X208.3 Y80.2 E1979.20021
G1 X88.701 Y80.201 E1987.15597
G1 X88.701 Y129.799 E1990.45524
G1 X208.3 Y129.8 E1998.411
G0 F7200 X208.3 Y129.6
G0 X207.62 Y129.12
G0 X207.41 Y128.035
G0 X206.698 Y128.035
G1 F1800 X206.642 Y128.142 E1998.41904
G1 X206.535 Y128.198 E1998.42707
G1 X90.5 Y128.2 E2006.14575
G1 X90.358 Y128.142 E2006.15595
G1 X90.302 Y128.035 E2006.16399
G1 X90.3 Y82 E2009.22625
G1 X90.358 Y81.858 E2009.23645
G1 X90.465 Y81.802 E2009.24448
G1 X206.5 Y81.8 E2016.96316
G1 X206.642 Y81.858 E2016.97337
G1 X206.7 Y82 E2016.98357
G1 X206.698 Y128.035 E2020.04583
G0 F7200 X206.642 Y128.142
G0 X206.573 Y128.178
G1 F1500 E2013.54583
;MESH:NONMESH
G0 F600 X206.573 Y128.178 Z6.6
G0 F7200 X206.573 Y128.91
G0 X90.062 Y128.438
G0 X90.053 Y81.575
G0 X82.677 Y80.966
;TIME_ELAPSED:3439.181416
;LAYER:16
;TYPE:SUPPORT
G1 F1500 E2020.04583
G1 F3600 X82.677 Y73.459 E2020.5452
G1 X82.271 Y73.771 E2020.57926
G1 X81.507 Y74.768 E2020.66281
G1 X81.027 Y75.931 E2020.74651
G1 X80.863 Y77.172 E2020.82977
G1 X81.027 Y78.413 E2020.91304
G1 X81.507 Y79.577 E2020.9968
G1 X82.24 Y80.53 E2021.07678
G1 X85.134 Y83.423 E2021.34898
G1 X85.344 Y83.595 E2021.36704
G1 X85.344 Y72.406 E2022.11133
G1 X85.672 Y72.363 E2022.13334
G1 X86.913 Y72.527 E2022.21661
G1 X88.011 Y72.98 E2022.29562
G1 X88.011 Y79.504 E2022.72959
G1 X88.415 Y79.1 E2022.7676
G1 X92.947 Y79.1 E2023.06907
G1 X92.965 Y79 E2023.07583
G1 X92.995 Y79 E2023.07782
G1 X92.99 Y78.8 E2023.09113
G1 X93.162 Y78.8 E2023.10257
G1 X92.664 Y77.593 E2023.18943
G1 X91.936 Y76.647 E2023.26883
G1 X90.678 Y75.389 E2023.38718
G1 X90.678 Y79.1 E2023.63404
G1 F1500 E2017.13404
G0 F7200 X93.345 Y85.316
G1 F1500 E2023.63404
G1 F3600 X93.046 Y85.614 E2023.66212
G1 X92.684 Y85.888 E2023.69232
G1 X91.869 Y86.225 E2023.75098
G1 X91.599 Y86.261 E2023.7691
G1 X91.599 Y86.058 E2023.78261
G1 X91.4 Y85.742 E2023.80745
G1 X91.4 Y82.9 E2023.9965
G1 X93.345 Y82.9 E2024.12588
G1 X94.21 Y82.9 E2024.18342
G1 X94.529 Y83.086 E2024.20798
G1 X94.669 Y83.096 E2024.21732
G1 X94.59 Y83.628 E2024.2531
G1 X94.462 Y84.006 E2024.27965
G1 X94.102 Y84.559 E2024.32354
G1 X93.345 Y85.316 E2024.39475
G1 X93.345 Y82.9 E2024.55547
G1 F1500 E2018.05547
G0 F7200 X93.345 Y124.683
G1 F1500 E2024.55547
G1 F3600 X94.094 Y125.432 E2024.62593
G1 X94.388 Y125.814 E2024.65799
G1 X94.725 Y126.631 E2024.71678
G1 X94.761 Y126.9 E2024.73483
G1 X94.608 Y126.9 E2024.74501
G1 X94.255 Y127.1 E2024.772
G1 X93.345 Y127.1 E2024.83253
G1 X91.4 Y127.1 E2024.96192
G1 X91.4 Y124.31 E2025.14751
G1 X91.6 Y123.987 E2025.17278
G1 X91.6 Y123.839 E2025.18262
G1 X92.078 Y123.899 E2025.21467
G1 X92.452 Y124.018 E2025.24078
G1 X93.06 Y124.398 E2025.28847
G1 X93.345 Y124.683 E2025.31528
G1 X93.345 Y127.1 E2025.47606
G1 F1500 E2018.97606
G0 F7200 X90.678 Y134.612
G1 F1500 E2025.47606
G1 F3600 X90.678 Y130.9 E2025.72299
G1 X92.942 Y130.9 E2025.87359
G1 X92.998 Y131.2 E2025.89389
G1 X93.162 Y131.2 E2025.9048
G1 X92.664 Y132.407 E2025.99165
G1 X91.936 Y133.353 E2026.07106
G1 X89.03 Y136.26 E2026.34448
G1 X88.011 Y137.044 E2026.43001
G1 X88.011 Y130.496 E2026.86558
G1 X87.6 Y130.085 E2026.90425
G1 X87.6 Y125.561 E2027.20519
G1 X87.5 Y125.543 E2027.21194
G1 X87.5 Y125.496 E2027.21507
G1 X87.3 Y125.515 E2027.22843
G1 X87.3 Y125.368 E2027.23821
G1 X86.657 Y125.561 E2027.28287
G1 X85.826 Y126.008 E2027.34564
G1 X85.344 Y126.404 E2027.38714
G1 X85.344 Y137.593 E2028.13143
G1 X84.431 Y137.473 E2028.19269
G1 X83.268 Y136.993 E2028.27638
G1 X82.271 Y136.229 E2028.35993
G1 X81.507 Y135.232 E2028.44349
G1 X81.027 Y134.069 E2028.52718
G1 X80.863 Y132.828 E2028.61045
G1 X81.027 Y131.587 E2028.69372
G1 X81.507 Y130.423 E2028.77747
G1 X82.24 Y129.47 E2028.85745
G1 X82.677 Y129.033 E2028.89856
G1 X82.677 Y136.54 E2029.39793
G1 F1500 E2022.89793
G0 F7200 X202.692 Y127.016
G1 F1500 E2029.39793
G1 F3600 X202.692 Y125.753 E2029.48194
G1 X202.872 Y125.466 E2029.50448
G1 X204.034 Y124.304 E2029.61379
G1 X204.556 Y124.013 E2029.65355
G1 X205.131 Y123.775 E2029.69494
G1 X205.401 Y123.739 E2029.71306
G1 X205.401 Y123.891 E2029.72317
G1 X205.6 Y124.239 E2029.74984
G1 X205.6 Y127.1 E2029.94016
G1 X205.359 Y127.1 E2029.95619
G1 X205.359 Y123.744 E2030.17943
G1 F1500 E2023.67943
G0 F7200 X205.359 Y133.648
G1 F1500 E2030.17943
G1 F3600 X205.359 Y130.9 E2030.36223
G1 X204.053 Y130.9 E2030.4491
G1 X204.035 Y131 E2030.45586
G1 X204.005 Y131 E2030.45786
G1 X204.01 Y131.2 E2030.47116
G1 X203.838 Y131.2 E2030.48261
G1 X204.336 Y132.407 E2030.56946
G1 X205.064 Y133.353 E2030.64887
G1 X208.026 Y136.316 E2030.92756
G1 X208.026 Y130.9 E2031.28783
G1 X208.585 Y130.9 E2031.32502
G1 X209.4 Y130.085 E2031.40169
G1 X209.4 Y125.558 E2031.70283
G1 X209.7 Y125.502 E2031.72313
G1 X209.7 Y125.338 E2031.73404
G1 X210.693 Y125.748 E2031.8055
G1 X210.693 Y137.553 E2032.59077
G1 X211.328 Y137.637 E2032.63338
G1 X212.569 Y137.473 E2032.71665
G1 X213.36 Y137.147 E2032.77356
G1 X213.36 Y128.071 E2033.3773
G1 X214.76 Y129.47 E2033.50895
G1 X215.493 Y130.423 E2033.58893
G1 X215.973 Y131.587 E2033.67269
G1 X216.027 Y131.996 E2033.70013
G1 X216.027 Y133.661 E2033.81089
G1 F1500 E2027.31089
G0 F7200 X202.692 Y84.284
G1 F1500 E2033.81089
G1 F3600 X202.692 Y82.929 E2033.90102
G1 X202.745 Y82.9 E2033.90504
G1 X205.6 Y82.9 E2034.09495
G1 X205.6 Y85.696 E2034.28094
G1 X205.413 Y86.01 E2034.30526
G1 X205.407 Y86.163 E2034.31544
G1 X205.359 Y86.155 E2034.31868
G1 X205.359 Y82.9 E2034.5352
G1 F1500 E2028.0352
G0 F7200 X205.359 Y79.1
G1 F1500 E2034.5352
G1 F3600 X205.359 Y76.351 E2034.71807
G1 X205.064 Y76.647 E2034.74586
G1 X204.336 Y77.593 E2034.82527
G1 X203.838 Y78.8 E2034.91213
G1 X204.002 Y78.8 E2034.92303
G1 X204.058 Y79.1 E2034.94334
G1 X208.026 Y79.1 E2035.20729
G1 X208.026 Y73.696 E2035.56676
G1 X208.923 Y73.007 E2035.642
G1 X210.087 Y72.527 E2035.72576
G1 X210.693 Y72.446 E2035.76643
G1 X210.693 Y84.253 E2036.55183
G1 X210.907 Y84.164 E2036.56725
G1 X211.853 Y83.436 E2036.64665
G1 X213.36 Y81.93 E2036.78838
G1 X213.36 Y72.854 E2037.39211
G1 X213.732 Y73.007 E2037.41887
G1 X214.729 Y73.771 E2037.50242
G1 X215.493 Y74.768 E2037.58598
G1 X215.973 Y75.931 E2037.66967
G1 X216.027 Y76.34 E2037.69711
G1 X216.027 Y78.005 E2037.80787
G1 F1500 E2031.30787
;MESH:manette_1-Body_(Meshed).stl
G0 F7200 X209.165 Y80.424
G0 X208.076 Y80.424
G0 X207.5 Y82
;TYPE:WALL-INNER
G1 F1500 E2037.80787
G1 F3600 X207.5 Y128 E2040.8678
G1 F3538.1 X207.493 Y128.174 E2040.87959
G0 F7200 X207.197 Y128.697
G1 F3654.8 X206.674 Y128.993 E2040.91897
G1 X207.514 Y129.014 E2040.97402
G1 F3664.1 X207.493 Y128.174 E2041.02894
G1 X207.197 Y128.697 E2041.06821
G0 F7200 X206.924 Y128.424
G1 F3600 X206.589 Y128.6 E2041.09339
G1 X90.5 Y128.6 E2048.81566
G1 X90.075 Y128.425 E2048.84623
G1 X89.9 Y128.089 E2048.87143
G1 X89.9 Y82 E2051.93729
G1 X90.075 Y81.575 E2051.96786
G1 X90.411 Y81.4 E2051.99306
G1 X206.5 Y81.4 E2059.71533
G1 X206.924 Y81.576 E2059.74587
G1 X207.1 Y82 E2059.77641
G1 X207.1 Y128.089 E2062.84226
G1 X206.924 Y128.424 E2062.86743
G0 F7200 X206.674 Y128.993
G1 F3529.4 X206.5 Y129 E2062.87925
G1 F3600 X90.5 Y129 E2070.5956
G0 F7200 X89.803 Y128.697
G1 F3654.8 X89.507 Y128.174 E2070.63498
G1 X89.486 Y129.014 E2070.69003
G1 F3730.6 X90.5 Y129 E2070.75513
G1 X89.803 Y128.697 E2070.80392
G0 F7200 X89.507 Y128.174
G1 F3529.4 X89.5 Y128 E2070.81573
G1 F3600 X89.5 Y82 E2073.87566
G0 F7200 X89.803 Y81.303
G1 F3654.8 X90.326 Y81.007 E2073.91504
G1 X89.486 Y80.986 E2073.9701
G1 F3730.6 X89.5 Y82 E2074.03519
G1 X89.803 Y81.303 E2074.08398
G0 F7200 X90.326 Y81.007
G1 F3529.4 X90.5 Y81 E2074.0958
G1 F3600 X206.5 Y81 E2081.81215
G0 F7200 X207.197 Y81.303
G1 F3730.6 X207.5 Y82 E2081.86093
G1 X207.514 Y80.986 E2081.92603
G1 X206.5 Y81 E2081.99113
G1 X207.197 Y81.303 E2082.03991
G0 F7200 X207.197 Y81.09
G0 X207.62 Y129.12
G0 X207.9 Y129.4
G1 F3600 X207.9 Y80.6 E2085.2861
G1 X89.101 Y80.601 E2093.18864
G1 X89.101 Y129.399 E2096.4347
G1 X207.9 Y129.4 E2104.33724
G0 F7200 X208.3 Y129.8
;TYPE:WALL-OUTER
G1 F1800 X208.3 Y80.2 E2107.63665
G1 X88.701 Y80.201 E2115.59241
G1 X88.701 Y129.799 E2118.89168
G1 X208.3 Y129.8 E2126.84744
G0 F7200 X208.3 Y129.6
G0 X207.62 Y129.12
G0 X207.41 Y128.035
G0 X206.698 Y128.035
G1 F1800 X206.642 Y128.142 E2126.85547
G1 X206.535 Y128.198 E2126.8635
G1 X90.5 Y128.2 E2134.58218
G1 X90.358 Y128.142 E2134.59239
G1 X90.302 Y128.035 E2134.60042
G1 X90.3 Y82 E2137.66268
G1 X90.358 Y81.858 E2137.67288
G1 X90.465 Y81.802 E2137.68092
G1 X206.5 Y81.8 E2145.3996
G1 X206.642 Y81.858 E2145.4098
G1 X206.7 Y82 E2145.42
G1 X206.698 Y128.035 E2148.48226
G0 F7200 X206.642 Y128.142
G0 X206.573 Y128.178
G1 F1500 E2141.98226
;MESH:NONMESH
G0 F600 X206.573 Y128.178 Z7
G0 F7200 X206.573 Y128.91
G0 X90.062 Y128.438
G0 X90.053 Y81.575
G0 X82.677 Y80.966
;TIME_ELAPSED:3492.592453
;LAYER:17
;TYPE:SUPPORT
G1 F1500 E2148.48226
G1 F3600 X82.677 Y73.459 E2148.98163
G1 X82.271 Y73.771 E2149.01569
G1 X81.507 Y74.768 E2149.09925
G1 X81.027 Y75.931 E2149.18294
G1 X80.863 Y77.172 E2149.26621
G1 X81.027 Y78.413 E2149.34948
G1 X81.507 Y79.577 E2149.43323
G1 X82.24 Y80.53 E2149.51321
G1 X85.134 Y83.423 E2149.78541
G1 X85.344 Y83.595 E2149.80347
G1 X85.344 Y72.406 E2150.54776
G1 X85.672 Y72.363 E2150.56977
G1 X86.913 Y72.527 E2150.65304
G1 X88.011 Y72.98 E2150.73205
G1 X88.011 Y79.504 E2151.16603
G1 X88.415 Y79.1 E2151.20403
G1 X92.947 Y79.1 E2151.5055
G1 X92.965 Y79 E2151.51226
G1 X92.995 Y79 E2151.51426
G1 X92.99 Y78.8 E2151.52757
G1 X93.162 Y78.8 E2151.53901
G1 X92.664 Y77.593 E2151.62586
G1 X91.936 Y76.647 E2151.70527
G1 X90.678 Y75.389 E2151.82361
G1 X90.678 Y79.1 E2152.07047
G1 F1500 E2145.57047
G0 F7200 X93.345 Y85.316
G1 F1500 E2152.07047
G1 F3600 X93.046 Y85.614 E2152.09855
G1 X92.684 Y85.888 E2152.12875
G1 X91.869 Y86.225 E2152.18742
G1 X91.599 Y86.261 E2152.20554
G1 X91.599 Y86.059 E2152.21897
G1 X91.4 Y85.739 E2152.24404
G1 X91.4 Y82.9 E2152.43289
G1 X93.345 Y82.9 E2152.56227
G1 X94.209 Y82.9 E2152.61975
G1 X94.529 Y83.086 E2152.64437
G1 X94.669 Y83.098 E2152.65372
G1 X94.59 Y83.628 E2152.68936
G1 X94.462 Y84.006 E2152.71591
G1 X94.102 Y84.559 E2152.7598
G1 X93.345 Y85.316 E2152.83102
G1 X93.345 Y82.9 E2152.99173
G1 F1500 E2146.49173
G0 F7200 X93.345 Y124.683
G1 F1500 E2152.99173
G1 F3600 X94.094 Y125.432 E2153.06219
G1 X94.388 Y125.814 E2153.09426
G1 X94.725 Y126.631 E2153.15304
G1 X94.761 Y126.9 E2153.1711
G1 X94.607 Y126.9 E2153.18134
G1 X94.254 Y127.1 E2153.20833
G1 X93.345 Y127.1 E2153.2688
G1 X91.4 Y127.1 E2153.39818
G1 X91.4 Y124.31 E2153.58377
G1 X91.6 Y123.988 E2153.60899
G1 X91.6 Y123.839 E2153.6189
G1 X92.078 Y123.899 E2153.65094
G1 X92.452 Y124.018 E2153.67705
G1 X93.06 Y124.398 E2153.72475
G1 X93.345 Y124.683 E2153.75156
G1 X93.345 Y127.1 E2153.91234
G1 F1500 E2147.41234
G0 F7200 X90.678 Y134.612
G1 F1500 E2153.91234
G1 F3600 X90.678 Y130.9 E2154.15926
G1 X92.942 Y130.9 E2154.30986
G1 X92.998 Y131.2 E2154.33016
G1 X93.162 Y131.2 E2154.34107
G1 X92.664 Y132.407 E2154.42793
G1 X91.936 Y133.353 E2154.50733
G1 X89.03 Y136.26 E2154.78076
G1 X88.011 Y137.044 E2154.86628
G1 X88.011 Y130.496 E2155.30186
G1 X87.6 Y130.085 E2155.34052
G1 X87.6 Y125.561 E2155.64146
G1 X87.5 Y125.543 E2155.64822
G1 X87.5 Y125.496 E2155.65134
G1 X87.3 Y125.515 E2155.66471
G1 X87.3 Y125.368 E2155.67449
G1 X86.657 Y125.561 E2155.71914
G1 X85.826 Y126.008 E2155.78191
G1 X85.344 Y126.404 E2155.82341
G1 X85.344 Y137.593 E2156.5677
G1 X84.431 Y137.473 E2156.62896
G1 X83.268 Y136.993 E2156.71265
G1 X82.271 Y136.229 E2156.79621
G1 X81.507 Y135.232 E2156.87976
G1 X81.027 Y134.069 E2156.96345
G1 X80.863 Y132.828 E2157.04672
G1 X81.027 Y131.587 E2157.12999
G1 X81.507 Y130.423 E2157.21375
G1 X82.24 Y129.47 E2157.29372
G1 X82.677 Y129.033 E2157.33483
G1 X82.677 Y136.54 E2157.8342
G1 F1500 E2151.3342
G0 F7200 X202.692 Y127.016
G1 F1500 E2157.8342
G1 F3600 X202.692 Y125.753 E2157.91822
G1 X202.872 Y125.466 E2157.94075
G1 X204.034 Y124.304 E2158.05007
G1 X204.556 Y124.013 E2158.08982
G1 X205.131 Y123.775 E2158.13122
G1 X205.401 Y123.739 E2158.14934
G1 X205.401 Y123.892 E2158.15951
G1 X205.6 Y124.24 E2158.18618
G1 X205.6 Y127.1 E2158.37643
G1 X205.359 Y127.1 E2158.39246
G1 X205.359 Y123.744 E2158.6157
G1 F1500 E2152.1157
G0 F7200 X205.359 Y133.648
G1 F1500 E2158.6157
G1 F3600 X205.359 Y130.9 E2158.7985
G1 X204.053 Y130.9 E2158.88537
G1 X204.035 Y131 E2158.89213
G1 X204.005 Y131 E2158.89413
G1 X204.01 Y131.2 E2158.90744
G1 X203.838 Y131.2 E2158.91888
G1 X204.336 Y132.407 E2159.00573
G1 X205.064 Y133.353 E2159.08514
G1 X208.026 Y136.316 E2159.36383
G1 X208.026 Y130.9 E2159.72411
G1 X208.585 Y130.9 E2159.76129
G1 X209.4 Y130.085 E2159.83796
G1 X209.4 Y125.558 E2160.1391
G1 X209.7 Y125.502 E2160.1594
G1 X209.7 Y125.338 E2160.17031
G1 X210.693 Y125.748 E2160.24177
G1 X210.693 Y137.553 E2161.02704
G1 X211.328 Y137.637 E2161.06965
G1 X212.569 Y137.473 E2161.15292
G1 X213.36 Y137.147 E2161.20983
G1 X213.36 Y128.071 E2161.81357
G1 X214.76 Y129.47 E2161.94523
G1 X215.493 Y130.423 E2162.0252
G1 X215.973 Y131.587 E2162.10896
G1 X216.027 Y131.996 E2162.1364
G1 X216.027 Y133.661 E2162.24716
G1 F1500 E2155.74716
G0 F7200 X202.692 Y84.284
G1 F1500 E2162.24716
G1 F3600 X202.692 Y82.929 E2162.33729
G1 X202.745 Y82.9 E2162.34131
G1 X205.6 Y82.9 E2162.53123
G1 X205.6 Y85.696 E2162.71722
G1 X205.413 Y86.011 E2162.74159
G1 X205.407 Y86.163 E2162.75171
G1 X205.359 Y86.155 E2162.75494
G1 X205.359 Y82.9 E2162.97147
G1 F1500 E2156.47147
G0 F7200 X205.359 Y79.1
G1 F1500 E2162.97147
G1 F3600 X205.359 Y76.351 E2163.15433
G1 X205.064 Y76.647 E2163.18213
G1 X204.336 Y77.593 E2163.26153
G1 X203.838 Y78.8 E2163.34839
G1 X204.002 Y78.8 E2163.3593
G1 X204.058 Y79.1 E2163.3796
G1 X208.026 Y79.1 E2163.64355
G1 X208.026 Y73.696 E2164.00303
G1 X208.923 Y73.007 E2164.07827
G1 X210.087 Y72.527 E2164.16202
G1 X210.693 Y72.446 E2164.20269
G1 X210.693 Y84.253 E2164.9881
G1 X210.907 Y84.164 E2165.00351
G1 X211.853 Y83.436 E2165.08292
G1 X213.36 Y81.93 E2165.22464
G1 X213.36 Y72.854 E2165.82838
G1 X213.732 Y73.007 E2165.85513
G1 X214.729 Y73.771 E2165.93869
G1 X215.493 Y74.768 E2166.02224
G1 X215.973 Y75.931 E2166.10594
G1 X216.027 Y76.34 E2166.13338
G1 X216.027 Y78.005 E2166.24414
G1 F1500 E2159.74414
;MESH:manette_1-Body_(Meshed).stl
G0 F7200 X209.165 Y80.424
G0 X208.076 Y80.424
G0 X207.5 Y82
;TYPE:WALL-INNER
G1 F1500 E2166.24414
G1 F3600 X207.5 Y128 E2169.30407
G1 F3538.1 X207.493 Y128.174 E2169.31585
G0 F7200 X207.197 Y128.697
G1 F3654.8 X206.674 Y128.993 E2169.35523
G1 X207.514 Y129.014 E2169.41029
G1 F3664.1 X207.493 Y128.174 E2169.4652
G1 X207.197 Y128.697 E2169.50448
G0 F7200 X206.924 Y128.424
G1 F3600 X206.589 Y128.6 E2169.52965
G1 X90.5 Y128.6 E2177.25192
G1 X90.075 Y128.425 E2177.2825
G1 X89.9 Y128.089 E2177.3077
G1 X89.9 Y82 E2180.37355
G1 X90.075 Y81.575 E2180.40412
G1 X90.411 Y81.4 E2180.42932
G1 X206.5 Y81.4 E2188.1516
G1 X206.924 Y81.576 E2188.18213
G1 X207.1 Y82 E2188.21267
G1 X207.1 Y128.089 E2191.27853
G1 X206.924 Y128.424 E2191.3037
G0 F7200 X206.674 Y128.993
G1 F3529.4 X206.5 Y129 E2191.31551
G1 F3600 X90.5 Y129 E2199.03186
G0 F7200 X89.803 Y128.697
G1 F3654.8 X89.507 Y128.174 E2199.07124
G1 X89.486 Y129.014 E2199.1263
G1 F3730.6 X90.5 Y129 E2199.19139
G1 X89.803 Y128.697 E2199.24018
G0 F7200 X89.507 Y128.174
G1 F3529.4 X89.5 Y128 E2199.252
G1 F3600 X89.5 Y82 E2202.31193
G0 F7200 X89.803 Y81.303
G1 F3654.8 X90.326 Y81.007 E2202.3513
G1 X89.486 Y80.986 E2202.40636
G1 F3730.6 X89.5 Y82 E2202.47146
G1 X89.803 Y81.303 E2202.52024
G0 F7200 X90.326 Y81.007
G1 F3529.4 X90.5 Y81 E2202.53206
G1 F3600 X206.5 Y81 E2210.24841
G0 F7200 X207.197 Y81.303
G1 F3730.6 X207.5 Y82 E2210.2972
G1 X207.514 Y80.986 E2210.36229
G1 X206.5 Y81 E2210.42739
G1 X207.197 Y81.303 E2210.47618
G0 F7200 X207.197 Y81.09
G0 X207.62 Y129.12
G0 X207.9 Y129.4
G1 F3600 X207.9 Y80.6 E2213.72237
G1 X89.101 Y80.601 E2221.62491
G1 X89.101 Y129.399 E2224.87097
G1 X207.9 Y129.4 E2232.77351
G0 F7200 X208.3 Y129.8
;TYPE:WALL-OUTER
G1 F1800 X208.3 Y80.2 E2236.07291
G1 X88.701 Y80.201 E2244.02867
G1 X88.701 Y129.799 E2247.32794
G1 X208.3 Y129.8 E2255.2837
G0 F7200 X208.3 Y129.6
G0 X207.62 Y129.12
G0 X207.41 Y128.035
G0 X206.698 Y128.035
G1 F1800 X206.642 Y128.142 E2255.29173
G1 X206.535 Y128.198 E2255.29977
G1 X90.5 Y128.2 E2263.01845
G1 X90.358 Y128.142 E2263.02865
G1 X90.302 Y128.035 E2263.03668
G1 X90.3 Y82 E2266.09894
G1 X90.358 Y81.858 E2266.10915
G1 X90.465 Y81.802 E2266.11718
G1 X206.5 Y81.8 E2273.83586
G1 X206.642 Y81.858 E2273.84606
G1 X206.7 Y82 E2273.85627
G1 X206.698 Y128.035 E2276.91853
G0 F7200 X206.642 Y128.142
G0 X206.573 Y128.178
G1 F1500 E2270.41853
;MESH:NONMESH
G0 F600 X206.573 Y128.178 Z7.4
G0 F7200 X206.573 Y128.91
G0 X90.062 Y128.438
G0 X90.053 Y81.575
G0 X82.677 Y80.966
;TIME_ELAPSED:3546.003318
;LAYER:18
;TYPE:SUPPORT
G1 F1500 E2276.91853
G1 F3600 X82.677 Y73.459 E2277.4179
G1 X82.271 Y73.771 E2277.45196
G1 X81.507 Y74.768 E2277.53551
G1 X81.027 Y75.931 E2277.6192
G1 X80.863 Y77.172 E2277.70247
G1 X81.027 Y78.413 E2277.78574
G1 X81.507 Y79.577 E2277.8695
G1 X82.24 Y80.53 E2277.94947
G1 X85.134 Y83.423 E2278.22168
G1 X85.344 Y83.595 E2278.23973
G1 X85.344 Y72.406 E2278.98403
G1 X85.672 Y72.363 E2279.00603
G1 X86.913 Y72.527 E2279.0893
G1 X88.011 Y72.98 E2279.16831
G1 X88.011 Y79.504 E2279.60229
G1 X88.415 Y79.1 E2279.6403
G1 X92.947 Y79.1 E2279.94177
G1 X92.965 Y79 E2279.94853
G1 X92.995 Y79 E2279.95052
G1 X92.99 Y78.8 E2279.96383
G1 X93.162 Y78.8 E2279.97527
G1 X92.664 Y77.593 E2280.06213
G1 X91.936 Y76.647 E2280.14153
G1 X90.678 Y75.389 E2280.25988
G1 X90.678 Y79.1 E2280.50673
G1 F1500 E2274.00673
G0 F7200 X93.345 Y85.316
G1 F1500 E2280.50673
G1 F3600 X93.046 Y85.614 E2280.53482
G1 X92.684 Y85.888 E2280.56502
G1 X91.869 Y86.225 E2280.62368
G1 X91.599 Y86.261 E2280.6418
G1 X91.599 Y86.111 E2280.65178
G1 X91.4 Y85.745 E2280.67949
G1 X91.4 Y82.9 E2280.86874
G1 X93.345 Y82.9 E2280.99812
G1 X94.208 Y82.9 E2281.05553
G1 X94.528 Y83.086 E2281.08015
G1 X94.669 Y83.098 E2281.08957
G1 X94.59 Y83.628 E2281.12521
G1 X94.462 Y84.006 E2281.15176
G1 X94.102 Y84.559 E2281.19565
G1 X93.345 Y85.316 E2281.26687
G1 X93.345 Y82.9 E2281.42758
G1 F1500 E2274.92758
G0 F7200 X93.345 Y124.683
G1 F1500 E2281.42758
G1 F3600 X94.094 Y125.432 E2281.49804
G1 X94.388 Y125.814 E2281.53011
G1 X94.725 Y126.631 E2281.58889
G1 X94.761 Y126.9 E2281.60695
G1 X94.607 Y126.9 E2281.61719
G1 X94.254 Y127.1 E2281.64418
G1 X93.345 Y127.1 E2281.70465
G1 X91.4 Y127.1 E2281.83403
G1 X91.4 Y124.311 E2282.01955
G1 X91.6 Y123.994 E2282.04449
G1 X91.6 Y123.839 E2282.0548
G1 X92.078 Y123.899 E2282.08684
G1 X92.452 Y124.018 E2282.11295
G1 X93.06 Y124.398 E2282.16065
G1 X93.345 Y124.683 E2282.18746
G1 X93.345 Y127.1 E2282.34824
G1 F1500 E2275.84824
G0 F7200 X90.678 Y134.612
G1 F1500 E2282.34824
G1 F3600 X90.678 Y130.9 E2282.59516
G1 X92.942 Y130.9 E2282.74576
G1 X92.998 Y131.2 E2282.76606
G1 X93.162 Y131.2 E2282.77697
G1 X92.664 Y132.407 E2282.86383
G1 X91.936 Y133.353 E2282.94323
G1 X89.03 Y136.26 E2283.21666
G1 X88.011 Y137.044 E2283.30218
G1 X88.011 Y130.496 E2283.73776
G1 X87.6 Y130.085 E2283.77642
G1 X87.6 Y125.561 E2284.07736
G1 X87.5 Y125.543 E2284.08412
G1 X87.5 Y125.496 E2284.08724
G1 X87.3 Y125.515 E2284.10061
G1 X87.3 Y125.368 E2284.11039
G1 X86.657 Y125.561 E2284.15504
G1 X85.826 Y126.008 E2284.21781
G1 X85.344 Y126.404 E2284.25931
G1 X85.344 Y137.593 E2285.0036
G1 X84.431 Y137.473 E2285.06486
G1 X83.268 Y136.993 E2285.14855
G1 X82.271 Y136.229 E2285.23211
G1 X81.507 Y135.232 E2285.31566
G1 X81.027 Y134.069 E2285.39935
G1 X80.863 Y132.828 E2285.48262
G1 X81.027 Y131.587 E2285.56589
G1 X81.507 Y130.423 E2285.64965
G1 X82.24 Y129.47 E2285.72962
G1 X82.677 Y129.033 E2285.77073
G1 X82.677 Y136.54 E2286.2701
G1 F1500 E2279.7701
G0 F7200 X202.692 Y127.016
G1 F1500 E2286.2701
G1 F3600 X202.692 Y125.753 E2286.35412
G1 X202.872 Y125.466 E2286.37665
G1 X204.034 Y124.304 E2286.48597
G1 X204.556 Y124.013 E2286.52572
G1 X205.131 Y123.775 E2286.56712
G1 X205.401 Y123.739 E2286.58524
G1 X205.401 Y123.893 E2286.59548
G1 X205.6 Y124.241 E2286.62215
G1 X205.6 Y127.1 E2286.81233
G1 X205.359 Y127.1 E2286.82836
G1 X205.359 Y123.744 E2287.0516
G1 F1500 E2280.5516
G0 F7200 X205.359 Y133.648
G1 F1500 E2287.0516
G1 F3600 X205.359 Y130.9 E2287.2344
G1 X204.053 Y130.9 E2287.32128
G1 X204.035 Y131 E2287.32803
G1 X204.005 Y131 E2287.33003
G1 X204.01 Y131.2 E2287.34334
G1 X203.838 Y131.2 E2287.35478
G1 X204.336 Y132.407 E2287.44163
G1 X205.064 Y133.353 E2287.52104
G1 X208.026 Y136.316 E2287.79973
G1 X208.026 Y130.9 E2288.16001
G1 X208.585 Y130.9 E2288.19719
G1 X209.4 Y130.085 E2288.27386
G1 X209.4 Y125.558 E2288.575
G1 X209.7 Y125.502 E2288.5953
G1 X209.7 Y125.338 E2288.60621
G1 X210.693 Y125.748 E2288.67767
G1 X210.693 Y137.553 E2289.46295
G1 X211.328 Y137.637 E2289.50555
G1 X212.569 Y137.473 E2289.58882
G1 X213.36 Y137.147 E2289.64573
G1 X213.36 Y128.071 E2290.24947
G1 X214.76 Y129.47 E2290.38113
G1 X215.493 Y130.423 E2290.4611
G1 X215.973 Y131.587 E2290.54486
G1 X216.027 Y131.996 E2290.5723
G1 X216.027 Y133.661 E2290.68306
G1 F1500 E2284.18306
G0 F7200 X202.692 Y84.284
G1 F1500 E2290.68306
G1 F3600 X202.692 Y82.934 E2290.77286
G1 X202.757 Y82.9 E2290.77774
G1 X205.6 Y82.9 E2290.96686
G1 X205.6 Y85.685 E2291.15212
G1 X205.414 Y86.012 E2291.17714
G1 X205.406 Y86.163 E2291.1872
G1 X205.359 Y86.155 E2291.19037
G1 X205.359 Y82.9 E2291.4069
G1 F1500 E2284.9069
G0 F7200 X205.359 Y79.1
G1 F1500 E2291.4069
G1 F3600 X205.359 Y76.351 E2291.58976
G1 X205.064 Y76.647 E2291.61756
G1 X204.336 Y77.593 E2291.69696
G1 X203.838 Y78.8 E2291.78382
G1 X204.002 Y78.8 E2291.79473
G1 X204.058 Y79.1 E2291.81503
G1 X208.026 Y79.1 E2292.07898
G1 X208.026 Y73.696 E2292.43846
G1 X208.923 Y73.007 E2292.5137
G1 X210.087 Y72.527 E2292.59745
G1 X210.693 Y72.446 E2292.63812
G1 X210.693 Y84.253 E2293.42353
G1 X210.907 Y84.164 E2293.43894
G1 X211.853 Y83.436 E2293.51835
G1 X213.36 Y81.93 E2293.66007
G1 X213.36 Y72.854 E2294.26381
G1 X213.732 Y73.007 E2294.29056
G1 X214.729 Y73.771 E2294.37412
G1 X215.493 Y74.768 E2294.45767
G1 X215.973 Y75.931 E2294.54137
G1 X216.027 Y76.34 E2294.56881
G1 X216.027 Y78.005 E2294.67956
G1 F1500 E2288.17956
;MESH:manette_1-Body_(Meshed).stl
G0 F7200 X209.165 Y80.424
G0 X208.076 Y80.424
G0 X207.5 Y82
;TYPE:WALL-INNER
G1 F1500 E2294.67956
G1 F3600 X207.5 Y128 E2297.7395
G1 F3538.1 X207.493 Y128.174 E2297.75128
G0 F7200 X207.197 Y128.697
G1 F3654.8 X206.674 Y128.993 E2297.79066
G1 X207.514 Y129.014 E2297.84572
G1 F3664.1 X207.493 Y128.174 E2297.90063
G1 X207.197 Y128.697 E2297.93991
G0 F7200 X206.924 Y128.424
G1 F3600 X206.589 Y128.6 E2297.96508
G1 X90.5 Y128.6 E2305.68735
G1 X90.075 Y128.425 E2305.71793
G1 X89.9 Y128.089 E2305.74313
G1 X89.9 Y82 E2308.80898
G1 X90.075 Y81.575 E2308.83955
G1 X90.411 Y81.4 E2308.86475
G1 X206.5 Y81.4 E2316.58703
G1 X206.924 Y81.576 E2316.61756
G1 X207.1 Y82 E2316.6481
G1 X207.1 Y128.089 E2319.71395
G1 X206.924 Y128.424 E2319.73913
G0 F7200 X206.674 Y128.993
G1 F3529.4 X206.5 Y129 E2319.75094
G1 F3600 X90.5 Y129 E2327.46729
G0 F7200 X89.803 Y128.697
G1 F3654.8 X89.507 Y128.174 E2327.50667
G1 X89.486 Y129.014 E2327.56173
G1 F3730.6 X90.5 Y129 E2327.62682
G1 X89.803 Y128.697 E2327.67561
G0 F7200 X89.507 Y128.174
G1 F3529.4 X89.5 Y128 E2327.68743
G1 F3600 X89.5 Y82 E2330.74736
G0 F7200 X89.803 Y81.303
G1 F3654.8 X90.326 Y81.007 E2330.78673
G1 X89.486 Y80.986 E2330.84179
G1 F3730.6 X89.5 Y82 E2330.90689
G1 X89.803 Y81.303 E2330.95567
G0 F7200 X90.326 Y81.007
G1 F3529.4 X90.5 Y81 E2330.96749
G1 F3600 X206.5 Y81 E2338.68384
G0 F7200 X207.197 Y81.303
G1 F3730.6 X207.5 Y82 E2338.73263
G1 X207.514 Y80.986 E2338.79772
G1 X206.5 Y81 E2338.86282
G1 X207.197 Y81.303 E2338.91161
G0 F7200 X207.197 Y81.09
G0 X207.62 Y129.12
G0 X207.9 Y129.4
G1 F3600 X207.9 Y80.6 E2342.1578
G1 X89.101 Y80.601 E2350.06034
G1 X89.101 Y129.399 E2353.30639
G1 X207.9 Y129.4 E2361.20894
G0 F7200 X208.3 Y129.8
;TYPE:WALL-OUTER
G1 F1800 X208.3 Y80.2 E2364.50834
G1 X88.701 Y80.201 E2372.4641
G1 X88.701 Y129.799 E2375.76337
G1 X208.3 Y129.8 E2383.71913
G0 F7200 X208.3 Y129.6
G0 X207.62 Y129.12
G0 X207.41 Y128.035
G0 X206.698 Y128.035
G1 F1800 X206.642 Y128.142 E2383.72716
G1 X206.535 Y128.198 E2383.7352
G1 X90.5 Y128.2 E2391.45388
G1 X90.358 Y128.142 E2391.46408
G1 X90.302 Y128.035 E2391.47211
G1 X90.3 Y82 E2394.53437
G1 X90.358 Y81.858 E2394.54458
G1 X90.465 Y81.802 E2394.55261
G1 X206.5 Y81.8 E2402.27129
G1 X206.642 Y81.858 E2402.28149
G1 X206.7 Y82 E2402.2917
G1 X206.698 Y128.035 E2405.35396
G0 F7200 X206.642 Y128.142
G0 X206.573 Y128.178
G1 F1500 E2398.85396
;MESH:NONMESH
G0 F600 X206.573 Y128.178 Z7.8
G0 F7200 X206.573 Y128.91
G0 X90.062 Y128.438
G0 X90.053 Y81.575
G0 X82.677 Y80.966
;TIME_ELAPSED:3599.412823
;LAYER:19
;TYPE:SUPPORT
G1 F1500 E2405.35396
G1 F3600 X82.677 Y73.459 E2405.85333
G1 X82.271 Y73.771 E2405.88739
G1 X81.507 Y74.768 E2405.97094
G1 X81.027 Y75.931 E2406.05463
G1 X80.863 Y77.172 E2406.1379
G1 X81.027 Y78.413 E2406.22117
G1 X81.507 Y79.577 E2406.30493
G1 X82.24 Y80.53 E2406.3849
G1 X85.134 Y83.423 E2406.65711
G1 X85.344 Y83.595 E2406.67516
G1 X85.344 Y72.406 E2407.41946
G1 X85.672 Y72.363 E2407.44146
G1 X86.913 Y72.527 E2407.52473
G1 X88.011 Y72.98 E2407.60374
G1 X88.011 Y79.504 E2408.03772
G1 X88.415 Y79.1 E2408.07573
G1 X92.947 Y79.1 E2408.3772
G1 X92.965 Y79 E2408.38396
G1 X92.995 Y79 E2408.38595
G1 X92.99 Y78.8 E2408.39926
G1 X93.162 Y78.8 E2408.4107
G1 X92.664 Y77.593 E2408.49756
G1 X91.936 Y76.647 E2408.57696
G1 X90.678 Y75.389 E2408.69531
G1 X90.678 Y79.1 E2408.94216
G1 F1500 E2402.44216
G0 F7200 X93.345 Y85.316
G1 F1500 E2408.94216
G1 F3600 X93.046 Y85.614 E2408.97024
G1 X92.684 Y85.888 E2409.00045
G1 X91.869 Y86.225 E2409.05911
G1 X91.599 Y86.261 E2409.07723
G1 X91.599 Y86.112 E2409.08714
G1 X91.4 Y85.74 E2409.11521
G1 X91.4 Y82.9 E2409.30412
G1 X93.345 Y82.9 E2409.43351
G1 X94.199 Y82.9 E2409.49031
G1 X94.529 Y83.086 E2409.51551
G1 X94.669 Y83.098 E2409.52486
G1 X94.59 Y83.628 E2409.5605
G1 X94.462 Y84.006 E2409.58705
G1 X94.102 Y84.559 E2409.63095
G1 X93.345 Y85.316 E2409.70216
G1 X93.345 Y82.9 E2409.86287
G1 F1500 E2403.36287
G0 F7200 X93.345 Y124.683
G1 F1500 E2409.86287
G1 F3600 X94.094 Y125.432 E2409.93333
G1 X94.388 Y125.814 E2409.9654
G1 X94.725 Y126.631 E2410.02419
G1 X94.761 Y126.9 E2410.04224
G1 X94.607 Y126.9 E2410.05249
G1 X94.254 Y127.1 E2410.07947
G1 X93.345 Y127.1 E2410.13994
G1 X91.4 Y127.1 E2410.26932
G1 X91.4 Y124.327 E2410.45378
G1 X91.6 Y123.992 E2410.47974
G1 X91.6 Y123.839 E2410.48991
G1 X92.078 Y123.899 E2410.52196
G1 X92.452 Y124.018 E2410.54807
G1 X93.06 Y124.398 E2410.59576
G1 X93.345 Y124.683 E2410.62257
G1 X93.345 Y127.1 E2410.78335
G1 F1500 E2404.28335
G0 F7200 X90.678 Y134.612
G1 F1500 E2410.78335
G1 F3600 X90.678 Y130.9 E2411.03028
G1 X92.942 Y130.9 E2411.18088
G1 X92.998 Y131.2 E2411.20118
G1 X93.162 Y131.2 E2411.21209
G1 X92.664 Y132.407 E2411.29894
G1 X91.936 Y133.353 E2411.37835
G1 X89.03 Y136.26 E2411.65177
G1 X88.011 Y137.044 E2411.7373
G1 X88.011 Y130.496 E2412.17287
G1 X87.6 Y130.085 E2412.21154
G1 X87.6 Y125.561 E2412.51248
G1 X87.5 Y125.543 E2412.51923
G1 X87.5 Y125.496 E2412.52236
G1 X87.3 Y125.515 E2412.53573
G1 X87.3 Y125.368 E2412.5455
G1 X86.657 Y125.561 E2412.59016
G1 X85.826 Y126.008 E2412.65293
G1 X85.344 Y126.404 E2412.69443
G1 X85.344 Y137.593 E2413.43872
G1 X84.431 Y137.473 E2413.49998
G1 X83.268 Y136.993 E2413.58367
G1 X82.271 Y136.229 E2413.66722
G1 X81.507 Y135.232 E2413.75078
G1 X81.027 Y134.069 E2413.83447
G1 X80.863 Y132.828 E2413.91774
G1 X81.027 Y131.587 E2414.00101
G1 X81.507 Y130.423 E2414.08476
G1 X82.24 Y129.47 E2414.16474
G1 X82.677 Y129.033 E2414.20585
G1 X82.677 Y136.54 E2414.70522
G1 F1500 E2408.20522
G0 F7200 X202.692 Y127.017
G1 F1500 E2414.70522
G1 F3600 X202.692 Y125.753 E2414.7893
G1 X202.872 Y125.466 E2414.81184
G1 X204.034 Y124.304 E2414.92115
G1 X204.556 Y124.013 E2414.9609
G1 X205.131 Y123.775 E2415.0023
G1 X205.401 Y123.739 E2415.02042
G1 X205.401 Y123.893 E2415.03066
G1 X205.6 Y124.241 E2415.05733
G1 X205.6 Y127.1 E2415.24751
G1 X205.359 Y127.1 E2415.26354
G1 X205.359 Y123.744 E2415.48679
G1 F1500 E2408.98679
G0 F7200 X205.359 Y133.648
G1 F1500 E2415.48679
G1 F3600 X205.359 Y130.9 E2415.66958
G1 X204.053 Y130.9 E2415.75646
G1 X204.035 Y131 E2415.76322
G1 X204.005 Y131 E2415.76521
G1 X204.01 Y131.2 E2415.77852
G1 X203.838 Y131.2 E2415.78996
G1 X204.336 Y132.407 E2415.87682
G1 X205.064 Y133.353 E2415.95622
G1 X208.026 Y136.316 E2416.23492
G1 X208.026 Y130.9 E2416.59519
G1 X208.585 Y130.9 E2416.63238
G1 X209.4 Y130.085 E2416.70905
G1 X209.4 Y125.558 E2417.01018
G1 X209.7 Y125.502 E2417.03048
G1 X209.7 Y125.338 E2417.04139
G1 X210.693 Y125.748 E2417.11286
G1 X210.693 Y137.553 E2417.89813
G1 X211.328 Y137.637 E2417.94074
G1 X212.569 Y137.473 E2418.02401
G1 X213.36 Y137.147 E2418.08092
G1 X213.36 Y128.071 E2418.68466
G1 X214.76 Y129.47 E2418.81631
G1 X215.493 Y130.423 E2418.89629
G1 X215.973 Y131.587 E2418.98004
G1 X216.027 Y131.996 E2419.00749
G1 X216.027 Y133.661 E2419.11824
G1 F1500 E2412.61824
G0 F7200 X202.692 Y84.284
G1 F1500 E2419.11824
G1 F3600 X202.692 Y82.934 E2419.20804
G1 X202.757 Y82.9 E2419.21292
G1 X205.6 Y82.9 E2419.40204
G1 X205.6 Y85.685 E2419.5873
G1 X205.414 Y86.012 E2419.61232
G1 X205.406 Y86.163 E2419.62238
G1 X205.359 Y86.155 E2419.62556
G1 X205.359 Y82.9 E2419.84208
G1 F1500 E2413.34208
G0 F7200 X205.359 Y79.1
G1 F1500 E2419.84208
G1 F3600 X205.359 Y76.351 E2420.02494
G1 X205.064 Y76.647 E2420.05274
G1 X204.336 Y77.593 E2420.13215
G1 X203.838 Y78.8 E2420.219
G1 X204.002 Y78.8 E2420.22991
G1 X204.058 Y79.1 E2420.25021
G1 X208.026 Y79.1 E2420.51416
G1 X208.026 Y73.696 E2420.87364
G1 X208.923 Y73.007 E2420.94888
G1 X210.087 Y72.527 E2421.03263
G1 X210.693 Y72.446 E2421.0733
G1 X210.693 Y84.253 E2421.85871
G1 X210.907 Y84.164 E2421.87413
G1 X211.853 Y83.436 E2421.95353
G1 X213.36 Y81.93 E2422.09525
G1 X213.36 Y72.854 E2422.69899
G1 X213.732 Y73.007 E2422.72575
G1 X214.729 Y73.771 E2422.8093
G1 X215.493 Y74.768 E2422.89286
G1 X215.973 Y75.931 E2422.97655
G1 X216.027 Y76.34 E2423.00399
G1 X216.027 Y78.005 E2423.11475
G1 F1500 E2416.61475
;MESH:manette_1-Body_(Meshed).stl
G0 F7200 X209.165 Y80.424
G0 X208.076 Y80.424
G0 X207.5 Y82
;TYPE:WALL-INNER
G1 F1500 E2423.11475
G1 F3600 X207.5 Y128 E2426.17468
G1 F3538.1 X207.493 Y128.174 E2426.18647
G0 F7200 X207.197 Y128.697
G1 F3654.8 X206.674 Y128.993 E2426.22584
G1 X207.514 Y129.014 E2426.2809
G1 F3664.1 X207.493 Y128.174 E2426.33582
G1 X207.197 Y128.697 E2426.37509
G0 F7200 X206.924 Y128.424
G1 F3600 X206.589 Y128.6 E2426.40026
G1 X90.5 Y128.6 E2434.12254
G1 X90.075 Y128.425 E2434.15311
G1 X89.9 Y128.089 E2434.17831
G1 X89.9 Y82 E2437.24416
G1 X90.075 Y81.575 E2437.27474
G1 X90.411 Y81.4 E2437.29994
G1 X206.5 Y81.4 E2445.02221
G1 X206.924 Y81.576 E2445.05275
G1 X207.1 Y82 E2445.08329
G1 X207.1 Y128.089 E2448.14914
G1 X206.924 Y128.424 E2448.17431
G0 F7200 X206.674 Y128.993
G1 F3529.4 X206.5 Y129 E2448.18613
G1 F3600 X90.5 Y129 E2455.90248
G0 F7200 X89.803 Y128.697
G1 F3654.8 X89.507 Y128.174 E2455.94185
G1 X89.486 Y129.014 E2455.99691
G1 F3730.6 X90.5 Y129 E2456.06201
G1 X89.803 Y128.697 E2456.11079
G0 F7200 X89.507 Y128.174
G1 F3529.4 X89.5 Y128 E2456.12261
G1 F3600 X89.5 Y82 E2459.18254
G0 F7200 X89.803 Y81.303
G1 F3654.8 X90.326 Y81.007 E2459.22192
G1 X89.486 Y80.986 E2459.27697
G1 F3730.6 X89.5 Y82 E2459.34207
G1 X89.803 Y81.303 E2459.39086
G0 F7200 X90.326 Y81.007
G1 F3529.4 X90.5 Y81 E2459.40267
G1 F3600 X206.5 Y81 E2467.11902
G0 F7200 X207.197 Y81.303
G1 F3730.6 X207.5 Y82 E2467.16781
G1 X207.514 Y80.986 E2467.23291
G1 X206.5 Y81 E2467.298
G1 X207.197 Y81.303 E2467.34679
G0 F7200 X207.197 Y81.09
G0 X207.62 Y129.12
G0 X207.9 Y129.4
G1 F3600 X207.9 Y80.6 E2470.59298
G1 X89.101 Y80.601 E2478.49552
G1 X89.101 Y129.399 E2481.74158
G1 X207.9 Y129.4 E2489.64412
G0 F7200 X208.3 Y129.8
;TYPE:WALL-OUTER
G1 F1800 X208.3 Y80.2 E2492.94352
G1 X88.701 Y80.201 E2500.89928
G1 X88.701 Y129.799 E2504.19855
G1 X208.3 Y129.8 E2512.15431
G0 F7200 X208.3 Y129.6
G0 X207.62 Y129.12
G0 X207.41 Y128.035
G0 X206.698 Y128.035
G1 F1800 X206.642 Y128.142 E2512.16235
G1 X206.535 Y128.198 E2512.17038
G1 X90.5 Y128.2 E2519.88906
G1 X90.358 Y128.142 E2519.89926
G1 X90.302 Y128.035 E2519.9073
G1 X90.3 Y82 E2522.96956
G1 X90.358 Y81.858 E2522.97976
G1 X90.465 Y81.802 E2522.98779
G1 X206.5 Y81.8 E2530.70647
G1 X206.642 Y81.858 E2530.71668
G1 X206.7 Y82 E2530.72688
G1 X206.698 Y128.035 E2533.78914
G0 F7200 X206.642 Y128.142
G0 X206.573 Y128.178
G1 F1500 E2527.28914
;MESH:NONMESH
G0 F600 X206.573 Y128.178 Z8.2
G0 F7200 X206.573 Y128.91
G0 X90.062 Y128.438
G0 X90.053 Y81.575
G0 X82.677 Y80.966
;TIME_ELAPSED:3652.821659
;LAYER:20
;TYPE:SUPPORT
G1 F1500 E2533.78914
G1 F3600 X82.677 Y73.459 E2534.28851
G1 X82.271 Y73.771 E2534.32257
G1 X81.507 Y74.768 E2534.40612
G1 X81.027 Y75.931 E2534.48982
G1 X80.863 Y77.172 E2534.57309
G1 X81.027 Y78.413 E2534.65636
G1 X81.507 Y79.577 E2534.74011
G1 X82.24 Y80.53 E2534.82009
G1 X85.134 Y83.423 E2535.09229
G1 X85.344 Y83.595 E2535.11035
G1 X85.344 Y72.406 E2535.85464
G1 X85.672 Y72.363 E2535.87665
G1 X86.913 Y72.527 E2535.95992
G1 X88.011 Y72.98 E2536.03893
G1 X88.011 Y79.504 E2536.47291
G1 X88.415 Y79.1 E2536.51091
G1 X92.947 Y79.1 E2536.81238
G1 X92.965 Y79 E2536.81914
G1 X92.995 Y79 E2536.82114
G1 X92.99 Y78.8 E2536.83444
G1 X93.162 Y78.8 E2536.84589
G1 X92.664 Y77.593 E2536.93274
G1 X91.936 Y76.647 E2537.01215
G1 X90.678 Y75.389 E2537.13049
G1 X90.678 Y79.1 E2537.37735
G1 F1500 E2530.87735
G0 F7200 X93.345 Y85.316
G1 F1500 E2537.37735
G1 F3600 X93.046 Y85.614 E2537.40543
G1 X92.684 Y85.888 E2537.43563
G1 X91.869 Y86.225 E2537.49429
G1 X91.599 Y86.261 E2537.51241
G1 X91.599 Y86.111 E2537.52239
G1 X91.4 Y85.74 E2537.5504
G1 X91.4 Y82.9 E2537.73932
G1 X93.345 Y82.9 E2537.8687
G1 X94.199 Y82.9 E2537.92551
G1 X94.529 Y83.086 E2537.9507
G1 X94.669 Y83.098 E2537.96005
G1 X94.59 Y83.628 E2537.9957
G1 X94.462 Y84.006 E2538.02224
G1 X94.102 Y84.559 E2538.06614
G1 X93.345 Y85.316 E2538.13735
G1 X93.345 Y82.9 E2538.29806
G1 F1500 E2531.79806
G0 F7200 X93.345 Y124.683
G1 F1500 E2538.29806
G1 F3600 X94.094 Y125.432 E2538.36853
G1 X94.388 Y125.814 E2538.40059
G1 X94.725 Y126.631 E2538.45938
G1 X94.761 Y126.9 E2538.47743
G1 X94.61 Y126.9 E2538.48748
G1 X94.233 Y127.1 E2538.51587
G1 X93.345 Y127.1 E2538.57494
G1 X91.4 Y127.1 E2538.70432
G1 X91.4 Y124.328 E2538.88871
G1 X91.6 Y123.992 E2538.91472
G1 X91.6 Y123.839 E2538.9249
G1 X92.078 Y123.899 E2538.95695
G1 X92.452 Y124.018 E2538.98305
G1 X93.06 Y124.398 E2539.03075
G1 X93.345 Y124.683 E2539.05756
G1 X93.345 Y127.1 E2539.21834
G1 F1500 E2532.71834
G0 F7200 X90.678 Y134.612
G1 F1500 E2539.21834
G1 F3600 X90.678 Y130.9 E2539.46526
G1 X92.942 Y130.9 E2539.61586
G1 X92.998 Y131.2 E2539.63616
G1 X93.162 Y131.2 E2539.64707
G1 X92.664 Y132.407 E2539.73393
G1 X91.936 Y133.353 E2539.81333
G1 X89.03 Y136.26 E2540.08676
G1 X88.011 Y137.044 E2540.17228
G1 X88.011 Y130.496 E2540.60786
G1 X87.6 Y130.085 E2540.64652
G1 X87.6 Y125.561 E2540.94746
G1 X87.5 Y125.543 E2540.95422
G1 X87.5 Y125.496 E2540.95735
G1 X87.3 Y125.515 E2540.97071
G1 X87.3 Y125.368 E2540.98049
G1 X86.657 Y125.561 E2541.02515
G1 X85.826 Y126.008 E2541.08792
G1 X85.344 Y126.404 E2541.12941
G1 X85.344 Y137.593 E2541.87371
G1 X84.431 Y137.473 E2541.93496
G1 X83.268 Y136.993 E2542.01866
G1 X82.271 Y136.229 E2542.10221
G1 X81.507 Y135.232 E2542.18576
G1 X81.027 Y134.069 E2542.26946
G1 X80.863 Y132.828 E2542.35273
G1 X81.027 Y131.587 E2542.43599
G1 X81.507 Y130.423 E2542.51975
G1 X82.24 Y129.47 E2542.59973
G1 X82.677 Y129.033 E2542.64084
G1 X82.677 Y136.54 E2543.1402
G1 F1500 E2536.6402
G0 F7200 X202.692 Y127.017
G1 F1500 E2543.1402
G1 F3600 X202.692 Y125.753 E2543.22429
G1 X202.872 Y125.466 E2543.24682
G1 X204.034 Y124.304 E2543.35613
G1 X204.556 Y124.013 E2543.39589
G1 X205.131 Y123.775 E2543.43729
G1 X205.401 Y123.739 E2543.45541
G1 X205.401 Y123.888 E2543.46532
G1 X205.6 Y124.278 E2543.49444
G1 X205.6 Y127.1 E2543.68216
G1 X205.359 Y127.1 E2543.69819
G1 X205.359 Y123.744 E2543.92144
G1 F1500 E2537.42144
G0 F7200 X205.359 Y133.648
G1 F1500 E2543.92144
G1 F3600 X205.359 Y130.9 E2544.10423
G1 X204.053 Y130.9 E2544.19111
G1 X204.035 Y131 E2544.19787
G1 X204.005 Y131 E2544.19986
G1 X204.01 Y131.2 E2544.21317
G1 X203.838 Y131.2 E2544.22461
G1 X204.336 Y132.407 E2544.31147
G1 X205.064 Y133.353 E2544.39087
G1 X208.026 Y136.316 E2544.66957
G1 X208.026 Y130.9 E2545.02984
G1 X208.585 Y130.9 E2545.06703
G1 X209.4 Y130.085 E2545.1437
G1 X209.4 Y125.558 E2545.44483
G1 X209.7 Y125.502 E2545.46513
G1 X209.7 Y125.338 E2545.47604
G1 X210.693 Y125.748 E2545.54751
G1 X210.693 Y137.553 E2546.33278
G1 X211.328 Y137.637 E2546.37539
G1 X212.569 Y137.473 E2546.45866
G1 X213.36 Y137.147 E2546.51557
G1 X213.36 Y128.071 E2547.11931
G1 X214.76 Y129.47 E2547.25096
G1 X215.493 Y130.423 E2547.33094
G1 X215.973 Y131.587 E2547.41469
G1 X216.027 Y131.996 E2547.44214
G1 X216.027 Y133.661 E2547.55289
G1 F1500 E2541.05289
G0 F7200 X202.692 Y84.284
G1 F1500 E2547.55289
G1 F3600 X202.692 Y82.934 E2547.64269
G1 X202.757 Y82.9 E2547.64757
G1 X205.6 Y82.9 E2547.83669
G1 X205.6 Y85.686 E2548.02202
G1 X205.414 Y86.012 E2548.04698
G1 X205.406 Y86.163 E2548.05704
G1 X205.359 Y86.155 E2548.06021
G1 X205.359 Y82.9 E2548.27674
G1 F1500 E2541.77674
G0 F7200 X205.359 Y79.1
G1 F1500 E2548.27674
G1 F3600 X205.359 Y76.351 E2548.4596
G1 X205.064 Y76.647 E2548.4874
G1 X204.336 Y77.593 E2548.5668
G1 X203.838 Y78.8 E2548.65366
G1 X204.002 Y78.8 E2548.66457
G1 X204.058 Y79.1 E2548.68487
G1 X208.026 Y79.1 E2548.94882
G1 X208.026 Y73.696 E2549.3083
G1 X208.923 Y73.007 E2549.38354
G1 X210.087 Y72.527 E2549.46729
G1 X210.693 Y72.446 E2549.50796
G1 X210.693 Y84.253 E2550.29337
G1 X210.907 Y84.164 E2550.30878
G1 X211.853 Y83.436 E2550.38819
G1 X213.36 Y81.93 E2550.52991
G1 X213.36 Y72.854 E2551.13365
G1 X213.732 Y73.007 E2551.16041
G1 X214.729 Y73.771 E2551.24396
G1 X215.493 Y74.768 E2551.32751
G1 X215.973 Y75.931 E2551.41121
G1 X216.027 Y76.34 E2551.43865
G1 X216.027 Y78.005 E2551.54941
G1 F1500 E2545.04941
;MESH:manette_1-Body_(Meshed).stl
G0 F7200 X209.165 Y80.424
G0 X208.076 Y80.424
G0 X207.5 Y82
;TYPE:WALL-INNER
G1 F1500 E2551.54941
G1 F3600 X207.5 Y128 E2554.60934
G1 F3538.1 X207.493 Y128.174 E2554.62113
G0 F7200 X207.197 Y128.697
G1 F3654.8 X206.674 Y128.993 E2554.6605
G1 X207.514 Y129.014 E2554.71556
G1 F3664.1 X207.493 Y128.174 E2554.77047
G1 X207.197 Y128.697 E2554.80975
G0 F7200 X206.924 Y128.424
G1 F3600 X206.589 Y128.6 E2554.83492
G1 X90.5 Y128.6 E2562.55719
G1 X90.075 Y128.425 E2562.58777
G1 X89.9 Y128.089 E2562.61297
G1 X89.9 Y82 E2565.67882
G1 X90.075 Y81.575 E2565.7094
G1 X90.411 Y81.4 E2565.7346
G1 X206.5 Y81.4 E2573.45687
G1 X206.924 Y81.576 E2573.48741
G1 X207.1 Y82 E2573.51794
G1 X207.1 Y128.089 E2576.5838
G1 X206.924 Y128.424 E2576.60897
G0 F7200 X206.674 Y128.993
G1 F3529.4 X206.5 Y129 E2576.62078
G1 F3600 X90.5 Y129 E2584.33714
G0 F7200 X89.803 Y128.697
G1 F3654.8 X89.507 Y128.174 E2584.37651
G1 X89.486 Y129.014 E2584.43157
G1 F3730.6 X90.5 Y129 E2584.49666
G1 X89.803 Y128.697 E2584.54545
G0 F7200 X89.507 Y128.174
G1 F3529.4 X89.5 Y128 E2584.55727
G1 F3600 X89.5 Y82 E2587.6172
G0 F7200 X89.803 Y81.303
G1 F3654.8 X90.326 Y81.007 E2587.65658
G1 X89.486 Y80.986 E2587.71163
G1 F3730.6 X89.5 Y82 E2587.77673
G1 X89.803 Y81.303 E2587.82552
G0 F7200 X90.326 Y81.007
G1 F3529.4 X90.5 Y81 E2587.83733
G1 F3600 X206.5 Y81 E2595.55368
G0 F7200 X207.197 Y81.303
G1 F3730.6 X207.5 Y82 E2595.60247
G1 X207.514 Y80.986 E2595.66757
G1 X206.5 Y81 E2595.73266
G1 X207.197 Y81.303 E2595.78145
G0 F7200 X207.197 Y81.09
G0 X207.62 Y129.12
G0 X207.9 Y129.4
G1 F3600 X207.9 Y80.6 E2599.02764
G1 X89.101 Y80.601 E2606.93018
G1 X89.101 Y129.399 E2610.17624
G1 X207.9 Y129.4 E2618.07878
G0 F7200 X208.3 Y129.8
;TYPE:WALL-OUTER
G1 F1800 X208.3 Y80.2 E2621.37818
G1 X88.701 Y80.201 E2629.33394
G1 X88.701 Y129.799 E2632.63321
G1 X208.3 Y129.8 E2640.58897
G0 F7200 X208.3 Y129.6
G0 X207.62 Y129.12
G0 X207.41 Y128.035
G0 X206.698 Y128.035
G1 F1800 X206.642 Y128.142 E2640.597
G1 X206.535 Y128.198 E2640.60504
G1 X90.5 Y128.2 E2648.32372
G1 X90.358 Y128.142 E2648.33392
G1 X90.302 Y128.035 E2648.34195
G1 X90.3 Y82 E2651.40422
G1 X90.358 Y81.858 E2651.41442
G1 X90.465 Y81.802 E2651.42245
G1 X206.5 Y81.8 E2659.14113
G1 X206.642 Y81.858 E2659.15134
G1 X206.7 Y82 E2659.16154
G1 X206.698 Y128.035 E2662.2238
G0 F7200 X206.642 Y128.142
G0 X206.573 Y128.178
G1 F1500 E2655.7238
;MESH:NONMESH
G0 F600 X206.573 Y128.178 Z8.6
G0 F7200 X206.573 Y128.91
G0 X90.062 Y128.438
G0 X90.053 Y81.575
G0 X82.677 Y80.966
;TIME_ELAPSED:3706.229520
;LAYER:21
;TYPE:SUPPORT
G1 F1500 E2662.2238
G1 F3600 X82.677 Y73.459 E2662.72317
G1 X82.271 Y73.771 E2662.75723
G1 X81.507 Y74.768 E2662.84078
G1 X81.027 Y75.931 E2662.92448
G1 X80.863 Y77.172 E2663.00774
G1 X81.027 Y78.413 E2663.09101
G1 X81.507 Y79.577 E2663.17477
G1 X82.24 Y80.53 E2663.25475
G1 X85.134 Y83.423 E2663.52695
G1 X85.344 Y83.595 E2663.545
G1 X85.344 Y72.406 E2664.2893
G1 X85.672 Y72.363 E2664.31131
G1 X86.913 Y72.527 E2664.39457
G1 X88.011 Y72.98 E2664.47359
G1 X88.011 Y79.504 E2664.90756
G1 X88.415 Y79.1 E2664.94557
G1 X92.947 Y79.1 E2665.24704
G1 X92.965 Y79 E2665.2538
G1 X92.995 Y79 E2665.25579
G1 X92.99 Y78.8 E2665.2691
G1 X93.162 Y78.8 E2665.28054
G1 X92.664 Y77.593 E2665.3674
G1 X91.936 Y76.647 E2665.4468
G1 X90.678 Y75.389 E2665.56515
G1 X90.678 Y79.1 E2665.81201
G1 F1500 E2659.31201
G0 F7200 X93.345 Y85.316
G1 F1500 E2665.81201
G1 F3600 X93.046 Y85.614 E2665.84009
G1 X92.684 Y85.888 E2665.87029
G1 X91.869 Y86.225 E2665.92895
G1 X91.599 Y86.261 E2665.94707
G1 X91.599 Y86.112 E2665.95698
G1 X91.4 Y85.721 E2665.98617
G1 X91.4 Y82.9 E2666.17382
G1 X93.345 Y82.9 E2666.3032
G1 X94.198 Y82.9 E2666.35995
G1 X94.527 Y83.086 E2666.38509
G1 X94.669 Y83.097 E2666.39456
G1 X94.59 Y83.628 E2666.43027
G1 X94.462 Y84.006 E2666.45682
G1 X94.102 Y84.559 E2666.50071
G1 X93.345 Y85.316 E2666.57193
G1 X93.345 Y82.9 E2666.73264
G1 F1500 E2660.23264
G0 F7200 X93.345 Y124.683
G1 F1500 E2666.73264
G1 F3600 X94.094 Y125.432 E2666.8031
G1 X94.388 Y125.814 E2666.83517
G1 X94.725 Y126.631 E2666.89396
G1 X94.761 Y126.9 E2666.91201
G1 X94.61 Y126.9 E2666.92205
G1 X94.233 Y127.1 E2666.95044
G1 X93.345 Y127.1 E2667.00951
G1 X91.4 Y127.1 E2667.13889
G1 X91.4 Y124.328 E2667.32329
G1 X91.6 Y123.992 E2667.3493
G1 X91.6 Y123.839 E2667.35948
G1 X92.078 Y123.899 E2667.39152
G1 X92.452 Y124.018 E2667.41763
G1 X93.06 Y124.398 E2667.46532
G1 X93.345 Y124.683 E2667.49214
G1 X93.345 Y127.1 E2667.65291
G1 F1500 E2661.15291
G0 F7200 X90.678 Y134.612
G1 F1500 E2667.65291
G1 F3600 X90.678 Y130.9 E2667.89984
G1 X92.942 Y130.9 E2668.05044
G1 X92.998 Y131.2 E2668.07074
G1 X93.162 Y131.2 E2668.08165
G1 X92.664 Y132.407 E2668.16851
G1 X91.936 Y133.353 E2668.24791
G1 X89.03 Y136.26 E2668.52134
G1 X88.011 Y137.044 E2668.60686
G1 X88.011 Y130.496 E2669.04244
G1 X87.6 Y130.085 E2669.0811
G1 X87.6 Y125.561 E2669.38204
G1 X87.5 Y125.543 E2669.3888
G1 X87.5 Y125.496 E2669.39192
G1 X87.3 Y125.515 E2669.40529
G1 X87.3 Y125.368 E2669.41507
G1 X86.657 Y125.561 E2669.45972
G1 X85.826 Y126.008 E2669.52249
G1 X85.344 Y126.404 E2669.56399
G1 X85.344 Y137.593 E2670.30828
G1 X84.431 Y137.473 E2670.36954
G1 X83.268 Y136.993 E2670.45323
G1 X82.271 Y136.229 E2670.53678
G1 X81.507 Y135.232 E2670.62034
G1 X81.027 Y134.069 E2670.70403
G1 X80.863 Y132.828 E2670.7873
G1 X81.027 Y131.587 E2670.87057
G1 X81.507 Y130.423 E2670.95433
G1 X82.24 Y129.47 E2671.0343
G1 X82.677 Y129.033 E2671.07541
G1 X82.677 Y136.54 E2671.57478
G1 F1500 E2665.07478
G0 F7200 X202.692 Y127.031
G1 F1500 E2671.57478
G1 F3600 X202.692 Y125.753 E2671.65979
G1 X202.872 Y125.466 E2671.68233
G1 X204.034 Y124.304 E2671.79164
G1 X204.556 Y124.013 E2671.8314
G1 X205.131 Y123.775 E2671.87279
G1 X205.401 Y123.739 E2671.89091
G1 X205.401 Y123.891 E2671.90102
G1 X205.6 Y124.278 E2671.92997
G1 X205.6 Y127.1 E2672.11769
G1 X205.359 Y127.1 E2672.13372
G1 X205.359 Y123.744 E2672.35696
G1 F1500 E2665.85696
G0 F7200 X205.359 Y133.648
G1 F1500 E2672.35696
G1 F3600 X205.359 Y130.9 E2672.53976
G1 X204.053 Y130.9 E2672.62664
G1 X204.035 Y131 E2672.6334
G1 X204.005 Y131 E2672.63539
G1 X204.01 Y131.2 E2672.6487
G1 X203.838 Y131.2 E2672.66014
G1 X204.336 Y132.407 E2672.747
G1 X205.064 Y133.353 E2672.8264
G1 X208.026 Y136.316 E2673.1051
G1 X208.026 Y130.9 E2673.46537
G1 X208.585 Y130.9 E2673.50255
G1 X209.4 Y130.085 E2673.57922
G1 X209.4 Y125.558 E2673.88036
G1 X209.7 Y125.502 E2673.90066
G1 X209.7 Y125.338 E2673.91157
G1 X210.693 Y125.748 E2673.98304
G1 X210.693 Y137.553 E2674.76831
G1 X211.328 Y137.637 E2674.81092
G1 X212.569 Y137.473 E2674.89419
G1 X213.36 Y137.147 E2674.9511
G1 X213.36 Y128.071 E2675.55483
G1 X214.76 Y129.47 E2675.68649
G1 X215.493 Y130.423 E2675.76647
G1 X215.973 Y131.587 E2675.85022
G1 X216.027 Y131.996 E2675.87767
G1 X216.027 Y133.661 E2675.98842
G1 F1500 E2669.48842
G0 F7200 X202.692 Y84.284
G1 F1500 E2675.98842
G1 F3600 X202.692 Y82.935 E2676.07816
G1 X202.758 Y82.9 E2676.08313
G1 X205.6 Y82.9 E2676.27218
G1 X205.6 Y85.686 E2676.4575
G1 X205.414 Y86.012 E2676.48247
G1 X205.406 Y86.163 E2676.49253
G1 X205.359 Y86.155 E2676.4957
G1 X205.359 Y82.9 E2676.71222
G1 F1500 E2670.21222
G0 F7200 X205.359 Y79.1
G1 F1500 E2676.71222
G1 F3600 X205.359 Y76.351 E2676.89509
G1 X205.064 Y76.647 E2676.92289
G1 X204.336 Y77.593 E2677.00229
G1 X203.838 Y78.8 E2677.08915
G1 X204.002 Y78.8 E2677.10006
G1 X204.058 Y79.1 E2677.12036
G1 X208.026 Y79.1 E2677.38431
G1 X208.026 Y73.696 E2677.74378
G1 X208.923 Y73.007 E2677.81902
G1 X210.087 Y72.527 E2677.90278
G1 X210.693 Y72.446 E2677.94345
G1 X210.693 Y84.253 E2678.72885
G1 X210.907 Y84.164 E2678.74427
G1 X211.853 Y83.436 E2678.82368
G1 X213.36 Y81.93 E2678.9654
G1 X213.36 Y72.854 E2679.56914
G1 X213.732 Y73.007 E2679.59589
G1 X214.729 Y73.771 E2679.67945
G1 X215.493 Y74.768 E2679.763
G1 X215.973 Y75.931 E2679.84669
G1 X216.027 Y76.34 E2679.87414
G1 X216.027 Y78.005 E2679.98489
G1 F1500 E2673.48489
;MESH:manette_1-Body_(Meshed).stl
G0 F7200 X209.165 Y80.424
G0 X208.076 Y80.424
G0 X207.5 Y82
;TYPE:WALL-INNER
G1 F1500 E2679.98489
G1 F3600 X207.5 Y128 E2683.04483
G1 F3538.1 X207.493 Y128.174 E2683.05661
G0 F7200 X207.197 Y128.697
G1 F3654.8 X206.674 Y128.993 E2683.09599
G1 X207.514 Y129.014 E2683.15104
G1 F3664.1 X207.493 Y128.174 E2683.20596
G1 X207.197 Y128.697 E2683.24524
G0 F7200 X206.924 Y128.424
G1 F3600 X206.589 Y128.6 E2683.27041
G1 X90.5 Y128.6 E2690.99268
G1 X90.075 Y128.425 E2691.02325
G1 X89.9 Y128.089 E2691.04845
G1 X89.9 Y82 E2694.11431
G1 X90.075 Y81.575 E2694.14488
G1 X90.411 Y81.4 E2694.17008
G1 X206.5 Y81.4 E2701.89235
G1 X206.924 Y81.576 E2701.92289
G1 X207.1 Y82 E2701.95343
G1 X207.1 Y128.089 E2705.01928
G1 X206.924 Y128.424 E2705.04446
G0 F7200 X206.674 Y128.993
G1 F3529.4 X206.5 Y129 E2705.05627
G1 F3600 X90.5 Y129 E2712.77262
G0 F7200 X89.803 Y128.697
G1 F3654.8 X89.507 Y128.174 E2712.812
G1 X89.486 Y129.014 E2712.86705
G1 F3730.6 X90.5 Y129 E2712.93215
G1 X89.803 Y128.697 E2712.98094
G0 F7200 X89.507 Y128.174
G1 F3529.4 X89.5 Y128 E2712.99275
G1 F3600 X89.5 Y82 E2716.05269
G0 F7200 X89.803 Y81.303
G1 F3654.8 X90.326 Y81.007 E2716.09206
G1 X89.486 Y80.986 E2716.14712
G1 F3730.6 X89.5 Y82 E2716.21221
G1 X89.803 Y81.303 E2716.261
G0 F7200 X90.326 Y81.007
G1 F3529.4 X90.5 Y81 E2716.27282
G1 F3600 X206.5 Y81 E2723.98917
G0 F7200 X207.197 Y81.303
G1 F3730.6 X207.5 Y82 E2724.03795
G1 X207.514 Y80.986 E2724.10305
G1 X206.5 Y81 E2724.16815
G1 X207.197 Y81.303 E2724.21694
G0 F7200 X207.197 Y81.09
G0 X207.62 Y129.12
G0 X207.9 Y129.4
G1 F3600 X207.9 Y80.6 E2727.46312
G1 X89.101 Y80.601 E2735.36567
G1 X89.101 Y129.399 E2738.61172
G1 X207.9 Y129.4 E2746.51426
G0 F7200 X208.3 Y129.8
;TYPE:WALL-OUTER
G1 F1800 X208.3 Y80.2 E2749.81367
G1 X88.701 Y80.201 E2757.76943
G1 X88.701 Y129.799 E2761.0687
G1 X208.3 Y129.8 E2769.02446
G0 F7200 X208.3 Y129.6
G0 X207.62 Y129.12
G0 X207.41 Y128.035
G0 X206.698 Y128.035
G1 F1800 X206.642 Y128.142 E2769.03249
G1 X206.535 Y128.198 E2769.04052
G1 X90.5 Y128.2 E2776.7592
G1 X90.358 Y128.142 E2776.76941
G1 X90.302 Y128.035 E2776.77744
G1 X90.3 Y82 E2779.8397
G1 X90.358 Y81.858 E2779.84991
G1 X90.465 Y81.802 E2779.85794
G1 X206.5 Y81.8 E2787.57662
G1 X206.642 Y81.858 E2787.58682
G1 X206.7 Y82 E2787.59703
G1 X206.698 Y128.035 E2790.65929
G0 F7200 X206.642 Y128.142
G0 X206.573 Y128.178
G1 F1500 E2784.15929
;MESH:NONMESH
G0 F600 X206.573 Y128.178 Z9
G0 F7200 X206.573 Y128.91
G0 X90.062 Y128.438
G0 X90.053 Y81.575
G0 X82.677 Y80.966
;TIME_ELAPSED:3759.637374
;LAYER:22
;TYPE:SUPPORT
G1 F1500 E2790.65929
G1 F3600 X82.677 Y73.459 E2791.15865
G1 X82.271 Y73.771 E2791.19271
G1 X81.507 Y74.768 E2791.27627
G1 X81.027 Y75.931 E2791.35996
G1 X80.863 Y77.172 E2791.44323
G1 X81.027 Y78.413 E2791.5265
G1 X81.507 Y79.577 E2791.61025
G1 X82.24 Y80.53 E2791.69023
G1 X85.134 Y83.423 E2791.96243
G1 X85.344 Y83.595 E2791.98049
G1 X85.344 Y72.406 E2792.72479
G1 X85.672 Y72.363 E2792.74679
G1 X86.913 Y72.527 E2792.83006
G1 X88.011 Y72.98 E2792.90907
G1 X88.011 Y79.504 E2793.34305
G1 X88.415 Y79.1 E2793.38106
G1 X92.947 Y79.1 E2793.68253
G1 X92.965 Y79 E2793.68928
G1 X92.995 Y79 E2793.69128
G1 X92.99 Y78.8 E2793.70459
G1 X93.162 Y78.8 E2793.71603
G1 X92.664 Y77.593 E2793.80289
G1 X91.936 Y76.647 E2793.88229
G1 X90.678 Y75.389 E2794.00064
G1 X90.678 Y79.1 E2794.24749
G1 F1500 E2787.74749
G0 F7200 X93.345 Y85.316
G1 F1500 E2794.24749
G1 F3600 X93.046 Y85.614 E2794.27557
G1 X92.684 Y85.888 E2794.30577
G1 X91.869 Y86.225 E2794.36444
G1 X91.6 Y86.261 E2794.38249
G1 X91.6 Y86.113 E2794.39234
G1 X91.4 Y85.721 E2794.42161
G1 X91.4 Y82.9 E2794.60927
G1 X93.345 Y82.9 E2794.73865
G1 X94.196 Y82.9 E2794.79526
G1 X94.525 Y83.086 E2794.8204
G1 X94.669 Y83.096 E2794.83
G1 X94.59 Y83.628 E2794.86578
G1 X94.462 Y84.006 E2794.89232
G1 X94.102 Y84.559 E2794.93622
G1 X93.345 Y85.316 E2795.00743
G1 X93.345 Y82.9 E2795.16814
G1 F1500 E2788.66814
G0 F7200 X93.345 Y124.683
G1 F1500 E2795.16814
G1 F3600 X94.094 Y125.432 E2795.2386
G1 X94.388 Y125.814 E2795.27067
G1 X94.725 Y126.631 E2795.32946
G1 X94.761 Y126.9 E2795.34751
G1 X94.614 Y126.9 E2795.35729
G1 X94.2 Y127.1 E2795.38788
G1 X93.345 Y127.1 E2795.44475
G1 X91.4 Y127.1 E2795.57413
G1 X91.4 Y124.329 E2795.75846
G1 X91.6 Y123.996 E2795.7843
G1 X91.6 Y123.839 E2795.79474
G1 X92.078 Y123.899 E2795.82679
G1 X92.452 Y124.018 E2795.8529
G1 X93.06 Y124.398 E2795.90059
G1 X93.345 Y124.683 E2795.9274
G1 X93.345 Y127.1 E2796.08818
G1 F1500 E2789.58818
G0 F7200 X90.678 Y134.612
G1 F1500 E2796.08818
G1 F3600 X90.678 Y130.9 E2796.3351
G1 X92.942 Y130.9 E2796.48571
G1 X92.998 Y131.2 E2796.50601
G1 X93.162 Y131.2 E2796.51692
G1 X92.664 Y132.407 E2796.60377
G1 X91.936 Y133.353 E2796.68318
G1 X89.03 Y136.26 E2796.9566
G1 X88.011 Y137.044 E2797.04213
G1 X88.011 Y130.496 E2797.4777
G1 X87.6 Y130.085 E2797.51637
G1 X87.6 Y125.561 E2797.8173
G1 X87.5 Y125.543 E2797.82406
G1 X87.5 Y125.496 E2797.82719
G1 X87.3 Y125.515 E2797.84055
G1 X87.3 Y125.368 E2797.85033
G1 X86.657 Y125.561 E2797.89499
G1 X85.826 Y126.008 E2797.95776
G1 X85.344 Y126.404 E2797.99925
G1 X85.344 Y137.593 E2798.74355
G1 X84.431 Y137.473 E2798.8048
G1 X83.268 Y136.993 E2798.8885
G1 X82.271 Y136.229 E2798.97205
G1 X81.507 Y135.232 E2799.05561
G1 X81.027 Y134.069 E2799.1393
G1 X80.863 Y132.828 E2799.22257
G1 X81.027 Y131.587 E2799.30584
G1 X81.507 Y130.423 E2799.38959
G1 X82.24 Y129.47 E2799.46957
G1 X82.677 Y129.033 E2799.51068
G1 X82.677 Y136.54 E2800.01005
G1 F1500 E2793.51005
G0 F7200 X202.692 Y127.026
G1 F1500 E2800.01005
G1 F3600 X202.692 Y125.753 E2800.09473
G1 X202.872 Y125.466 E2800.11726
G1 X204.034 Y124.304 E2800.22658
G1 X204.556 Y124.013 E2800.26633
G1 X205.131 Y123.775 E2800.30773
G1 X205.4 Y123.739 E2800.32578
G1 X205.4 Y123.89 E2800.33583
G1 X205.6 Y124.304 E2800.36641
G1 X205.6 Y127.1 E2800.5524
G1 X205.359 Y127.1 E2800.56843
G1 X205.359 Y123.744 E2800.79167
G1 F1500 E2794.29167
G0 F7200 X205.359 Y133.648
G1 F1500 E2800.79167
G1 F3600 X205.359 Y130.9 E2800.97447
G1 X204.053 Y130.9 E2801.06135
G1 X204.035 Y131 E2801.06811
G1 X204.005 Y131 E2801.0701
G1 X204.01 Y131.2 E2801.08341
G1 X203.838 Y131.2 E2801.09485
G1 X204.336 Y132.407 E2801.18171
G1 X205.064 Y133.353 E2801.26111
G1 X208.026 Y136.316 E2801.53981
G1 X208.026 Y130.9 E2801.90008
G1 X208.585 Y130.9 E2801.93726
G1 X209.4 Y130.085 E2802.01393
G1 X209.4 Y125.558 E2802.31507
G1 X209.7 Y125.502 E2802.33537
G1 X209.7 Y125.338 E2802.34628
G1 X210.693 Y125.748 E2802.41775
G1 X210.693 Y137.553 E2803.20302
G1 X211.328 Y137.637 E2803.24563
G1 X212.569 Y137.473 E2803.32889
G1 X213.36 Y137.147 E2803.38581
G1 X213.36 Y128.071 E2803.98954
G1 X214.76 Y129.47 E2804.1212
G1 X215.493 Y130.423 E2804.20118
G1 X215.973 Y131.587 E2804.28493
G1 X216.027 Y131.996 E2804.31237
G1 X216.027 Y133.661 E2804.42313
G1 F1500 E2797.92313
G0 F7200 X202.692 Y84.284
G1 F1500 E2804.42313
G1 F3600 X202.692 Y82.947 E2804.51207
G1 X202.788 Y82.9 E2804.51918
G1 X205.6 Y82.9 E2804.70623
G1 X205.6 Y85.664 E2804.8901
G1 X205.413 Y86.018 E2804.91673
G1 X205.403 Y86.162 E2804.92633
G1 X205.359 Y86.155 E2804.92929
G1 X205.359 Y82.9 E2805.14582
G1 F1500 E2798.64582
G0 F7200 X205.359 Y79.1
G1 F1500 E2805.14582
G1 F3600 X205.359 Y76.351 E2805.32868
G1 X205.064 Y76.647 E2805.35648
G1 X204.336 Y77.593 E2805.43588
G1 X203.838 Y78.8 E2805.52274
G1 X204.002 Y78.8 E2805.53365
G1 X204.058 Y79.1 E2805.55395
G1 X208.026 Y79.1 E2805.8179
G1 X208.026 Y73.696 E2806.17738
G1 X208.923 Y73.007 E2806.25262
G1 X210.087 Y72.527 E2806.33637
G1 X210.693 Y72.446 E2806.37704
G1 X210.693 Y84.253 E2807.16245
G1 X210.907 Y84.164 E2807.17786
G1 X211.853 Y83.436 E2807.25727
G1 X213.36 Y81.93 E2807.39899
G1 X213.36 Y72.854 E2808.00273
G1 X213.732 Y73.007 E2808.02949
G1 X214.729 Y73.771 E2808.11304
G1 X215.493 Y74.768 E2808.19659
G1 X215.973 Y75.931 E2808.28029
G1 X216.027 Y76.34 E2808.30773
G1 X216.027 Y78.005 E2808.41849
G1 F1500 E2801.91849
;MESH:manette_1-Body_(Meshed).stl
G0 F7200 X209.165 Y80.424
G0 X208.076 Y80.424
G0 X207.5 Y82
;TYPE:WALL-INNER
G1 F1500 E2808.41849
G1 F3600 X207.5 Y128 E2811.47842
G1 F3538.1 X207.493 Y128.174 E2811.4902
G0 F7200 X207.197 Y128.697
G1 F3654.8 X206.674 Y128.993 E2811.52958
G1 X207.514 Y129.014 E2811.58464
G1 F3664.1 X207.493 Y128.174 E2811.63955
G1 X207.197 Y128.697 E2811.67883
G0 F7200 X206.924 Y128.424
G1 F3600 X206.589 Y128.6 E2811.704
G1 X90.5 Y128.6 E2819.42627
G1 X90.075 Y128.425 E2819.45685
G1 X89.9 Y128.089 E2819.48205
G1 X89.9 Y82 E2822.5479
G1 X90.075 Y81.575 E2822.57847
G1 X90.411 Y81.4 E2822.60368
G1 X206.5 Y81.4 E2830.32595
G1 X206.924 Y81.576 E2830.35648
G1 X207.1 Y82 E2830.38702
G1 X207.1 Y128.089 E2833.45288
G1 X206.924 Y128.424 E2833.47805
G0 F7200 X206.674 Y128.993
G1 F3529.4 X206.5 Y129 E2833.48986
G1 F3600 X90.5 Y129 E2841.20622
G0 F7200 X89.803 Y128.697
G1 F3654.8 X89.507 Y128.174 E2841.24559
G1 X89.486 Y129.014 E2841.30065
G1 F3730.6 X90.5 Y129 E2841.36574
G1 X89.803 Y128.697 E2841.41453
G0 F7200 X89.507 Y128.174
G1 F3529.4 X89.5 Y128 E2841.42635
G1 F3600 X89.5 Y82 E2844.48628
G0 F7200 X89.803 Y81.303
G1 F3654.8 X90.326 Y81.007 E2844.52565
G1 X89.486 Y80.986 E2844.58071
G1 F3730.6 X89.5 Y82 E2844.64581
G1 X89.803 Y81.303 E2844.69459
G0 F7200 X90.326 Y81.007
G1 F3529.4 X90.5 Y81 E2844.70641
G1 F3600 X206.5 Y81 E2852.42276
G0 F7200 X207.197 Y81.303
G1 F3730.6 X207.5 Y82 E2852.47155
G1 X207.514 Y80.986 E2852.53665
G1 X206.5 Y81 E2852.60174
G1 X207.197 Y81.303 E2852.65053
G0 F7200 X207.197 Y81.09
G0 X207.62 Y129.12
G0 X207.9 Y129.4
G1 F3600 X207.9 Y80.6 E2855.89672
G1 X89.101 Y80.601 E2863.79926
G1 X89.101 Y129.399 E2867.04532
G1 X207.9 Y129.4 E2874.94786
G0 F7200 X208.3 Y129.8
;TYPE:WALL-OUTER
G1 F1800 X208.3 Y80.2 E2878.24726
G1 X88.701 Y80.201 E2886.20302
G1 X88.701 Y129.799 E2889.50229
G1 X208.3 Y129.8 E2897.45805
G0 F7200 X208.3 Y129.6
G0 X207.62 Y129.12
G0 X207.41 Y128.035
G0 X206.698 Y128.035
G1 F1800 X206.642 Y128.142 E2897.46608
G1 X206.535 Y128.198 E2897.47412
G1 X90.5 Y128.2 E2905.1928
G1 X90.358 Y128.142 E2905.203
G1 X90.302 Y128.035 E2905.21103
G1 X90.3 Y82 E2908.27329
G1 X90.358 Y81.858 E2908.2835
G1 X90.465 Y81.802 E2908.29153
G1 X206.5 Y81.8 E2916.01021
G1 X206.642 Y81.858 E2916.02041
G1 X206.7 Y82 E2916.03062
G1 X206.698 Y128.035 E2919.09288
G0 F7200 X206.642 Y128.142
G0 X206.573 Y128.178
G1 F1500 E2912.59288
;MESH:NONMESH
G0 F600 X206.573 Y128.178 Z9.4
G0 F7200 X206.573 Y128.91
G0 X90.062 Y128.438
G0 X90.053 Y81.575
G0 X82.677 Y80.966
;TIME_ELAPSED:3813.043826
;LAYER:23
;TYPE:SUPPORT
G1 F1500 E2919.09288
G1 F3600 X82.677 Y73.459 E2919.59225
G1 X82.271 Y73.771 E2919.62631
G1 X81.507 Y74.768 E2919.70986
G1 X81.027 Y75.931 E2919.79355
G1 X80.863 Y77.172 E2919.87682
G1 X81.027 Y78.413 E2919.96009
G1 X81.507 Y79.577 E2920.04385
G1 X82.24 Y80.53 E2920.12382
G1 X85.134 Y83.423 E2920.39603
G1 X85.344 Y83.595 E2920.41408
G1 X85.344 Y72.406 E2921.15838
G1 X85.672 Y72.363 E2921.18038
G1 X86.913 Y72.527 E2921.26365
G1 X88.011 Y72.98 E2921.34267
G1 X88.011 Y79.504 E2921.77664
G1 X88.415 Y79.1 E2921.81465
G1 X92.947 Y79.1 E2922.11612
G1 X92.965 Y79 E2922.12288
G1 X92.995 Y79 E2922.12487
G1 X92.99 Y78.8 E2922.13818
G1 X93.162 Y78.8 E2922.14962
G1 X92.664 Y77.593 E2922.23648
G1 X91.936 Y76.647 E2922.31588
G1 X90.678 Y75.389 E2922.43423
G1 X90.678 Y79.1 E2922.68109
G1 F1500 E2916.18109
G0 F7200 X93.345 Y85.316
G1 F1500 E2922.68109
G1 F3600 X93.046 Y85.614 E2922.70917
G1 X92.684 Y85.888 E2922.73937
G1 X91.869 Y86.225 E2922.79803
G1 X91.6 Y86.261 E2922.81609
G1 X91.6 Y86.113 E2922.82593
G1 X91.4 Y85.721 E2922.8552
G1 X91.4 Y82.9 E2923.04286
G1 X93.345 Y82.9 E2923.17224
G1 X94.194 Y82.9 E2923.22872
G1 X94.523 Y83.086 E2923.25386
G1 X94.67 Y83.094 E2923.26365
G1 X94.59 Y83.628 E2923.29957
G1 X94.462 Y84.006 E2923.32612
G1 X94.102 Y84.559 E2923.37001
G1 X93.345 Y85.316 E2923.44122
G1 X93.345 Y82.9 E2923.60194
G1 F1500 E2917.10194
G0 F7200 X93.345 Y124.683
G1 F1500 E2923.60194
G1 F3600 X94.094 Y125.432 E2923.6724
G1 X94.388 Y125.814 E2923.70446
G1 X94.725 Y126.631 E2923.76325
G1 X94.761 Y126.9 E2923.7813
G1 X94.614 Y126.9 E2923.79108
G1 X94.2 Y127.1 E2923.82167
G1 X93.345 Y127.1 E2923.87854
G1 X91.4 Y127.1 E2924.00792
G1 X91.4 Y124.358 E2924.19032
G1 X91.6 Y123.994 E2924.21795
G1 X91.6 Y123.839 E2924.22826
G1 X92.078 Y123.899 E2924.26031
G1 X92.452 Y124.018 E2924.28642
G1 X93.06 Y124.398 E2924.33411
G1 X93.345 Y124.683 E2924.36092
G1 X93.345 Y127.1 E2924.5217
G1 F1500 E2918.0217
G0 F7200 X90.678 Y134.612
G1 F1500 E2924.5217
G1 F3600 X90.678 Y130.9 E2924.76862
G1 X92.942 Y130.9 E2924.91922
G1 X92.998 Y131.2 E2924.93953
G1 X93.162 Y131.2 E2924.95043
G1 X92.664 Y132.407 E2925.03729
G1 X91.936 Y133.353 E2925.1167
G1 X89.03 Y136.26 E2925.39012
G1 X88.011 Y137.044 E2925.47565
G1 X88.011 Y130.496 E2925.91122
G1 X87.6 Y130.085 E2925.94988
G1 X87.6 Y125.561 E2926.25082
G1 X87.5 Y125.543 E2926.25758
G1 X87.5 Y125.496 E2926.26071
G1 X87.3 Y125.515 E2926.27407
G1 X87.3 Y125.368 E2926.28385
G1 X86.657 Y125.561 E2926.32851
G1 X85.826 Y126.008 E2926.39128
G1 X85.344 Y126.404 E2926.43277
G1 X85.344 Y137.593 E2927.17707
G1 X84.431 Y137.473 E2927.23832
G1 X83.268 Y136.993 E2927.32202
G1 X82.271 Y136.229 E2927.40557
G1 X81.507 Y135.232 E2927.48912
G1 X81.027 Y134.069 E2927.57282
G1 X80.863 Y132.828 E2927.65609
G1 X81.027 Y131.587 E2927.73936
G1 X81.507 Y130.423 E2927.82311
G1 X82.24 Y129.47 E2927.90309
G1 X82.677 Y129.033 E2927.9442
G1 X82.677 Y136.54 E2928.44357
G1 F1500 E2921.94357
G0 F7200 X202.692 Y127.026
G1 F1500 E2928.44357
G1 F3600 X202.692 Y125.753 E2928.52825
G1 X202.872 Y125.466 E2928.55078
G1 X204.034 Y124.304 E2928.66009
G1 X204.556 Y124.013 E2928.69985
G1 X205.131 Y123.775 E2928.74125
G1 X205.4 Y123.739 E2928.7593
G1 X205.4 Y123.897 E2928.76981
G1 X205.6 Y124.303 E2928.79992
G1 X205.6 Y127.1 E2928.98597
G1 X205.359 Y127.1 E2929.002
G1 X205.359 Y123.744 E2929.22525
G1 F1500 E2922.72525
G0 F7200 X205.359 Y133.648
G1 F1500 E2929.22525
G1 F3600 X205.359 Y130.9 E2929.40804
G1 X204.053 Y130.9 E2929.49492
G1 X204.035 Y131 E2929.50168
G1 X204.005 Y131 E2929.50367
G1 X204.01 Y131.2 E2929.51698
G1 X203.838 Y131.2 E2929.52842
G1 X204.336 Y132.407 E2929.61528
G1 X205.064 Y133.353 E2929.69468
G1 X208.026 Y136.316 E2929.97338
G1 X208.026 Y130.9 E2930.33365
G1 X208.585 Y130.9 E2930.37084
G1 X209.4 Y130.085 E2930.44751
G1 X209.4 Y125.558 E2930.74864
G1 X209.7 Y125.502 E2930.76894
G1 X209.7 Y125.338 E2930.77985
G1 X210.693 Y125.748 E2930.85132
G1 X210.693 Y137.553 E2931.63659
G1 X211.328 Y137.637 E2931.6792
G1 X212.569 Y137.473 E2931.76247
G1 X213.36 Y137.147 E2931.81938
G1 X213.36 Y128.071 E2932.42312
G1 X214.76 Y129.47 E2932.55477
G1 X215.493 Y130.423 E2932.63475
G1 X215.973 Y131.587 E2932.7185
G1 X216.027 Y131.996 E2932.74595
G1 X216.027 Y133.661 E2932.8567
G1 F1500 E2926.3567
G0 F7200 X202.692 Y84.284
G1 F1500 E2932.8567
G1 F3600 X202.692 Y82.949 E2932.94551
G1 X202.792 Y82.9 E2932.95292
G1 X205.6 Y82.9 E2933.1397
G1 X205.6 Y85.663 E2933.3235
G1 X205.412 Y86.018 E2933.35022
G1 X205.402 Y86.163 E2933.35989
G1 X205.359 Y86.156 E2933.36279
G1 X205.359 Y82.9 E2933.57938
G1 F1500 E2927.07938
G0 F7200 X205.359 Y79.1
G1 F1500 E2933.57938
G1 F3600 X205.359 Y76.351 E2933.76224
G1 X205.064 Y76.647 E2933.79004
G1 X204.336 Y77.593 E2933.86945
G1 X203.838 Y78.8 E2933.9563
G1 X204.002 Y78.8 E2933.96721
G1 X204.058 Y79.1 E2933.98751
G1 X208.026 Y79.1 E2934.25146
G1 X208.026 Y73.696 E2934.61094
G1 X208.923 Y73.007 E2934.68618
G1 X210.087 Y72.527 E2934.76993
G1 X210.693 Y72.446 E2934.8106
G1 X210.693 Y84.253 E2935.59601
G1 X210.907 Y84.164 E2935.61143
G1 X211.853 Y83.436 E2935.69083
G1 X213.36 Y81.93 E2935.83255
G1 X213.36 Y72.854 E2936.43629
G1 X213.732 Y73.007 E2936.46305
G1 X214.729 Y73.771 E2936.5466
G1 X215.493 Y74.768 E2936.63015
G1 X215.973 Y75.931 E2936.71385
G1 X216.027 Y76.34 E2936.74129
G1 X216.027 Y78.005 E2936.85205
G1 F1500 E2930.35205
;MESH:manette_1-Body_(Meshed).stl
G0 F7200 X209.165 Y80.424
G0 X208.076 Y80.424
G0 X207.5 Y82
;TYPE:WALL-INNER
G1 F1500 E2936.85205
G1 F3600 X207.5 Y128 E2939.91198
G1 F3538.1 X207.493 Y128.174 E2939.92377
G0 F7200 X207.197 Y128.697
G1 F3654.8 X206.674 Y128.993 E2939.96314
G1 X207.514 Y129.014 E2940.0182
G1 F3664.1 X207.493 Y128.174 E2940.07311
G1 X207.197 Y128.697 E2940.11239
G0 F7200 X206.924 Y128.424
G1 F3600 X206.589 Y128.6 E2940.13756
G1 X90.5 Y128.6 E2947.85983
G1 X90.075 Y128.425 E2947.89041
G1 X89.9 Y128.089 E2947.91561
G1 X89.9 Y82 E2950.98146
G1 X90.075 Y81.575 E2951.01204
G1 X90.411 Y81.4 E2951.03724
G1 X206.5 Y81.4 E2958.75951
G1 X206.924 Y81.576 E2958.79005
G1 X207.1 Y82 E2958.82058
G1 X207.1 Y128.089 E2961.88644
G1 X206.924 Y128.424 E2961.91161
G0 F7200 X206.674 Y128.993
G1 F3529.4 X206.5 Y129 E2961.92342
G1 F3600 X90.5 Y129 E2969.63978
G0 F7200 X89.803 Y128.697
G1 F3654.8 X89.507 Y128.174 E2969.67915
G1 X89.486 Y129.014 E2969.73421
G1 F3730.6 X90.5 Y129 E2969.79931
G1 X89.803 Y128.697 E2969.84809
G0 F7200 X89.507 Y128.174
G1 F3529.4 X89.5 Y128 E2969.85991
G1 F3600 X89.5 Y82 E2972.91984
G0 F7200 X89.803 Y81.303
G1 F3654.8 X90.326 Y81.007 E2972.95922
G1 X89.486 Y80.986 E2973.01427
G1 F3730.6 X89.5 Y82 E2973.07937
G1 X89.803 Y81.303 E2973.12816
G0 F7200 X90.326 Y81.007
G1 F3529.4 X90.5 Y81 E2973.13997
G1 F3600 X206.5 Y81 E2980.85632
G0 F7200 X207.197 Y81.303
G1 F3730.6 X207.5 Y82 E2980.90511
G1 X207.514 Y80.986 E2980.97021
G1 X206.5 Y81 E2981.0353
G1 X207.197 Y81.303 E2981.08409
G0 F7200 X207.197 Y81.09
G0 X207.62 Y129.12
G0 X207.9 Y129.4
G1 F3600 X207.9 Y80.6 E2984.33028
G1 X89.101 Y80.601 E2992.23282
G1 X89.101 Y129.399 E2995.47888
G1 X207.9 Y129.4 E3003.38142
G0 F7200 X208.3 Y129.8
;TYPE:WALL-OUTER
G1 F1800 X208.3 Y80.2 E3006.68082
G1 X88.701 Y80.201 E3014.63658
G1 X88.701 Y129.799 E3017.93585
G1 X208.3 Y129.8 E3025.89161
G0 F7200 X208.3 Y129.6
G0 X207.62 Y129.12
G0 X207.41 Y128.035
G0 X206.698 Y128.035
G1 F1800 X206.642 Y128.142 E3025.89965
G1 X206.535 Y128.198 E3025.90768
G1 X90.5 Y128.2 E3033.62636
G1 X90.358 Y128.142 E3033.63656
G1 X90.302 Y128.035 E3033.6446
G1 X90.3 Y82 E3036.70686
G1 X90.358 Y81.858 E3036.71706
G1 X90.465 Y81.802 E3036.72509
G1 X206.5 Y81.8 E3044.44377
G1 X206.642 Y81.858 E3044.45398
G1 X206.7 Y82 E3044.46418
G1 X206.698 Y128.035 E3047.52644
G0 F7200 X206.642 Y128.142
G0 X206.573 Y128.178
G1 F1500 E3041.02644
;MESH:NONMESH
G0 F600 X206.573 Y128.178 Z9.8
G0 F7200 X206.573 Y128.91
G0 X90.062 Y128.438
G0 X90.053 Y81.575
G0 X82.677 Y80.966
;TIME_ELAPSED:3866.449930
;LAYER:24
;TYPE:SUPPORT
G1 F1500 E3047.52644
G1 F3600 X82.677 Y73.459 E3048.02581
G1 X82.271 Y73.771 E3048.05987
G1 X81.507 Y74.768 E3048.14342
G1 X81.027 Y75.931 E3048.22712
G1 X80.863 Y77.172 E3048.31038
G1 X81.027 Y78.413 E3048.39365
G1 X81.507 Y79.577 E3048.47741
G1 X82.24 Y80.53 E3048.55739
G1 X85.134 Y83.423 E3048.82959
G1 X85.344 Y83.595 E3048.84765
G1 X85.344 Y72.406 E3049.59194
G1 X85.672 Y72.363 E3049.61395
G1 X86.913 Y72.527 E3049.69722
G1 X88.011 Y72.98 E3049.77623
G1 X88.011 Y79.504 E3050.2102
G1 X88.415 Y79.1 E3050.24821
G1 X92.947 Y79.1 E3050.54968
G1 X92.965 Y79 E3050.55644
G1 X92.995 Y79 E3050.55843
G1 X92.99 Y78.8 E3050.57174
G1 X93.162 Y78.8 E3050.58318
G1 X92.664 Y77.593 E3050.67004
G1 X91.936 Y76.647 E3050.74944
G1 X90.678 Y75.389 E3050.86779
G1 X90.678 Y79.1 E3051.11465
G1 F1500 E3044.61465
G0 F7200 X93.345 Y85.316
G1 F1500 E3051.11465
G1 F3600 X93.046 Y85.614 E3051.14273
G1 X92.684 Y85.888 E3051.17293
G1 X91.869 Y86.225 E3051.23159
G1 X91.6 Y86.261 E3051.24965
G1 X91.6 Y86.113 E3051.25949
G1 X91.4 Y85.692 E3051.2905
G1 X91.4 Y82.9 E3051.47622
G1 X93.345 Y82.9 E3051.6056
G1 X94.194 Y82.9 E3051.66208
G1 X94.523 Y83.086 E3051.68722
G1 X94.67 Y83.094 E3051.69701
G1 X94.59 Y83.628 E3051.73293
G1 X94.462 Y84.006 E3051.75948
G1 X94.102 Y84.559 E3051.80337
G1 X93.345 Y85.316 E3051.87459
G1 X93.345 Y82.9 E3052.0353
G1 F1500 E3045.5353
G0 F7200 X93.345 Y124.683
G1 F1500 E3052.0353
G1 F3600 X94.094 Y125.432 E3052.10576
G1 X94.388 Y125.814 E3052.13783
G1 X94.725 Y126.631 E3052.19661
G1 X94.761 Y126.9 E3052.21467
G1 X94.612 Y126.9 E3052.22458
G1 X94.198 Y127.1 E3052.25516
G1 X93.345 Y127.1 E3052.31191
G1 X91.4 Y127.1 E3052.44129
G1 X91.4 Y124.36 E3052.62355
G1 X91.6 Y123.996 E3052.65118
G1 X91.6 Y123.839 E3052.66162
G1 X92.078 Y123.899 E3052.69367
G1 X92.452 Y124.018 E3052.71978
G1 X93.06 Y124.398 E3052.76747
G1 X93.345 Y124.683 E3052.79428
G1 X93.345 Y127.1 E3052.95506
G1 F1500 E3046.45506
G0 F7200 X90.678 Y134.612
G1 F1500 E3052.95506
G1 F3600 X90.678 Y130.9 E3053.20199
G1 X92.942 Y130.9 E3053.35259
G1 X92.998 Y131.2 E3053.37289
G1 X93.162 Y131.2 E3053.3838
G1 X92.664 Y132.407 E3053.47065
G1 X91.936 Y133.353 E3053.55006
G1 X89.03 Y136.26 E3053.82348
G1 X88.011 Y137.044 E3053.90901
G1 X88.011 Y130.496 E3054.34458
G1 X87.6 Y130.085 E3054.38325
G1 X87.6 Y125.561 E3054.68419
G1 X87.5 Y125.543 E3054.69094
G1 X87.5 Y125.496 E3054.69407
G1 X87.3 Y125.515 E3054.70743
G1 X87.3 Y125.368 E3054.71721
G1 X86.657 Y125.561 E3054.76187
G1 X85.826 Y126.008 E3054.82464
G1 X85.344 Y126.404 E3054.86614
G1 X85.344 Y137.593 E3055.61043
G1 X84.431 Y137.473 E3055.67169
G1 X83.268 Y136.993 E3055.75538
G1 X82.271 Y136.229 E3055.83893
G1 X81.507 Y135.232 E3055.92249
G1 X81.027 Y134.069 E3056.00618
G1 X80.863 Y132.828 E3056.08945
G1 X81.027 Y131.587 E3056.17272
G1 X81.507 Y130.423 E3056.25647
G1 X82.24 Y129.47 E3056.33645
G1 X82.677 Y129.033 E3056.37756
G1 X82.677 Y136.54 E3056.87693
G1 F1500 E3050.37693
G0 F7200 X202.692 Y127.026
G1 F1500 E3056.87693
G1 F3600 X202.692 Y125.753 E3056.96161
G1 X202.872 Y125.466 E3056.98414
G1 X204.034 Y124.304 E3057.09346
G1 X204.556 Y124.013 E3057.13321
G1 X205.131 Y123.775 E3057.17461
G1 X205.4 Y123.739 E3057.19266
G1 X205.4 Y123.895 E3057.20304
G1 X205.6 Y124.332 E3057.23501
G1 X205.6 Y127.1 E3057.41914
G1 X205.359 Y127.1 E3057.43517
G1 X205.359 Y123.744 E3057.65841
G1 F1500 E3051.15841
G0 F7200 X205.359 Y133.648
G1 F1500 E3057.65841
G1 F3600 X205.359 Y130.9 E3057.84121
G1 X204.053 Y130.9 E3057.92808
G1 X204.035 Y131 E3057.93484
G1 X204.005 Y131 E3057.93684
G1 X204.01 Y131.2 E3057.95015
G1 X203.838 Y131.2 E3057.96159
G1 X204.336 Y132.407 E3058.04844
G1 X205.064 Y133.353 E3058.12785
G1 X208.026 Y136.316 E3058.40654
G1 X208.026 Y130.9 E3058.76682
G1 X208.585 Y130.9 E3058.804
G1 X209.4 Y130.085 E3058.88067
G1 X209.4 Y125.558 E3059.18181
G1 X209.7 Y125.502 E3059.20211
G1 X209.7 Y125.338 E3059.21302
G1 X210.693 Y125.748 E3059.28448
G1 X210.693 Y137.553 E3060.06975
G1 X211.328 Y137.637 E3060.11236
G1 X212.569 Y137.473 E3060.19563
G1 X213.36 Y137.147 E3060.25254
G1 X213.36 Y128.071 E3060.85628
G1 X214.76 Y129.47 E3060.98794
G1 X215.493 Y130.423 E3061.06791
G1 X215.973 Y131.587 E3061.15167
G1 X216.027 Y131.996 E3061.17911
G1 X216.027 Y133.661 E3061.28987
G1 F1500 E3054.78987
G0 F7200 X202.692 Y84.284
G1 F1500 E3061.28987
G1 F3600 X202.692 Y82.96 E3061.37794
G1 X202.823 Y82.9 E3061.38752
G1 X205.6 Y82.9 E3061.57225
G1 X205.6 Y85.662 E3061.75598
G1 X205.412 Y86.016 E3061.78264
G1 X205.402 Y86.163 E3061.79244
G1 X205.359 Y86.156 E3061.79534
G1 X205.359 Y82.9 E3062.01193
G1 F1500 E3055.51193
G0 F7200 X205.359 Y79.1
G1 F1500 E3062.01193
G1 F3600 X205.359 Y76.351 E3062.1948
G1 X205.064 Y76.647 E3062.22259
G1 X204.336 Y77.593 E3062.302
G1 X203.838 Y78.8 E3062.38886
G1 X204.002 Y78.8 E3062.39976
G1 X204.058 Y79.1 E3062.42007
G1 X208.026 Y79.1 E3062.68402
G1 X208.026 Y73.696 E3063.04349
G1 X208.923 Y73.007 E3063.11873
G1 X210.087 Y72.527 E3063.20249
G1 X210.693 Y72.446 E3063.24316
G1 X210.693 Y84.253 E3064.02856
G1 X210.907 Y84.164 E3064.04398
G1 X211.853 Y83.436 E3064.12338
G1 X213.36 Y81.93 E3064.26511
G1 X213.36 Y72.854 E3064.86884
G1 X213.732 Y73.007 E3064.8956
G1 X214.729 Y73.771 E3064.97916
G1 X215.493 Y74.768 E3065.06271
G1 X215.973 Y75.931 E3065.1464
G1 X216.027 Y76.34 E3065.17385
G1 X216.027 Y78.005 E3065.2846
G1 F1500 E3058.7846
;MESH:manette_1-Body_(Meshed).stl
G0 F7200 X209.165 Y80.424
G0 X208.076 Y80.424
G0 X207.5 Y82
;TYPE:WALL-INNER
G1 F1500 E3065.2846
G1 F3600 X207.5 Y128 E3068.34453
G1 F3538.1 X207.493 Y128.174 E3068.35632
G0 F7200 X207.197 Y128.697
G1 F3654.8 X206.674 Y128.993 E3068.3957
G1 X207.514 Y129.014 E3068.45075
G1 F3664.1 X207.493 Y128.174 E3068.50567
G1 X207.197 Y128.697 E3068.54494
G0 F7200 X206.924 Y128.424
G1 F3600 X206.589 Y128.6 E3068.57012
G1 X90.5 Y128.6 E3076.29239
G1 X90.075 Y128.425 E3076.32296
G1 X89.9 Y128.089 E3076.34816
G1 X89.9 Y82 E3079.41402
G1 X90.075 Y81.575 E3079.44459
G1 X90.411 Y81.4 E3079.46979
G1 X206.5 Y81.4 E3087.19206
G1 X206.924 Y81.576 E3087.2226
G1 X207.1 Y82 E3087.25314
G1 X207.1 Y128.089 E3090.31899
G1 X206.924 Y128.424 E3090.34416
G0 F7200 X206.674 Y128.993
G1 F3529.4 X206.5 Y129 E3090.35598
G1 F3600 X90.5 Y129 E3098.07233
G0 F7200 X89.803 Y128.697
G1 F3654.8 X89.507 Y128.174 E3098.11171
G1 X89.486 Y129.014 E3098.16676
G1 F3730.6 X90.5 Y129 E3098.23186
G1 X89.803 Y128.697 E3098.28065
G0 F7200 X89.507 Y128.174
G1 F3529.4 X89.5 Y128 E3098.29246
G1 F3600 X89.5 Y82 E3101.35239
G0 F7200 X89.803 Y81.303
G1 F3654.8 X90.326 Y81.007 E3101.39177
G1 X89.486 Y80.986 E3101.44683
G1 F3730.6 X89.5 Y82 E3101.51192
G1 X89.803 Y81.303 E3101.56071
G0 F7200 X90.326 Y81.007
G1 F3529.4 X90.5 Y81 E3101.57253
G1 F3600 X206.5 Y81 E3109.28888
G0 F7200 X207.197 Y81.303
G1 F3730.6 X207.5 Y82 E3109.33766
G1 X207.514 Y80.986 E3109.40276
G1 X206.5 Y81 E3109.46786
G1 X207.197 Y81.303 E3109.51664
G0 F7200 X207.197 Y81.09
G0 X207.62 Y129.12
G0 X207.9 Y129.4
G1 F3600 X207.9 Y80.6 E3112.76283
G1 X89.101 Y80.601 E3120.66537
G1 X89.101 Y129.399 E3123.91143
G1 X207.9 Y129.4 E3131.81397
G0 F7200 X208.3 Y129.8
;TYPE:WALL-OUTER
G1 F1800 X208.3 Y80.2 E3135.11338
G1 X88.701 Y80.201 E3143.06914
G1 X88.701 Y129.799 E3146.36841
G1 X208.3 Y129.8 E3154.32417
G0 F7200 X208.3 Y129.6
G0 X207.62 Y129.12
G0 X207.41 Y128.035
G0 X206.698 Y128.035
G1 F1800 X206.642 Y128.142 E3154.3322
G1 X206.535 Y128.198 E3154.34023
G1 X90.5 Y128.2 E3162.05891
G1 X90.358 Y128.142 E3162.06912
G1 X90.302 Y128.035 E3162.07715
G1 X90.3 Y82 E3165.13941
G1 X90.358 Y81.858 E3165.14961
G1 X90.465 Y81.802 E3165.15765
G1 X206.5 Y81.8 E3172.87633
G1 X206.642 Y81.858 E3172.88653
G1 X206.7 Y82 E3172.89673
G1 X206.698 Y128.035 E3175.95899
G0 F7200 X206.642 Y128.142
G0 X206.573 Y128.178
G1 F1500 E3169.45899
;MESH:NONMESH
G0 F600 X206.573 Y128.178 Z10.2
G0 F7200 X206.573 Y128.91
G0 X90.062 Y128.438
G0 X90.053 Y81.575
G0 X82.677 Y80.966
;TIME_ELAPSED:3919.855252
;LAYER:25
;TYPE:SUPPORT
G1 F1500 E3175.95899
G1 F3600 X82.677 Y73.459 E3176.45836
G1 X82.271 Y73.771 E3176.49242
G1 X81.507 Y74.768 E3176.57598
G1 X81.027 Y75.931 E3176.65967
G1 X80.863 Y77.172 E3176.74294
G1 X81.027 Y78.413 E3176.82621
G1 X81.507 Y79.577 E3176.90996
G1 X82.24 Y80.53 E3176.98994
G1 X85.134 Y83.423 E3177.26214
G1 X85.344 Y83.595 E3177.2802
G1 X85.344 Y72.406 E3178.02449
G1 X85.672 Y72.363 E3178.0465
G1 X86.913 Y72.527 E3178.12977
G1 X88.011 Y72.98 E3178.20878
G1 X88.011 Y79.504 E3178.64276
G1 X88.415 Y79.1 E3178.68076
G1 X92.947 Y79.1 E3178.98223
G1 X92.965 Y79 E3178.98899
G1 X92.995 Y79 E3178.99099
G1 X92.99 Y78.8 E3179.0043
G1 X93.162 Y78.8 E3179.01574
G1 X92.664 Y77.593 E3179.10259
G1 X91.936 Y76.647 E3179.182
G1 X90.678 Y75.389 E3179.30034
G1 X90.678 Y79.1 E3179.5472
G1 F1500 E3173.0472
G0 F7200 X93.345 Y85.316
G1 F1500 E3179.5472
G1 F3600 X93.046 Y85.614 E3179.57528
G1 X92.684 Y85.888 E3179.60548
G1 X91.869 Y86.225 E3179.66415
G1 X91.6 Y86.261 E3179.6822
G1 X91.6 Y86.106 E3179.69251
G1 X91.4 Y85.692 E3179.7231
G1 X91.4 Y82.9 E3179.90882
G1 X93.345 Y82.9 E3180.0382
G1 X94.162 Y82.9 E3180.09255
G1 X94.524 Y83.087 E3180.11965
G1 X94.669 Y83.097 E3180.12932
G1 X94.59 Y83.628 E3180.16503
G1 X94.462 Y84.006 E3180.19158
G1 X94.102 Y84.559 E3180.23547
G1 X93.345 Y85.316 E3180.30669
G1 X93.345 Y82.9 E3180.4674
G1 F1500 E3173.9674
G0 F7200 X93.345 Y124.683
G1 F1500 E3180.4674
G1 F3600 X94.094 Y125.432 E3180.53786
G1 X94.388 Y125.814 E3180.56993
G1 X94.725 Y126.631 E3180.62872
G1 X94.761 Y126.9 E3180.64677
G1 X94.598 Y126.9 E3180.65761
G1 X94.193 Y127.1 E3180.68766
G1 X93.345 Y127.1 E3180.74407
G1 X91.4 Y127.1 E3180.87345
G1 X91.4 Y124.36 E3181.05572
G1 X91.6 Y123.996 E3181.08334
G1 X91.6 Y123.839 E3181.09379
G1 X92.078 Y123.899 E3181.12583
G1 X92.452 Y124.018 E3181.15194
G1 X93.06 Y124.398 E3181.19964
G1 X93.345 Y124.683 E3181.22645
G1 X93.345 Y127.1 E3181.38723
G1 F1500 E3174.88723
G0 F7200 X90.678 Y134.612
G1 F1500 E3181.38723
G1 F3600 X90.678 Y130.9 E3181.63415
G1 X92.942 Y130.9 E3181.78475
G1 X92.998 Y131.2 E3181.80505
G1 X93.162 Y131.2 E3181.81596
G1 X92.664 Y132.407 E3181.90282
G1 X91.936 Y133.353 E3181.98222
G1 X89.03 Y136.26 E3182.25565
G1 X88.011 Y137.044 E3182.34117
G1 X88.011 Y130.496 E3182.77675
G1 X87.6 Y130.085 E3182.81541
G1 X87.6 Y125.561 E3183.11635
G1 X87.5 Y125.543 E3183.12311
G1 X87.5 Y125.496 E3183.12623
G1 X87.3 Y125.515 E3183.1396
G1 X87.3 Y125.368 E3183.14938
G1 X86.657 Y125.561 E3183.19403
G1 X85.826 Y126.008 E3183.2568
G1 X85.344 Y126.404 E3183.2983
G1 X85.344 Y137.593 E3184.04259
G1 X84.431 Y137.473 E3184.10385
G1 X83.268 Y136.993 E3184.18754
G1 X82.271 Y136.229 E3184.2711
G1 X81.507 Y135.232 E3184.35465
G1 X81.027 Y134.069 E3184.43834
G1 X80.863 Y132.828 E3184.52161
G1 X81.027 Y131.587 E3184.60488
G1 X81.507 Y130.423 E3184.68864
G1 X82.24 Y129.47 E3184.76861
G1 X82.677 Y129.033 E3184.80972
G1 X82.677 Y136.54 E3185.30909
G1 F1500 E3178.80909
G0 F7200 X202.692 Y127.021
G1 F1500 E3185.30909
G1 F3600 X202.692 Y125.753 E3185.39344
G1 X202.872 Y125.466 E3185.41597
G1 X204.034 Y124.304 E3185.52529
G1 X204.556 Y124.013 E3185.56504
G1 X205.131 Y123.775 E3185.60644
G1 X205.4 Y123.739 E3185.62449
G1 X205.4 Y123.897 E3185.635
G1 X205.6 Y124.333 E3185.66691
G1 X205.6 Y127.1 E3185.85097
G1 X205.359 Y127.1 E3185.867
G1 X205.359 Y123.744 E3186.09025
G1 F1500 E3179.59025
G0 F7200 X205.359 Y133.648
G1 F1500 E3186.09025
G1 F3600 X205.359 Y130.9 E3186.27304
G1 X204.053 Y130.9 E3186.35992
G1 X204.035 Y131 E3186.36668
G1 X204.005 Y131 E3186.36867
G1 X204.01 Y131.2 E3186.38198
G1 X203.838 Y131.2 E3186.39342
G1 X204.336 Y132.407 E3186.48028
G1 X205.064 Y133.353 E3186.55968
G1 X208.026 Y136.316 E3186.83838
G1 X208.026 Y130.9 E3187.19865
G1 X208.585 Y130.9 E3187.23584
G1 X209.4 Y130.085 E3187.31251
G1 X209.4 Y125.558 E3187.61364
G1 X209.7 Y125.502 E3187.63394
G1 X209.7 Y125.338 E3187.64485
G1 X210.693 Y125.748 E3187.71632
G1 X210.693 Y137.553 E3188.50159
G1 X211.328 Y137.637 E3188.5442
G1 X212.569 Y137.473 E3188.62747
G1 X213.36 Y137.147 E3188.68438
G1 X213.36 Y128.071 E3189.28812
G1 X214.76 Y129.47 E3189.41977
G1 X215.493 Y130.423 E3189.49975
G1 X215.973 Y131.587 E3189.5835
G1 X216.027 Y131.996 E3189.61095
G1 X216.027 Y133.661 E3189.7217
G1 F1500 E3183.2217
G0 F7200 X202.692 Y84.284
G1 F1500 E3189.7217
G1 F3600 X202.692 Y82.96 E3189.80978
G1 X202.823 Y82.9 E3189.81936
G1 X205.6 Y82.9 E3190.00409
G1 X205.6 Y85.662 E3190.18782
G1 X205.412 Y86.016 E3190.21448
G1 X205.402 Y86.163 E3190.22428
G1 X205.359 Y86.156 E3190.22718
G1 X205.359 Y82.9 E3190.44377
G1 F1500 E3183.94377
G0 F7200 X205.359 Y79.1
G1 F1500 E3190.44377
G1 F3600 X205.359 Y76.351 E3190.62663
G1 X205.064 Y76.647 E3190.65443
G1 X204.336 Y77.593 E3190.73384
G1 X203.838 Y78.8 E3190.82069
G1 X204.002 Y78.8 E3190.8316
G1 X204.058 Y79.1 E3190.8519
G1 X208.026 Y79.1 E3191.11585
G1 X208.026 Y73.696 E3191.47533
G1 X208.923 Y73.007 E3191.55057
G1 X210.087 Y72.527 E3191.63432
G1 X210.693 Y72.446 E3191.67499
G1 X210.693 Y84.253 E3192.4604
G1 X210.907 Y84.164 E3192.47582
G1 X211.853 Y83.436 E3192.55522
G1 X213.36 Y81.93 E3192.69694
G1 X213.36 Y72.854 E3193.30068
G1 X213.732 Y73.007 E3193.32744
G1 X214.729 Y73.771 E3193.41099
G1 X215.493 Y74.768 E3193.49455
G1 X215.973 Y75.931 E3193.57824
G1 X216.027 Y76.34 E3193.60568
G1 X216.027 Y78.005 E3193.71644
G1 F1500 E3187.21644
;MESH:manette_1-Body_(Meshed).stl
G0 F7200 X209.165 Y80.424
G0 X208.076 Y80.424
G0 X207.5 Y82
;TYPE:WALL-INNER
G1 F1500 E3193.71644
G1 F3600 X207.5 Y128 E3196.77637
G1 F3538.1 X207.493 Y128.174 E3196.78816
G0 F7200 X207.197 Y128.697
G1 F3654.8 X206.674 Y128.993 E3196.82753
G1 X207.514 Y129.014 E3196.88259
G1 F3664.1 X207.493 Y128.174 E3196.93751
G1 X207.197 Y128.697 E3196.97678
G0 F7200 X206.924 Y128.424
G1 F3600 X206.589 Y128.6 E3197.00195
G1 X90.5 Y128.6 E3204.72423
G1 X90.075 Y128.425 E3204.7548
G1 X89.9 Y128.089 E3204.78
G1 X89.9 Y82 E3207.84585
G1 X90.075 Y81.575 E3207.87643
G1 X90.411 Y81.4 E3207.90163
G1 X206.5 Y81.4 E3215.6239
G1 X206.924 Y81.576 E3215.65444
G1 X207.1 Y82 E3215.68498
G1 X207.1 Y128.089 E3218.75083
G1 X206.924 Y128.424 E3218.776
G0 F7200 X206.674 Y128.993
G1 F3529.4 X206.5 Y129 E3218.78782
G1 F3600 X90.5 Y129 E3226.50417
G0 F7200 X89.803 Y128.697
G1 F3654.8 X89.507 Y128.174 E3226.54354
G1 X89.486 Y129.014 E3226.5986
G1 F3730.6 X90.5 Y129 E3226.6637
G1 X89.803 Y128.697 E3226.71248
G0 F7200 X89.507 Y128.174
G1 F3529.4 X89.5 Y128 E3226.7243
G1 F3600 X89.5 Y82 E3229.78423
G0 F7200 X89.803 Y81.303
G1 F3654.8 X90.326 Y81.007 E3229.82361
G1 X89.486 Y80.986 E3229.87866
G1 F3730.6 X89.5 Y82 E3229.94376
G1 X89.803 Y81.303 E3229.99255
G0 F7200 X90.326 Y81.007
G1 F3529.4 X90.5 Y81 E3230.00436
G1 F3600 X206.5 Y81 E3237.72071
G0 F7200 X207.197 Y81.303
G1 F3730.6 X207.5 Y82 E3237.7695
G1 X207.514 Y80.986 E3237.8346
G1 X206.5 Y81 E3237.89969
G1 X207.197 Y81.303 E3237.94848
G0 F7200 X207.197 Y81.09
G0 X207.62 Y129.12
G0 X207.9 Y129.4
G1 F3600 X207.9 Y80.6 E3241.19467
G1 X89.101 Y80.601 E3249.09721
G1 X89.101 Y129.399 E3252.34327
G1 X207.9 Y129.4 E3260.24581
G0 F7200 X208.3 Y129.8
;TYPE:WALL-OUTER
G1 F1800 X208.3 Y80.2 E3263.54521
G1 X88.701 Y80.201 E3271.50097
G1 X88.701 Y129.799 E3274.80024
G1 X208.3 Y129.8 E3282.756
G0 F7200 X208.3 Y129.6
G0 X207.62 Y129.12
G0 X207.41 Y128.035
G0 X206.698 Y128.035
G1 F1800 X206.642 Y128.142 E3282.76404
G1 X206.535 Y128.198 E3282.77207
G1 X90.5 Y128.2 E3290.49075
G1 X90.358 Y128.142 E3290.50095
G1 X90.302 Y128.035 E3290.50899
G1 X90.3 Y82 E3293.57125
G1 X90.358 Y81.858 E3293.58145
G1 X90.465 Y81.802 E3293.58948
G1 X206.5 Y81.8 E3301.30816
G1 X206.642 Y81.858 E3301.31837
G1 X206.7 Y82 E3301.32857
G1 X206.698 Y128.035 E3304.39083
G0 F7200 X206.642 Y128.142
G0 X206.573 Y128.178
G1 F1500 E3297.89083
;MESH:NONMESH
G0 F600 X206.573 Y128.178 Z10.6
G0 F7200 X206.573 Y128.91
G0 X90.062 Y128.438
G0 X90.053 Y81.575
G0 X82.677 Y80.966
;TIME_ELAPSED:3973.260152
;LAYER:26
;TYPE:SUPPORT
G1 F1500 E3304.39083
G1 F3600 X82.677 Y73.459 E3304.8902
G1 X82.271 Y73.771 E3304.92426
G1 X81.507 Y74.768 E3305.00781
G1 X81.027 Y75.931 E3305.09151
G1 X80.863 Y77.172 E3305.17478
G1 X81.027 Y78.413 E3305.25805
G1 X81.507 Y79.577 E3305.3418
G1 X82.24 Y80.53 E3305.42178
G1 X85.134 Y83.423 E3305.69398
G1 X85.344 Y83.595 E3305.71204
G1 X85.344 Y72.406 E3306.45633
G1 X85.672 Y72.363 E3306.47834
G1 X86.913 Y72.527 E3306.56161
G1 X88.011 Y72.98 E3306.64062
G1 X88.011 Y79.504 E3307.0746
G1 X88.415 Y79.1 E3307.1126
G1 X92.947 Y79.1 E3307.41407
G1 X92.965 Y79 E3307.42083
G1 X92.995 Y79 E3307.42283
G1 X92.99 Y78.8 E3307.43613
G1 X93.162 Y78.8 E3307.44758
G1 X92.664 Y77.593 E3307.53443
G1 X91.936 Y76.647 E3307.61384
G1 X90.678 Y75.389 E3307.73218
G1 X90.678 Y79.1 E3307.97904
G1 F1500 E3301.47904
G0 F7200 X93.345 Y85.316
G1 F1500 E3307.97904
G1 F3600 X93.046 Y85.614 E3308.00712
G1 X92.684 Y85.888 E3308.03732
G1 X91.869 Y86.225 E3308.09598
G1 X91.6 Y86.261 E3308.11404
G1 X91.6 Y86.099 E3308.12481
G1 X91.4 Y85.688 E3308.15522
G1 X91.4 Y82.9 E3308.34068
G1 X93.345 Y82.9 E3308.47006
G1 X94.16 Y82.9 E3308.52427
G1 X94.522 Y83.086 E3308.55135
G1 X94.67 Y83.095 E3308.56121
G1 X94.59 Y83.629 E3308.59713
G1 X94.462 Y84.006 E3308.62361
G1 X94.102 Y84.559 E3308.66751
G1 X93.345 Y85.316 E3308.73872
G1 X93.345 Y82.9 E3308.89943
G1 F1500 E3302.39943
G0 F7200 X93.345 Y124.683
G1 F1500 E3308.89943
G1 F3600 X94.094 Y125.432 E3308.96989
G1 X94.388 Y125.814 E3309.00196
G1 X94.725 Y126.631 E3309.06075
G1 X94.761 Y126.9 E3309.0788
G1 X94.603 Y126.9 E3309.08931
G1 X94.15 Y127.1 E3309.12225
G1 X93.345 Y127.1 E3309.1758
G1 X91.4 Y127.1 E3309.30518
G1 X91.4 Y124.381 E3309.48605
G1 X91.6 Y123.994 E3309.51503
G1 X91.6 Y123.839 E3309.52534
G1 X92.078 Y123.899 E3309.55739
G1 X92.452 Y124.018 E3309.58349
G1 X93.06 Y124.398 E3309.63119
G1 X93.345 Y124.683 E3309.658
G1 X93.345 Y127.1 E3309.81878
G1 F1500 E3303.31878
G0 F7200 X90.678 Y134.612
G1 F1500 E3309.81878
G1 F3600 X90.678 Y130.9 E3310.0657
G1 X92.942 Y130.9 E3310.2163
G1 X92.998 Y131.2 E3310.2366
G1 X93.162 Y131.2 E3310.24751
G1 X92.664 Y132.407 E3310.33437
G1 X91.936 Y133.353 E3310.41377
G1 X89.03 Y136.26 E3310.6872
G1 X88.011 Y137.044 E3310.77272
G1 X88.011 Y130.496 E3311.2083
G1 X87.6 Y130.085 E3311.24696
G1 X87.6 Y125.561 E3311.5479
G1 X87.5 Y125.543 E3311.55466
G1 X87.5 Y125.496 E3311.55779
G1 X87.3 Y125.515 E3311.57115
G1 X87.3 Y125.368 E3311.58093
G1 X86.657 Y125.561 E3311.62559
G1 X85.826 Y126.008 E3311.68836
G1 X85.344 Y126.404 E3311.72985
G1 X85.344 Y137.593 E3312.47415
G1 X84.431 Y137.473 E3312.5354
G1 X83.268 Y136.993 E3312.6191
G1 X82.271 Y136.229 E3312.70265
G1 X81.507 Y135.232 E3312.7862
G1 X81.027 Y134.069 E3312.8699
G1 X80.863 Y132.828 E3312.95317
G1 X81.027 Y131.587 E3313.03643
G1 X81.507 Y130.423 E3313.12019
G1 X82.24 Y129.47 E3313.20017
G1 X82.677 Y129.033 E3313.24128
G1 X82.677 Y136.54 E3313.74064
G1 F1500 E3307.24064
G0 F7200 X202.692 Y127.02
G1 F1500 E3313.74064
G1 F3600 X202.692 Y125.753 E3313.82493
G1 X202.872 Y125.466 E3313.84746
G1 X204.034 Y124.304 E3313.95677
G1 X204.556 Y124.013 E3313.99653
G1 X205.131 Y123.775 E3314.03793
G1 X205.4 Y123.739 E3314.05598
G1 X205.4 Y123.902 E3314.06682
G1 X205.6 Y124.331 E3314.09831
G1 X205.6 Y127.1 E3314.2825
G1 X205.359 Y127.1 E3314.29853
G1 X205.359 Y123.744 E3314.52178
G1 F1500 E3308.02178
G0 F7200 X205.359 Y133.648
G1 F1500 E3314.52178
G1 F3600 X205.359 Y130.9 E3314.70457
G1 X204.053 Y130.9 E3314.79145
G1 X204.035 Y131 E3314.79821
G1 X204.005 Y131 E3314.8002
G1 X204.01 Y131.2 E3314.81351
G1 X203.838 Y131.2 E3314.82495
G1 X204.336 Y132.407 E3314.91181
G1 X205.064 Y133.353 E3314.99121
G1 X208.026 Y136.316 E3315.26991
G1 X208.026 Y130.9 E3315.63018
G1 X208.585 Y130.9 E3315.66737
G1 X209.4 Y130.085 E3315.74404
G1 X209.4 Y125.558 E3316.04517
G1 X209.7 Y125.502 E3316.06547
G1 X209.7 Y125.338 E3316.07638
G1 X210.693 Y125.748 E3316.14785
G1 X210.693 Y137.553 E3316.93312
G1 X211.328 Y137.637 E3316.97573
G1 X212.569 Y137.473 E3317.059
G1 X213.36 Y137.147 E3317.11591
G1 X213.36 Y128.071 E3317.71965
G1 X214.76 Y129.47 E3317.8513
G1 X215.493 Y130.423 E3317.93128
G1 X215.973 Y131.587 E3318.01503
G1 X216.027 Y131.996 E3318.04248
G1 X216.027 Y133.661 E3318.15323
G1 F1500 E3311.65323
G0 F7200 X202.692 Y84.284
G1 F1500 E3318.15323
G1 F3600 X202.692 Y82.961 E3318.24124
G1 X202.825 Y82.9 E3318.25097
G1 X205.6 Y82.9 E3318.43557
G1 X205.6 Y85.661 E3318.61923
G1 X205.412 Y86.015 E3318.64589
G1 X205.403 Y86.163 E3318.65575
G1 X205.359 Y86.155 E3318.65873
G1 X205.359 Y82.9 E3318.87525
G1 F1500 E3312.37525
G0 F7200 X205.359 Y79.1
G1 F1500 E3318.87525
G1 F3600 X205.359 Y76.351 E3319.05812
G1 X205.064 Y76.647 E3319.08592
G1 X204.336 Y77.593 E3319.16532
G1 X203.838 Y78.8 E3319.25218
G1 X204.002 Y78.8 E3319.26309
G1 X204.058 Y79.1 E3319.28339
G1 X208.026 Y79.1 E3319.54734
G1 X208.026 Y73.696 E3319.90681
G1 X208.923 Y73.007 E3319.98205
G1 X210.087 Y72.527 E3320.06581
G1 X210.693 Y72.446 E3320.10648
G1 X210.693 Y84.253 E3320.89188
G1 X210.907 Y84.164 E3320.9073
G1 X211.853 Y83.436 E3320.9867
G1 X213.36 Y81.93 E3321.12843
G1 X213.36 Y72.854 E3321.73217
G1 X213.732 Y73.007 E3321.75892
G1 X214.729 Y73.771 E3321.84248
G1 X215.493 Y74.768 E3321.92603
G1 X215.973 Y75.931 E3322.00972
G1 X216.027 Y76.34 E3322.03717
G1 X216.027 Y78.005 E3322.14792
G1 F1500 E3315.64792
;MESH:manette_1-Body_(Meshed).stl
G0 F7200 X209.165 Y80.424
G0 X208.076 Y80.424
G0 X207.5 Y82
;TYPE:WALL-INNER
G1 F1500 E3322.14792
G1 F3600 X207.5 Y128 E3325.20785
G1 F3538.1 X207.493 Y128.174 E3325.21964
G0 F7200 X207.197 Y128.697
G1 F3654.8 X206.674 Y128.993 E3325.25902
G1 X207.514 Y129.014 E3325.31407
G1 F3664.1 X207.493 Y128.174 E3325.36899
G1 X207.197 Y128.697 E3325.40827
G0 F7200 X206.924 Y128.424
G1 F3600 X206.589 Y128.6 E3325.43344
G1 X90.5 Y128.6 E3333.15571
G1 X90.075 Y128.425 E3333.18628
G1 X89.9 Y128.089 E3333.21148
G1 X89.9 Y82 E3336.27734
G1 X90.075 Y81.575 E3336.30791
G1 X90.411 Y81.4 E3336.33311
G1 X206.5 Y81.4 E3344.05538
G1 X206.924 Y81.576 E3344.08592
G1 X207.1 Y82 E3344.11646
G1 X207.1 Y128.089 E3347.18231
G1 X206.924 Y128.424 E3347.20748
G0 F7200 X206.674 Y128.993
G1 F3529.4 X206.5 Y129 E3347.2193
G1 F3600 X90.5 Y129 E3354.93565
G0 F7200 X89.803 Y128.697
G1 F3654.8 X89.507 Y128.174 E3354.97503
G1 X89.486 Y129.014 E3355.03008
G1 F3730.6 X90.5 Y129 E3355.09518
G1 X89.803 Y128.697 E3355.14397
G0 F7200 X89.507 Y128.174
G1 F3529.4 X89.5 Y128 E3355.15578
G1 F3600 X89.5 Y82 E3358.21572
G0 F7200 X89.803 Y81.303
G1 F3654.8 X90.326 Y81.007 E3358.25509
G1 X89.486 Y80.986 E3358.31015
G1 F3730.6 X89.5 Y82 E3358.37524
G1 X89.803 Y81.303 E3358.42403
G0 F7200 X90.326 Y81.007
G1 F3529.4 X90.5 Y81 E3358.43585
G1 F3600 X206.5 Y81 E3366.1522
G0 F7200 X207.197 Y81.303
G1 F3730.6 X207.5 Y82 E3366.20098
G1 X207.514 Y80.986 E3366.26608
G1 X206.5 Y81 E3366.33118
G1 X207.197 Y81.303 E3366.37997
G0 F7200 X207.197 Y81.09
G0 X207.62 Y129.12
G0 X207.9 Y129.4
G1 F3600 X207.9 Y80.6 E3369.62615
G1 X89.101 Y80.601 E3377.5287
G1 X89.101 Y129.399 E3380.77475
G1 X207.9 Y129.4 E3388.67729
G0 F7200 X208.3 Y129.8
;TYPE:WALL-OUTER
G1 F1800 X208.3 Y80.2 E3391.9767
G1 X88.701 Y80.201 E3399.93246
G1 X88.701 Y129.799 E3403.23173
G1 X208.3 Y129.8 E3411.18749
G0 F7200 X208.3 Y129.6
G0 X207.62 Y129.12
G0 X207.41 Y128.035
G0 X206.698 Y128.035
G1 F1800 X206.642 Y128.142 E3411.19552
G1 X206.535 Y128.198 E3411.20355
G1 X90.5 Y128.2 E3418.92223
G1 X90.358 Y128.142 E3418.93244
G1 X90.302 Y128.035 E3418.94047
G1 X90.3 Y82 E3422.00273
G1 X90.358 Y81.858 E3422.01293
G1 X90.465 Y81.802 E3422.02097
G1 X206.5 Y81.8 E3429.73965
G1 X206.642 Y81.858 E3429.74985
G1 X206.7 Y82 E3429.76005
G1 X206.698 Y128.035 E3432.82232
G0 F7200 X206.642 Y128.142
G0 X206.573 Y128.178
G1 F1500 E3426.32232
;MESH:NONMESH
G0 F600 X206.573 Y128.178 Z11
G0 F7200 X206.573 Y128.91
G0 X90.062 Y128.438
G0 X90.053 Y81.575
G0 X82.677 Y80.966
;TIME_ELAPSED:4026.664305
;LAYER:27
;TYPE:SUPPORT
G1 F1500 E3432.82232
G1 F3600 X82.677 Y73.459 E3433.32168
G1 X82.271 Y73.771 E3433.35574
G1 X81.507 Y74.768 E3433.4393
G1 X81.027 Y75.931 E3433.52299
G1 X80.863 Y77.172 E3433.60626
G1 X81.027 Y78.413 E3433.68953
G1 X81.507 Y79.577 E3433.77328
G1 X82.24 Y80.53 E3433.85326
G1 X85.134 Y83.423 E3434.12546
G1 X85.344 Y83.595 E3434.14352
G1 X85.344 Y72.406 E3434.88782
G1 X85.672 Y72.363 E3434.90982
G1 X86.913 Y72.527 E3434.99309
G1 X88.011 Y72.98 E3435.0721
G1 X88.011 Y79.504 E3435.50608
G1 X88.415 Y79.1 E3435.54409
G1 X92.947 Y79.1 E3435.84556
G1 X92.965 Y79 E3435.85231
G1 X92.995 Y79 E3435.85431
G1 X92.99 Y78.8 E3435.86762
G1 X93.162 Y78.8 E3435.87906
G1 X92.664 Y77.593 E3435.96592
G1 X91.936 Y76.647 E3436.04532
G1 X90.678 Y75.389 E3436.16366
G1 X90.678 Y79.1 E3436.41052
G1 F1500 E3429.91052
G0 F7200 X93.345 Y85.316
G1 F1500 E3436.41052
G1 F3600 X93.046 Y85.614 E3436.4386
G1 X92.684 Y85.888 E3436.4688
G1 X91.869 Y86.225 E3436.52747
G1 X91.6 Y86.261 E3436.54552
G1 X91.6 Y86.102 E3436.5561
G1 X91.4 Y85.659 E3436.58843
G1 X91.4 Y82.9 E3436.77196
G1 X93.345 Y82.9 E3436.90134
G1 X94.159 Y82.9 E3436.95549
G1 X94.52 Y83.086 E3436.9825
G1 X94.669 Y83.095 E3436.99243
G1 X94.59 Y83.628 E3437.02828
G1 X94.462 Y84.006 E3437.05482
G1 X94.102 Y84.559 E3437.09872
G1 X93.345 Y85.316 E3437.16993
G1 X93.345 Y82.9 E3437.33064
G1 F1500 E3430.83064
G0 F7200 X93.345 Y124.683
G1 F1500 E3437.33064
G1 F3600 X94.094 Y125.432 E3437.40111
G1 X94.388 Y125.814 E3437.43317
G1 X94.725 Y126.631 E3437.49196
G1 X94.761 Y126.9 E3437.51001
G1 X94.601 Y126.9 E3437.52066
G1 X94.149 Y127.1 E3437.55354
G1 X93.345 Y127.1 E3437.60702
G1 X91.4 Y127.1 E3437.7364
G1 X91.4 Y124.382 E3437.9172
G1 X91.6 Y123.995 E3437.94618
G1 X91.6 Y123.839 E3437.95656
G1 X92.078 Y123.899 E3437.9886
G1 X92.452 Y124.018 E3438.01471
G1 X93.06 Y124.398 E3438.0624
G1 X93.345 Y124.683 E3438.08922
G1 X93.345 Y127.1 E3438.25
G1 F1500 E3431.75
G0 F7200 X90.678 Y134.612
G1 F1500 E3438.25
G1 F3600 X90.678 Y130.9 E3438.49692
G1 X92.942 Y130.9 E3438.64752
G1 X92.998 Y131.2 E3438.66782
G1 X93.162 Y131.2 E3438.67873
G1 X92.664 Y132.407 E3438.76559
G1 X91.936 Y133.353 E3438.84499
G1 X89.03 Y136.26 E3439.11842
G1 X88.011 Y137.044 E3439.20394
G1 X88.011 Y130.496 E3439.63952
G1 X87.6 Y130.085 E3439.67818
G1 X87.6 Y125.561 E3439.97912
G1 X87.5 Y125.543 E3439.98588
G1 X87.5 Y125.496 E3439.989
G1 X87.3 Y125.515 E3440.00237
G1 X87.3 Y125.368 E3440.01215
G1 X86.657 Y125.561 E3440.0568
G1 X85.826 Y126.008 E3440.11957
G1 X85.344 Y126.404 E3440.16107
G1 X85.344 Y137.593 E3440.90536
G1 X84.431 Y137.473 E3440.96662
G1 X83.268 Y136.993 E3441.05031
G1 X82.271 Y136.229 E3441.13387
G1 X81.507 Y135.232 E3441.21742
G1 X81.027 Y134.069 E3441.30111
G1 X80.863 Y132.828 E3441.38438
G1 X81.027 Y131.587 E3441.46765
G1 X81.507 Y130.423 E3441.55141
G1 X82.24 Y129.47 E3441.63138
G1 X82.677 Y129.033 E3441.67249
G1 X82.677 Y136.54 E3442.17186
G1 F1500 E3435.67186
G0 F7200 X202.692 Y127.02
G1 F1500 E3442.17186
G1 F3600 X202.692 Y125.753 E3442.25614
G1 X202.872 Y125.466 E3442.27868
G1 X204.034 Y124.304 E3442.38799
G1 X204.556 Y124.013 E3442.42775
G1 X205.131 Y123.775 E3442.46914
G1 X205.4 Y123.739 E3442.4872
G1 X205.4 Y123.903 E3442.49811
G1 X205.6 Y124.347 E3442.5305
G1 X205.6 Y127.1 E3442.71363
G1 X205.359 Y127.1 E3442.72966
G1 X205.359 Y123.744 E3442.9529
G1 F1500 E3436.4529
G0 F7200 X205.359 Y133.648
G1 F1500 E3442.9529
G1 F3600 X205.359 Y130.9 E3443.1357
G1 X204.053 Y130.9 E3443.22258
G1 X204.035 Y131 E3443.22933
G1 X204.005 Y131 E3443.23133
G1 X204.01 Y131.2 E3443.24464
G1 X203.838 Y131.2 E3443.25608
G1 X204.336 Y132.407 E3443.34293
G1 X205.064 Y133.353 E3443.42234
G1 X208.026 Y136.316 E3443.70103
G1 X208.026 Y130.9 E3444.06131
G1 X208.585 Y130.9 E3444.09849
G1 X209.4 Y130.085 E3444.17516
G1 X209.4 Y125.558 E3444.4763
G1 X209.7 Y125.502 E3444.4966
G1 X209.7 Y125.338 E3444.50751
G1 X210.693 Y125.748 E3444.57897
G1 X210.693 Y137.553 E3445.36425
G1 X211.328 Y137.637 E3445.40685
G1 X212.569 Y137.473 E3445.49012
G1 X213.36 Y137.147 E3445.54703
G1 X213.36 Y128.071 E3446.15077
G1 X214.76 Y129.47 E3446.28243
G1 X215.493 Y130.423 E3446.3624
G1 X215.973 Y131.587 E3446.44616
G1 X216.027 Y131.996 E3446.4736
G1 X216.027 Y133.661 E3446.58436
G1 F1500 E3440.08436
G0 F7200 X202.692 Y84.284
G1 F1500 E3446.58436
G1 F3600 X202.692 Y82.961 E3446.67236
G1 X202.823 Y82.9 E3446.68198
G1 X205.6 Y82.9 E3446.8667
G1 X205.6 Y85.661 E3447.05037
G1 X205.412 Y86.015 E3447.07703
G1 X205.403 Y86.163 E3447.08689
G1 X205.359 Y86.155 E3447.08987
G1 X205.359 Y82.9 E3447.30639
G1 F1500 E3440.80639
G0 F7200 X205.359 Y79.1
G1 F1500 E3447.30639
G1 F3600 X205.359 Y76.351 E3447.48926
G1 X205.064 Y76.647 E3447.51705
G1 X204.336 Y77.593 E3447.59646
G1 X203.838 Y78.8 E3447.68331
G1 X204.002 Y78.8 E3447.69422
G1 X204.058 Y79.1 E3447.71452
G1 X208.026 Y79.1 E3447.97848
G1 X208.026 Y73.696 E3448.33795
G1 X208.923 Y73.007 E3448.41319
G1 X210.087 Y72.527 E3448.49695
G1 X210.693 Y72.446 E3448.53762
G1 X210.693 Y84.253 E3449.32302
G1 X210.907 Y84.164 E3449.33844
G1 X211.853 Y83.436 E3449.41784
G1 X213.36 Y81.93 E3449.55957
G1 X213.36 Y72.854 E3450.1633
G1 X213.732 Y73.007 E3450.19006
G1 X214.729 Y73.771 E3450.27361
G1 X215.493 Y74.768 E3450.35717
G1 X215.973 Y75.931 E3450.44086
G1 X216.027 Y76.34 E3450.4683
G1 X216.027 Y78.005 E3450.57906
G1 F1500 E3444.07906
;MESH:manette_1-Body_(Meshed).stl
G0 F7200 X209.165 Y80.424
G0 X208.076 Y80.424
G0 X207.5 Y82
;TYPE:WALL-INNER
G1 F1500 E3450.57906
G1 F3600 X207.5 Y128 E3453.63899
G1 F3538.1 X207.493 Y128.174 E3453.65078
G0 F7200 X207.197 Y128.697
G1 F3654.8 X206.674 Y128.993 E3453.69016
G1 X207.514 Y129.014 E3453.74521
G1 F3664.1 X207.493 Y128.174 E3453.80013
G1 X207.197 Y128.697 E3453.8394
G0 F7200 X206.924 Y128.424
G1 F3600 X206.589 Y128.6 E3453.86458
G1 X90.5 Y128.6 E3461.58685
G1 X90.075 Y128.425 E3461.61742
G1 X89.9 Y128.089 E3461.64262
G1 X89.9 Y82 E3464.70848
G1 X90.075 Y81.575 E3464.73905
G1 X90.411 Y81.4 E3464.76425
G1 X206.5 Y81.4 E3472.48652
G1 X206.924 Y81.576 E3472.51706
G1 X207.1 Y82 E3472.5476
G1 X207.1 Y128.089 E3475.61345
G1 X206.924 Y128.424 E3475.63862
G0 F7200 X206.674 Y128.993
G1 F3529.4 X206.5 Y129 E3475.65044
G1 F3600 X90.5 Y129 E3483.36679
G0 F7200 X89.803 Y128.697
G1 F3654.8 X89.507 Y128.174 E3483.40617
G1 X89.486 Y129.014 E3483.46122
G1 F3730.6 X90.5 Y129 E3483.52632
G1 X89.803 Y128.697 E3483.57511
G0 F7200 X89.507 Y128.174
G1 F3529.4 X89.5 Y128 E3483.58692
G1 F3600 X89.5 Y82 E3486.64685
G0 F7200 X89.803 Y81.303
G1 F3654.8 X90.326 Y81.007 E3486.68623
G1 X89.486 Y80.986 E3486.74129
G1 F3730.6 X89.5 Y82 E3486.80638
G1 X89.803 Y81.303 E3486.85517
G0 F7200 X90.326 Y81.007
G1 F3529.4 X90.5 Y81 E3486.86698
G1 F3600 X206.5 Y81 E3494.58334
G0 F7200 X207.197 Y81.303
G1 F3730.6 X207.5 Y82 E3494.63212
G1 X207.514 Y80.986 E3494.69722
G1 X206.5 Y81 E3494.76232
G1 X207.197 Y81.303 E3494.8111
G0 F7200 X207.197 Y81.09
G0 X207.62 Y129.12
G0 X207.9 Y129.4
G1 F3600 X207.9 Y80.6 E3498.05729
G1 X89.101 Y80.601 E3505.95983
G1 X89.101 Y129.399 E3509.20589
G1 X207.9 Y129.4 E3517.10843
G0 F7200 X208.3 Y129.8
;TYPE:WALL-OUTER
G1 F1800 X208.3 Y80.2 E3520.40784
G1 X88.701 Y80.201 E3528.3636
G1 X88.701 Y129.799 E3531.66287
G1 X208.3 Y129.8 E3539.61863
G0 F7200 X208.3 Y129.6
G0 X207.62 Y129.12
G0 X207.41 Y128.035
G0 X206.698 Y128.035
G1 F1800 X206.642 Y128.142 E3539.62666
G1 X206.535 Y128.198 E3539.63469
G1 X90.5 Y128.2 E3547.35337
G1 X90.358 Y128.142 E3547.36358
G1 X90.302 Y128.035 E3547.37161
G1 X90.3 Y82 E3550.43387
G1 X90.358 Y81.858 E3550.44407
G1 X90.465 Y81.802 E3550.45211
G1 X206.5 Y81.8 E3558.17079
G1 X206.642 Y81.858 E3558.18099
G1 X206.7 Y82 E3558.19119
G1 X206.698 Y128.035 E3561.25345
G0 F7200 X206.642 Y128.142
G0 X206.573 Y128.178
G1 F1500 E3554.75345
;MESH:NONMESH
G0 F600 X206.573 Y128.178 Z11.4
G0 F7200 X206.573 Y128.91
G0 X90.062 Y128.438
G0 X90.053 Y81.575
G0 X82.677 Y80.966
;TIME_ELAPSED:4080.067864
;LAYER:28
;TYPE:SUPPORT
G1 F1500 E3561.25345
G1 F3600 X82.677 Y73.459 E3561.75282
G1 X82.271 Y73.771 E3561.78688
G1 X81.507 Y74.768 E3561.87044
G1 X81.027 Y75.931 E3561.95413
G1 X80.863 Y77.172 E3562.0374
G1 X81.027 Y78.413 E3562.12067
G1 X81.507 Y79.577 E3562.20442
G1 X82.24 Y80.53 E3562.2844
G1 X85.134 Y83.423 E3562.5566
G1 X85.344 Y83.595 E3562.57466
G1 X85.344 Y72.406 E3563.31895
G1 X85.672 Y72.363 E3563.34096
G1 X86.913 Y72.527 E3563.42423
G1 X88.011 Y72.98 E3563.50324
G1 X88.011 Y79.504 E3563.93722
G1 X88.415 Y79.1 E3563.97522
G1 X92.947 Y79.1 E3564.27669
G1 X92.965 Y79 E3564.28345
G1 X92.995 Y79 E3564.28545
G1 X92.99 Y78.8 E3564.29876
G1 X93.162 Y78.8 E3564.3102
G1 X92.664 Y77.593 E3564.39705
G1 X91.936 Y76.647 E3564.47646
G1 X90.678 Y75.389 E3564.5948
G1 X90.678 Y79.1 E3564.84166
G1 F1500 E3558.34166
G0 F7200 X93.345 Y85.316
G1 F1500 E3564.84166
G1 F3600 X93.046 Y85.614 E3564.86974
G1 X92.684 Y85.888 E3564.89994
G1 X91.869 Y86.225 E3564.95861
G1 X91.6 Y86.261 E3564.97666
G1 X91.6 Y86.099 E3564.98744
G1 X91.4 Y85.656 E3565.01977
G1 X91.4 Y82.9 E3565.2031
G1 X93.345 Y82.9 E3565.33248
G1 X94.157 Y82.9 E3565.3865
G1 X94.515 Y83.085 E3565.4133
G1 X94.669 Y83.095 E3565.42357
G1 X94.59 Y83.628 E3565.45941
G1 X94.462 Y84.006 E3565.48596
G1 X94.102 Y84.559 E3565.52985
G1 X93.345 Y85.316 E3565.60107
G1 X93.345 Y82.9 E3565.76178
G1 F1500 E3559.26178
G0 F7200 X93.345 Y124.683
G1 F1500 E3565.76178
G1 F3600 X94.094 Y125.432 E3565.83224
G1 X94.388 Y125.814 E3565.8643
G1 X94.725 Y126.631 E3565.92309
G1 X94.761 Y126.9 E3565.94115
G1 X94.599 Y126.9 E3565.95192
G1 X94.148 Y127.1 E3565.98474
G1 X93.345 Y127.1 E3566.03816
G1 X91.4 Y127.1 E3566.16754
G1 X91.4 Y124.383 E3566.34828
G1 X91.6 Y123.996 E3566.37725
G1 X91.6 Y123.839 E3566.3877
G1 X92.078 Y123.899 E3566.41974
G1 X92.452 Y124.018 E3566.44585
G1 X93.06 Y124.398 E3566.49354
G1 X93.345 Y124.683 E3566.52036
G1 X93.345 Y127.1 E3566.68113
G1 F1500 E3560.18113
G0 F7200 X90.678 Y134.612
G1 F1500 E3566.68113
G1 F3600 X90.678 Y130.9 E3566.92806
G1 X92.942 Y130.9 E3567.07866
G1 X92.998 Y131.2 E3567.09896
G1 X93.162 Y131.2 E3567.10987
G1 X92.664 Y132.407 E3567.19673
G1 X91.936 Y133.353 E3567.27613
G1 X89.03 Y136.26 E3567.54956
G1 X88.011 Y137.044 E3567.63508
G1 X88.011 Y130.496 E3568.07066
G1 X87.6 Y130.085 E3568.10932
G1 X87.6 Y125.561 E3568.41026
G1 X87.5 Y125.543 E3568.41702
G1 X87.5 Y125.496 E3568.42014
G1 X87.3 Y125.515 E3568.43351
G1 X87.3 Y125.368 E3568.44329
G1 X86.657 Y125.561 E3568.48794
G1 X85.826 Y126.008 E3568.55071
G1 X85.344 Y126.404 E3568.59221
G1 X85.344 Y137.593 E3569.3365
G1 X84.431 Y137.473 E3569.39776
G1 X83.268 Y136.993 E3569.48145
G1 X82.271 Y136.229 E3569.56501
G1 X81.507 Y135.232 E3569.64856
G1 X81.027 Y134.069 E3569.73225
G1 X80.863 Y132.828 E3569.81552
G1 X81.027 Y131.587 E3569.89879
G1 X81.507 Y130.423 E3569.98255
G1 X82.24 Y129.47 E3570.06252
G1 X82.677 Y129.033 E3570.10363
G1 X82.677 Y136.54 E3570.603
G1 F1500 E3564.103
G0 F7200 X202.692 Y127.019
G1 F1500 E3570.603
G1 F3600 X202.692 Y125.753 E3570.68722
G1 X202.872 Y125.466 E3570.70975
G1 X204.034 Y124.304 E3570.81906
G1 X204.556 Y124.013 E3570.85882
G1 X205.131 Y123.775 E3570.90022
G1 X205.4 Y123.739 E3570.91827
G1 X205.4 Y123.903 E3570.92918
G1 X205.6 Y124.347 E3570.96157
G1 X205.6 Y127.1 E3571.1447
G1 X205.359 Y127.1 E3571.16073
G1 X205.359 Y123.744 E3571.38397
G1 F1500 E3564.88397
G0 F7200 X205.359 Y133.648
G1 F1500 E3571.38397
G1 F3600 X205.359 Y130.9 E3571.56677
G1 X204.053 Y130.9 E3571.65365
G1 X204.035 Y131 E3571.66041
G1 X204.005 Y131 E3571.6624
G1 X204.01 Y131.2 E3571.67571
G1 X203.838 Y131.2 E3571.68715
G1 X204.336 Y132.407 E3571.77401
G1 X205.064 Y133.353 E3571.85341
G1 X208.026 Y136.316 E3572.13211
G1 X208.026 Y130.9 E3572.49238
G1 X208.585 Y130.9 E3572.52956
G1 X209.4 Y130.085 E3572.60624
G1 X209.4 Y125.558 E3572.90737
G1 X209.7 Y125.502 E3572.92767
G1 X209.7 Y125.338 E3572.93858
G1 X210.693 Y125.748 E3573.01005
G1 X210.693 Y137.553 E3573.79532
G1 X211.328 Y137.637 E3573.83793
G1 X212.569 Y137.473 E3573.9212
G1 X213.36 Y137.147 E3573.97811
G1 X213.36 Y128.071 E3574.58184
G1 X214.76 Y129.47 E3574.7135
G1 X215.493 Y130.423 E3574.79348
G1 X215.973 Y131.587 E3574.87723
G1 X216.027 Y131.996 E3574.90468
G1 X216.027 Y133.661 E3575.01543
G1 F1500 E3568.51543
G0 F7200 X202.692 Y84.284
G1 F1500 E3575.01543
G1 F3600 X202.692 Y82.965 E3575.10317
G1 X202.829 Y82.9 E3575.11326
G1 X205.6 Y82.9 E3575.29759
G1 X205.6 Y85.659 E3575.48112
G1 X205.413 Y86.012 E3575.50769
G1 X205.405 Y86.163 E3575.51775
G1 X205.359 Y86.155 E3575.52085
G1 X205.359 Y82.9 E3575.73738
G1 F1500 E3569.23738
G0 F7200 X205.359 Y79.1
G1 F1500 E3575.73738
G1 F3600 X205.359 Y76.351 E3575.92024
G1 X205.064 Y76.647 E3575.94804
G1 X204.336 Y77.593 E3576.02744
G1 X203.838 Y78.8 E3576.1143
G1 X204.002 Y78.8 E3576.12521
G1 X204.058 Y79.1 E3576.14551
G1 X208.026 Y79.1 E3576.40946
G1 X208.026 Y73.696 E3576.76894
G1 X208.923 Y73.007 E3576.84418
G1 X210.087 Y72.527 E3576.92793
G1 X210.693 Y72.446 E3576.9686
G1 X210.693 Y84.253 E3577.75401
G1 X210.907 Y84.164 E3577.76942
G1 X211.853 Y83.436 E3577.84883
G1 X213.36 Y81.93 E3577.99055
G1 X213.36 Y72.854 E3578.59429
G1 X213.732 Y73.007 E3578.62105
G1 X214.729 Y73.771 E3578.7046
G1 X215.493 Y74.768 E3578.78815
G1 X215.973 Y75.931 E3578.87185
G1 X216.027 Y76.34 E3578.89929
G1 X216.027 Y78.005 E3579.01005
G1 F1500 E3572.51005
;MESH:manette_1-Body_(Meshed).stl
G0 F7200 X209.165 Y80.424
G0 X208.076 Y80.424
G0 X207.5 Y82
;TYPE:WALL-INNER
G1 F1500 E3579.01005
G1 F3600 X207.5 Y128 E3582.06998
G1 F3538.1 X207.493 Y128.174 E3582.08177
G0 F7200 X207.197 Y128.697
G1 F3654.8 X206.674 Y128.993 E3582.12114
G1 X207.514 Y129.014 E3582.1762
G1 F3664.1 X207.493 Y128.174 E3582.23111
G1 X207.197 Y128.697 E3582.27039
G0 F7200 X206.924 Y128.424
G1 F3600 X206.589 Y128.6 E3582.29556
G1 X90.5 Y128.6 E3590.01783
G1 X90.075 Y128.425 E3590.04841
G1 X89.9 Y128.089 E3590.07361
G1 X89.9 Y82 E3593.13946
G1 X90.075 Y81.575 E3593.17004
G1 X90.411 Y81.4 E3593.19524
G1 X206.5 Y81.4 E3600.91751
G1 X206.924 Y81.576 E3600.94805
G1 X207.1 Y82 E3600.97858
G1 X207.1 Y128.089 E3604.04444
G1 X206.924 Y128.424 E3604.06961
G0 F7200 X206.674 Y128.993
G1 F3529.4 X206.5 Y129 E3604.08142
G1 F3600 X90.5 Y129 E3611.79778
G0 F7200 X89.803 Y128.697
G1 F3654.8 X89.507 Y128.174 E3611.83715
G1 X89.486 Y129.014 E3611.89221
G1 F3730.6 X90.5 Y129 E3611.9573
G1 X89.803 Y128.697 E3612.00609
G0 F7200 X89.507 Y128.174
G1 F3529.4 X89.5 Y128 E3612.01791
G1 F3600 X89.5 Y82 E3615.07784
G0 F7200 X89.803 Y81.303
G1 F3654.8 X90.326 Y81.007 E3615.11722
G1 X89.486 Y80.986 E3615.17227
G1 F3730.6 X89.5 Y82 E3615.23737
G1 X89.803 Y81.303 E3615.28615
G0 F7200 X90.326 Y81.007
G1 F3529.4 X90.5 Y81 E3615.29797
G1 F3600 X206.5 Y81 E3623.01432
G0 F7200 X207.197 Y81.303
G1 F3730.6 X207.5 Y82 E3623.06311
G1 X207.514 Y80.986 E3623.12821
G1 X206.5 Y81 E3623.1933
G1 X207.197 Y81.303 E3623.24209
G0 F7200 X207.197 Y81.09
G0 X207.62 Y129.12
G0 X207.9 Y129.4
G1 F3600 X207.9 Y80.6 E3626.48828
G1 X89.101 Y80.601 E3634.39082
G1 X89.101 Y129.399 E3637.63688
G1 X207.9 Y129.4 E3645.53942
G0 F7200 X208.3 Y129.8
;TYPE:WALL-OUTER
G1 F1800 X208.3 Y80.2 E3648.83882
G1 X88.701 Y80.201 E3656.79458
G1 X88.701 Y129.799 E3660.09385
G1 X208.3 Y129.8 E3668.04961
G0 F7200 X208.3 Y129.6
G0 X207.62 Y129.12
G0 X207.41 Y128.035
G0 X206.698 Y128.035
G1 F1800 X206.642 Y128.142 E3668.05764
G1 X206.535 Y128.198 E3668.06568
G1 X90.5 Y128.2 E3675.78436
G1 X90.358 Y128.142 E3675.79456
G1 X90.302 Y128.035 E3675.80259
G1 X90.3 Y82 E3678.86486
G1 X90.358 Y81.858 E3678.87506
G1 X90.465 Y81.802 E3678.88309
G1 X206.5 Y81.8 E3686.60177
G1 X206.642 Y81.858 E3686.61198
G1 X206.7 Y82 E3686.62218
G1 X206.698 Y128.035 E3689.68444
G0 F7200 X206.642 Y128.142
G0 X206.573 Y128.178
G1 F1500 E3683.18444
;MESH:NONMESH
G0 F600 X206.573 Y128.178 Z11.8
G0 F7200 X206.573 Y128.91
G0 X90.062 Y128.438
G0 X90.053 Y81.575
G0 X82.677 Y80.966
;TIME_ELAPSED:4133.471437
;LAYER:29
;TYPE:SUPPORT
G1 F1500 E3689.68444
G1 F3600 X82.677 Y73.459 E3690.18381
G1 X82.271 Y73.771 E3690.21787
G1 X81.507 Y74.768 E3690.30142
G1 X81.027 Y75.931 E3690.38511
G1 X80.863 Y77.172 E3690.46838
G1 X81.027 Y78.413 E3690.55165
G1 X81.507 Y79.577 E3690.63541
G1 X82.24 Y80.53 E3690.71538
G1 X85.134 Y83.423 E3690.98759
G1 X85.344 Y83.595 E3691.00564
G1 X85.344 Y72.406 E3691.74994
G1 X85.672 Y72.363 E3691.77194
G1 X86.913 Y72.527 E3691.85521
G1 X88.011 Y72.98 E3691.93423
G1 X88.011 Y79.504 E3692.3682
G1 X88.415 Y79.1 E3692.40621
G1 X92.947 Y79.1 E3692.70768
G1 X92.965 Y79 E3692.71444
G1 X92.995 Y79 E3692.71643
G1 X92.99 Y78.8 E3692.72974
G1 X93.162 Y78.8 E3692.74118
G1 X92.664 Y77.593 E3692.82804
G1 X91.936 Y76.647 E3692.90744
G1 X90.678 Y75.389 E3693.02579
G1 X90.678 Y79.1 E3693.27265
G1 F1500 E3686.77265
G0 F7200 X93.345 Y85.316
G1 F1500 E3693.27265
G1 F3600 X93.046 Y85.614 E3693.30073
G1 X92.684 Y85.888 E3693.33093
G1 X91.869 Y86.225 E3693.38959
G1 X91.6 Y86.261 E3693.40765
G1 X91.6 Y86.095 E3693.41869
G1 X91.4 Y85.654 E3693.4509
G1 X91.4 Y82.9 E3693.6341
G1 X93.345 Y82.9 E3693.76348
G1 X94.123 Y82.9 E3693.81523
G1 X94.522 Y83.087 E3693.84454
G1 X94.669 Y83.098 E3693.85435
G1 X94.59 Y83.629 E3693.89006
G1 X94.462 Y84.006 E3693.91654
G1 X94.102 Y84.559 E3693.96044
G1 X93.345 Y85.316 E3694.03165
G1 X93.345 Y82.9 E3694.19237
G1 F1500 E3687.69237
G0 F7200 X93.345 Y124.683
G1 F1500 E3694.19237
G1 F3600 X94.094 Y125.432 E3694.26283
G1 X94.388 Y125.814 E3694.29489
G1 X94.725 Y126.631 E3694.35368
G1 X94.761 Y126.9 E3694.37173
G1 X94.599 Y126.9 E3694.38251
G1 X94.148 Y127.1 E3694.41533
G1 X93.345 Y127.1 E3694.46874
G1 X91.4 Y127.1 E3694.59813
G1 X91.4 Y124.384 E3694.7788
G1 X91.6 Y123.997 E3694.80777
G1 X91.6 Y123.839 E3694.81828
G1 X92.078 Y123.899 E3694.85033
G1 X92.452 Y124.018 E3694.87644
G1 X93.06 Y124.398 E3694.92413
G1 X93.345 Y124.683 E3694.95094
G1 X93.345 Y127.1 E3695.11172
G1 F1500 E3688.61172
G0 F7200 X90.678 Y134.612
G1 F1500 E3695.11172
G1 F3600 X90.678 Y130.9 E3695.35865
G1 X92.942 Y130.9 E3695.50925
G1 X92.998 Y131.2 E3695.52955
G1 X93.162 Y131.2 E3695.54046
G1 X92.664 Y132.407 E3695.62731
G1 X91.936 Y133.353 E3695.70672
G1 X89.03 Y136.26 E3695.98014
G1 X88.011 Y137.044 E3696.06567
G1 X88.011 Y130.496 E3696.50124
G1 X87.6 Y130.085 E3696.53991
G1 X87.6 Y125.561 E3696.84084
G1 X87.5 Y125.543 E3696.8476
G1 X87.5 Y125.496 E3696.85073
G1 X87.3 Y125.515 E3696.86409
G1 X87.3 Y125.368 E3696.87387
G1 X86.657 Y125.561 E3696.91853
G1 X85.826 Y126.008 E3696.9813
G1 X85.344 Y126.404 E3697.02279
G1 X85.344 Y137.593 E3697.76709
G1 X84.431 Y137.473 E3697.82835
G1 X83.268 Y136.993 E3697.91204
G1 X82.271 Y136.229 E3697.99559
G1 X81.507 Y135.232 E3698.07915
G1 X81.027 Y134.069 E3698.16284
G1 X80.863 Y132.828 E3698.24611
G1 X81.027 Y131.587 E3698.32938
G1 X81.507 Y130.423 E3698.41313
G1 X82.24 Y129.47 E3698.49311
G1 X82.677 Y129.033 E3698.53422
G1 X82.677 Y136.54 E3699.03359
G1 F1500 E3692.53359
G0 F7200 X202.692 Y127.011
G1 F1500 E3699.03359
G1 F3600 X202.692 Y125.753 E3699.11727
G1 X202.872 Y125.466 E3699.13981
G1 X204.034 Y124.304 E3699.24912
G1 X204.556 Y124.013 E3699.28887
G1 X205.131 Y123.775 E3699.33027
G1 X205.4 Y123.739 E3699.34832
G1 X205.4 Y123.909 E3699.35963
G1 X205.6 Y124.351 E3699.3919
G1 X205.6 Y127.1 E3699.57477
G1 X205.359 Y127.1 E3699.5908
G1 X205.359 Y123.744 E3699.81404
G1 F1500 E3693.31404
G0 F7200 X205.359 Y133.648
G1 F1500 E3699.81404
G1 F3600 X205.359 Y130.9 E3699.99684
G1 X204.053 Y130.9 E3700.08371
G1 X204.035 Y131 E3700.09047
G1 X204.005 Y131 E3700.09247
G1 X204.01 Y131.2 E3700.10578
G1 X203.838 Y131.2 E3700.11722
G1 X204.336 Y132.407 E3700.20407
G1 X205.064 Y133.353 E3700.28348
G1 X208.026 Y136.316 E3700.56217
G1 X208.026 Y130.9 E3700.92245
G1 X208.585 Y130.9 E3700.95963
G1 X209.4 Y130.085 E3701.0363
G1 X209.4 Y125.558 E3701.33744
G1 X209.7 Y125.502 E3701.35774
G1 X209.7 Y125.338 E3701.36865
G1 X210.693 Y125.748 E3701.44011
G1 X210.693 Y137.553 E3702.22538
G1 X211.328 Y137.637 E3702.26799
G1 X212.569 Y137.473 E3702.35126
G1 X213.36 Y137.147 E3702.40817
G1 X213.36 Y128.071 E3703.01191
G1 X214.76 Y129.47 E3703.14357
G1 X215.493 Y130.423 E3703.22354
G1 X215.973 Y131.587 E3703.3073
G1 X216.027 Y131.996 E3703.33474
G1 X216.027 Y133.661 E3703.4455
G1 F1500 E3696.9455
G0 F7200 X202.692 Y84.284
G1 F1500 E3703.4455
G1 F3600 X202.692 Y82.977 E3703.53244
G1 X202.873 Y82.9 E3703.54552
G1 X205.6 Y82.9 E3703.72693
G1 X205.6 Y85.657 E3703.91032
G1 X205.414 Y86.008 E3703.93675
G1 X205.406 Y86.163 E3703.94707
G1 X205.359 Y86.155 E3703.95024
G1 X205.359 Y82.9 E3704.16677
G1 F1500 E3697.66677
G0 F7200 X205.359 Y79.1
G1 F1500 E3704.16677
G1 F3600 X205.359 Y76.351 E3704.34963
G1 X205.064 Y76.647 E3704.37743
G1 X204.336 Y77.593 E3704.45683
G1 X203.838 Y78.8 E3704.54369
G1 X204.002 Y78.8 E3704.5546
G1 X204.058 Y79.1 E3704.5749
G1 X208.026 Y79.1 E3704.83885
G1 X208.026 Y73.696 E3705.19833
G1 X208.923 Y73.007 E3705.27357
G1 X210.087 Y72.527 E3705.35732
G1 X210.693 Y72.446 E3705.39799
G1 X210.693 Y84.253 E3706.1834
G1 X210.907 Y84.164 E3706.19881
G1 X211.853 Y83.436 E3706.27822
G1 X213.36 Y81.93 E3706.41994
G1 X213.36 Y72.854 E3707.02368
G1 X213.732 Y73.007 E3707.05043
G1 X214.729 Y73.771 E3707.13399
G1 X215.493 Y74.768 E3707.21754
G1 X215.973 Y75.931 E3707.30124
G1 X216.027 Y76.34 E3707.32868
G1 X216.027 Y78.005 E3707.43943
G1 F1500 E3700.93943
;MESH:manette_1-Body_(Meshed).stl
G0 F7200 X209.165 Y80.424
G0 X208.076 Y80.424
G0 X207.5 Y82
;TYPE:WALL-INNER
G1 F1500 E3707.43943
G1 F3600 X207.5 Y128 E3710.49937
G1 F3538.1 X207.493 Y128.174 E3710.51115
G0 F7200 X207.197 Y128.697
G1 F3654.8 X206.674 Y128.993 E3710.55053
G1 X207.514 Y129.014 E3710.60559
G1 F3664.1 X207.493 Y128.174 E3710.6605
G1 X207.197 Y128.697 E3710.69978
G0 F7200 X206.924 Y128.424
G1 F3600 X206.589 Y128.6 E3710.72495
G1 X90.5 Y128.6 E3718.44722
G1 X90.075 Y128.425 E3718.4778
G1 X89.9 Y128.089 E3718.503
G1 X89.9 Y82 E3721.56885
G1 X90.075 Y81.575 E3721.59942
G1 X90.411 Y81.4 E3721.62462
G1 X206.5 Y81.4 E3729.3469
G1 X206.924 Y81.576 E3729.37743
G1 X207.1 Y82 E3729.40797
G1 X207.1 Y128.089 E3732.47382
G1 X206.924 Y128.424 E3732.499
G0 F7200 X206.674 Y128.993
G1 F3529.4 X206.5 Y129 E3732.51081
G1 F3600 X90.5 Y129 E3740.22716
G0 F7200 X89.803 Y128.697
G1 F3654.8 X89.507 Y128.174 E3740.26654
G1 X89.486 Y129.014 E3740.3216
G1 F3730.6 X90.5 Y129 E3740.38669
G1 X89.803 Y128.697 E3740.43548
G0 F7200 X89.507 Y128.174
G1 F3529.4 X89.5 Y128 E3740.4473
G1 F3600 X89.5 Y82 E3743.50723
G0 F7200 X89.803 Y81.303
G1 F3654.8 X90.326 Y81.007 E3743.5466
G1 X89.486 Y80.986 E3743.60166
G1 F3730.6 X89.5 Y82 E3743.66676
G1 X89.803 Y81.303 E3743.71554
G0 F7200 X90.326 Y81.007
G1 F3529.4 X90.5 Y81 E3743.72736
G1 F3600 X206.5 Y81 E3751.44371
G0 F7200 X207.197 Y81.303
G1 F3730.6 X207.5 Y82 E3751.4925
G1 X207.514 Y80.986 E3751.55759
G1 X206.5 Y81 E3751.62269
G1 X207.197 Y81.303 E3751.67148
G0 F7200 X207.197 Y81.09
G0 X207.62 Y129.12
G0 X207.9 Y129.4
G1 F3600 X207.9 Y80.6 E3754.91767
G1 X89.101 Y80.601 E3762.82021
G1 X89.101 Y129.399 E3766.06626
G1 X207.9 Y129.4 E3773.96881
G0 F7200 X208.3 Y129.8
;TYPE:WALL-OUTER
G1 F1800 X208.3 Y80.2 E3777.26821
G1 X88.701 Y80.201 E3785.22397
G1 X88.701 Y129.799 E3788.52324
G1 X208.3 Y129.8 E3796.479
G0 F7200 X208.3 Y129.6
G0 X207.62 Y129.12
G0 X207.41 Y128.035
G0 X206.698 Y128.035
G1 F1800 X206.642 Y128.142 E3796.48703
G1 X206.535 Y128.198 E3796.49507
G1 X90.5 Y128.2 E3804.21375
G1 X90.358 Y128.142 E3804.22395
G1 X90.302 Y128.035 E3804.23198
G1 X90.3 Y82 E3807.29424
G1 X90.358 Y81.858 E3807.30445
G1 X90.465 Y81.802 E3807.31248
G1 X206.5 Y81.8 E3815.03116
G1 X206.642 Y81.858 E3815.04136
G1 X206.7 Y82 E3815.05157
G1 X206.698 Y128.035 E3818.11383
G0 F7200 X206.642 Y128.142
G0 X206.573 Y128.178
G1 F1500 E3811.61383
;MESH:NONMESH
G0 F600 X206.573 Y128.178 Z12.2
G0 F7200 X206.573 Y128.91
G0 X90.062 Y128.438
G0 X90.053 Y81.575
G0 X82.677 Y80.966
;TIME_ELAPSED:4186.874433
;LAYER:30
;TYPE:SUPPORT
G1 F1500 E3818.11383
G1 F3600 X82.677 Y73.459 E3818.6132
G1 X82.271 Y73.771 E3818.64726
G1 X81.507 Y74.768 E3818.73081
G1 X81.027 Y75.931 E3818.8145
G1 X80.863 Y77.172 E3818.89777
G1 X81.027 Y78.413 E3818.98104
G1 X81.507 Y79.577 E3819.0648
G1 X82.24 Y80.53 E3819.14477
G1 X85.134 Y83.423 E3819.41698
G1 X85.344 Y83.595 E3819.43503
G1 X85.344 Y72.406 E3820.17933
G1 X85.672 Y72.363 E3820.20133
G1 X86.913 Y72.527 E3820.2846
G1 X88.011 Y72.98 E3820.36361
G1 X88.011 Y79.504 E3820.79759
G1 X88.415 Y79.1 E3820.8356
G1 X92.947 Y79.1 E3821.13707
G1 X92.965 Y79 E3821.14383
G1 X92.995 Y79 E3821.14582
G1 X92.99 Y78.8 E3821.15913
G1 X93.162 Y78.8 E3821.17057
G1 X92.664 Y77.593 E3821.25743
G1 X91.936 Y76.647 E3821.33683
G1 X90.678 Y75.389 E3821.45518
G1 X90.678 Y79.1 E3821.70203
G1 F1500 E3815.20203
G0 F7200 X93.345 Y85.316
G1 F1500 E3821.70203
G1 F3600 X93.046 Y85.614 E3821.73012
G1 X92.684 Y85.888 E3821.76032
G1 X91.869 Y86.225 E3821.81898
G1 X91.6 Y86.261 E3821.83704
G1 X91.6 Y86.085 E3821.84874
G1 X91.4 Y85.649 E3821.88065
G1 X91.4 Y82.9 E3822.06352
G1 X93.345 Y82.9 E3822.1929
G1 X94.123 Y82.9 E3822.24465
G1 X94.522 Y83.087 E3822.27396
G1 X94.669 Y83.098 E3822.28377
G1 X94.59 Y83.629 E3822.31948
G1 X94.462 Y84.006 E3822.34596
G1 X94.102 Y84.559 E3822.38986
G1 X93.345 Y85.316 E3822.46107
G1 X93.345 Y82.9 E3822.62178
G1 F1500 E3816.12178
G0 F7200 X93.345 Y124.683
G1 F1500 E3822.62178
G1 F3600 X94.094 Y125.432 E3822.69225
G1 X94.388 Y125.814 E3822.72431
G1 X94.725 Y126.631 E3822.7831
G1 X94.761 Y126.9 E3822.80115
G1 X94.591 Y126.9 E3822.81246
G1 X94.148 Y127.1 E3822.84479
G1 X93.345 Y127.1 E3822.89821
G1 X91.4 Y127.1 E3823.02759
G1 X91.4 Y124.427 E3823.2054
G1 X91.6 Y123.992 E3823.23725
G1 X91.6 Y123.839 E3823.24743
G1 X92.078 Y123.899 E3823.27947
G1 X92.452 Y124.018 E3823.30558
G1 X93.06 Y124.398 E3823.35327
G1 X93.345 Y124.683 E3823.38008
G1 X93.345 Y127.1 E3823.54086
G1 F1500 E3817.04086
G0 F7200 X90.678 Y134.612
G1 F1500 E3823.54086
G1 F3600 X90.678 Y130.9 E3823.78779
G1 X92.942 Y130.9 E3823.93839
G1 X92.998 Y131.2 E3823.95869
G1 X93.162 Y131.2 E3823.9696
G1 X92.664 Y132.407 E3824.05646
G1 X91.936 Y133.353 E3824.13586
G1 X89.03 Y136.26 E3824.40929
G1 X88.011 Y137.044 E3824.49481
G1 X88.011 Y130.496 E3824.93039
G1 X87.6 Y130.085 E3824.96905
G1 X87.6 Y125.561 E3825.26999
G1 X87.5 Y125.543 E3825.27675
G1 X87.5 Y125.496 E3825.27987
G1 X87.3 Y125.515 E3825.29324
G1 X87.3 Y125.368 E3825.30302
G1 X86.657 Y125.561 E3825.34767
G1 X85.826 Y126.008 E3825.41044
G1 X85.344 Y126.404 E3825.45194
G1 X85.344 Y137.593 E3826.19623
G1 X84.431 Y137.473 E3826.25749
G1 X83.268 Y136.993 E3826.34118
G1 X82.271 Y136.229 E3826.42473
G1 X81.507 Y135.232 E3826.50829
G1 X81.027 Y134.069 E3826.59198
G1 X80.863 Y132.828 E3826.67525
G1 X81.027 Y131.587 E3826.75852
G1 X81.507 Y130.423 E3826.84228
G1 X82.24 Y129.47 E3826.92225
G1 X82.677 Y129.033 E3826.96336
G1 X82.677 Y136.54 E3827.46273
G1 F1500 E3820.96273
G0 F7200 X202.692 Y127.011
G1 F1500 E3827.46273
G1 F3600 X202.692 Y125.753 E3827.54641
G1 X202.872 Y125.466 E3827.56895
G1 X204.034 Y124.304 E3827.67826
G1 X204.556 Y124.013 E3827.71802
G1 X205.131 Y123.775 E3827.75941
G1 X205.4 Y123.739 E3827.77747
G1 X205.4 Y123.919 E3827.78944
G1 X205.6 Y124.356 E3827.82141
G1 X205.6 Y127.1 E3828.00394
G1 X205.359 Y127.1 E3828.01997
G1 X205.359 Y123.744 E3828.24321
G1 F1500 E3821.74321
G0 F7200 X205.359 Y133.648
G1 F1500 E3828.24321
G1 F3600 X205.359 Y130.9 E3828.42601
G1 X204.053 Y130.9 E3828.51289
G1 X204.035 Y131 E3828.51965
G1 X204.005 Y131 E3828.52164
G1 X204.01 Y131.2 E3828.53495
G1 X203.838 Y131.2 E3828.54639
G1 X204.336 Y132.407 E3828.63325
G1 X205.064 Y133.353 E3828.71265
G1 X208.026 Y136.316 E3828.99135
G1 X208.026 Y130.9 E3829.35162
G1 X208.585 Y130.9 E3829.3888
G1 X209.4 Y130.085 E3829.46547
G1 X209.4 Y125.558 E3829.76661
G1 X209.7 Y125.502 E3829.78691
G1 X209.7 Y125.338 E3829.79782
G1 X210.693 Y125.748 E3829.86929
G1 X210.693 Y137.553 E3830.65456
G1 X211.328 Y137.637 E3830.69717
G1 X212.569 Y137.473 E3830.78043
G1 X213.36 Y137.147 E3830.83735
G1 X213.36 Y128.071 E3831.44108
G1 X214.76 Y129.47 E3831.57274
G1 X215.493 Y130.423 E3831.65272
G1 X215.973 Y131.587 E3831.73647
G1 X216.027 Y131.996 E3831.76391
G1 X216.027 Y133.661 E3831.87467
G1 F1500 E3825.37467
G0 F7200 X202.692 Y84.284
G1 F1500 E3831.87467
G1 F3600 X202.692 Y82.977 E3831.96161
G1 X202.873 Y82.9 E3831.9747
G1 X205.6 Y82.9 E3832.1561
G1 X205.6 Y85.628 E3832.33757
G1 X205.415 Y86.009 E3832.36574
G1 X205.41 Y86.164 E3832.37605
G1 X205.359 Y86.155 E3832.3795
G1 X205.359 Y82.9 E3832.59602
G1 F1500 E3826.09602
G0 F7200 X205.359 Y79.1
G1 F1500 E3832.59602
G1 F3600 X205.359 Y76.351 E3832.77889
G1 X205.064 Y76.647 E3832.80669
G1 X204.336 Y77.593 E3832.88609
G1 X203.838 Y78.8 E3832.97295
G1 X204.002 Y78.8 E3832.98386
G1 X204.058 Y79.1 E3833.00416
G1 X208.026 Y79.1 E3833.26811
G1 X208.026 Y73.696 E3833.62758
G1 X208.923 Y73.007 E3833.70282
G1 X210.087 Y72.527 E3833.78658
G1 X210.693 Y72.446 E3833.82725
G1 X210.693 Y84.253 E3834.61265
G1 X210.907 Y84.164 E3834.62807
G1 X211.853 Y83.436 E3834.70748
G1 X213.36 Y81.93 E3834.8492
G1 X213.36 Y72.854 E3835.45294
G1 X213.732 Y73.007 E3835.47969
G1 X214.729 Y73.771 E3835.56325
G1 X215.493 Y74.768 E3835.6468
G1 X215.973 Y75.931 E3835.73049
G1 X216.027 Y76.34 E3835.75794
G1 X216.027 Y78.005 E3835.86869
G1 F1500 E3829.36869
;MESH:manette_1-Body_(Meshed).stl
G0 F7200 X209.165 Y80.424
G0 X208.076 Y80.424
G0 X207.5 Y82
;TYPE:WALL-INNER
G1 F1500 E3835.86869
G1 F3600 X207.5 Y128 E3838.92863
G1 F3538.1 X207.493 Y128.174 E3838.94041
G0 F7200 X207.197 Y128.697
G1 F3654.8 X206.674 Y128.993 E3838.97979
G1 X207.514 Y129.014 E3839.03484
G1 F3664.1 X207.493 Y128.174 E3839.08976
G1 X207.197 Y128.697 E3839.12904
G0 F7200 X206.924 Y128.424
G1 F3600 X206.589 Y128.6 E3839.15421
G1 X90.5 Y128.6 E3846.87648
G1 X90.075 Y128.425 E3846.90705
G1 X89.9 Y128.089 E3846.93226
G1 X89.9 Y82 E3849.99811
G1 X90.075 Y81.575 E3850.02868
G1 X90.411 Y81.4 E3850.05388
G1 X206.5 Y81.4 E3857.77615
G1 X206.924 Y81.576 E3857.80669
G1 X207.1 Y82 E3857.83723
G1 X207.1 Y128.089 E3860.90308
G1 X206.924 Y128.424 E3860.92826
G0 F7200 X206.674 Y128.993
G1 F3529.4 X206.5 Y129 E3860.94007
G1 F3600 X90.5 Y129 E3868.65642
G0 F7200 X89.803 Y128.697
G1 F3654.8 X89.507 Y128.174 E3868.6958
G1 X89.486 Y129.014 E3868.75085
G1 F3730.6 X90.5 Y129 E3868.81595
G1 X89.803 Y128.697 E3868.86474
G0 F7200 X89.507 Y128.174
G1 F3529.4 X89.5 Y128 E3868.87655
G1 F3600 X89.5 Y82 E3871.93649
G0 F7200 X89.803 Y81.303
G1 F3654.8 X90.326 Y81.007 E3871.97586
G1 X89.486 Y80.986 E3872.03092
G1 F3730.6 X89.5 Y82 E3872.09601
G1 X89.803 Y81.303 E3872.1448
G0 F7200 X90.326 Y81.007
G1 F3529.4 X90.5 Y81 E3872.15662
G1 F3600 X206.5 Y81 E3879.87297
G0 F7200 X207.197 Y81.303
G1 F3730.6 X207.5 Y82 E3879.92176
G1 X207.514 Y80.986 E3879.98685
G1 X206.5 Y81 E3880.05195
G1 X207.197 Y81.303 E3880.10074
G0 F7200 X207.197 Y81.09
G0 X207.62 Y129.12
G0 X207.9 Y129.4
G1 F3600 X207.9 Y80.6 E3883.34692
G1 X89.101 Y80.601 E3891.24947
G1 X89.101 Y129.399 E3894.49552
G1 X207.9 Y129.4 E3902.39806
G0 F7200 X208.3 Y129.8
;TYPE:WALL-OUTER
G1 F1800 X208.3 Y80.2 E3905.69747
G1 X88.701 Y80.201 E3913.65323
G1 X88.701 Y129.799 E3916.9525
G1 X208.3 Y129.8 E3924.90826
G0 F7200 X208.3 Y129.6
G0 X207.62 Y129.12
G0 X207.41 Y128.035
G0 X206.698 Y128.035
G1 F1800 X206.642 Y128.142 E3924.91629
G1 X206.535 Y128.198 E3924.92432
G1 X90.5 Y128.2 E3932.643
G1 X90.358 Y128.142 E3932.65321
G1 X90.302 Y128.035 E3932.66124
G1 X90.3 Y82 E3935.7235
G1 X90.358 Y81.858 E3935.73371
G1 X90.465 Y81.802 E3935.74174
G1 X206.5 Y81.8 E3943.46042
G1 X206.642 Y81.858 E3943.47062
G1 X206.7 Y82 E3943.48083
G1 X206.698 Y128.035 E3946.54309
G0 F7200 X206.642 Y128.142
G0 X206.573 Y128.178
G1 F1500 E3940.04309
;MESH:NONMESH
G0 F600 X206.573 Y128.178 Z12.6
G0 F7200 X206.573 Y128.91
G0 X90.062 Y128.438
G0 X90.053 Y81.575
G0 X82.677 Y80.966
;TIME_ELAPSED:4240.276779
;LAYER:31
;TYPE:SUPPORT
G1 F1500 E3946.54309
G1 F3600 X82.677 Y73.459 E3947.04245
G1 X82.271 Y73.771 E3947.07651
G1 X81.507 Y74.768 E3947.16007
G1 X81.027 Y75.931 E3947.24376
G1 X80.863 Y77.172 E3947.32703
G1 X81.027 Y78.413 E3947.4103
G1 X81.507 Y79.577 E3947.49405
G1 X82.24 Y80.53 E3947.57403
G1 X85.134 Y83.423 E3947.84623
G1 X85.344 Y83.595 E3947.86429
G1 X85.344 Y72.406 E3948.60859
G1 X85.672 Y72.363 E3948.63059
G1 X86.913 Y72.527 E3948.71386
G1 X88.011 Y72.98 E3948.79287
G1 X88.011 Y79.504 E3949.22685
G1 X88.415 Y79.1 E3949.26486
G1 X92.947 Y79.1 E3949.56633
G1 X92.965 Y79 E3949.57309
G1 X92.995 Y79 E3949.57508
G1 X92.99 Y78.8 E3949.58839
G1 X93.162 Y78.8 E3949.59983
G1 X92.664 Y77.593 E3949.68669
G1 X91.936 Y76.647 E3949.76609
G1 X90.678 Y75.389 E3949.88444
G1 X90.678 Y79.1 E3950.13129
G1 F1500 E3943.63129
G0 F7200 X93.345 Y85.316
G1 F1500 E3950.13129
G1 F3600 X93.046 Y85.614 E3950.15937
G1 X92.684 Y85.888 E3950.18957
G1 X91.869 Y86.225 E3950.24824
G1 X91.6 Y86.261 E3950.26629
G1 X91.6 Y86.089 E3950.27773
G1 X91.4 Y85.61 E3950.31226
G1 X91.4 Y82.9 E3950.49253
G1 X93.345 Y82.9 E3950.62192
G1 X94.118 Y82.9 E3950.67334
G1 X94.499 Y83.083 E3950.70145
G1 X94.67 Y83.091 E3950.71284
G1 X94.59 Y83.628 E3950.74896
G1 X94.462 Y84.006 E3950.7755
G1 X94.102 Y84.559 E3950.8194
G1 X93.345 Y85.316 E3950.89061
G1 X93.345 Y82.9 E3951.05132
G1 F1500 E3944.55132
G0 F7200 X93.345 Y124.683
G1 F1500 E3951.05132
G1 F3600 X94.094 Y125.432 E3951.12178
G1 X94.388 Y125.814 E3951.15385
G1 X94.725 Y126.631 E3951.21264
G1 X94.761 Y126.9 E3951.23069
G1 X94.58 Y126.9 E3951.24273
G1 X94.143 Y127.1 E3951.2747
G1 X93.345 Y127.1 E3951.32778
G1 X91.4 Y127.1 E3951.45717
G1 X91.4 Y124.427 E3951.63497
G1 X91.6 Y123.993 E3951.66676
G1 X91.6 Y123.839 E3951.67701
G1 X92.078 Y123.899 E3951.70905
G1 X92.452 Y124.018 E3951.73516
G1 X93.06 Y124.398 E3951.78285
G1 X93.345 Y124.683 E3951.80967
G1 X93.345 Y127.1 E3951.97045
G1 F1500 E3945.47045
G0 F7200 X90.678 Y134.612
G1 F1500 E3951.97045
G1 F3600 X90.678 Y130.9 E3952.21737
G1 X92.942 Y130.9 E3952.36797
G1 X92.998 Y131.2 E3952.38827
G1 X93.162 Y131.2 E3952.39918
G1 X92.664 Y132.407 E3952.48604
G1 X91.936 Y133.353 E3952.56544
G1 X89.03 Y136.26 E3952.83887
G1 X88.011 Y137.044 E3952.92439
G1 X88.011 Y130.496 E3953.35997
G1 X87.6 Y130.085 E3953.39863
G1 X87.6 Y125.561 E3953.69957
G1 X87.5 Y125.543 E3953.70633
G1 X87.5 Y125.496 E3953.70945
G1 X87.3 Y125.515 E3953.72282
G1 X87.3 Y125.368 E3953.7326
G1 X86.657 Y125.561 E3953.77725
G1 X85.826 Y126.008 E3953.84002
G1 X85.344 Y126.404 E3953.88152
G1 X85.344 Y137.593 E3954.62581
G1 X84.431 Y137.473 E3954.68707
G1 X83.268 Y136.993 E3954.77076
G1 X82.271 Y136.229 E3954.85432
G1 X81.507 Y135.232 E3954.93787
G1 X81.027 Y134.069 E3955.02156
G1 X80.863 Y132.828 E3955.10483
G1 X81.027 Y131.587 E3955.1881
G1 X81.507 Y130.423 E3955.27186
G1 X82.24 Y129.47 E3955.35183
G1 X82.677 Y129.033 E3955.39294
G1 X82.677 Y136.54 E3955.89231
G1 F1500 E3949.39231
G0 F7200 X202.692 Y127.011
G1 F1500 E3955.89231
G1 F3600 X202.692 Y125.753 E3955.97599
G1 X202.872 Y125.466 E3955.99853
G1 X204.034 Y124.304 E3956.10784
G1 X204.556 Y124.013 E3956.1476
G1 X205.131 Y123.775 E3956.18899
G1 X205.4 Y123.739 E3956.20705
G1 X205.4 Y123.916 E3956.21882
G1 X205.6 Y124.406 E3956.25403
G1 X205.6 Y127.1 E3956.43323
G1 X205.359 Y127.1 E3956.44926
G1 X205.359 Y123.744 E3956.67251
G1 F1500 E3950.17251
G0 F7200 X205.359 Y133.648
G1 F1500 E3956.67251
G1 F3600 X205.359 Y130.9 E3956.8553
G1 X204.053 Y130.9 E3956.94218
G1 X204.035 Y131 E3956.94894
G1 X204.005 Y131 E3956.95093
G1 X204.01 Y131.2 E3956.96424
G1 X203.838 Y131.2 E3956.97568
G1 X204.336 Y132.407 E3957.06254
G1 X205.064 Y133.353 E3957.14194
G1 X208.026 Y136.316 E3957.42064
G1 X208.026 Y130.9 E3957.78091
G1 X208.585 Y130.9 E3957.8181
G1 X209.4 Y130.085 E3957.89477
G1 X209.4 Y125.558 E3958.1959
G1 X209.7 Y125.502 E3958.2162
G1 X209.7 Y125.338 E3958.22711
G1 X210.693 Y125.748 E3958.29858
G1 X210.693 Y137.553 E3959.08385
G1 X211.328 Y137.637 E3959.12646
G1 X212.569 Y137.473 E3959.20973
G1 X213.36 Y137.147 E3959.26664
G1 X213.36 Y128.071 E3959.87038
G1 X214.76 Y129.47 E3960.00203
G1 X215.493 Y130.423 E3960.08201
G1 X215.973 Y131.587 E3960.16576
G1 X216.027 Y131.996 E3960.19321
G1 X216.027 Y133.661 E3960.30396
G1 F1500 E3953.80396
G0 F7200 X202.692 Y84.284
G1 F1500 E3960.30396
G1 F3600 X202.692 Y82.978 E3960.39084
G1 X202.876 Y82.9 E3960.40413
G1 X205.6 Y82.9 E3960.58533
G1 X205.6 Y85.624 E3960.76653
G1 X205.415 Y85.994 E3960.79405
G1 X205.41 Y86.164 E3960.80536
G1 X205.359 Y86.155 E3960.80881
G1 X205.359 Y82.9 E3961.02533
G1 F1500 E3954.52533
G0 F7200 X205.359 Y79.1
G1 F1500 E3961.02533
G1 F3600 X205.359 Y76.351 E3961.2082
G1 X205.064 Y76.647 E3961.236
G1 X204.336 Y77.593 E3961.3154
G1 X203.838 Y78.8 E3961.40226
G1 X204.002 Y78.8 E3961.41317
G1 X204.058 Y79.1 E3961.43347
G1 X208.026 Y79.1 E3961.69742
G1 X208.026 Y73.696 E3962.05689
G1 X208.923 Y73.007 E3962.13213
G1 X210.087 Y72.527 E3962.21589
G1 X210.693 Y72.446 E3962.25656
G1 X210.693 Y84.253 E3963.04196
G1 X210.907 Y84.164 E3963.05738
G1 X211.853 Y83.436 E3963.13679
G1 X213.36 Y81.93 E3963.27851
G1 X213.36 Y72.854 E3963.88225
G1 X213.732 Y73.007 E3963.909
G1 X214.729 Y73.771 E3963.99256
G1 X215.493 Y74.768 E3964.07611
G1 X215.973 Y75.931 E3964.1598
G1 X216.027 Y76.34 E3964.18725
G1 X216.027 Y78.005 E3964.298
G1 F1500 E3957.798
;MESH:manette_1-Body_(Meshed).stl
G0 F7200 X209.165 Y80.424
G0 X208.076 Y80.424
G0 X207.5 Y82
;TYPE:WALL-INNER
G1 F1500 E3964.298
G1 F3600 X207.5 Y128 E3967.35794
G1 F3538.1 X207.493 Y128.174 E3967.36972
G0 F7200 X207.197 Y128.697
G1 F3654.8 X206.674 Y128.993 E3967.4091
G1 X207.514 Y129.014 E3967.46415
G1 F3664.1 X207.493 Y128.174 E3967.51907
G1 X207.197 Y128.697 E3967.55835
G0 F7200 X206.924 Y128.424
G1 F3600 X206.589 Y128.6 E3967.58352
G1 X90.5 Y128.6 E3975.30579
G1 X90.075 Y128.425 E3975.33636
G1 X89.9 Y128.089 E3975.36157
G1 X89.9 Y82 E3978.42742
G1 X90.075 Y81.575 E3978.45799
G1 X90.411 Y81.4 E3978.48319
G1 X206.5 Y81.4 E3986.20546
G1 X206.924 Y81.576 E3986.236
G1 X207.1 Y82 E3986.26654
G1 X207.1 Y128.089 E3989.33239
G1 X206.924 Y128.424 E3989.35757
G0 F7200 X206.674 Y128.993
G1 F3529.4 X206.5 Y129 E3989.36938
G1 F3600 X90.5 Y129 E3997.08573
G0 F7200 X89.803 Y128.697
G1 F3654.8 X89.507 Y128.174 E3997.12511
G1 X89.486 Y129.014 E3997.18016
G1 F3730.6 X90.5 Y129 E3997.24526
G1 X89.803 Y128.697 E3997.29405
G0 F7200 X89.507 Y128.174
G1 F3529.4 X89.5 Y128 E3997.30586
G1 F3600 X89.5 Y82 E4000.3658
G0 F7200 X89.803 Y81.303
G1 F3654.8 X90.326 Y81.007 E4000.40517
G1 X89.486 Y80.986 E4000.46023
G1 F3730.6 X89.5 Y82 E4000.52532
G1 X89.803 Y81.303 E4000.57411
G0 F7200 X90.326 Y81.007
G1 F3529.4 X90.5 Y81 E4000.58593
G1 F3600 X206.5 Y81 E4008.30228
G0 F7200 X207.197 Y81.303
G1 F3730.6 X207.5 Y82 E4008.35107
G1 X207.514 Y80.986 E4008.41616
G1 X206.5 Y81 E4008.48126
G1 X207.197 Y81.303 E4008.53005
G0 F7200 X207.197 Y81.09
G0 X207.62 Y129.12
G0 X207.9 Y129.4
G1 F3600 X207.9 Y80.6 E4011.77623
G1 X89.101 Y80.601 E4019.67878
G1 X89.101 Y129.399 E4022.92483
G1 X207.9 Y129.4 E4030.82737
G0 F7200 X208.3 Y129.8
;TYPE:WALL-OUTER
G1 F1800 X208.3 Y80.2 E4034.12678
G1 X88.701 Y80.201 E4042.08254
G1 X88.701 Y129.799 E4045.38181
G1 X208.3 Y129.8 E4053.33757
G0 F7200 X208.3 Y129.6
G0 X207.62 Y129.12
G0 X207.41 Y128.035
G0 X206.698 Y128.035
G1 F1800 X206.642 Y128.142 E4053.3456
G1 X206.535 Y128.198 E4053.35363
G1 X90.5 Y128.2 E4061.07231
G1 X90.358 Y128.142 E4061.08252
G1 X90.302 Y128.035 E4061.09055
G1 X90.3 Y82 E4064.15281
G1 X90.358 Y81.858 E4064.16302
G1 X90.465 Y81.802 E4064.17105
G1 X206.5 Y81.8 E4071.88973
G1 X206.642 Y81.858 E4071.89993
G1 X206.7 Y82 E4071.91014
G1 X206.698 Y128.035 E4074.9724
G0 F7200 X206.642 Y128.142
G0 X206.573 Y128.178
G1 F1500 E4068.4724
;MESH:NONMESH
G0 F600 X206.573 Y128.178 Z13
G0 F7200 X206.573 Y128.91
G0 X90.062 Y128.438
G0 X90.053 Y81.575
G0 X82.677 Y80.966
;TIME_ELAPSED:4293.678732
;LAYER:32
;TYPE:SUPPORT
G1 F1500 E4074.9724
G1 F3600 X82.677 Y73.459 E4075.47176
G1 X82.271 Y73.771 E4075.50582
G1 X81.507 Y74.768 E4075.58938
G1 X81.027 Y75.931 E4075.67307
G1 X80.863 Y77.172 E4075.75634
G1 X81.027 Y78.413 E4075.83961
G1 X81.507 Y79.577 E4075.92336
G1 X82.24 Y80.53 E4076.00334
G1 X85.134 Y83.423 E4076.27554
G1 X85.344 Y83.595 E4076.2936
G1 X85.344 Y72.406 E4077.0379
G1 X85.672 Y72.363 E4077.0599
G1 X86.913 Y72.527 E4077.14317
G1 X88.011 Y72.98 E4077.22218
G1 X88.011 Y79.504 E4077.65616
G1 X88.415 Y79.1 E4077.69417
G1 X92.947 Y79.1 E4077.99564
G1 X92.965 Y79 E4078.0024
G1 X92.995 Y79 E4078.00439
G1 X92.99 Y78.8 E4078.0177
G1 X93.162 Y78.8 E4078.02914
G1 X92.664 Y77.593 E4078.116
G1 X91.936 Y76.647 E4078.1954
G1 X90.678 Y75.389 E4078.31375
G1 X90.678 Y79.1 E4078.5606
G1 F1500 E4072.0606
G0 F7200 X93.345 Y85.316
G1 F1500 E4078.5606
G1 F3600 X93.046 Y85.614 E4078.58868
G1 X92.684 Y85.888 E4078.61888
G1 X91.869 Y86.225 E4078.67755
G1 X91.6 Y86.261 E4078.6956
G1 X91.6 Y86.089 E4078.70704
G1 X91.4 Y85.609 E4078.74164
G1 X91.4 Y82.9 E4078.92184
G1 X93.345 Y82.9 E4079.05122
G1 X94.09 Y82.9 E4079.10078
G1 X94.503 Y83.084 E4079.13085
G1 X94.67 Y83.091 E4079.14197
G1 X94.59 Y83.629 E4079.17815
G1 X94.462 Y84.006 E4079.20464
G1 X94.102 Y84.559 E4079.24853
G1 X93.345 Y85.316 E4079.31975
G1 X93.345 Y82.9 E4079.48046
G1 F1500 E4072.98046
G0 F7200 X93.345 Y124.683
G1 F1500 E4079.48046
G1 F3600 X94.094 Y125.432 E4079.55092
G1 X94.388 Y125.814 E4079.58299
G1 X94.725 Y126.631 E4079.64177
G1 X94.761 Y126.9 E4079.65983
G1 X94.585 Y126.9 E4079.67154
G1 X94.082 Y127.1 E4079.70754
G1 X93.345 Y127.1 E4079.75657
G1 X91.4 Y127.1 E4079.88595
G1 X91.4 Y124.432 E4080.06343
G1 X91.6 Y123.997 E4080.09527
G1 X91.6 Y123.839 E4080.10579
G1 X92.078 Y123.899 E4080.13783
G1 X92.452 Y124.018 E4080.16394
G1 X93.06 Y124.398 E4080.21163
G1 X93.345 Y124.683 E4080.23844
G1 X93.345 Y127.1 E4080.39922
G1 F1500 E4073.89922
G0 F7200 X90.678 Y134.612
G1 F1500 E4080.39922
G1 F3600 X90.678 Y130.9 E4080.64615
G1 X92.942 Y130.9 E4080.79675
G1 X92.998 Y131.2 E4080.81705
G1 X93.162 Y131.2 E4080.82796
G1 X92.664 Y132.407 E4080.91481
G1 X91.936 Y133.353 E4080.99422
G1 X89.03 Y136.26 E4081.26764
G1 X88.011 Y137.044 E4081.35317
G1 X88.011 Y130.496 E4081.78874
G1 X87.6 Y130.085 E4081.82741
G1 X87.6 Y125.561 E4082.12835
G1 X87.5 Y125.543 E4082.13511
G1 X87.5 Y125.496 E4082.13823
G1 X87.3 Y125.515 E4082.1516
G1 X87.3 Y125.368 E4082.16137
G1 X86.657 Y125.561 E4082.20603
G1 X85.826 Y126.008 E4082.2688
G1 X85.344 Y126.404 E4082.3103
G1 X85.344 Y137.593 E4083.05459
G1 X84.431 Y137.473 E4083.11585
G1 X83.268 Y136.993 E4083.19954
G1 X82.271 Y136.229 E4083.28309
G1 X81.507 Y135.232 E4083.36665
G1 X81.027 Y134.069 E4083.45034
G1 X80.863 Y132.828 E4083.53361
G1 X81.027 Y131.587 E4083.61688
G1 X81.507 Y130.423 E4083.70063
G1 X82.24 Y129.47 E4083.78061
G1 X82.677 Y129.033 E4083.82172
G1 X82.677 Y136.54 E4084.32109
G1 F1500 E4077.82109
G0 F7200 X202.692 Y127.007
G1 F1500 E4084.32109
G1 F3600 X202.692 Y125.753 E4084.40451
G1 X202.872 Y125.466 E4084.42704
G1 X204.034 Y124.304 E4084.53635
G1 X204.556 Y124.013 E4084.57611
G1 X205.131 Y123.775 E4084.61751
G1 X205.4 Y123.739 E4084.63556
G1 X205.4 Y123.917 E4084.6474
G1 X205.6 Y124.405 E4084.68248
G1 X205.6 Y127.1 E4084.86175
G1 X205.359 Y127.1 E4084.87779
G1 X205.359 Y123.744 E4085.10103
G1 F1500 E4078.60103
G0 F7200 X205.359 Y133.648
G1 F1500 E4085.10103
G1 F3600 X205.359 Y130.9 E4085.28383
G1 X204.053 Y130.9 E4085.3707
G1 X204.035 Y131 E4085.37746
G1 X204.005 Y131 E4085.37946
G1 X204.01 Y131.2 E4085.39276
G1 X203.838 Y131.2 E4085.4042
G1 X204.336 Y132.407 E4085.49106
G1 X205.064 Y133.353 E4085.57047
G1 X208.026 Y136.316 E4085.84916
G1 X208.026 Y130.9 E4086.20943
G1 X208.585 Y130.9 E4086.24662
G1 X209.4 Y130.085 E4086.32329
G1 X209.4 Y125.558 E4086.62443
G1 X209.7 Y125.502 E4086.64473
G1 X209.7 Y125.338 E4086.65564
G1 X210.693 Y125.748 E4086.7271
G1 X210.693 Y137.553 E4087.51237
G1 X211.328 Y137.637 E4087.55498
G1 X212.569 Y137.473 E4087.63825
G1 X213.36 Y137.147 E4087.69516
G1 X213.36 Y128.071 E4088.2989
G1 X214.76 Y129.47 E4088.43055
G1 X215.493 Y130.423 E4088.51053
G1 X215.973 Y131.587 E4088.59429
G1 X216.027 Y131.996 E4088.62173
G1 X216.027 Y133.661 E4088.73248
G1 F1500 E4082.23248
G0 F7200 X202.692 Y84.284
G1 F1500 E4088.73248
G1 F3600 X202.692 Y82.98 E4088.81923
G1 X202.878 Y82.9 E4088.8327
G1 X205.6 Y82.9 E4089.01376
G1 X205.6 Y85.624 E4089.19496
G1 X205.415 Y85.994 E4089.22248
G1 X205.41 Y86.164 E4089.2338
G1 X205.359 Y86.155 E4089.23724
G1 X205.359 Y82.9 E4089.45376
G1 F1500 E4082.95376
G0 F7200 X205.359 Y79.1
G1 F1500 E4089.45376
G1 F3600 X205.359 Y76.351 E4089.63663
G1 X205.064 Y76.647 E4089.66443
G1 X204.336 Y77.593 E4089.74383
G1 X203.838 Y78.8 E4089.83069
G1 X204.002 Y78.8 E4089.8416
G1 X204.058 Y79.1 E4089.8619
G1 X208.026 Y79.1 E4090.12585
G1 X208.026 Y73.696 E4090.48533
G1 X208.923 Y73.007 E4090.56056
G1 X210.087 Y72.527 E4090.64432
G1 X210.693 Y72.446 E4090.68499
G1 X210.693 Y84.253 E4091.47039
G1 X210.907 Y84.164 E4091.48581
G1 X211.853 Y83.436 E4091.56522
G1 X213.36 Y81.93 E4091.70694
G1 X213.36 Y72.854 E4092.31068
G1 X213.732 Y73.007 E4092.33743
G1 X214.729 Y73.771 E4092.42099
G1 X215.493 Y74.768 E4092.50454
G1 X215.973 Y75.931 E4092.58823
G1 X216.027 Y76.34 E4092.61568
G1 X216.027 Y78.005 E4092.72643
G1 F1500 E4086.22643
;MESH:manette_1-Body_(Meshed).stl
G0 F7200 X209.165 Y80.424
G0 X208.076 Y80.424
G0 X207.5 Y82
;TYPE:WALL-INNER
G1 F1500 E4092.72643
G1 F3600 X207.5 Y128 E4095.78637
G1 F3538.1 X207.493 Y128.174 E4095.79815
G0 F7200 X207.197 Y128.697
G1 F3654.8 X206.674 Y128.993 E4095.83753
G1 X207.514 Y129.014 E4095.89258
G1 F3664.1 X207.493 Y128.174 E4095.9475
G1 X207.197 Y128.697 E4095.98678
G0 F7200 X206.924 Y128.424
G1 F3600 X206.589 Y128.6 E4096.01195
G1 X90.5 Y128.6 E4103.73422
G1 X90.075 Y128.425 E4103.7648
G1 X89.9 Y128.089 E4103.79
G1 X89.9 Y82 E4106.85585
G1 X90.075 Y81.575 E4106.88642
G1 X90.411 Y81.4 E4106.91162
G1 X206.5 Y81.4 E4114.63389
G1 X206.924 Y81.576 E4114.66443
G1 X207.1 Y82 E4114.69497
G1 X207.1 Y128.089 E4117.76082
G1 X206.924 Y128.424 E4117.786
G0 F7200 X206.674 Y128.993
G1 F3529.4 X206.5 Y129 E4117.79781
G1 F3600 X90.5 Y129 E4125.51416
G0 F7200 X89.803 Y128.697
G1 F3654.8 X89.507 Y128.174 E4125.55354
G1 X89.486 Y129.014 E4125.60859
G1 F3730.6 X90.5 Y129 E4125.67369
G1 X89.803 Y128.697 E4125.72248
G0 F7200 X89.507 Y128.174
G1 F3529.4 X89.5 Y128 E4125.73429
G1 F3600 X89.5 Y82 E4128.79423
G0 F7200 X89.803 Y81.303
G1 F3654.8 X90.326 Y81.007 E4128.8336
G1 X89.486 Y80.986 E4128.88866
G1 F3730.6 X89.5 Y82 E4128.95376
G1 X89.803 Y81.303 E4129.00254
G0 F7200 X90.326 Y81.007
G1 F3529.4 X90.5 Y81 E4129.01436
G1 F3600 X206.5 Y81 E4136.73071
G0 F7200 X207.197 Y81.303
G1 F3730.6 X207.5 Y82 E4136.7795
G1 X207.514 Y80.986 E4136.84459
G1 X206.5 Y81 E4136.90969
G1 X207.197 Y81.303 E4136.95848
G0 F7200 X207.197 Y81.09
G0 X207.62 Y129.12
G0 X207.9 Y129.4
G1 F3600 X207.9 Y80.6 E4140.20467
G1 X89.101 Y80.601 E4148.10721
G1 X89.101 Y129.399 E4151.35326
G1 X207.9 Y129.4 E4159.2558
G0 F7200 X208.3 Y129.8
;TYPE:WALL-OUTER
G92 E0
G1 F1800 X208.3 Y80.2 E3.29941
G1 X88.701 Y80.201 E11.25516
G1 X88.701 Y129.799 E14.55444
G1 X208.3 Y129.8 E22.51019
G0 F7200 X208.3 Y129.6
G0 X207.62 Y129.12
G0 X207.41 Y128.035
G0 X206.698 Y128.035
G1 F1800 X206.642 Y128.142 E22.51823
G1 X206.535 Y128.198 E22.52626
G1 X90.5 Y128.2 E30.24494
G1 X90.358 Y128.142 E30.25514
G1 X90.302 Y128.035 E30.26318
G1 X90.3 Y82 E33.32544
G1 X90.358 Y81.858 E33.33564
G1 X90.465 Y81.802 E33.34367
G1 X206.5 Y81.8 E41.06235
G1 X206.642 Y81.858 E41.07256
G1 X206.7 Y82 E41.08276
G1 X206.698 Y128.035 E44.14502
G0 F7200 X206.642 Y128.142
G0 X206.573 Y128.178
G1 F1500 E37.64502
;MESH:NONMESH
G0 F600 X206.573 Y128.178 Z13.4
G0 F7200 X206.573 Y128.91
G0 X90.062 Y128.438
G0 X90.053 Y81.575
G0 X82.677 Y80.966
;TIME_ELAPSED:4347.082446
;LAYER:33
;TYPE:SUPPORT
G1 F1500 E44.14502
G1 F3600 X82.677 Y73.459 E44.64439
G1 X82.271 Y73.771 E44.67845
G1 X81.507 Y74.768 E44.762
G1 X81.027 Y75.931 E44.8457
G1 X80.863 Y77.172 E44.92897
G1 X81.027 Y78.413 E45.01224
G1 X81.507 Y79.577 E45.09599
G1 X82.24 Y80.53 E45.17597
G1 X85.134 Y83.423 E45.44817
G1 X85.344 Y83.595 E45.46623
G1 X85.344 Y72.406 E46.21052
G1 X85.672 Y72.363 E46.23253
G1 X86.913 Y72.527 E46.3158
G1 X88.011 Y72.98 E46.39481
G1 X88.011 Y79.504 E46.82879
G1 X88.415 Y79.1 E46.86679
G1 X92.947 Y79.1 E47.16826
G1 X92.965 Y79 E47.17502
G1 X92.995 Y79 E47.17702
G1 X92.99 Y78.8 E47.19032
G1 X93.162 Y78.8 E47.20177
G1 X92.664 Y77.593 E47.28862
G1 X91.936 Y76.647 E47.36803
G1 X90.678 Y75.389 E47.48637
G1 X90.678 Y79.1 E47.73323
G1 F1500 E41.23323
G0 F7200 X93.345 Y85.316
G1 F1500 E47.73323
G1 F3600 X93.046 Y85.614 E47.76131
G1 X92.684 Y85.888 E47.79151
G1 X91.869 Y86.225 E47.85018
G1 X91.6 Y86.261 E47.86823
G1 X91.6 Y86.086 E47.87987
G1 X91.4 Y85.61 E47.91422
G1 X91.4 Y82.9 E48.09449
G1 X93.345 Y82.9 E48.22387
G1 X94.067 Y82.9 E48.27189
G1 X94.506 Y83.084 E48.30356
G1 X94.67 Y83.091 E48.31448
G1 X94.59 Y83.629 E48.35066
G1 X94.462 Y84.006 E48.37714
G1 X94.102 Y84.559 E48.42104
G1 X93.345 Y85.316 E48.49225
G1 X93.345 Y82.9 E48.65296
G1 F1500 E42.15296
G0 F7200 X93.345 Y124.683
G1 F1500 E48.65296
G1 F3600 X94.094 Y125.432 E48.72343
G1 X94.388 Y125.814 E48.75549
G1 X94.725 Y126.631 E48.81428
G1 X94.761 Y126.9 E48.83233
G1 X94.585 Y126.9 E48.84404
G1 X94.082 Y127.1 E48.88005
G1 X93.345 Y127.1 E48.92907
G1 X91.4 Y127.1 E49.05846
G1 X91.4 Y124.477 E49.23294
G1 X91.6 Y123.994 E49.26771
G1 X91.6 Y123.839 E49.27802
G1 X92.078 Y123.899 E49.31007
G1 X92.452 Y124.018 E49.33618
G1 X93.06 Y124.398 E49.38387
G1 X93.345 Y124.683 E49.41068
G1 X93.345 Y127.1 E49.57146
G1 F1500 E43.07146
G0 F7200 X90.678 Y134.612
G1 F1500 E49.57146
G1 F3600 X90.678 Y130.9 E49.81838
G1 X92.942 Y130.9 E49.96899
G1 X92.998 Y131.2 E49.98929
G1 X93.162 Y131.2 E50.0002
G1 X92.664 Y132.407 E50.08705
G1 X91.936 Y133.353 E50.16646
G1 X89.03 Y136.26 E50.43988
G1 X88.011 Y137.044 E50.52541
G1 X88.011 Y130.496 E50.96098
G1 X87.6 Y130.085 E50.99965
G1 X87.6 Y125.561 E51.30058
G1 X87.5 Y125.543 E51.30734
G1 X87.5 Y125.496 E51.31047
G1 X87.3 Y125.515 E51.32383
G1 X87.3 Y125.368 E51.33361
G1 X86.657 Y125.561 E51.37827
G1 X85.826 Y126.008 E51.44104
G1 X85.344 Y126.404 E51.48253
G1 X85.344 Y137.593 E52.22683
G1 X84.431 Y137.473 E52.28809
G1 X83.268 Y136.993 E52.37178
G1 X82.271 Y136.229 E52.45533
G1 X81.507 Y135.232 E52.53889
G1 X81.027 Y134.069 E52.62258
G1 X80.863 Y132.828 E52.70585
G1 X81.027 Y131.587 E52.78912
G1 X81.507 Y130.423 E52.87287
G1 X82.24 Y129.47 E52.95285
G1 X82.677 Y129.033 E52.99396
G1 X82.677 Y136.54 E53.49333
G1 F1500 E46.99333
G0 F7200 X202.692 Y126.997
G1 F1500 E53.49333
G1 F3600 X202.692 Y125.753 E53.57608
G1 X202.872 Y125.466 E53.59861
G1 X204.034 Y124.304 E53.70793
G1 X204.556 Y124.013 E53.74768
G1 X205.131 Y123.775 E53.78908
G1 X205.4 Y123.739 E53.80713
G1 X205.4 Y123.917 E53.81897
G1 X205.6 Y124.406 E53.85412
G1 X205.6 Y127.1 E54.03332
G1 X205.359 Y127.1 E54.04935
G1 X205.359 Y123.744 E54.2726
G1 F1500 E47.7726
G0 F7200 X205.359 Y133.648
G1 F1500 E54.2726
G1 F3600 X205.359 Y130.9 E54.45539
G1 X204.053 Y130.9 E54.54227
G1 X204.035 Y131 E54.54903
G1 X204.005 Y131 E54.55102
G1 X204.01 Y131.2 E54.56433
G1 X203.838 Y131.2 E54.57577
G1 X204.336 Y132.407 E54.66263
G1 X205.064 Y133.353 E54.74203
G1 X208.026 Y136.316 E55.02073
G1 X208.026 Y130.9 E55.381
G1 X208.585 Y130.9 E55.41819
G1 X209.4 Y130.085 E55.49486
G1 X209.4 Y125.558 E55.79599
G1 X209.7 Y125.502 E55.81629
G1 X209.7 Y125.338 E55.8272
G1 X210.693 Y125.748 E55.89867
G1 X210.693 Y137.553 E56.68394
G1 X211.328 Y137.637 E56.72655
G1 X212.569 Y137.473 E56.80982
G1 X213.36 Y137.147 E56.86673
G1 X213.36 Y128.071 E57.47047
G1 X214.76 Y129.47 E57.60212
G1 X215.493 Y130.423 E57.6821
G1 X215.973 Y131.587 E57.76585
G1 X216.027 Y131.996 E57.7933
G1 X216.027 Y133.661 E57.90405
G1 F1500 E51.40405
G0 F7200 X202.692 Y84.284
G1 F1500 E57.90405
G1 F3600 X202.692 Y82.988 E57.99026
G1 X202.914 Y82.9 E58.00615
G1 X205.6 Y82.9 E58.18482
G1 X205.6 Y85.623 E58.36596
G1 X205.415 Y85.992 E58.39341
G1 X205.41 Y86.164 E58.40486
G1 X205.359 Y86.155 E58.40831
G1 X205.359 Y82.9 E58.62483
G1 F1500 E52.12483
G0 F7200 X205.359 Y79.1
G1 F1500 E58.62483
G1 F3600 X205.359 Y76.351 E58.80769
G1 X205.064 Y76.647 E58.83549
G1 X204.336 Y77.593 E58.9149
G1 X203.838 Y78.8 E59.00175
G1 X204.002 Y78.8 E59.01266
G1 X204.058 Y79.1 E59.03296
G1 X208.026 Y79.1 E59.29691
G1 X208.026 Y73.696 E59.65639
G1 X208.923 Y73.007 E59.73163
G1 X210.087 Y72.527 E59.81538
G1 X210.693 Y72.446 E59.85605
G1 X210.693 Y84.253 E60.64146
G1 X210.907 Y84.164 E60.65688
G1 X211.853 Y83.436 E60.73628
G1 X213.36 Y81.93 E60.878
G1 X213.36 Y72.854 E61.48174
G1 X213.732 Y73.007 E61.5085
G1 X214.729 Y73.771 E61.59205
G1 X215.493 Y74.768 E61.67561
G1 X215.973 Y75.931 E61.7593
G1 X216.027 Y76.34 E61.78674
G1 X216.027 Y78.005 E61.8975
G1 F1500 E55.3975
;MESH:manette_1-Body_(Meshed).stl
G0 F7200 X209.165 Y80.424
G0 X208.076 Y80.424
G0 X207.5 Y82
;TYPE:WALL-INNER
G1 F1500 E61.8975
G1 F3600 X207.5 Y128 E64.95743
G1 F3538.1 X207.493 Y128.174 E64.96922
G0 F7200 X207.197 Y128.697
G1 F3654.8 X206.674 Y128.993 E65.00859
G1 X207.514 Y129.014 E65.06365
G1 F3664.1 X207.493 Y128.174 E65.11857
G1 X207.197 Y128.697 E65.15784
G0 F7200 X206.924 Y128.424
G1 F3600 X206.589 Y128.6 E65.18301
G1 X90.5 Y128.6 E72.90529
G1 X90.075 Y128.425 E72.93586
G1 X89.9 Y128.089 E72.96106
G1 X89.9 Y82 E76.02691
G1 X90.075 Y81.575 E76.05749
G1 X90.411 Y81.4 E76.08269
G1 X206.5 Y81.4 E83.80496
G1 X206.924 Y81.576 E83.8355
G1 X207.1 Y82 E83.86604
G1 X207.1 Y128.089 E86.93189
G1 X206.924 Y128.424 E86.95706
G0 F7200 X206.674 Y128.993
G1 F3529.4 X206.5 Y129 E86.96888
G1 F3600 X90.5 Y129 E94.68523
G0 F7200 X89.803 Y128.697
G1 F3654.8 X89.507 Y128.174 E94.7246
G1 X89.486 Y129.014 E94.77966
G1 F3730.6 X90.5 Y129 E94.84476
G1 X89.803 Y128.697 E94.89354
G0 F7200 X89.507 Y128.174
G1 F3529.4 X89.5 Y128 E94.90536
G1 F3600 X89.5 Y82 E97.96529
G0 F7200 X89.803 Y81.303
G1 F3654.8 X90.326 Y81.007 E98.00467
G1 X89.486 Y80.986 E98.05972
G1 F3730.6 X89.5 Y82 E98.12482
G1 X89.803 Y81.303 E98.17361
G0 F7200 X90.326 Y81.007
G1 F3529.4 X90.5 Y81 E98.18542
G1 F3600 X206.5 Y81 E105.90177
G0 F7200 X207.197 Y81.303
G1 F3730.6 X207.5 Y82 E105.95056
G1 X207.514 Y80.986 E106.01566
G1 X206.5 Y81 E106.08075
G1 X207.197 Y81.303 E106.12954
G0 F7200 X207.197 Y81.09
G0 X207.62 Y129.12
G0 X207.9 Y129.4
G1 F3600 X207.9 Y80.6 E109.37573
G1 X89.101 Y80.601 E117.27827
G1 X89.101 Y129.399 E120.52433
G1 X207.9 Y129.4 E128.42687
G0 F7200 X208.3 Y129.8
;TYPE:WALL-OUTER
G1 F1800 X208.3 Y80.2 E131.72628
G1 X88.701 Y80.201 E139.68203
G1 X88.701 Y129.799 E142.98131
G1 X208.3 Y129.8 E150.93706
G0 F7200 X208.3 Y129.6
G0 X207.62 Y129.12
G0 X207.41 Y128.035
G0 X206.698 Y128.035
G1 F1800 X206.642 Y128.142 E150.9451
G1 X206.535 Y128.198 E150.95313
G1 X90.5 Y128.2 E158.67181
G1 X90.358 Y128.142 E158.68201
G1 X90.302 Y128.035 E158.69005
G1 X90.3 Y82 E161.75231
G1 X90.358 Y81.858 E161.76251
G1 X90.465 Y81.802 E161.77054
G1 X206.5 Y81.8 E169.48922
G1 X206.642 Y81.858 E169.49943
G1 X206.7 Y82 E169.50963
G1 X206.698 Y128.035 E172.57189
G0 F7200 X206.642 Y128.142
G0 X206.573 Y128.178
G1 F1500 E166.07189
;MESH:NONMESH
G0 F600 X206.573 Y128.178 Z13.8
G0 F7200 X206.573 Y128.91
G0 X90.062 Y128.438
G0 X90.053 Y81.575
G0 X82.677 Y80.966
;TIME_ELAPSED:4400.482452
;LAYER:34
;TYPE:SUPPORT
G1 F1500 E172.57189
G1 F3600 X82.677 Y73.459 E173.07126
G1 X82.271 Y73.771 E173.10532
G1 X81.507 Y74.768 E173.18887
G1 X81.027 Y75.931 E173.27257
G1 X80.863 Y77.172 E173.35584
G1 X81.027 Y78.413 E173.43911
G1 X81.507 Y79.577 E173.52286
G1 X82.24 Y80.53 E173.60284
G1 X85.134 Y83.423 E173.87504
G1 X85.344 Y83.595 E173.8931
G1 X85.344 Y72.406 E174.63739
G1 X85.672 Y72.363 E174.6594
G1 X86.913 Y72.527 E174.74267
G1 X88.011 Y72.98 E174.82168
G1 X88.011 Y79.504 E175.25566
G1 X88.415 Y79.1 E175.29366
G1 X92.947 Y79.1 E175.59513
G1 X92.965 Y79 E175.60189
G1 X92.995 Y79 E175.60389
G1 X92.99 Y78.8 E175.61719
G1 X93.162 Y78.8 E175.62864
G1 X92.664 Y77.593 E175.71549
G1 X91.936 Y76.647 E175.7949
G1 X90.678 Y75.389 E175.91324
G1 X90.678 Y79.1 E176.1601
G1 F1500 E169.6601
G0 F7200 X93.345 Y85.316
G1 F1500 E176.1601
G1 F3600 X93.046 Y85.614 E176.18818
G1 X92.684 Y85.888 E176.21838
G1 X91.869 Y86.225 E176.27705
G1 X91.6 Y86.261 E176.2951
G1 X91.6 Y86.08 E176.30714
G1 X91.4 Y85.609 E176.34118
G1 X91.4 Y82.9 E176.52138
G1 X93.345 Y82.9 E176.65076
G1 X94.063 Y82.9 E176.69852
G1 X94.495 Y83.083 E176.72973
G1 X94.67 Y83.091 E176.74139
G1 X94.59 Y83.628 E176.7775
G1 X94.462 Y84.006 E176.80405
G1 X94.102 Y84.559 E176.84794
G1 X93.345 Y85.316 E176.91916
G1 X93.345 Y82.9 E177.07987
G1 F1500 E170.57987
G0 F7200 X93.345 Y124.683
G1 F1500 E177.07987
G1 F3600 X94.094 Y125.432 E177.15033
G1 X94.388 Y125.814 E177.1824
G1 X94.725 Y126.631 E177.24119
G1 X94.761 Y126.9 E177.25924
G1 X94.582 Y126.9 E177.27115
G1 X94.082 Y127.1 E177.30697
G1 X93.345 Y127.1 E177.35599
G1 X91.4 Y127.1 E177.48538
G1 X91.4 Y124.476 E177.65993
G1 X91.6 Y124.007 E177.69384
G1 X91.6 Y123.839 E177.70502
G1 X92.078 Y123.899 E177.73706
G1 X92.452 Y124.018 E177.76317
G1 X93.06 Y124.398 E177.81086
G1 X93.345 Y124.683 E177.83768
G1 X93.345 Y127.1 E177.99845
G1 F1500 E171.49845
G0 F7200 X90.678 Y134.612
G1 F1500 E177.99845
G1 F3600 X90.678 Y130.9 E178.24538
G1 X92.942 Y130.9 E178.39598
G1 X92.998 Y131.2 E178.41628
G1 X93.162 Y131.2 E178.42719
G1 X92.664 Y132.407 E178.51405
G1 X91.936 Y133.353 E178.59345
G1 X89.03 Y136.26 E178.86688
G1 X88.011 Y137.044 E178.9524
G1 X88.011 Y130.496 E179.38798
G1 X87.6 Y130.085 E179.42664
G1 X87.6 Y125.561 E179.72758
G1 X87.5 Y125.543 E179.73434
G1 X87.5 Y125.496 E179.73746
G1 X87.3 Y125.515 E179.75083
G1 X87.3 Y125.368 E179.76061
G1 X86.657 Y125.561 E179.80526
G1 X85.826 Y126.008 E179.86803
G1 X85.344 Y126.404 E179.90953
G1 X85.344 Y137.593 E180.65382
G1 X84.431 Y137.473 E180.71508
G1 X83.268 Y136.993 E180.79877
G1 X82.271 Y136.229 E180.88233
G1 X81.507 Y135.232 E180.96588
G1 X81.027 Y134.069 E181.04957
G1 X80.863 Y132.828 E181.13284
G1 X81.027 Y131.587 E181.21611
G1 X81.507 Y130.423 E181.29987
G1 X82.24 Y129.47 E181.37984
G1 X82.677 Y129.033 E181.42095
G1 X82.677 Y136.54 E181.92032
G1 F1500 E175.42032
G0 F7200 X202.692 Y126.993
G1 F1500 E181.92032
G1 F3600 X202.692 Y125.753 E182.00281
G1 X202.872 Y125.466 E182.02534
G1 X204.034 Y124.304 E182.13465
G1 X204.556 Y124.013 E182.17441
G1 X205.131 Y123.775 E182.21581
G1 X205.4 Y123.739 E182.23386
G1 X205.4 Y123.919 E182.24583
G1 X205.6 Y124.406 E182.28085
G1 X205.6 Y127.1 E182.46006
G1 X205.359 Y127.1 E182.47609
G1 X205.359 Y123.744 E182.69933
G1 F1500 E176.19933
G0 F7200 X205.359 Y133.648
G1 F1500 E182.69933
G1 F3600 X205.359 Y130.9 E182.88213
G1 X204.053 Y130.9 E182.96901
G1 X204.035 Y131 E182.97576
G1 X204.005 Y131 E182.97776
G1 X204.01 Y131.2 E182.99107
G1 X203.838 Y131.2 E183.00251
G1 X204.336 Y132.407 E183.08937
G1 X205.064 Y133.353 E183.16877
G1 X208.026 Y136.316 E183.44746
G1 X208.026 Y130.9 E183.80774
G1 X208.585 Y130.9 E183.84492
G1 X209.4 Y130.085 E183.92159
G1 X209.4 Y125.558 E184.22273
G1 X209.7 Y125.502 E184.24303
G1 X209.7 Y125.338 E184.25394
G1 X210.693 Y125.748 E184.3254
G1 X210.693 Y137.553 E185.11068
G1 X211.328 Y137.637 E185.15328
G1 X212.569 Y137.473 E185.23655
G1 X213.36 Y137.147 E185.29346
G1 X213.36 Y128.071 E185.8972
G1 X214.76 Y129.47 E186.02886
G1 X215.493 Y130.423 E186.10884
G1 X215.973 Y131.587 E186.19259
G1 X216.027 Y131.996 E186.22003
G1 X216.027 Y133.661 E186.33079
G1 F1500 E179.83079
G0 F7200 X202.692 Y84.284
G1 F1500 E186.33079
G1 F3600 X202.692 Y82.988 E186.417
G1 X202.915 Y82.9 E186.43295
G1 X205.6 Y82.9 E186.61155
G1 X205.6 Y85.569 E186.7891
G1 X205.415 Y85.991 E186.81975
G1 X205.409 Y86.164 E186.83126
G1 X205.359 Y86.156 E186.83463
G1 X205.359 Y82.9 E187.05122
G1 F1500 E180.55122
G0 F7200 X205.359 Y79.1
G1 F1500 E187.05122
G1 F3600 X205.359 Y76.351 E187.23408
G1 X205.064 Y76.647 E187.26188
G1 X204.336 Y77.593 E187.34129
G1 X203.838 Y78.8 E187.42814
G1 X204.002 Y78.8 E187.43905
G1 X204.058 Y79.1 E187.45935
G1 X208.026 Y79.1 E187.72331
G1 X208.026 Y73.696 E188.08278
G1 X208.923 Y73.007 E188.15802
G1 X210.087 Y72.527 E188.24178
G1 X210.693 Y72.446 E188.28245
G1 X210.693 Y84.253 E189.06785
G1 X210.907 Y84.164 E189.08327
G1 X211.853 Y83.436 E189.16267
G1 X213.36 Y81.93 E189.30439
G1 X213.36 Y72.854 E189.90813
G1 X213.732 Y73.007 E189.93489
G1 X214.729 Y73.771 E190.01844
G1 X215.493 Y74.768 E190.102
G1 X215.973 Y75.931 E190.18569
G1 X216.027 Y76.34 E190.21313
G1 X216.027 Y78.005 E190.32389
G1 F1500 E183.82389
;MESH:manette_1-Body_(Meshed).stl
G0 F7200 X209.165 Y80.424
G0 X208.076 Y80.424
G0 X207.5 Y82
;TYPE:WALL-INNER
G1 F1500 E190.32389
G1 F3600 X207.5 Y128 E193.38382
G1 F3538.1 X207.493 Y128.174 E193.39561
G0 F7200 X207.197 Y128.697
G1 F3654.8 X206.674 Y128.993 E193.43498
G1 X207.514 Y129.014 E193.49004
G1 F3664.1 X207.493 Y128.174 E193.54496
G1 X207.197 Y128.697 E193.58423
G0 F7200 X206.924 Y128.424
G1 F3600 X206.589 Y128.6 E193.60941
G1 X90.5 Y128.6 E201.33168
G1 X90.075 Y128.425 E201.36225
G1 X89.9 Y128.089 E201.38745
G1 X89.9 Y82 E204.4533
G1 X90.075 Y81.575 E204.48388
G1 X90.411 Y81.4 E204.50908
G1 X206.5 Y81.4 E212.23135
G1 X206.924 Y81.576 E212.26189
G1 X207.1 Y82 E212.29243
G1 X207.1 Y128.089 E215.35828
G1 X206.924 Y128.424 E215.38345
G0 F7200 X206.674 Y128.993
G1 F3529.4 X206.5 Y129 E215.39527
G1 F3600 X90.5 Y129 E223.11162
G0 F7200 X89.803 Y128.697
G1 F3654.8 X89.507 Y128.174 E223.15099
G1 X89.486 Y129.014 E223.20605
G1 F3730.6 X90.5 Y129 E223.27115
G1 X89.803 Y128.697 E223.31993
G0 F7200 X89.507 Y128.174
G1 F3529.4 X89.5 Y128 E223.33175
G1 F3600 X89.5 Y82 E226.39168
G0 F7200 X89.803 Y81.303
G1 F3654.8 X90.326 Y81.007 E226.43106
G1 X89.486 Y80.986 E226.48611
G1 F3730.6 X89.5 Y82 E226.55121
G1 X89.803 Y81.303 E226.6
G0 F7200 X90.326 Y81.007
G1 F3529.4 X90.5 Y81 E226.61181
G1 F3600 X206.5 Y81 E234.32817
G0 F7200 X207.197 Y81.303
G1 F3730.6 X207.5 Y82 E234.37695
G1 X207.514 Y80.986 E234.44205
G1 X206.5 Y81 E234.50715
G1 X207.197 Y81.303 E234.55593
G0 F7200 X207.197 Y81.09
G0 X207.62 Y129.12
G0 X207.9 Y129.4
G1 F3600 X207.9 Y80.6 E237.80212
G1 X89.101 Y80.601 E245.70466
G1 X89.101 Y129.399 E248.95072
G1 X207.9 Y129.4 E256.85326
G0 F7200 X208.3 Y129.8
;TYPE:WALL-OUTER
G1 F1800 X208.3 Y80.2 E260.15267
G1 X88.701 Y80.201 E268.10842
G1 X88.701 Y129.799 E271.4077
G1 X208.3 Y129.8 E279.36345
G0 F7200 X208.3 Y129.6
G0 X207.62 Y129.12
G0 X207.41 Y128.035
G0 X206.698 Y128.035
G1 F1800 X206.642 Y128.142 E279.37149
G1 X206.535 Y128.198 E279.37952
G1 X90.5 Y128.2 E287.0982
G1 X90.358 Y128.142 E287.1084
G1 X90.302 Y128.035 E287.11644
G1 X90.3 Y82 E290.1787
G1 X90.358 Y81.858 E290.1889
G1 X90.465 Y81.802 E290.19694
G1 X206.5 Y81.8 E297.91562
G1 X206.642 Y81.858 E297.92582
G1 X206.7 Y82 E297.93602
G1 X206.698 Y128.035 E300.99828
G0 F7200 X206.642 Y128.142
G0 X206.573 Y128.178
G1 F1500 E294.49828
;MESH:NONMESH
G0 F600 X206.573 Y128.178 Z14.2
G0 F7200 X206.573 Y128.91
G0 X90.062 Y128.438
G0 X90.053 Y81.575
G0 X82.677 Y80.966
;TIME_ELAPSED:4453.881911
;LAYER:35
;TYPE:SUPPORT
G1 F1500 E300.99828
G1 F3600 X82.677 Y73.459 E301.49765
G1 X82.271 Y73.771 E301.53171
G1 X81.507 Y74.768 E301.61526
G1 X81.027 Y75.931 E301.69896
G1 X80.863 Y77.172 E301.78223
G1 X81.027 Y78.413 E301.8655
G1 X81.507 Y79.577 E301.94925
G1 X82.24 Y80.53 E302.02923
G1 X85.134 Y83.423 E302.30143
G1 X85.344 Y83.595 E302.31949
G1 X85.344 Y72.406 E303.06378
G1 X85.672 Y72.363 E303.08579
G1 X86.913 Y72.527 E303.16906
G1 X88.011 Y72.98 E303.24807
G1 X88.011 Y79.504 E303.68205
G1 X88.415 Y79.1 E303.72005
G1 X92.947 Y79.1 E304.02152
G1 X92.965 Y79 E304.02828
G1 X92.995 Y79 E304.03028
G1 X92.99 Y78.8 E304.04359
G1 X93.162 Y78.8 E304.05503
G1 X92.664 Y77.593 E304.14188
G1 X91.936 Y76.647 E304.22129
G1 X90.678 Y75.389 E304.33963
G1 X90.678 Y79.1 E304.58649
G1 F1500 E298.08649
G0 F7200 X93.345 Y85.316
G1 F1500 E304.58649
G1 F3600 X93.046 Y85.614 E304.61457
G1 X92.684 Y85.888 E304.64477
G1 X91.869 Y86.225 E304.70344
G1 X91.6 Y86.261 E304.72149
G1 X91.6 Y86.084 E304.73326
G1 X91.4 Y85.534 E304.77219
G1 X91.4 Y82.9 E304.94741
G1 X93.345 Y82.9 E305.07679
G1 X94.059 Y82.9 E305.12429
G1 X94.486 Y83.084 E305.15521
G1 X94.67 Y83.093 E305.16747
G1 X94.59 Y83.628 E305.20345
G1 X94.462 Y84.006 E305.23
G1 X94.102 Y84.559 E305.27389
G1 X93.345 Y85.316 E305.34511
G1 X93.345 Y82.9 E305.50582
G1 F1500 E299.00582
G0 F7200 X93.345 Y124.683
G1 F1500 E305.50582
G1 F3600 X94.094 Y125.432 E305.57628
G1 X94.388 Y125.814 E305.60835
G1 X94.725 Y126.631 E305.66714
G1 X94.761 Y126.9 E305.68519
G1 X94.579 Y126.9 E305.6973
G1 X94.079 Y127.1 E305.73312
G1 X93.345 Y127.1 E305.78195
G1 X91.4 Y127.1 E305.91133
G1 X91.4 Y124.514 E306.08335
G1 X91.6 Y124.01 E306.11942
G1 X91.6 Y123.839 E306.13079
G1 X92.078 Y123.899 E306.16284
G1 X92.452 Y124.018 E306.18895
G1 X93.06 Y124.398 E306.23664
G1 X93.345 Y124.683 E306.26345
G1 X93.345 Y127.1 E306.42423
G1 F1500 E299.92423
G0 F7200 X90.678 Y134.612
G1 F1500 E306.42423
G1 F3600 X90.678 Y130.9 E306.67115
G1 X92.942 Y130.9 E306.82176
G1 X92.998 Y131.2 E306.84206
G1 X93.162 Y131.2 E306.85297
G1 X92.664 Y132.407 E306.93982
G1 X91.936 Y133.353 E307.01923
G1 X89.03 Y136.26 E307.29265
G1 X88.011 Y137.044 E307.37818
G1 X88.011 Y130.496 E307.81375
G1 X87.6 Y130.085 E307.85242
G1 X87.6 Y125.561 E308.15335
G1 X87.5 Y125.543 E308.16011
G1 X87.5 Y125.496 E308.16324
G1 X87.3 Y125.515 E308.1766
G1 X87.3 Y125.368 E308.18638
G1 X86.657 Y125.561 E308.23104
G1 X85.826 Y126.008 E308.29381
G1 X85.344 Y126.404 E308.3353
G1 X85.344 Y137.593 E309.0796
G1 X84.431 Y137.473 E309.14085
G1 X83.268 Y136.993 E309.22455
G1 X82.271 Y136.229 E309.3081
G1 X81.507 Y135.232 E309.39166
G1 X81.027 Y134.069 E309.47535
G1 X80.863 Y132.828 E309.55862
G1 X81.027 Y131.587 E309.64189
G1 X81.507 Y130.423 E309.72564
G1 X82.24 Y129.47 E309.80562
G1 X82.677 Y129.033 E309.84673
G1 X82.677 Y136.54 E310.3461
G1 F1500 E303.8461
G0 F7200 X202.692 Y126.987
G1 F1500 E310.3461
G1 F3600 X202.692 Y125.753 E310.42818
G1 X202.872 Y125.466 E310.45072
G1 X204.034 Y124.304 E310.56003
G1 X204.556 Y124.013 E310.59979
G1 X205.131 Y123.775 E310.64118
G1 X205.4 Y123.739 E310.65924
G1 X205.4 Y123.916 E310.67101
G1 X205.6 Y124.485 E310.71113
G1 X205.6 Y127.1 E310.88508
G1 X205.359 Y127.1 E310.90111
G1 X205.359 Y123.744 E311.12435
G1 F1500 E304.62435
G0 F7200 X205.359 Y133.648
G1 F1500 E311.12435
G1 F3600 X205.359 Y130.9 E311.30715
G1 X204.053 Y130.9 E311.39403
G1 X204.035 Y131 E311.40079
G1 X204.005 Y131 E311.40278
G1 X204.01 Y131.2 E311.41609
G1 X203.838 Y131.2 E311.42753
G1 X204.336 Y132.407 E311.51439
G1 X205.064 Y133.353 E311.59379
G1 X208.026 Y136.316 E311.87249
G1 X208.026 Y130.9 E312.23276
G1 X208.585 Y130.9 E312.26994
G1 X209.4 Y130.085 E312.34661
G1 X209.4 Y125.558 E312.64775
G1 X209.7 Y125.502 E312.66805
G1 X209.7 Y125.338 E312.67896
G1 X210.693 Y125.748 E312.75043
G1 X210.693 Y137.553 E313.5357
G1 X211.328 Y137.637 E313.57831
G1 X212.569 Y137.473 E313.66158
G1 X213.36 Y137.147 E313.71849
G1 X213.36 Y128.071 E314.32222
G1 X214.76 Y129.47 E314.45388
G1 X215.493 Y130.423 E314.53386
G1 X215.973 Y131.587 E314.61761
G1 X216.027 Y131.996 E314.64505
G1 X216.027 Y133.661 E314.75581
G1 F1500 E308.25581
G0 F7200 X202.692 Y84.284
G1 F1500 E314.75581
G1 F3600 X202.692 Y82.989 E314.84195
G1 X202.917 Y82.9 E314.85805
G1 X205.6 Y82.9 E315.03652
G1 X205.6 Y85.566 E315.21387
G1 X205.416 Y85.974 E315.24364
G1 X205.408 Y86.163 E315.25622
G1 X205.359 Y86.155 E315.25953
G1 X205.359 Y82.9 E315.47605
G1 F1500 E308.97605
G0 F7200 X205.359 Y79.1
G1 F1500 E315.47605
G1 F3600 X205.359 Y76.351 E315.65891
G1 X205.064 Y76.647 E315.68671
G1 X204.336 Y77.593 E315.76612
G1 X203.838 Y78.8 E315.85297
G1 X204.002 Y78.8 E315.86388
G1 X204.058 Y79.1 E315.88418
G1 X208.026 Y79.1 E316.14814
G1 X208.026 Y73.696 E316.50761
G1 X208.923 Y73.007 E316.58285
G1 X210.087 Y72.527 E316.6666
G1 X210.693 Y72.446 E316.70727
G1 X210.693 Y84.253 E317.49268
G1 X210.907 Y84.164 E317.5081
G1 X211.853 Y83.436 E317.5875
G1 X213.36 Y81.93 E317.72922
G1 X213.36 Y72.854 E318.33296
G1 X213.732 Y73.007 E318.35972
G1 X214.729 Y73.771 E318.44327
G1 X215.493 Y74.768 E318.52683
G1 X215.973 Y75.931 E318.61052
G1 X216.027 Y76.34 E318.63796
G1 X216.027 Y78.005 E318.74872
G1 F1500 E312.24872
;MESH:manette_1-Body_(Meshed).stl
G0 F7200 X209.165 Y80.424
G0 X208.076 Y80.424
G0 X207.5 Y82
;TYPE:WALL-INNER
G1 F1500 E318.74872
G1 F3600 X207.5 Y128 E321.80865
G1 F3538.1 X207.493 Y128.174 E321.82044
G0 F7200 X207.197 Y128.697
G1 F3654.8 X206.674 Y128.993 E321.85981
G1 X207.514 Y129.014 E321.91487
G1 F3664.1 X207.493 Y128.174 E321.96979
G1 X207.197 Y128.697 E322.00906
G0 F7200 X206.924 Y128.424
G1 F3600 X206.589 Y128.6 E322.03423
G1 X90.5 Y128.6 E329.75651
G1 X90.075 Y128.425 E329.78708
G1 X89.9 Y128.089 E329.81228
G1 X89.9 Y82 E332.87813
G1 X90.075 Y81.575 E332.90871
G1 X90.411 Y81.4 E332.93391
G1 X206.5 Y81.4 E340.65618
G1 X206.924 Y81.576 E340.68672
G1 X207.1 Y82 E340.71726
G1 X207.1 Y128.089 E343.78311
G1 X206.924 Y128.424 E343.80828
G0 F7200 X206.674 Y128.993
G1 F3529.4 X206.5 Y129 E343.8201
G1 F3600 X90.5 Y129 E351.53645
G0 F7200 X89.803 Y128.697
G1 F3654.8 X89.507 Y128.174 E351.57582
G1 X89.486 Y129.014 E351.63088
G1 F3730.6 X90.5 Y129 E351.69598
G1 X89.803 Y128.697 E351.74476
G0 F7200 X89.507 Y128.174
G1 F3529.4 X89.5 Y128 E351.75658
G1 F3600 X89.5 Y82 E354.81651
G0 F7200 X89.803 Y81.303
G1 F3654.8 X90.326 Y81.007 E354.85589
G1 X89.486 Y80.986 E354.91094
G1 F3730.6 X89.5 Y82 E354.97604
G1 X89.803 Y81.303 E355.02483
G0 F7200 X90.326 Y81.007
G1 F3529.4 X90.5 Y81 E355.03664
G1 F3600 X206.5 Y81 E362.75299
G0 F7200 X207.197 Y81.303
G1 F3730.6 X207.5 Y82 E362.80178
G1 X207.514 Y80.986 E362.86688
G1 X206.5 Y81 E362.93197
G1 X207.197 Y81.303 E362.98076
G0 F7200 X207.197 Y81.09
G0 X207.62 Y129.12
G0 X207.9 Y129.4
G1 F3600 X207.9 Y80.6 E366.22695
G1 X89.101 Y80.601 E374.12949
G1 X89.101 Y129.399 E377.37555
G1 X207.9 Y129.4 E385.27809
G0 F7200 X208.3 Y129.8
;TYPE:WALL-OUTER
G1 F1800 X208.3 Y80.2 E388.5775
G1 X88.701 Y80.201 E396.53325
G1 X88.701 Y129.799 E399.83253
G1 X208.3 Y129.8 E407.78828
G0 F7200 X208.3 Y129.6
G0 X207.62 Y129.12
G0 X207.41 Y128.035
G0 X206.698 Y128.035
G1 F1800 X206.642 Y128.142 E407.79632
G1 X206.535 Y128.198 E407.80435
G1 X90.5 Y128.2 E415.52303
G1 X90.358 Y128.142 E415.53323
G1 X90.302 Y128.035 E415.54127
G1 X90.3 Y82 E418.60353
G1 X90.358 Y81.858 E418.61373
G1 X90.465 Y81.802 E418.62176
G1 X206.5 Y81.8 E426.34044
G1 X206.642 Y81.858 E426.35065
G1 X206.7 Y82 E426.36085
G1 X206.698 Y128.035 E429.42311
G0 F7200 X206.642 Y128.142
G0 X206.573 Y128.178
G1 F1500 E422.92311
;MESH:NONMESH
G0 F600 X206.573 Y128.178 Z14.6
G0 F7200 X206.573 Y128.91
G0 X90.062 Y128.438
G0 X90.053 Y81.575
G0 X82.677 Y80.966
;TIME_ELAPSED:4507.280205
;LAYER:36
;TYPE:SUPPORT
G1 F1500 E429.42311
G1 F3600 X82.677 Y73.459 E429.92248
G1 X82.271 Y73.771 E429.95654
G1 X81.507 Y74.768 E430.04009
G1 X81.027 Y75.931 E430.12379
G1 X80.863 Y77.172 E430.20706
G1 X81.027 Y78.413 E430.29033
G1 X81.507 Y79.577 E430.37408
G1 X82.24 Y80.53 E430.45406
G1 X85.134 Y83.423 E430.72626
G1 X85.344 Y83.595 E430.74432
G1 X85.344 Y72.406 E431.48861
G1 X85.672 Y72.363 E431.51062
G1 X86.913 Y72.527 E431.59389
G1 X88.011 Y72.98 E431.6729
G1 X88.011 Y79.504 E432.10688
G1 X88.415 Y79.1 E432.14488
G1 X92.947 Y79.1 E432.44635
G1 X92.965 Y79 E432.45311
G1 X92.995 Y79 E432.45511
G1 X92.99 Y78.8 E432.46841
G1 X93.162 Y78.8 E432.47986
G1 X92.664 Y77.593 E432.56671
G1 X91.936 Y76.647 E432.64612
G1 X90.678 Y75.389 E432.76446
G1 X90.678 Y79.1 E433.01132
G1 F1500 E426.51132
G0 F7200 X93.345 Y85.316
G1 F1500 E433.01132
G1 F3600 X93.046 Y85.614 E433.0394
G1 X92.684 Y85.888 E433.0696
G1 X91.869 Y86.225 E433.12827
G1 X91.6 Y86.261 E433.14632
G1 X91.6 Y86.082 E433.15823
G1 X91.4 Y85.533 E433.19709
G1 X91.4 Y82.9 E433.37224
G1 X93.345 Y82.9 E433.50162
G1 X94.017 Y82.9 E433.54633
G1 X94.487 Y83.084 E433.5799
G1 X94.67 Y83.093 E433.59209
G1 X94.59 Y83.628 E433.62807
G1 X94.462 Y84.006 E433.65462
G1 X94.102 Y84.559 E433.69851
G1 X93.345 Y85.316 E433.76973
G1 X93.345 Y82.9 E433.93044
G1 F1500 E427.43044
G0 F7200 X93.345 Y124.683
G1 F1500 E433.93044
G1 F3600 X94.094 Y125.432 E434.0009
G1 X94.388 Y125.814 E434.03297
G1 X94.725 Y126.631 E434.09176
G1 X94.761 Y126.9 E434.10981
G1 X94.579 Y126.9 E434.12192
G1 X94.029 Y127.1 E434.16085
G1 X93.345 Y127.1 E434.20635
G1 X91.4 Y127.1 E434.33573
G1 X91.4 Y124.515 E434.50768
G1 X91.6 Y124.023 E434.54301
G1 X91.6 Y123.839 E434.55525
G1 X92.078 Y123.899 E434.5873
G1 X92.452 Y124.018 E434.6134
G1 X93.06 Y124.398 E434.6611
G1 X93.345 Y124.683 E434.68791
G1 X93.345 Y127.1 E434.84869
G1 F1500 E428.34869
G0 F7200 X90.678 Y134.612
G1 F1500 E434.84869
G1 F3600 X90.678 Y130.9 E435.09561
G1 X92.942 Y130.9 E435.24621
G1 X92.998 Y131.2 E435.26651
G1 X93.162 Y131.2 E435.27742
G1 X92.664 Y132.407 E435.36428
G1 X91.936 Y133.353 E435.44368
G1 X89.03 Y136.26 E435.71711
G1 X88.011 Y137.044 E435.80264
G1 X88.011 Y130.496 E436.23821
G1 X87.6 Y130.085 E436.27687
G1 X87.6 Y125.561 E436.57781
G1 X87.5 Y125.543 E436.58457
G1 X87.5 Y125.496 E436.5877
G1 X87.3 Y125.515 E436.60106
G1 X87.3 Y125.368 E436.61084
G1 X86.657 Y125.561 E436.6555
G1 X85.826 Y126.008 E436.71827
G1 X85.344 Y126.404 E436.75976
G1 X85.344 Y137.593 E437.50406
G1 X84.431 Y137.473 E437.56531
G1 X83.268 Y136.993 E437.64901
G1 X82.271 Y136.229 E437.73256
G1 X81.507 Y135.232 E437.81611
G1 X81.027 Y134.069 E437.89981
G1 X80.863 Y132.828 E437.98308
G1 X81.027 Y131.587 E438.06635
G1 X81.507 Y130.423 E438.1501
G1 X82.24 Y129.47 E438.23008
G1 X82.677 Y129.033 E438.27119
G1 X82.677 Y136.54 E438.77055
G1 F1500 E432.27055
G0 F7200 X202.692 Y126.985
G1 F1500 E438.77055
G1 F3600 X202.692 Y125.753 E438.85251
G1 X202.872 Y125.466 E438.87504
G1 X204.034 Y124.304 E438.98436
G1 X204.556 Y124.013 E439.02411
G1 X205.131 Y123.775 E439.06551
G1 X205.4 Y123.739 E439.08356
G1 X205.4 Y123.918 E439.09547
G1 X205.6 Y124.485 E439.13546
G1 X205.6 Y127.1 E439.30941
G1 X205.359 Y127.1 E439.32544
G1 X205.359 Y123.744 E439.54869
G1 F1500 E433.04869
G0 F7200 X205.359 Y133.648
G1 F1500 E439.54869
G1 F3600 X205.359 Y130.9 E439.73148
G1 X204.053 Y130.9 E439.81836
G1 X204.035 Y131 E439.82512
G1 X204.005 Y131 E439.82711
G1 X204.01 Y131.2 E439.84042
G1 X203.838 Y131.2 E439.85186
G1 X204.336 Y132.407 E439.93872
G1 X205.064 Y133.353 E440.01812
G1 X208.026 Y136.316 E440.29682
G1 X208.026 Y130.9 E440.65709
G1 X208.585 Y130.9 E440.69428
G1 X209.4 Y130.085 E440.77095
G1 X209.4 Y125.558 E441.07208
G1 X209.7 Y125.502 E441.09239
G1 X209.7 Y125.338 E441.10329
G1 X210.693 Y125.748 E441.17476
G1 X210.693 Y137.553 E441.96003
G1 X211.328 Y137.637 E442.00264
G1 X212.569 Y137.473 E442.08591
G1 X213.36 Y137.147 E442.14282
G1 X213.36 Y128.071 E442.74656
G1 X214.76 Y129.47 E442.87821
G1 X215.493 Y130.423 E442.95819
G1 X215.973 Y131.587 E443.04194
G1 X216.027 Y131.996 E443.06939
G1 X216.027 Y133.661 E443.18014
G1 F1500 E436.68014
G0 F7200 X202.692 Y84.284
G1 F1500 E443.18014
G1 F3600 X202.692 Y82.991 E443.26615
G1 X202.92 Y82.9 E443.28248
G1 X205.6 Y82.9 E443.46076
G1 X205.6 Y85.512 E443.63451
G1 X205.415 Y85.974 E443.66761
G1 X205.407 Y86.163 E443.6802
G1 X205.359 Y86.155 E443.68343
G1 X205.359 Y82.9 E443.89996
G1 F1500 E437.39996
G0 F7200 X205.359 Y79.1
G1 F1500 E443.89996
G1 F3600 X205.359 Y76.351 E444.08282
G1 X205.064 Y76.647 E444.11062
G1 X204.336 Y77.593 E444.19003
G1 X203.838 Y78.8 E444.27688
G1 X204.002 Y78.8 E444.28779
G1 X204.058 Y79.1 E444.30809
G1 X208.026 Y79.1 E444.57204
G1 X208.026 Y73.696 E444.93152
G1 X208.923 Y73.007 E445.00676
G1 X210.087 Y72.527 E445.09051
G1 X210.693 Y72.446 E445.13118
G1 X210.693 Y84.253 E445.91659
G1 X210.907 Y84.164 E445.93201
G1 X211.853 Y83.436 E446.01141
G1 X213.36 Y81.93 E446.15313
G1 X213.36 Y72.854 E446.75687
G1 X213.732 Y73.007 E446.78363
G1 X214.729 Y73.771 E446.86718
G1 X215.493 Y74.768 E446.95074
G1 X215.973 Y75.931 E447.03443
G1 X216.027 Y76.34 E447.06187
G1 X216.027 Y78.005 E447.17263
G1 F1500 E440.67263
;MESH:manette_1-Body_(Meshed).stl
G0 F7200 X209.165 Y80.424
G0 X208.076 Y80.424
G0 X207.5 Y82
;TYPE:WALL-INNER
G1 F1500 E447.17263
G1 F3600 X207.5 Y128 E450.23256
G1 F3538.1 X207.493 Y128.174 E450.24435
G0 F7200 X207.197 Y128.697
G1 F3654.8 X206.674 Y128.993 E450.28372
G1 X207.514 Y129.014 E450.33878
G1 F3664.1 X207.493 Y128.174 E450.3937
G1 X207.197 Y128.697 E450.43297
G0 F7200 X206.924 Y128.424
G1 F3600 X206.589 Y128.6 E450.45814
G1 X90.5 Y128.6 E458.18042
G1 X90.075 Y128.425 E458.21099
G1 X89.9 Y128.089 E458.23619
G1 X89.9 Y82 E461.30204
G1 X90.075 Y81.575 E461.33262
G1 X90.411 Y81.4 E461.35782
G1 X206.5 Y81.4 E469.08009
G1 X206.924 Y81.576 E469.11063
G1 X207.1 Y82 E469.14116
G1 X207.1 Y128.089 E472.20702
G1 X206.924 Y128.424 E472.23219
G0 F7200 X206.674 Y128.993
G1 F3529.4 X206.5 Y129 E472.24401
G1 F3600 X90.5 Y129 E479.96036
G0 F7200 X89.803 Y128.697
G1 F3654.8 X89.507 Y128.174 E479.99973
G1 X89.486 Y129.014 E480.05479
G1 F3730.6 X90.5 Y129 E480.11989
G1 X89.803 Y128.697 E480.16867
G0 F7200 X89.507 Y128.174
G1 F3529.4 X89.5 Y128 E480.18049
G1 F3600 X89.5 Y82 E483.24042
G0 F7200 X89.803 Y81.303
G1 F3654.8 X90.326 Y81.007 E483.2798
G1 X89.486 Y80.986 E483.33485
G1 F3730.6 X89.5 Y82 E483.39995
G1 X89.803 Y81.303 E483.44874
G0 F7200 X90.326 Y81.007
G1 F3529.4 X90.5 Y81 E483.46055
G1 F3600 X206.5 Y81 E491.1769
G0 F7200 X207.197 Y81.303
G1 F3730.6 X207.5 Y82 E491.22569
G1 X207.514 Y80.986 E491.29079
G1 X206.5 Y81 E491.35588
G1 X207.197 Y81.303 E491.40467
G0 F7200 X207.197 Y81.09
G0 X207.62 Y129.12
G0 X207.9 Y129.4
G1 F3600 X207.9 Y80.6 E494.65086
G1 X89.101 Y80.601 E502.5534
G1 X89.101 Y129.399 E505.79946
G1 X207.9 Y129.4 E513.702
G0 F7200 X208.3 Y129.8
;TYPE:WALL-OUTER
G1 F1800 X208.3 Y80.2 E517.0014
G1 X88.701 Y80.201 E524.95716
G1 X88.701 Y129.799 E528.25643
G1 X208.3 Y129.8 E536.21219
G0 F7200 X208.3 Y129.6
G0 X207.62 Y129.12
G0 X207.41 Y128.035
G0 X206.698 Y128.035
G1 F1800 X206.642 Y128.142 E536.22023
G1 X206.535 Y128.198 E536.22826
G1 X90.5 Y128.2 E543.94694
G1 X90.358 Y128.142 E543.95714
G1 X90.302 Y128.035 E543.96518
G1 X90.3 Y82 E547.02744
G1 X90.358 Y81.858 E547.03764
G1 X90.465 Y81.802 E547.04567
G1 X206.5 Y81.8 E554.76435
G1 X206.642 Y81.858 E554.77456
G1 X206.7 Y82 E554.78476
G1 X206.698 Y128.035 E557.84702
G0 F7200 X206.642 Y128.142
G0 X206.573 Y128.178
G1 F1500 E551.34702
;MESH:NONMESH
G0 F600 X206.573 Y128.178 Z15
G0 F7200 X206.573 Y128.91
G0 X90.062 Y128.438
G0 X90.053 Y81.575
G0 X82.677 Y80.966
;TIME_ELAPSED:4560.677369
;LAYER:37
;TYPE:SUPPORT
G1 F1500 E557.84702
G1 F3600 X82.677 Y73.459 E558.34639
G1 X82.271 Y73.771 E558.38045
G1 X81.507 Y74.768 E558.464
G1 X81.027 Y75.931 E558.5477
G1 X80.863 Y77.172 E558.63097
G1 X81.027 Y78.413 E558.71423
G1 X81.507 Y79.577 E558.79799
G1 X82.24 Y80.53 E558.87797
G1 X85.134 Y83.423 E559.15017
G1 X85.344 Y83.595 E559.16823
G1 X85.344 Y72.406 E559.91252
G1 X85.672 Y72.363 E559.93453
G1 X86.913 Y72.527 E560.0178
G1 X88.011 Y72.98 E560.09681
G1 X88.011 Y79.504 E560.53079
G1 X88.415 Y79.1 E560.56879
G1 X92.947 Y79.1 E560.87026
G1 X92.965 Y79 E560.87702
G1 X92.995 Y79 E560.87902
G1 X92.99 Y78.8 E560.89232
G1 X93.162 Y78.8 E560.90377
G1 X92.664 Y77.593 E560.99062
G1 X91.936 Y76.647 E561.07003
G1 X90.678 Y75.389 E561.18837
G1 X90.678 Y79.1 E561.43523
G1 F1500 E554.93523
G0 F7200 X93.345 Y85.316
G1 F1500 E561.43523
G1 F3600 X93.046 Y85.614 E561.46331
G1 X92.684 Y85.888 E561.49351
G1 X91.869 Y86.225 E561.55217
G1 X91.6 Y86.261 E561.57023
G1 X91.6 Y86.08 E561.58227
G1 X91.4 Y85.532 E561.62107
G1 X91.4 Y82.9 E561.79615
G1 X93.345 Y82.9 E561.92554
G1 X94.013 Y82.9 E561.96997
G1 X94.486 Y83.085 E562.00376
G1 X94.67 Y83.094 E562.01601
G1 X94.59 Y83.628 E562.05193
G1 X94.462 Y84.006 E562.07848
G1 X94.102 Y84.559 E562.12237
G1 X93.345 Y85.316 E562.19358
G1 X93.345 Y82.9 E562.3543
G1 F1500 E555.8543
G0 F7200 X93.345 Y124.683
G1 F1500 E562.3543
G1 F3600 X94.094 Y125.432 E562.42476
G1 X94.388 Y125.814 E562.45682
G1 X94.725 Y126.631 E562.51561
G1 X94.761 Y126.9 E562.53367
G1 X94.579 Y126.9 E562.54577
G1 X94.027 Y127.1 E562.58483
G1 X93.345 Y127.1 E562.6302
G1 X91.4 Y127.1 E562.75958
G1 X91.4 Y124.568 E562.92801
G1 X91.6 Y124.027 E562.96637
G1 X91.6 Y123.839 E562.97888
G1 X92.078 Y123.899 E563.01093
G1 X92.452 Y124.018 E563.03703
G1 X93.06 Y124.398 E563.08473
G1 X93.345 Y124.683 E563.11154
G1 X93.345 Y127.1 E563.27232
G1 F1500 E556.77232
G0 F7200 X90.678 Y134.612
G1 F1500 E563.27232
G1 F3600 X90.678 Y130.9 E563.51924
G1 X92.942 Y130.9 E563.66984
G1 X92.998 Y131.2 E563.69014
G1 X93.162 Y131.2 E563.70105
G1 X92.664 Y132.407 E563.78791
G1 X91.936 Y133.353 E563.86731
G1 X89.03 Y136.26 E564.14074
G1 X88.011 Y137.044 E564.22626
G1 X88.011 Y130.496 E564.66184
G1 X87.6 Y130.085 E564.7005
G1 X87.6 Y125.561 E565.00144
G1 X87.5 Y125.543 E565.0082
G1 X87.5 Y125.496 E565.01133
G1 X87.3 Y125.515 E565.02469
G1 X87.3 Y125.368 E565.03447
G1 X86.657 Y125.561 E565.07913
G1 X85.826 Y126.008 E565.14189
G1 X85.344 Y126.404 E565.18339
G1 X85.344 Y137.593 E565.92769
G1 X84.431 Y137.473 E565.98894
G1 X83.268 Y136.993 E566.07263
G1 X82.271 Y136.229 E566.15619
G1 X81.507 Y135.232 E566.23974
G1 X81.027 Y134.069 E566.32344
G1 X80.863 Y132.828 E566.40671
G1 X81.027 Y131.587 E566.48997
G1 X81.507 Y130.423 E566.57373
G1 X82.24 Y129.47 E566.65371
G1 X82.677 Y129.033 E566.69482
G1 X82.677 Y136.54 E567.19418
G1 F1500 E560.69418
G0 F7200 X202.692 Y126.978
G1 F1500 E567.19418
G1 F3600 X202.692 Y125.753 E567.27567
G1 X202.872 Y125.466 E567.29821
G1 X204.034 Y124.304 E567.40752
G1 X204.556 Y124.013 E567.44728
G1 X205.131 Y123.775 E567.48867
G1 X205.4 Y123.739 E567.50672
G1 X205.4 Y123.92 E567.51877
G1 X205.6 Y124.487 E567.55876
G1 X205.6 Y127.1 E567.73258
G1 X205.359 Y127.1 E567.74861
G1 X205.359 Y123.744 E567.97185
G1 F1500 E561.47185
G0 F7200 X205.359 Y133.648
G1 F1500 E567.97185
G1 F3600 X205.359 Y130.9 E568.15465
G1 X204.053 Y130.9 E568.24152
G1 X204.035 Y131 E568.24828
G1 X204.005 Y131 E568.25028
G1 X204.01 Y131.2 E568.26359
G1 X203.838 Y131.2 E568.27503
G1 X204.336 Y132.407 E568.36188
G1 X205.064 Y133.353 E568.44129
G1 X208.026 Y136.316 E568.71998
G1 X208.026 Y130.9 E569.08026
G1 X208.585 Y130.9 E569.11744
G1 X209.4 Y130.085 E569.19411
G1 X209.4 Y125.558 E569.49525
G1 X209.7 Y125.502 E569.51555
G1 X209.7 Y125.338 E569.52646
G1 X210.693 Y125.748 E569.59792
G1 X210.693 Y137.553 E570.38319
G1 X211.328 Y137.637 E570.4258
G1 X212.569 Y137.473 E570.50907
G1 X213.36 Y137.147 E570.56598
G1 X213.36 Y128.071 E571.16972
G1 X214.76 Y129.47 E571.30138
G1 X215.493 Y130.423 E571.38135
G1 X215.973 Y131.587 E571.46511
G1 X216.027 Y131.996 E571.49255
G1 X216.027 Y133.661 E571.60331
G1 F1500 E565.10331
G0 F7200 X202.692 Y84.284
G1 F1500 E571.60331
G1 F3600 X202.692 Y83.003 E571.68852
G1 X202.989 Y82.9 E571.70943
G1 X205.6 Y82.9 E571.88311
G1 X205.6 Y85.492 E572.05554
G1 X205.415 Y85.976 E572.09
G1 X205.406 Y86.163 E572.10246
G1 X205.359 Y86.155 E572.10563
G1 X205.359 Y82.9 E572.32215
G1 F1500 E565.82215
G0 F7200 X205.359 Y79.1
G1 F1500 E572.32215
G1 F3600 X205.359 Y76.351 E572.50502
G1 X205.064 Y76.647 E572.53281
G1 X204.336 Y77.593 E572.61222
G1 X203.838 Y78.8 E572.69907
G1 X204.002 Y78.8 E572.70998
G1 X204.058 Y79.1 E572.73029
G1 X208.026 Y79.1 E572.99424
G1 X208.026 Y73.696 E573.35371
G1 X208.923 Y73.007 E573.42895
G1 X210.087 Y72.527 E573.51271
G1 X210.693 Y72.446 E573.55338
G1 X210.693 Y84.253 E574.33878
G1 X210.907 Y84.164 E574.3542
G1 X211.853 Y83.436 E574.4336
G1 X213.36 Y81.93 E574.57533
G1 X213.36 Y72.854 E575.17906
G1 X213.732 Y73.007 E575.20582
G1 X214.729 Y73.771 E575.28937
G1 X215.493 Y74.768 E575.37293
G1 X215.973 Y75.931 E575.45662
G1 X216.027 Y76.34 E575.48406
G1 X216.027 Y78.005 E575.59482
G1 F1500 E569.09482
;MESH:manette_1-Body_(Meshed).stl
G0 F7200 X209.165 Y80.424
G0 X208.076 Y80.424
G0 X207.5 Y82
;TYPE:WALL-INNER
G1 F1500 E575.59482
G1 F3600 X207.5 Y128 E578.65475
G1 F3538.1 X207.493 Y128.174 E578.66654
G0 F7200 X207.197 Y128.697
G1 F3654.8 X206.674 Y128.993 E578.70592
G1 X207.514 Y129.014 E578.76097
G1 F3664.1 X207.493 Y128.174 E578.81589
G1 X207.197 Y128.697 E578.85516
G0 F7200 X206.924 Y128.424
G1 F3600 X206.589 Y128.6 E578.88034
G1 X90.5 Y128.6 E586.60261
G1 X90.075 Y128.425 E586.63318
G1 X89.9 Y128.089 E586.65838
G1 X89.9 Y82 E589.72424
G1 X90.075 Y81.575 E589.75481
G1 X90.411 Y81.4 E589.78001
G1 X206.5 Y81.4 E597.50228
G1 X206.924 Y81.576 E597.53282
G1 X207.1 Y82 E597.56336
G1 X207.1 Y128.089 E600.62921
G1 X206.924 Y128.424 E600.65438
G0 F7200 X206.674 Y128.993
G1 F3529.4 X206.5 Y129 E600.6662
G1 F3600 X90.5 Y129 E608.38255
G0 F7200 X89.803 Y128.697
G1 F3654.8 X89.507 Y128.174 E608.42193
G1 X89.486 Y129.014 E608.47698
G1 F3730.6 X90.5 Y129 E608.54208
G1 X89.803 Y128.697 E608.59087
G0 F7200 X89.507 Y128.174
G1 F3529.4 X89.5 Y128 E608.60268
G1 F3600 X89.5 Y82 E611.66261
G0 F7200 X89.803 Y81.303
G1 F3654.8 X90.326 Y81.007 E611.70199
G1 X89.486 Y80.986 E611.75705
G1 F3730.6 X89.5 Y82 E611.82214
G1 X89.803 Y81.303 E611.87093
G0 F7200 X90.326 Y81.007
G1 F3529.4 X90.5 Y81 E611.88275
G1 F3600 X206.5 Y81 E619.5991
G0 F7200 X207.197 Y81.303
G1 F3730.6 X207.5 Y82 E619.64788
G1 X207.514 Y80.986 E619.71298
G1 X206.5 Y81 E619.77808
G1 X207.197 Y81.303 E619.82686
G0 F7200 X207.197 Y81.09
G0 X207.62 Y129.12
G0 X207.9 Y129.4
G1 F3600 X207.9 Y80.6 E623.07305
G1 X89.101 Y80.601 E630.97559
G1 X89.101 Y129.399 E634.22165
G1 X207.9 Y129.4 E642.12419
G0 F7200 X208.3 Y129.8
;TYPE:WALL-OUTER
G1 F1800 X208.3 Y80.2 E645.4236
G1 X88.701 Y80.201 E653.37936
G1 X88.701 Y129.799 E656.67863
G1 X208.3 Y129.8 E664.63439
G0 F7200 X208.3 Y129.6
G0 X207.62 Y129.12
G0 X207.41 Y128.035
G0 X206.698 Y128.035
G1 F1800 X206.642 Y128.142 E664.64242
G1 X206.535 Y128.198 E664.65045
G1 X90.5 Y128.2 E672.36913
G1 X90.358 Y128.142 E672.37934
G1 X90.302 Y128.035 E672.38737
G1 X90.3 Y82 E675.44963
G1 X90.358 Y81.858 E675.45983
G1 X90.465 Y81.802 E675.46787
G1 X206.5 Y81.8 E683.18655
G1 X206.642 Y81.858 E683.19675
G1 X206.7 Y82 E683.20695
G1 X206.698 Y128.035 E686.26921
G0 F7200 X206.642 Y128.142
G0 X206.573 Y128.178
G1 F1500 E679.76921
;MESH:NONMESH
G0 F600 X206.573 Y128.178 Z15.4
G0 F7200 X206.573 Y128.91
G0 X90.062 Y128.438
G0 X90.053 Y81.575
G0 X82.677 Y80.966
;TIME_ELAPSED:4614.073938
;LAYER:38
;TYPE:SUPPORT
G1 F1500 E686.26921
G1 F3600 X82.677 Y73.459 E686.76858
G1 X82.271 Y73.771 E686.80264
G1 X81.507 Y74.768 E686.8862
G1 X81.027 Y75.931 E686.96989
G1 X80.863 Y77.172 E687.05316
G1 X81.027 Y78.413 E687.13643
G1 X81.507 Y79.577 E687.22018
G1 X82.24 Y80.53 E687.30016
G1 X85.134 Y83.423 E687.57236
G1 X85.344 Y83.595 E687.59042
G1 X85.344 Y72.406 E688.33471
G1 X85.672 Y72.363 E688.35672
G1 X86.913 Y72.527 E688.43999
G1 X88.011 Y72.98 E688.519
G1 X88.011 Y79.504 E688.95298
G1 X88.415 Y79.1 E688.99098
G1 X92.947 Y79.1 E689.29245
G1 X92.965 Y79 E689.29921
G1 X92.995 Y79 E689.30121
G1 X92.99 Y78.8 E689.31452
G1 X93.162 Y78.8 E689.32596
G1 X92.664 Y77.593 E689.41281
G1 X91.936 Y76.647 E689.49222
G1 X90.678 Y75.389 E689.61056
G1 X90.678 Y79.1 E689.85742
G1 F1500 E683.35742
G0 F7200 X93.345 Y85.316
G1 F1500 E689.85742
G1 F3600 X93.046 Y85.614 E689.8855
G1 X92.684 Y85.888 E689.9157
G1 X91.869 Y86.225 E689.97437
G1 X91.6 Y86.261 E689.99242
G1 X91.6 Y86.082 E690.00433
G1 X91.4 Y85.486 E690.04615
G1 X91.4 Y82.9 E690.21817
G1 X93.345 Y82.9 E690.34755
G1 X93.961 Y82.9 E690.38853
G1 X94.487 Y83.085 E690.42562
G1 X94.671 Y83.09 E690.43786
G1 X94.59 Y83.629 E690.47412
G1 X94.462 Y84.006 E690.5006
G1 X94.102 Y84.559 E690.5445
G1 X93.345 Y85.316 E690.61571
G1 X93.345 Y82.9 E690.77642
G1 F1500 E684.27642
G0 F7200 X93.345 Y124.683
G1 F1500 E690.77642
G1 F3600 X94.094 Y125.432 E690.84689
G1 X94.388 Y125.814 E690.87895
G1 X94.725 Y126.631 E690.93774
G1 X94.761 Y126.9 E690.95579
G1 X94.582 Y126.9 E690.9677
G1 X93.977 Y127.1 E691.01009
G1 X93.345 Y127.1 E691.05213
G1 X91.4 Y127.1 E691.18151
G1 X91.4 Y124.569 E691.34987
G1 X91.6 Y124.028 E691.38824
G1 X91.6 Y123.839 E691.40081
G1 X92.078 Y123.899 E691.43286
G1 X92.452 Y124.018 E691.45897
G1 X93.06 Y124.398 E691.50666
G1 X93.345 Y124.683 E691.53347
G1 X93.345 Y127.1 E691.69425
G1 F1500 E685.19425
G0 F7200 X90.678 Y134.612
G1 F1500 E691.69425
G1 F3600 X90.678 Y130.9 E691.94117
G1 X92.942 Y130.9 E692.09178
G1 X92.998 Y131.2 E692.11208
G1 X93.162 Y131.2 E692.12299
G1 X92.664 Y132.407 E692.20984
G1 X91.936 Y133.353 E692.28925
G1 X89.03 Y136.26 E692.56267
G1 X88.011 Y137.044 E692.6482
G1 X88.011 Y130.496 E693.08377
G1 X87.6 Y130.085 E693.12244
G1 X87.6 Y125.561 E693.42337
G1 X87.5 Y125.543 E693.43013
G1 X87.5 Y125.496 E693.43326
G1 X87.3 Y125.515 E693.44662
G1 X87.3 Y125.368 E693.4564
G1 X86.657 Y125.561 E693.50106
G1 X85.826 Y126.008 E693.56383
G1 X85.344 Y126.404 E693.60532
G1 X85.344 Y137.593 E694.34962
G1 X84.431 Y137.473 E694.41087
G1 X83.268 Y136.993 E694.49457
G1 X82.271 Y136.229 E694.57812
G1 X81.507 Y135.232 E694.66168
G1 X81.027 Y134.069 E694.74537
G1 X80.863 Y132.828 E694.82864
G1 X81.027 Y131.587 E694.91191
G1 X81.507 Y130.423 E694.99566
G1 X82.24 Y129.47 E695.07564
G1 X82.677 Y129.033 E695.11675
G1 X82.677 Y136.54 E695.61612
G1 F1500 E689.11612
G0 F7200 X202.692 Y126.978
G1 F1500 E695.61612
G1 F3600 X202.692 Y125.753 E695.6976
G1 X202.872 Y125.466 E695.72014
G1 X204.034 Y124.304 E695.82945
G1 X204.556 Y124.013 E695.86921
G1 X205.131 Y123.775 E695.9106
G1 X205.4 Y123.739 E695.92866
G1 X205.4 Y123.918 E695.94056
G1 X205.6 Y124.514 E695.98238
G1 X205.6 Y127.1 E696.1544
G1 X205.359 Y127.1 E696.17044
G1 X205.359 Y123.744 E696.39368
G1 F1500 E689.89368
G0 F7200 X205.359 Y133.648
G1 F1500 E696.39368
G1 F3600 X205.359 Y130.9 E696.57648
G1 X204.053 Y130.9 E696.66335
G1 X204.035 Y131 E696.67011
G1 X204.005 Y131 E696.67211
G1 X204.01 Y131.2 E696.68541
G1 X203.838 Y131.2 E696.69686
G1 X204.336 Y132.407 E696.78371
G1 X205.064 Y133.353 E696.86312
G1 X208.026 Y136.316 E697.14181
G1 X208.026 Y130.9 E697.50208
G1 X208.585 Y130.9 E697.53927
G1 X209.4 Y130.085 E697.61594
G1 X209.4 Y125.558 E697.91708
G1 X209.7 Y125.502 E697.93738
G1 X209.7 Y125.338 E697.94829
G1 X210.693 Y125.748 E698.01975
G1 X210.693 Y137.553 E698.80502
G1 X211.328 Y137.637 E698.84763
G1 X212.569 Y137.473 E698.9309
G1 X213.36 Y137.147 E698.98781
G1 X213.36 Y128.071 E699.59155
G1 X214.76 Y129.47 E699.7232
G1 X215.493 Y130.423 E699.80318
G1 X215.973 Y131.587 E699.88694
G1 X216.027 Y131.996 E699.91438
G1 X216.027 Y133.661 E700.02513
G1 F1500 E693.52513
G0 F7200 X202.692 Y84.284
G1 F1500 E700.02513
G1 F3600 X202.692 Y83.004 E700.11028
G1 X202.991 Y82.9 E700.13134
G1 X205.6 Y82.9 E700.30489
G1 X205.6 Y85.491 E700.47724
G1 X205.415 Y85.975 E700.51171
G1 X205.406 Y86.163 E700.52423
G1 X205.359 Y86.155 E700.5274
G1 X205.359 Y82.9 E700.74393
G1 F1500 E694.24393
G0 F7200 X205.359 Y79.1
G1 F1500 E700.74393
G1 F3600 X205.359 Y76.351 E700.92679
G1 X205.064 Y76.647 E700.95459
G1 X204.336 Y77.593 E701.03399
G1 X203.838 Y78.8 E701.12085
G1 X204.002 Y78.8 E701.13176
G1 X204.058 Y79.1 E701.15206
G1 X208.026 Y79.1 E701.41601
G1 X208.026 Y73.696 E701.77549
G1 X208.923 Y73.007 E701.85073
G1 X210.087 Y72.527 E701.93448
G1 X210.693 Y72.446 E701.97515
G1 X210.693 Y84.253 E702.76056
G1 X210.907 Y84.164 E702.77597
G1 X211.853 Y83.436 E702.85538
G1 X213.36 Y81.93 E702.9971
G1 X213.36 Y72.854 E703.60084
G1 X213.732 Y73.007 E703.6276
G1 X214.729 Y73.771 E703.71115
G1 X215.493 Y74.768 E703.7947
G1 X215.973 Y75.931 E703.8784
G1 X216.027 Y76.34 E703.90584
G1 X216.027 Y78.005 E704.0166
G1 F1500 E697.5166
;MESH:manette_1-Body_(Meshed).stl
G0 F7200 X209.165 Y80.424
G0 X208.076 Y80.424
G0 X207.5 Y82
;TYPE:WALL-INNER
G1 F1500 E704.0166
G1 F3600 X207.5 Y128 E707.07653
G1 F3538.1 X207.493 Y128.174 E707.08832
G0 F7200 X207.197 Y128.697
G1 F3654.8 X206.674 Y128.993 E707.12769
G1 X207.514 Y129.014 E707.18275
G1 F3664.1 X207.493 Y128.174 E707.23766
G1 X207.197 Y128.697 E707.27694
G0 F7200 X206.924 Y128.424
G1 F3600 X206.589 Y128.6 E707.30211
G1 X90.5 Y128.6 E715.02438
G1 X90.075 Y128.425 E715.05496
G1 X89.9 Y128.089 E715.08016
G1 X89.9 Y82 E718.14601
G1 X90.075 Y81.575 E718.17659
G1 X90.411 Y81.4 E718.20179
G1 X206.5 Y81.4 E725.92406
G1 X206.924 Y81.576 E725.9546
G1 X207.1 Y82 E725.98513
G1 X207.1 Y128.089 E729.05099
G1 X206.924 Y128.424 E729.07616
G0 F7200 X206.674 Y128.993
G1 F3529.4 X206.5 Y129 E729.08797
G1 F3600 X90.5 Y129 E736.80433
G0 F7200 X89.803 Y128.697
G1 F3654.8 X89.507 Y128.174 E736.8437
G1 X89.486 Y129.014 E736.89876
G1 F3730.6 X90.5 Y129 E736.96385
G1 X89.803 Y128.697 E737.01264
G0 F7200 X89.507 Y128.174
G1 F3529.4 X89.5 Y128 E737.02446
G1 F3600 X89.5 Y82 E740.08439
G0 F7200 X89.803 Y81.303
G1 F3654.8 X90.326 Y81.007 E740.12377
G1 X89.486 Y80.986 E740.17882
G1 F3730.6 X89.5 Y82 E740.24392
G1 X89.803 Y81.303 E740.29271
G0 F7200 X90.326 Y81.007
G1 F3529.4 X90.5 Y81 E740.30452
G1 F3600 X206.5 Y81 E748.02087
G0 F7200 X207.197 Y81.303
G1 F3730.6 X207.5 Y82 E748.06966
G1 X207.514 Y80.986 E748.13476
G1 X206.5 Y81 E748.19985
G1 X207.197 Y81.303 E748.24864
G0 F7200 X207.197 Y81.09
G0 X207.62 Y129.12
G0 X207.9 Y129.4
G1 F3600 X207.9 Y80.6 E751.49483
G1 X89.101 Y80.601 E759.39737
G1 X89.101 Y129.399 E762.64343
G1 X207.9 Y129.4 E770.54597
G0 F7200 X208.3 Y129.8
;TYPE:WALL-OUTER
G1 F1800 X208.3 Y80.2 E773.84537
G1 X88.701 Y80.201 E781.80113
G1 X88.701 Y129.799 E785.1004
G1 X208.3 Y129.8 E793.05616
G0 F7200 X208.3 Y129.6
G0 X207.62 Y129.12
G0 X207.41 Y128.035
G0 X206.698 Y128.035
G1 F1800 X206.642 Y128.142 E793.06419
G1 X206.535 Y128.198 E793.07223
G1 X90.5 Y128.2 E800.79091
G1 X90.358 Y128.142 E800.80111
G1 X90.302 Y128.035 E800.80914
G1 X90.3 Y82 E803.87141
G1 X90.358 Y81.858 E803.88161
G1 X90.465 Y81.802 E803.88964
G1 X206.5 Y81.8 E811.60832
G1 X206.642 Y81.858 E811.61853
G1 X206.7 Y82 E811.62873
G1 X206.698 Y128.035 E814.69099
G0 F7200 X206.642 Y128.142
G0 X206.573 Y128.178
G1 F1500 E808.19099
;MESH:NONMESH
G0 F600 X206.573 Y128.178 Z15.8
G0 F7200 X206.573 Y128.91
G0 X90.062 Y128.438
G0 X90.053 Y81.575
G0 X82.677 Y80.966
;TIME_ELAPSED:4667.470250
;LAYER:39
;TYPE:SUPPORT
G1 F1500 E814.69099
G1 F3600 X82.677 Y73.459 E815.19036
G1 X82.271 Y73.771 E815.22442
G1 X81.507 Y74.768 E815.30797
G1 X81.027 Y75.931 E815.39167
G1 X80.863 Y77.172 E815.47493
G1 X81.027 Y78.413 E815.5582
G1 X81.507 Y79.577 E815.64196
G1 X82.24 Y80.53 E815.72194
G1 X85.134 Y83.423 E815.99414
G1 X85.344 Y83.595 E816.01219
G1 X85.344 Y72.406 E816.75649
G1 X85.672 Y72.363 E816.7785
G1 X86.913 Y72.527 E816.86176
G1 X88.011 Y72.98 E816.94078
G1 X88.011 Y79.504 E817.37475
G1 X88.415 Y79.1 E817.41276
G1 X92.947 Y79.1 E817.71423
G1 X92.965 Y79 E817.72099
G1 X92.995 Y79 E817.72298
G1 X92.99 Y78.8 E817.73629
G1 X93.162 Y78.8 E817.74773
G1 X92.664 Y77.593 E817.83459
G1 X91.936 Y76.647 E817.91399
G1 X90.678 Y75.389 E818.03234
G1 X90.678 Y79.1 E818.2792
G1 F1500 E811.7792
G0 F7200 X93.345 Y85.316
G1 F1500 E818.2792
G1 F3600 X93.046 Y85.614 E818.30728
G1 X92.684 Y85.888 E818.33748
G1 X91.869 Y86.225 E818.39614
G1 X91.6 Y86.261 E818.4142
G1 X91.6 Y86.082 E818.4261
G1 X91.4 Y85.485 E818.46799
G1 X91.4 Y82.9 E818.63994
G1 X93.345 Y82.9 E818.76932
G1 X93.961 Y82.9 E818.8103
G1 X94.486 Y83.085 E818.84733
G1 X94.671 Y83.09 E818.85964
G1 X94.59 Y83.629 E818.89589
G1 X94.462 Y84.006 E818.92238
G1 X94.102 Y84.559 E818.96627
G1 X93.345 Y85.316 E819.03749
G1 X93.345 Y82.9 E819.1982
G1 F1500 E812.6982
G0 F7200 X93.345 Y124.683
G1 F1500 E819.1982
G1 F3600 X94.094 Y125.432 E819.26866
G1 X94.388 Y125.814 E819.30073
G1 X94.725 Y126.631 E819.35952
G1 X94.761 Y126.9 E819.37757
G1 X94.582 Y126.9 E819.38948
G1 X93.977 Y127.1 E819.43186
G1 X93.345 Y127.1 E819.4739
G1 X91.4 Y127.1 E819.60329
G1 X91.4 Y124.626 E819.76786
G1 X91.6 Y124.025 E819.80999
G1 X91.6 Y123.839 E819.82236
G1 X92.078 Y123.899 E819.85441
G1 X92.452 Y124.018 E819.88052
G1 X93.06 Y124.398 E819.92821
G1 X93.345 Y124.683 E819.95502
G1 X93.345 Y127.1 E820.1158
G1 F1500 E813.6158
G0 F7200 X90.678 Y134.612
G1 F1500 E820.1158
G1 F3600 X90.678 Y130.9 E820.36272
G1 X92.942 Y130.9 E820.51333
G1 X92.998 Y131.2 E820.53363
G1 X93.162 Y131.2 E820.54454
G1 X92.664 Y132.407 E820.63139
G1 X91.936 Y133.353 E820.7108
G1 X89.03 Y136.26 E820.98422
G1 X88.011 Y137.044 E821.06975
G1 X88.011 Y130.496 E821.50532
G1 X87.6 Y130.085 E821.54399
G1 X87.6 Y125.561 E821.84492
G1 X87.5 Y125.543 E821.85168
G1 X87.5 Y125.496 E821.85481
G1 X87.3 Y125.515 E821.86817
G1 X87.3 Y125.368 E821.87795
G1 X86.657 Y125.561 E821.92261
G1 X85.826 Y126.008 E821.98538
G1 X85.344 Y126.404 E822.02687
G1 X85.344 Y137.593 E822.77117
G1 X84.431 Y137.473 E822.83243
G1 X83.268 Y136.993 E822.91612
G1 X82.271 Y136.229 E822.99967
G1 X81.507 Y135.232 E823.08323
G1 X81.027 Y134.069 E823.16692
G1 X80.863 Y132.828 E823.25019
G1 X81.027 Y131.587 E823.33346
G1 X81.507 Y130.423 E823.41721
G1 X82.24 Y129.47 E823.49719
G1 X82.677 Y129.033 E823.5383
G1 X82.677 Y136.54 E824.03767
G1 F1500 E817.53767
G0 F7200 X202.692 Y126.973
G1 F1500 E824.03767
G1 F3600 X202.692 Y125.753 E824.11882
G1 X202.872 Y125.466 E824.14136
G1 X204.034 Y124.304 E824.25067
G1 X204.556 Y124.013 E824.29043
G1 X205.131 Y123.775 E824.33182
G1 X205.4 Y123.739 E824.34988
G1 X205.4 Y123.918 E824.36178
G1 X205.6 Y124.531 E824.40468
G1 X205.6 Y127.1 E824.57557
G1 X205.359 Y127.1 E824.5916
G1 X205.359 Y123.744 E824.81484
G1 F1500 E818.31484
G0 F7200 X205.359 Y133.648
G1 F1500 E824.81484
G1 F3600 X205.359 Y130.9 E824.99764
G1 X204.053 Y130.9 E825.08451
G1 X204.035 Y131 E825.09127
G1 X204.005 Y131 E825.09327
G1 X204.01 Y131.2 E825.10658
G1 X203.838 Y131.2 E825.11802
G1 X204.336 Y132.407 E825.20487
G1 X205.064 Y133.353 E825.28428
G1 X208.026 Y136.316 E825.56297
G1 X208.026 Y130.9 E825.92324
G1 X208.585 Y130.9 E825.96043
G1 X209.4 Y130.085 E826.0371
G1 X209.4 Y125.558 E826.33824
G1 X209.7 Y125.502 E826.35854
G1 X209.7 Y125.338 E826.36945
G1 X210.693 Y125.748 E826.44091
G1 X210.693 Y137.553 E827.22618
G1 X211.328 Y137.637 E827.26879
G1 X212.569 Y137.473 E827.35206
G1 X213.36 Y137.147 E827.40897
G1 X213.36 Y128.071 E828.01271
G1 X214.76 Y129.47 E828.14437
G1 X215.493 Y130.423 E828.22434
G1 X215.973 Y131.587 E828.3081
G1 X216.027 Y131.996 E828.33554
G1 X216.027 Y133.661 E828.4463
G1 F1500 E821.9463
G0 F7200 X202.692 Y84.284
G1 F1500 E828.4463
G1 F3600 X202.692 Y83.006 E828.53131
G1 X203.011 Y82.9 E828.55367
G1 X205.6 Y82.9 E828.72589
G1 X205.6 Y85.463 E828.89638
G1 X205.416 Y85.977 E828.9327
G1 X205.411 Y86.164 E828.94514
G1 X205.359 Y86.155 E828.94865
G1 X205.359 Y82.9 E829.16518
G1 F1500 E822.66518
G0 F7200 X205.359 Y79.1
G1 F1500 E829.16518
G1 F3600 X205.359 Y76.351 E829.34804
G1 X205.064 Y76.647 E829.37584
G1 X204.336 Y77.593 E829.45524
G1 X203.838 Y78.8 E829.5421
G1 X204.002 Y78.8 E829.55301
G1 X204.058 Y79.1 E829.57331
G1 X208.026 Y79.1 E829.83726
G1 X208.026 Y73.696 E830.19674
G1 X208.923 Y73.007 E830.27198
G1 X210.087 Y72.527 E830.35573
G1 X210.693 Y72.446 E830.3964
G1 X210.693 Y84.253 E831.18181
G1 X210.907 Y84.164 E831.19722
G1 X211.853 Y83.436 E831.27663
G1 X213.36 Y81.93 E831.41835
G1 X213.36 Y72.854 E832.02209
G1 X213.732 Y73.007 E832.04885
G1 X214.729 Y73.771 E832.1324
G1 X215.493 Y74.768 E832.21595
G1 X215.973 Y75.931 E832.29965
G1 X216.027 Y76.34 E832.32709
G1 X216.027 Y78.005 E832.43785
G1 F1500 E825.93785
;MESH:manette_1-Body_(Meshed).stl
G0 F7200 X209.165 Y80.424
G0 X208.076 Y80.424
G0 X207.5 Y82
;TYPE:WALL-INNER
G1 F1500 E832.43785
G1 F3600 X207.5 Y128 E835.49778
G1 F3538.1 X207.493 Y128.174 E835.50956
G0 F7200 X207.197 Y128.697
G1 F3654.8 X206.674 Y128.993 E835.54894
G1 X207.514 Y129.014 E835.604
G1 F3664.1 X207.493 Y128.174 E835.65891
G1 X207.197 Y128.697 E835.69819
G0 F7200 X206.924 Y128.424
G1 F3600 X206.589 Y128.6 E835.72336
G1 X90.5 Y128.6 E843.44563
G1 X90.075 Y128.425 E843.47621
G1 X89.9 Y128.089 E843.50141
G1 X89.9 Y82 E846.56726
G1 X90.075 Y81.575 E846.59783
G1 X90.411 Y81.4 E846.62303
G1 X206.5 Y81.4 E854.34531
G1 X206.924 Y81.576 E854.37584
G1 X207.1 Y82 E854.40638
G1 X207.1 Y128.089 E857.47224
G1 X206.924 Y128.424 E857.49741
G0 F7200 X206.674 Y128.993
G1 F3529.4 X206.5 Y129 E857.50922
G1 F3600 X90.5 Y129 E865.22557
G0 F7200 X89.803 Y128.697
G1 F3654.8 X89.507 Y128.174 E865.26495
G1 X89.486 Y129.014 E865.32001
G1 F3730.6 X90.5 Y129 E865.3851
G1 X89.803 Y128.697 E865.43389
G0 F7200 X89.507 Y128.174
G1 F3529.4 X89.5 Y128 E865.44571
G1 F3600 X89.5 Y82 E868.50564
G0 F7200 X89.803 Y81.303
G1 F3654.8 X90.326 Y81.007 E868.54501
G1 X89.486 Y80.986 E868.60007
G1 F3730.6 X89.5 Y82 E868.66517
G1 X89.803 Y81.303 E868.71395
G0 F7200 X90.326 Y81.007
G1 F3529.4 X90.5 Y81 E868.72577
G1 F3600 X206.5 Y81 E876.44212
G0 F7200 X207.197 Y81.303
G1 F3730.6 X207.5 Y82 E876.49091
G1 X207.514 Y80.986 E876.556
G1 X206.5 Y81 E876.6211
G1 X207.197 Y81.303 E876.66989
G0 F7200 X207.197 Y81.09
G0 X207.62 Y129.12
G0 X207.9 Y129.4
G1 F3600 X207.9 Y80.6 E879.91608
G1 X89.101 Y80.601 E887.81862
G1 X89.101 Y129.399 E891.06468
G1 X207.9 Y129.4 E898.96722
G0 F7200 X208.3 Y129.8
;TYPE:WALL-OUTER
G1 F1800 X208.3 Y80.2 E902.26662
G1 X88.701 Y80.201 E910.22238
G1 X88.701 Y129.799 E913.52165
G1 X208.3 Y129.8 E921.47741
G0 F7200 X208.3 Y129.6
G0 X207.62 Y129.12
G0 X207.41 Y128.035
G0 X206.698 Y128.035
G1 F1800 X206.642 Y128.142 E921.48544
G1 X206.535 Y128.198 E921.49348
G1 X90.5 Y128.2 E929.21216
G1 X90.358 Y128.142 E929.22236
G1 X90.302 Y128.035 E929.23039
G1 X90.3 Y82 E932.29265
G1 X90.358 Y81.858 E932.30286
G1 X90.465 Y81.802 E932.31089
G1 X206.5 Y81.8 E940.02957
G1 X206.642 Y81.858 E940.03977
G1 X206.7 Y82 E940.04998
G1 X206.698 Y128.035 E943.11224
G0 F7200 X206.642 Y128.142
G0 X206.573 Y128.178
G1 F1500 E936.61224
;MESH:NONMESH
G0 F600 X206.573 Y128.178 Z16.2
G0 F7200 X206.573 Y128.91
G0 X90.062 Y128.438
G0 X90.053 Y81.575
G0 X82.677 Y80.966
;TIME_ELAPSED:4720.866559
;LAYER:40
;TYPE:SUPPORT
G1 F1500 E943.11224
G1 F3600 X82.677 Y73.459 E943.61161
G1 X82.271 Y73.771 E943.64567
G1 X81.507 Y74.768 E943.72922
G1 X81.027 Y75.931 E943.81291
G1 X80.863 Y77.172 E943.89618
G1 X81.027 Y78.413 E943.97945
G1 X81.507 Y79.577 E944.06321
G1 X82.24 Y80.53 E944.14318
G1 X85.134 Y83.423 E944.41539
G1 X85.344 Y83.595 E944.43344
G1 X85.344 Y72.406 E945.17774
G1 X85.672 Y72.363 E945.19974
G1 X86.913 Y72.527 E945.28301
G1 X88.011 Y72.98 E945.36202
G1 X88.011 Y79.504 E945.796
G1 X88.415 Y79.1 E945.83401
G1 X92.947 Y79.1 E946.13548
G1 X92.965 Y79 E946.14224
G1 X92.995 Y79 E946.14423
G1 X92.99 Y78.8 E946.15754
G1 X93.162 Y78.8 E946.16898
G1 X92.664 Y77.593 E946.25584
G1 X91.936 Y76.647 E946.33524
G1 X90.678 Y75.389 E946.45359
G1 X90.678 Y79.1 E946.70044
G1 F1500 E940.20044
G0 F7200 X93.345 Y85.316
G1 F1500 E946.70044
G1 F3600 X93.046 Y85.614 E946.72853
G1 X92.684 Y85.888 E946.75873
G1 X91.869 Y86.225 E946.81739
G1 X91.6 Y86.261 E946.83545
G1 X91.6 Y86.072 E946.84802
G1 X91.4 Y85.386 E946.89555
G1 X91.4 Y82.9 E947.06092
G1 X93.345 Y82.9 E947.1903
G1 X93.933 Y82.9 E947.22942
G1 X94.487 Y83.084 E947.26825
G1 X94.67 Y83.089 E947.28043
G1 X94.59 Y83.628 E947.31667
G1 X94.462 Y84.006 E947.34322
G1 X94.102 Y84.559 E947.38711
G1 X93.345 Y85.316 E947.45833
G1 X93.345 Y82.9 E947.61904
G1 F1500 E941.11904
G0 F7200 X93.345 Y124.683
G1 F1500 E947.61904
G1 F3600 X94.094 Y125.432 E947.6895
G1 X94.388 Y125.814 E947.72157
G1 X94.725 Y126.631 E947.78036
G1 X94.761 Y126.9 E947.79841
G1 X94.573 Y126.9 E947.81092
G1 X93.872 Y127.1 E947.85941
G1 X93.345 Y127.1 E947.89446
G1 X91.4 Y127.1 E948.02384
G1 X91.4 Y124.633 E948.18795
G1 X91.6 Y124.026 E948.23046
G1 X91.6 Y123.839 E948.2429
G1 X92.078 Y123.899 E948.27495
G1 X92.452 Y124.018 E948.30106
G1 X93.06 Y124.398 E948.34875
G1 X93.345 Y124.683 E948.37556
G1 X93.345 Y127.1 E948.53634
G1 F1500 E942.03634
G0 F7200 X90.678 Y134.612
G1 F1500 E948.53634
G1 F3600 X90.678 Y130.9 E948.78326
G1 X92.942 Y130.9 E948.93387
G1 X92.998 Y131.2 E948.95417
G1 X93.162 Y131.2 E948.96508
G1 X92.664 Y132.407 E949.05193
G1 X91.936 Y133.353 E949.13134
G1 X89.03 Y136.26 E949.40476
G1 X88.011 Y137.044 E949.49029
G1 X88.011 Y130.496 E949.92586
G1 X87.6 Y130.085 E949.96453
G1 X87.6 Y125.561 E950.26546
G1 X87.5 Y125.543 E950.27222
G1 X87.5 Y125.496 E950.27535
G1 X87.3 Y125.515 E950.28871
G1 X87.3 Y125.368 E950.29849
G1 X86.657 Y125.561 E950.34315
G1 X85.826 Y126.008 E950.40592
G1 X85.344 Y126.404 E950.44741
G1 X85.344 Y137.593 E951.19171
G1 X84.431 Y137.473 E951.25296
G1 X83.268 Y136.993 E951.33666
G1 X82.271 Y136.229 E951.42021
G1 X81.507 Y135.232 E951.50377
G1 X81.027 Y134.069 E951.58746
G1 X80.863 Y132.828 E951.67073
G1 X81.027 Y131.587 E951.754
G1 X81.507 Y130.423 E951.83775
G1 X82.24 Y129.47 E951.91773
G1 X82.677 Y129.033 E951.95884
G1 X82.677 Y136.54 E952.45821
G1 F1500 E945.95821
G0 F7200 X202.692 Y126.969
G1 F1500 E952.45821
G1 F3600 X202.692 Y125.753 E952.5391
G1 X202.872 Y125.466 E952.56163
G1 X204.034 Y124.304 E952.67094
G1 X204.556 Y124.013 E952.7107
G1 X205.131 Y123.775 E952.7521
G1 X205.4 Y123.739 E952.77015
G1 X205.4 Y123.939 E952.78345
G1 X205.6 Y124.623 E952.83086
G1 X205.6 Y127.1 E952.99563
G1 X205.359 Y127.1 E953.01166
G1 X205.359 Y123.744 E953.2349
G1 F1500 E946.7349
G0 F7200 X205.359 Y133.648
G1 F1500 E953.2349
G1 F3600 X205.359 Y130.9 E953.4177
G1 X204.053 Y130.9 E953.50458
G1 X204.035 Y131 E953.51133
G1 X204.005 Y131 E953.51333
G1 X204.01 Y131.2 E953.52664
G1 X203.838 Y131.2 E953.53808
G1 X204.336 Y132.407 E953.62493
G1 X205.064 Y133.353 E953.70434
G1 X208.026 Y136.316 E953.98303
G1 X208.026 Y130.9 E954.34331
G1 X208.585 Y130.9 E954.38049
G1 X209.4 Y130.085 E954.45716
G1 X209.4 Y125.558 E954.7583
G1 X209.7 Y125.502 E954.7786
G1 X209.7 Y125.338 E954.78951
G1 X210.693 Y125.748 E954.86097
G1 X210.693 Y137.553 E955.64624
G1 X211.328 Y137.637 E955.68885
G1 X212.569 Y137.473 E955.77212
G1 X213.36 Y137.147 E955.82903
G1 X213.36 Y128.071 E956.43277
G1 X214.76 Y129.47 E956.56443
G1 X215.493 Y130.423 E956.6444
G1 X215.973 Y131.587 E956.72816
G1 X216.027 Y131.996 E956.7556
G1 X216.027 Y133.661 E956.86636
G1 F1500 E950.36636
G0 F7200 X202.692 Y84.284
G1 F1500 E956.86636
G1 F3600 X202.692 Y83.017 E956.95064
G1 X203.055 Y82.9 E956.97601
G1 X205.6 Y82.9 E957.1453
G1 X205.6 Y85.428 E957.31347
G1 X205.416 Y85.979 E957.35211
G1 X205.411 Y86.164 E957.36442
G1 X205.359 Y86.155 E957.36793
G1 X205.359 Y82.9 E957.58445
G1 F1500 E951.08445
G0 F7200 X205.359 Y79.1
G1 F1500 E957.58445
G1 F3600 X205.359 Y76.351 E957.76732
G1 X205.064 Y76.647 E957.79512
G1 X204.336 Y77.593 E957.87452
G1 X203.838 Y78.8 E957.96138
G1 X204.002 Y78.8 E957.97229
G1 X204.058 Y79.1 E957.99259
G1 X208.026 Y79.1 E958.25654
G1 X208.026 Y73.696 E958.61602
G1 X208.923 Y73.007 E958.69126
G1 X210.087 Y72.527 E958.77501
G1 X210.693 Y72.446 E958.81568
G1 X210.693 Y84.253 E959.60108
G1 X210.907 Y84.164 E959.6165
G1 X211.853 Y83.436 E959.69591
G1 X213.36 Y81.93 E959.83763
G1 X213.36 Y72.854 E960.44137
G1 X213.732 Y73.007 E960.46812
G1 X214.729 Y73.771 E960.55168
G1 X215.493 Y74.768 E960.63523
G1 X215.973 Y75.931 E960.71892
G1 X216.027 Y76.34 E960.74637
G1 X216.027 Y78.005 E960.85712
G1 F1500 E954.35712
;MESH:manette_1-Body_(Meshed).stl
G0 F7200 X209.165 Y80.424
G0 X208.076 Y80.424
G0 X207.5 Y82
;TYPE:WALL-INNER
G1 F1500 E960.85712
G1 F3600 X207.5 Y128 E963.91706
G1 F3538.1 X207.493 Y128.174 E963.92884
G0 F7200 X207.197 Y128.697
G1 F3654.8 X206.674 Y128.993 E963.96822
G1 X207.514 Y129.014 E964.02327
G1 F3664.1 X207.493 Y128.174 E964.07819
G1 X207.197 Y128.697 E964.11747
G0 F7200 X206.924 Y128.424
G1 F3600 X206.589 Y128.6 E964.14264
G1 X90.5 Y128.6 E971.86491
G1 X90.075 Y128.425 E971.89549
G1 X89.9 Y128.089 E971.92069
G1 X89.9 Y82 E974.98654
G1 X90.075 Y81.575 E975.01711
G1 X90.411 Y81.4 E975.04231
G1 X206.5 Y81.4 E982.76458
G1 X206.924 Y81.576 E982.79512
G1 X207.1 Y82 E982.82566
G1 X207.1 Y128.089 E985.89151
G1 X206.924 Y128.424 E985.91669
G0 F7200 X206.674 Y128.993
G1 F3529.4 X206.5 Y129 E985.9285
G1 F3600 X90.5 Y129 E993.64485
G0 F7200 X89.803 Y128.697
G1 F3654.8 X89.507 Y128.174 E993.68423
G1 X89.486 Y129.014 E993.73928
G1 F3730.6 X90.5 Y129 E993.80438
G1 X89.803 Y128.697 E993.85317
G0 F7200 X89.507 Y128.174
G1 F3529.4 X89.5 Y128 E993.86498
G1 F3600 X89.5 Y82 E996.92492
G0 F7200 X89.803 Y81.303
G1 F3654.8 X90.326 Y81.007 E996.96429
G1 X89.486 Y80.986 E997.01935
G1 F3730.6 X89.5 Y82 E997.08445
G1 X89.803 Y81.303 E997.13323
G0 F7200 X90.326 Y81.007
G1 F3529.4 X90.5 Y81 E997.14505
G1 F3600 X206.5 Y81 E1004.8614
G0 F7200 X207.197 Y81.303
G1 F3730.6 X207.5 Y82 E1004.91019
G1 X207.514 Y80.986 E1004.97528
G1 X206.5 Y81 E1005.04038
G1 X207.197 Y81.303 E1005.08917
G0 F7200 X207.197 Y81.09
G0 X207.62 Y129.12
G0 X207.9 Y129.4
G1 F3600 X207.9 Y80.6 E1008.33536
G1 X89.101 Y80.601 E1016.2379
G1 X89.101 Y129.399 E1019.48395
G1 X207.9 Y129.4 E1027.3865
G0 F7200 X208.3 Y129.8
;TYPE:WALL-OUTER
G1 F1800 X208.3 Y80.2 E1030.6859
G1 X88.701 Y80.201 E1038.64166
G1 X88.701 Y129.799 E1041.94093
G1 X208.3 Y129.8 E1049.89669
G0 F7200 X208.3 Y129.6
G0 X207.62 Y129.12
G0 X207.41 Y128.035
G0 X206.698 Y128.035
G1 F1800 X206.642 Y128.142 E1049.90472
G1 X206.535 Y128.198 E1049.91276
G1 X90.5 Y128.2 E1057.63144
G1 X90.358 Y128.142 E1057.64164
G1 X90.302 Y128.035 E1057.64967
G1 X90.3 Y82 E1060.71193
G1 X90.358 Y81.858 E1060.72214
G1 X90.465 Y81.802 E1060.73017
G1 X206.5 Y81.8 E1068.44885
G1 X206.642 Y81.858 E1068.45905
G1 X206.7 Y82 E1068.46926
G1 X206.698 Y128.035 E1071.53152
G0 F7200 X206.642 Y128.142
G0 X206.573 Y128.178
G1 F1500 E1065.03152
;MESH:NONMESH
G0 F600 X206.573 Y128.178 Z16.6
G0 F7200 X206.573 Y128.91
G0 X90.062 Y128.438
G0 X90.053 Y81.575
G0 X82.677 Y80.966
;TIME_ELAPSED:4774.262398
;LAYER:41
;TYPE:SUPPORT
G1 F1500 E1071.53152
G1 F3600 X82.677 Y73.459 E1072.03088
G1 X82.271 Y73.771 E1072.06495
G1 X81.507 Y74.768 E1072.1485
G1 X81.027 Y75.931 E1072.23219
G1 X80.863 Y77.172 E1072.31546
G1 X81.027 Y78.413 E1072.39873
G1 X81.507 Y79.577 E1072.48249
G1 X82.24 Y80.53 E1072.56246
G1 X85.134 Y83.423 E1072.83466
G1 X85.344 Y83.595 E1072.85272
G1 X85.344 Y72.406 E1073.59702
G1 X85.672 Y72.363 E1073.61902
G1 X86.913 Y72.527 E1073.70229
G1 X88.011 Y72.98 E1073.7813
G1 X88.011 Y79.504 E1074.21528
G1 X88.415 Y79.1 E1074.25329
G1 X92.947 Y79.1 E1074.55476
G1 X92.965 Y79 E1074.56152
G1 X92.995 Y79 E1074.56351
G1 X92.99 Y78.8 E1074.57682
G1 X93.162 Y78.8 E1074.58826
G1 X92.664 Y77.593 E1074.67512
G1 X91.936 Y76.647 E1074.75452
G1 X90.678 Y75.389 E1074.87287
G1 X90.678 Y79.1 E1075.11972
G1 F1500 E1068.61972
G0 F7200 X93.345 Y85.316
G1 F1500 E1075.11972
G1 F3600 X93.046 Y85.614 E1075.1478
G1 X92.684 Y85.888 E1075.178
G1 X91.869 Y86.225 E1075.23667
G1 X91.6 Y86.261 E1075.25472
G1 X91.6 Y86.059 E1075.26816
G1 X91.4 Y85.385 E1075.31493
G1 X91.4 Y82.9 E1075.48023
G1 X93.345 Y82.9 E1075.60961
G1 X93.887 Y82.9 E1075.64567
G1 X94.49 Y83.084 E1075.6876
G1 X94.67 Y83.09 E1075.69958
G1 X94.59 Y83.628 E1075.73577
G1 X94.462 Y84.006 E1075.76231
G1 X94.102 Y84.559 E1075.80621
G1 X93.345 Y85.316 E1075.87742
G1 X93.345 Y82.9 E1076.03813
G1 F1500 E1069.53813
G0 F7200 X93.345 Y124.683
G1 F1500 E1076.03813
G1 F3600 X94.094 Y125.432 E1076.1086
G1 X94.388 Y125.814 E1076.14066
G1 X94.725 Y126.631 E1076.19945
G1 X94.761 Y126.9 E1076.2175
G1 X94.553 Y126.9 E1076.23134
G1 X93.87 Y127.1 E1076.27868
G1 X93.345 Y127.1 E1076.3136
G1 X91.4 Y127.1 E1076.44299
G1 X91.4 Y124.658 E1076.60543
G1 X91.6 Y124.025 E1076.64959
G1 X91.6 Y123.839 E1076.66196
G1 X92.078 Y123.899 E1076.69401
G1 X92.452 Y124.018 E1076.72011
G1 X93.06 Y124.398 E1076.76781
G1 X93.345 Y124.683 E1076.79462
G1 X93.345 Y127.1 E1076.9554
G1 F1500 E1070.4554
G0 F7200 X90.678 Y134.612
G1 F1500 E1076.9554
G1 F3600 X90.678 Y130.9 E1077.20232
G1 X92.942 Y130.9 E1077.35292
G1 X92.998 Y131.2 E1077.37322
G1 X93.162 Y131.2 E1077.38413
G1 X92.664 Y132.407 E1077.47099
G1 X91.936 Y133.353 E1077.55039
G1 X89.03 Y136.26 E1077.82382
G1 X88.011 Y137.044 E1077.90934
G1 X88.011 Y130.496 E1078.34492
G1 X87.6 Y130.085 E1078.38358
G1 X87.6 Y125.561 E1078.68452
G1 X87.5 Y125.543 E1078.69128
G1 X87.5 Y125.496 E1078.69441
G1 X87.3 Y125.515 E1078.70777
G1 X87.3 Y125.368 E1078.71755
G1 X86.657 Y125.561 E1078.76221
G1 X85.826 Y126.008 E1078.82497
G1 X85.344 Y126.404 E1078.86647
G1 X85.344 Y137.593 E1079.61077
G1 X84.431 Y137.473 E1079.67202
G1 X83.268 Y136.993 E1079.75571
G1 X82.271 Y136.229 E1079.83927
G1 X81.507 Y135.232 E1079.92282
G1 X81.027 Y134.069 E1080.00652
G1 X80.863 Y132.828 E1080.08978
G1 X81.027 Y131.587 E1080.17305
G1 X81.507 Y130.423 E1080.25681
G1 X82.24 Y129.47 E1080.33679
G1 X82.677 Y129.033 E1080.3779
G1 X82.677 Y136.54 E1080.87726
G1 F1500 E1074.37726
G0 F7200 X202.692 Y126.965
G1 F1500 E1080.87726
G1 F3600 X202.692 Y125.753 E1080.95789
G1 X202.872 Y125.466 E1080.98042
G1 X204.034 Y124.304 E1081.08974
G1 X204.556 Y124.013 E1081.12949
G1 X205.131 Y123.775 E1081.17089
G1 X205.4 Y123.739 E1081.18894
G1 X205.4 Y123.949 E1081.20291
G1 X205.6 Y124.622 E1081.24961
G1 X205.6 Y127.1 E1081.41445
G1 X205.359 Y127.1 E1081.43048
G1 X205.359 Y123.744 E1081.65372
G1 F1500 E1075.15372
G0 F7200 X205.359 Y133.648
G1 F1500 E1081.65372
G1 F3600 X205.359 Y130.9 E1081.83652
G1 X204.053 Y130.9 E1081.9234
G1 X204.035 Y131 E1081.93015
G1 X204.005 Y131 E1081.93215
G1 X204.01 Y131.2 E1081.94546
G1 X203.838 Y131.2 E1081.9569
G1 X204.336 Y132.407 E1082.04376
G1 X205.064 Y133.353 E1082.12316
G1 X208.026 Y136.316 E1082.40185
G1 X208.026 Y130.9 E1082.76213
G1 X208.585 Y130.9 E1082.79931
G1 X209.4 Y130.085 E1082.87598
G1 X209.4 Y125.558 E1083.17712
G1 X209.7 Y125.502 E1083.19742
G1 X209.7 Y125.338 E1083.20833
G1 X210.693 Y125.748 E1083.27979
G1 X210.693 Y137.553 E1084.06507
G1 X211.328 Y137.637 E1084.10767
G1 X212.569 Y137.473 E1084.19094
G1 X213.36 Y137.147 E1084.24785
G1 X213.36 Y128.071 E1084.85159
G1 X214.76 Y129.47 E1084.98325
G1 X215.493 Y130.423 E1085.06323
G1 X215.973 Y131.587 E1085.14698
G1 X216.027 Y131.996 E1085.17442
G1 X216.027 Y133.661 E1085.28518
G1 F1500 E1078.78518
G0 F7200 X202.692 Y84.284
G1 F1500 E1085.28518
G1 F3600 X202.692 Y83.023 E1085.36906
G1 X203.088 Y82.9 E1085.39664
G1 X205.6 Y82.9 E1085.56374
G1 X205.6 Y85.387 E1085.72918
G1 X205.416 Y85.98 E1085.77048
G1 X205.41 Y86.164 E1085.78273
G1 X205.359 Y86.155 E1085.78617
G1 X205.359 Y82.9 E1086.0027
G1 F1500 E1079.5027
G0 F7200 X205.359 Y79.1
G1 F1500 E1086.0027
G1 F3600 X205.359 Y76.351 E1086.18556
G1 X205.064 Y76.647 E1086.21336
G1 X204.336 Y77.593 E1086.29276
G1 X203.838 Y78.8 E1086.37962
G1 X204.002 Y78.8 E1086.39053
G1 X204.058 Y79.1 E1086.41083
G1 X208.026 Y79.1 E1086.67478
G1 X208.026 Y73.696 E1087.03426
G1 X208.923 Y73.007 E1087.1095
G1 X210.087 Y72.527 E1087.19325
G1 X210.693 Y72.446 E1087.23392
G1 X210.693 Y84.253 E1088.01933
G1 X210.907 Y84.164 E1088.03474
G1 X211.853 Y83.436 E1088.11415
G1 X213.36 Y81.93 E1088.25587
G1 X213.36 Y72.854 E1088.85961
G1 X213.732 Y73.007 E1088.88637
G1 X214.729 Y73.771 E1088.96992
G1 X215.493 Y74.768 E1089.05347
G1 X215.973 Y75.931 E1089.13717
G1 X216.027 Y76.34 E1089.16461
G1 X216.027 Y78.005 E1089.27537
G1 F1500 E1082.77537
;MESH:manette_1-Body_(Meshed).stl
G0 F7200 X209.165 Y80.424
G0 X208.076 Y80.424
G0 X207.5 Y82
;TYPE:WALL-INNER
G1 F1500 E1089.27537
G1 F3600 X207.5 Y128 E1092.3353
G1 F3538.1 X207.493 Y128.174 E1092.34708
G0 F7200 X207.197 Y128.697
G1 F3654.8 X206.674 Y128.993 E1092.38646
G1 X207.514 Y129.014 E1092.44152
G1 F3664.1 X207.493 Y128.174 E1092.49643
G1 X207.197 Y128.697 E1092.53571
G0 F7200 X206.924 Y128.424
G1 F3600 X206.589 Y128.6 E1092.56088
G1 X90.5 Y128.6 E1100.28315
G1 X90.075 Y128.425 E1100.31373
G1 X89.9 Y128.089 E1100.33893
G1 X89.9 Y82 E1103.40478
G1 X90.075 Y81.575 E1103.43535
G1 X90.411 Y81.4 E1103.46056
G1 X206.5 Y81.4 E1111.18283
G1 X206.924 Y81.576 E1111.21336
G1 X207.1 Y82 E1111.2439
G1 X207.1 Y128.089 E1114.30976
G1 X206.924 Y128.424 E1114.33493
G0 F7200 X206.674 Y128.993
G1 F3529.4 X206.5 Y129 E1114.34674
G1 F3600 X90.5 Y129 E1122.0631
G0 F7200 X89.803 Y128.697
G1 F3654.8 X89.507 Y128.174 E1122.10247
G1 X89.486 Y129.014 E1122.15753
G1 F3730.6 X90.5 Y129 E1122.22262
G1 X89.803 Y128.697 E1122.27141
G0 F7200 X89.507 Y128.174
G1 F3529.4 X89.5 Y128 E1122.28323
G1 F3600 X89.5 Y82 E1125.34316
G0 F7200 X89.803 Y81.303
G1 F3654.8 X90.326 Y81.007 E1125.38253
G1 X89.486 Y80.986 E1125.43759
G1 F3730.6 X89.5 Y82 E1125.50269
G1 X89.803 Y81.303 E1125.55147
G0 F7200 X90.326 Y81.007
G1 F3529.4 X90.5 Y81 E1125.56329
G1 F3600 X206.5 Y81 E1133.27964
G0 F7200 X207.197 Y81.303
G1 F3730.6 X207.5 Y82 E1133.32843
G1 X207.514 Y80.986 E1133.39352
G1 X206.5 Y81 E1133.45862
G1 X207.197 Y81.303 E1133.50741
G0 F7200 X207.197 Y81.09
G0 X207.62 Y129.12
G0 X207.9 Y129.4
G1 F3600 X207.9 Y80.6 E1136.7536
G1 X89.101 Y80.601 E1144.65614
G1 X89.101 Y129.399 E1147.9022
G1 X207.9 Y129.4 E1155.80474
G0 F7200 X208.3 Y129.8
;TYPE:WALL-OUTER
G1 F1800 X208.3 Y80.2 E1159.10414
G1 X88.701 Y80.201 E1167.0599
G1 X88.701 Y129.799 E1170.35917
G1 X208.3 Y129.8 E1178.31493
G0 F7200 X208.3 Y129.6
G0 X207.62 Y129.12
G0 X207.41 Y128.035
G0 X206.698 Y128.035
G1 F1800 X206.642 Y128.142 E1178.32296
G1 X206.535 Y128.198 E1178.331
G1 X90.5 Y128.2 E1186.04968
G1 X90.358 Y128.142 E1186.05988
G1 X90.302 Y128.035 E1186.06791
G1 X90.3 Y82 E1189.13017
G1 X90.358 Y81.858 E1189.14038
G1 X90.465 Y81.802 E1189.14841
G1 X206.5 Y81.8 E1196.86709
G1 X206.642 Y81.858 E1196.87729
G1 X206.7 Y82 E1196.8875
G1 X206.698 Y128.035 E1199.94976
G0 F7200 X206.642 Y128.142
G0 X206.573 Y128.178
G1 F1500 E1193.44976
;MESH:NONMESH
G0 F600 X206.573 Y128.178 Z17
G0 F7200 X206.573 Y128.91
G0 X90.062 Y128.438
G0 X90.053 Y81.575
G0 X82.677 Y80.966
;TIME_ELAPSED:4827.657968
;LAYER:42
;TYPE:SUPPORT
G1 F1500 E1199.94976
G1 F3600 X82.677 Y73.459 E1200.44913
G1 X82.271 Y73.771 E1200.48319
G1 X81.507 Y74.768 E1200.56674
G1 X81.027 Y75.931 E1200.65043
G1 X80.863 Y77.172 E1200.7337
G1 X81.027 Y78.413 E1200.81697
G1 X81.507 Y79.577 E1200.90073
G1 X82.24 Y80.53 E1200.9807
G1 X85.134 Y83.423 E1201.25291
G1 X85.344 Y83.595 E1201.27096
G1 X85.344 Y72.406 E1202.01526
G1 X85.672 Y72.363 E1202.03726
G1 X86.913 Y72.527 E1202.12053
G1 X88.011 Y72.98 E1202.19955
G1 X88.011 Y79.504 E1202.63352
G1 X88.415 Y79.1 E1202.67153
G1 X92.947 Y79.1 E1202.973
G1 X92.965 Y79 E1202.97976
G1 X92.995 Y79 E1202.98175
G1 X92.99 Y78.8 E1202.99506
G1 X93.162 Y78.8 E1203.0065
G1 X92.664 Y77.593 E1203.09336
G1 X91.936 Y76.647 E1203.17276
G1 X90.678 Y75.389 E1203.29111
G1 X90.678 Y79.1 E1203.53797
G1 F1500 E1197.03797
G0 F7200 X93.345 Y85.316
G1 F1500 E1203.53797
G1 F3600 X93.046 Y85.614 E1203.56605
G1 X92.684 Y85.888 E1203.59625
G1 X91.869 Y86.225 E1203.65491
G1 X91.6 Y86.261 E1203.67297
G1 X91.6 Y86.018 E1203.68913
G1 X91.4 Y85.32 E1203.73743
G1 X91.4 Y82.9 E1203.89841
G1 X93.345 Y82.9 E1204.02779
G1 X93.814 Y82.9 E1204.05899
G1 X94.448 Y83.084 E1204.1029
G1 X94.669 Y83.093 E1204.11762
G1 X94.59 Y83.628 E1204.15359
G1 X94.462 Y84.006 E1204.18014
G1 X94.102 Y84.559 E1204.22403
G1 X93.345 Y85.316 E1204.29525
G1 X93.345 Y82.9 E1204.45596
G1 F1500 E1197.95596
G0 F7200 X93.345 Y124.683
G1 F1500 E1204.45596
G1 F3600 X94.094 Y125.432 E1204.52642
G1 X94.388 Y125.814 E1204.55848
G1 X94.725 Y126.631 E1204.61727
G1 X94.761 Y126.9 E1204.63533
G1 X94.514 Y126.9 E1204.65176
G1 X93.816 Y127.1 E1204.70006
G1 X93.345 Y127.1 E1204.73139
G1 X91.4 Y127.1 E1204.86077
G1 X91.4 Y124.718 E1205.01922
G1 X91.486 Y124.523 E1205.0334
G1 X91.6 Y124.032 E1205.06693
G1 X91.6 Y123.839 E1205.07977
G1 X92.078 Y123.899 E1205.11181
G1 X92.452 Y124.018 E1205.13792
G1 X93.06 Y124.398 E1205.18562
G1 X93.345 Y124.683 E1205.21243
G1 X93.345 Y127.1 E1205.37321
G1 F1500 E1198.87321
G0 F7200 X90.678 Y134.612
G1 F1500 E1205.37321
G1 F3600 X90.678 Y130.9 E1205.62013
G1 X92.942 Y130.9 E1205.77073
G1 X92.998 Y131.2 E1205.79103
G1 X93.162 Y131.2 E1205.80194
G1 X92.664 Y132.407 E1205.8888
G1 X91.936 Y133.353 E1205.9682
G1 X89.03 Y136.26 E1206.24163
G1 X88.011 Y137.044 E1206.32715
G1 X88.011 Y130.496 E1206.76273
G1 X87.6 Y130.085 E1206.80139
G1 X87.6 Y125.561 E1207.10233
G1 X87.5 Y125.543 E1207.10909
G1 X87.5 Y125.496 E1207.11221
G1 X87.3 Y125.515 E1207.12558
G1 X87.3 Y125.368 E1207.13536
G1 X86.657 Y125.561 E1207.18001
G1 X85.826 Y126.008 E1207.24278
G1 X85.344 Y126.404 E1207.28428
G1 X85.344 Y137.593 E1208.02857
G1 X84.431 Y137.473 E1208.08983
G1 X83.268 Y136.993 E1208.17352
G1 X82.271 Y136.229 E1208.25708
G1 X81.507 Y135.232 E1208.34063
G1 X81.027 Y134.069 E1208.42432
G1 X80.863 Y132.828 E1208.50759
G1 X81.027 Y131.587 E1208.59086
G1 X81.507 Y130.423 E1208.67462
G1 X82.24 Y129.47 E1208.75459
G1 X82.677 Y129.033 E1208.7957
G1 X82.677 Y136.54 E1209.29507
G1 F1500 E1202.79507
G0 F7200 X202.692 Y126.952
G1 F1500 E1209.29507
G1 F3600 X202.692 Y125.753 E1209.37483
G1 X202.872 Y125.466 E1209.39736
G1 X204.034 Y124.304 E1209.50668
G1 X204.556 Y124.013 E1209.54643
G1 X205.131 Y123.775 E1209.58783
G1 X205.4 Y123.739 E1209.60588
G1 X205.4 Y123.985 E1209.62225
G1 X205.575 Y124.629 E1209.66664
G1 X205.6 Y124.677 E1209.67024
G1 X205.6 Y127.1 E1209.83142
G1 X205.359 Y127.1 E1209.84745
G1 X205.359 Y123.744 E1210.07069
G1 F1500 E1203.57069
G0 F7200 X205.359 Y133.648
G1 F1500 E1210.07069
G1 F3600 X205.359 Y130.9 E1210.25349
G1 X204.053 Y130.9 E1210.34036
G1 X204.035 Y131 E1210.34712
G1 X204.005 Y131 E1210.34912
G1 X204.01 Y131.2 E1210.36243
G1 X203.838 Y131.2 E1210.37387
G1 X204.336 Y132.407 E1210.46072
G1 X205.064 Y133.353 E1210.54013
G1 X208.026 Y136.316 E1210.81882
G1 X208.026 Y130.9 E1211.1791
G1 X208.585 Y130.9 E1211.21628
G1 X209.4 Y130.085 E1211.29295
G1 X209.4 Y125.558 E1211.59409
G1 X209.7 Y125.502 E1211.61439
G1 X209.7 Y125.338 E1211.6253
G1 X210.693 Y125.748 E1211.69676
G1 X210.693 Y137.553 E1212.48203
G1 X211.328 Y137.637 E1212.52464
G1 X212.569 Y137.473 E1212.60791
G1 X213.36 Y137.147 E1212.66482
G1 X213.36 Y128.071 E1213.26856
G1 X214.76 Y129.47 E1213.40022
G1 X215.493 Y130.423 E1213.48019
G1 X215.973 Y131.587 E1213.56395
G1 X216.027 Y131.996 E1213.59139
G1 X216.027 Y133.661 E1213.70215
G1 F1500 E1207.20215
G0 F7200 X202.692 Y84.284
G1 F1500 E1213.70215
G1 F3600 X202.692 Y83.041 E1213.78483
G1 X203.179 Y82.9 E1213.81856
G1 X205.6 Y82.9 E1213.9796
G1 X205.6 Y85.314 E1214.14018
G1 X205.417 Y85.945 E1214.18389
G1 X205.41 Y86.164 E1214.19846
G1 X205.359 Y86.155 E1214.20191
G1 X205.359 Y82.9 E1214.41843
G1 F1500 E1207.91843
G0 F7200 X205.359 Y79.1
G1 F1500 E1214.41843
G1 F3600 X205.359 Y76.351 E1214.6013
G1 X205.064 Y76.647 E1214.62909
G1 X204.336 Y77.593 E1214.7085
G1 X203.838 Y78.8 E1214.79535
G1 X204.002 Y78.8 E1214.80626
G1 X204.058 Y79.1 E1214.82656
G1 X208.026 Y79.1 E1215.09052
G1 X208.026 Y73.696 E1215.44999
G1 X208.923 Y73.007 E1215.52523
G1 X210.087 Y72.527 E1215.60899
G1 X210.693 Y72.446 E1215.64966
G1 X210.693 Y84.253 E1216.43506
G1 X210.907 Y84.164 E1216.45048
G1 X211.853 Y83.436 E1216.52988
G1 X213.36 Y81.93 E1216.67161
G1 X213.36 Y72.854 E1217.27534
G1 X213.732 Y73.007 E1217.3021
G1 X214.729 Y73.771 E1217.38565
G1 X215.493 Y74.768 E1217.46921
G1 X215.973 Y75.931 E1217.5529
G1 X216.027 Y76.34 E1217.58034
G1 X216.027 Y78.005 E1217.6911
G1 F1500 E1211.1911
;MESH:manette_1-Body_(Meshed).stl
G0 F7200 X209.165 Y80.424
G0 X208.076 Y80.424
G0 X207.5 Y82
;TYPE:WALL-INNER
G1 F1500 E1217.6911
G1 F3600 X207.5 Y128 E1220.75103
G1 F3538.1 X207.493 Y128.174 E1220.76282
G0 F7200 X207.197 Y128.697
G1 F3654.8 X206.674 Y128.993 E1220.8022
G1 X207.514 Y129.014 E1220.85725
G1 F3664.1 X207.493 Y128.174 E1220.91217
G1 X207.197 Y128.697 E1220.95144
G0 F7200 X206.924 Y128.424
G1 F3600 X206.589 Y128.6 E1220.97662
G1 X90.5 Y128.6 E1228.69889
G1 X90.075 Y128.425 E1228.72946
G1 X89.9 Y128.089 E1228.75466
G1 X89.9 Y82 E1231.82052
G1 X90.075 Y81.575 E1231.85109
G1 X90.411 Y81.4 E1231.87629
G1 X206.5 Y81.4 E1239.59856
G1 X206.924 Y81.576 E1239.6291
G1 X207.1 Y82 E1239.65964
G1 X207.1 Y128.089 E1242.72549
G1 X206.924 Y128.424 E1242.75066
G0 F7200 X206.674 Y128.993
G1 F3529.4 X206.5 Y129 E1242.76248
G1 F3600 X90.5 Y129 E1250.47883
G0 F7200 X89.803 Y128.697
G1 F3654.8 X89.507 Y128.174 E1250.51821
G1 X89.486 Y129.014 E1250.57326
G1 F3730.6 X90.5 Y129 E1250.63836
G1 X89.803 Y128.697 E1250.68715
G0 F7200 X89.507 Y128.174
G1 F3529.4 X89.5 Y128 E1250.69896
G1 F3600 X89.5 Y82 E1253.75889
G0 F7200 X89.803 Y81.303
G1 F3654.8 X90.326 Y81.007 E1253.79827
G1 X89.486 Y80.986 E1253.85333
G1 F3730.6 X89.5 Y82 E1253.91842
G1 X89.803 Y81.303 E1253.96721
G0 F7200 X90.326 Y81.007
G1 F3529.4 X90.5 Y81 E1253.97903
G1 F3600 X206.5 Y81 E1261.69538
G0 F7200 X207.197 Y81.303
G1 F3730.6 X207.5 Y82 E1261.74416
G1 X207.514 Y80.986 E1261.80926
G1 X206.5 Y81 E1261.87436
G1 X207.197 Y81.303 E1261.92314
G0 F7200 X207.197 Y81.09
G0 X207.62 Y129.12
G0 X207.9 Y129.4
G1 F3600 X207.9 Y80.6 E1265.16933
G1 X89.101 Y80.601 E1273.07187
G1 X89.101 Y129.399 E1276.31793
G1 X207.9 Y129.4 E1284.22047
G0 F7200 X208.3 Y129.8
;TYPE:WALL-OUTER
G1 F1800 X208.3 Y80.2 E1287.51988
G1 X88.701 Y80.201 E1295.47564
G1 X88.701 Y129.799 E1298.77491
G1 X208.3 Y129.8 E1306.73067
G0 F7200 X208.3 Y129.6
G0 X207.62 Y129.12
G0 X207.41 Y128.035
G0 X206.698 Y128.035
G1 F1800 X206.642 Y128.142 E1306.7387
G1 X206.535 Y128.198 E1306.74673
G1 X90.5 Y128.2 E1314.46541
G1 X90.358 Y128.142 E1314.47562
G1 X90.302 Y128.035 E1314.48365
G1 X90.3 Y82 E1317.54591
G1 X90.358 Y81.858 E1317.55611
G1 X90.465 Y81.802 E1317.56415
G1 X206.5 Y81.8 E1325.28283
G1 X206.642 Y81.858 E1325.29303
G1 X206.7 Y82 E1325.30323
G1 X206.698 Y128.035 E1328.36549
G0 F7200 X206.642 Y128.142
G0 X206.573 Y128.178
G1 F1500 E1321.86549
;MESH:NONMESH
G0 F600 X206.573 Y128.178 Z17.4
G0 F7200 X206.573 Y128.91
G0 X90.062 Y128.438
G0 X90.053 Y81.575
G0 X82.677 Y80.966
;TIME_ELAPSED:4881.054872
;LAYER:43
;TYPE:SUPPORT
G1 F1500 E1328.36549
G1 F3600 X82.677 Y73.459 E1328.86486
G1 X82.271 Y73.771 E1328.89892
G1 X81.507 Y74.768 E1328.98248
G1 X81.027 Y75.931 E1329.06617
G1 X80.863 Y77.172 E1329.14944
G1 X81.027 Y78.413 E1329.23271
G1 X81.507 Y79.577 E1329.31646
G1 X82.24 Y80.53 E1329.39644
G1 X85.134 Y83.423 E1329.66864
G1 X85.344 Y83.595 E1329.6867
G1 X85.344 Y72.406 E1330.43099
G1 X85.672 Y72.363 E1330.453
G1 X86.913 Y72.527 E1330.53627
G1 X88.011 Y72.98 E1330.61528
G1 X88.011 Y79.504 E1331.04926
G1 X88.415 Y79.1 E1331.08726
G1 X92.947 Y79.1 E1331.38873
G1 X92.965 Y79 E1331.39549
G1 X92.995 Y79 E1331.39749
G1 X92.99 Y78.8 E1331.4108
G1 X93.162 Y78.8 E1331.42224
G1 X92.664 Y77.593 E1331.50909
G1 X91.936 Y76.647 E1331.5885
G1 X90.678 Y75.389 E1331.70684
G1 X90.678 Y79.1 E1331.9537
G1 F1500 E1325.4537
G0 F7200 X93.345 Y85.316
G1 F1500 E1331.9537
G1 F3600 X93.046 Y85.614 E1331.98178
G1 X92.684 Y85.888 E1332.01198
G1 X91.869 Y86.225 E1332.07065
G1 X91.6 Y86.261 E1332.0887
G1 X91.6 Y85.985 E1332.10706
G1 X91.4 Y85.332 E1332.15249
G1 X91.4 Y82.9 E1332.31427
G1 X93.345 Y82.9 E1332.44365
G1 X93.764 Y82.9 E1332.47152
G1 X94.375 Y83.08 E1332.51389
G1 X94.67 Y83.093 E1332.53354
G1 X94.59 Y83.628 E1332.56952
G1 X94.462 Y84.006 E1332.59607
G1 X94.102 Y84.559 E1332.63996
G1 X93.345 Y85.316 E1332.71117
G1 X93.345 Y82.9 E1332.87189
G1 F1500 E1326.37189
G0 F7200 X93.345 Y124.683
G1 F1500 E1332.87189
G1 F3600 X94.094 Y125.432 E1332.94235
G1 X94.388 Y125.814 E1332.97441
G1 X94.725 Y126.631 E1333.0332
G1 X94.761 Y126.9 E1333.05126
G1 X94.517 Y126.9 E1333.06749
G1 X94.07 Y126.997 E1333.09791
G1 X93.808 Y127.1 E1333.11664
G1 X93.345 Y127.1 E1333.14744
G1 X91.4 Y127.1 E1333.27682
G1 X91.4 Y124.742 E1333.43368
G1 X91.5 Y124.517 E1333.45005
G1 X91.6 Y124.061 E1333.48111
G1 X91.6 Y123.839 E1333.49588
G1 X92.078 Y123.899 E1333.52792
G1 X92.452 Y124.018 E1333.55403
G1 X93.06 Y124.398 E1333.60172
G1 X93.345 Y124.683 E1333.62853
G1 X93.345 Y127.1 E1333.78931
G1 F1500 E1327.28931
G0 F7200 X90.678 Y134.612
G1 F1500 E1333.78931
G1 F3600 X90.678 Y130.9 E1334.03624
G1 X92.942 Y130.9 E1334.18684
G1 X92.998 Y131.2 E1334.20714
G1 X93.162 Y131.2 E1334.21805
G1 X92.664 Y132.407 E1334.30491
G1 X91.936 Y133.353 E1334.38431
G1 X89.03 Y136.26 E1334.65774
G1 X88.011 Y137.044 E1334.74326
G1 X88.011 Y130.496 E1335.17884
G1 X87.6 Y130.085 E1335.2175
G1 X87.6 Y125.561 E1335.51844
G1 X87.5 Y125.543 E1335.5252
G1 X87.5 Y125.496 E1335.52832
G1 X87.3 Y125.515 E1335.54169
G1 X87.3 Y125.368 E1335.55147
G1 X86.657 Y125.561 E1335.59612
G1 X85.826 Y126.008 E1335.65889
G1 X85.344 Y126.404 E1335.70039
G1 X85.344 Y137.593 E1336.44468
G1 X84.431 Y137.473 E1336.50594
G1 X83.268 Y136.993 E1336.58963
G1 X82.271 Y136.229 E1336.67318
G1 X81.507 Y135.232 E1336.75674
G1 X81.027 Y134.069 E1336.84043
G1 X80.863 Y132.828 E1336.9237
G1 X81.027 Y131.587 E1337.00697
G1 X81.507 Y130.423 E1337.09073
G1 X82.24 Y129.47 E1337.1707
G1 X82.677 Y129.033 E1337.21181
G1 X82.677 Y136.54 E1337.71118
G1 F1500 E1331.21118
G0 F7200 X202.692 Y126.937
G1 F1500 E1337.71118
G1 F3600 X202.692 Y125.753 E1337.78994
G1 X202.872 Y125.466 E1337.81248
G1 X204.034 Y124.304 E1337.92179
G1 X204.556 Y124.013 E1337.96154
G1 X205.131 Y123.775 E1338.00294
G1 X205.4 Y123.739 E1338.02099
G1 X205.4 Y124.017 E1338.03949
G1 X205.6 Y124.678 E1338.08542
G1 X205.6 Y127.1 E1338.24654
G1 X205.359 Y127.1 E1338.26257
G1 X205.359 Y123.744 E1338.48581
G1 F1500 E1331.98581
G0 F7200 X205.359 Y133.648
G1 F1500 E1338.48581
G1 F3600 X205.359 Y130.9 E1338.66861
G1 X204.053 Y130.9 E1338.75548
G1 X204.035 Y131 E1338.76224
G1 X204.005 Y131 E1338.76424
G1 X204.01 Y131.2 E1338.77755
G1 X203.838 Y131.2 E1338.78899
G1 X204.336 Y132.407 E1338.87584
G1 X205.064 Y133.353 E1338.95525
G1 X208.026 Y136.316 E1339.23394
G1 X208.026 Y130.9 E1339.59422
G1 X208.585 Y130.9 E1339.6314
G1 X209.4 Y130.085 E1339.70807
G1 X209.4 Y125.558 E1340.00921
G1 X209.7 Y125.502 E1340.02951
G1 X209.7 Y125.338 E1340.04042
G1 X210.693 Y125.748 E1340.11188
G1 X210.693 Y137.553 E1340.89715
G1 X211.328 Y137.637 E1340.93976
G1 X212.569 Y137.473 E1341.02303
G1 X213.36 Y137.147 E1341.07994
G1 X213.36 Y128.071 E1341.68368
G1 X214.76 Y129.47 E1341.81534
G1 X215.493 Y130.423 E1341.89531
G1 X215.973 Y131.587 E1341.97907
G1 X216.027 Y131.996 E1342.00651
G1 X216.027 Y133.661 E1342.11727
G1 F1500 E1335.61727
G0 F7200 X202.692 Y84.284
G1 F1500 E1342.11727
G1 F3600 X202.692 Y83.053 E1342.19915
G1 X203.189 Y82.9 E1342.23374
G1 X205.6 Y82.9 E1342.39413
G1 X205.6 Y85.265 E1342.55145
G1 X205.419 Y85.875 E1342.59377
G1 X205.408 Y86.163 E1342.61294
G1 X205.359 Y86.155 E1342.61625
G1 X205.359 Y82.9 E1342.83277
G1 F1500 E1336.33277
G0 F7200 X205.359 Y79.1
G1 F1500 E1342.83277
G1 F3600 X205.359 Y76.351 E1343.01563
G1 X205.064 Y76.647 E1343.04343
G1 X204.336 Y77.593 E1343.12284
G1 X203.838 Y78.8 E1343.20969
G1 X204.002 Y78.8 E1343.2206
G1 X204.058 Y79.1 E1343.2409
G1 X208.026 Y79.1 E1343.50486
G1 X208.026 Y73.696 E1343.86433
G1 X208.923 Y73.007 E1343.93957
G1 X210.087 Y72.527 E1344.02333
G1 X210.693 Y72.446 E1344.06399
G1 X210.693 Y84.253 E1344.8494
G1 X210.907 Y84.164 E1344.86482
G1 X211.853 Y83.436 E1344.94422
G1 X213.36 Y81.93 E1345.08594
G1 X213.36 Y72.854 E1345.68968
G1 X213.732 Y73.007 E1345.71644
G1 X214.729 Y73.771 E1345.79999
G1 X215.493 Y74.768 E1345.88355
G1 X215.973 Y75.931 E1345.96724
G1 X216.027 Y76.34 E1345.99468
G1 X216.027 Y78.005 E1346.10544
G1 F1500 E1339.60544
;MESH:manette_1-Body_(Meshed).stl
G0 F7200 X209.165 Y80.424
G0 X208.076 Y80.424
G0 X207.5 Y82
;TYPE:WALL-INNER
G1 F1500 E1346.10544
G1 F3600 X207.5 Y128 E1349.16537
G1 F3538.1 X207.493 Y128.174 E1349.17716
G0 F7200 X207.197 Y128.697
G1 F3654.8 X206.674 Y128.993 E1349.21653
G1 X207.514 Y129.014 E1349.27159
G1 F3664.1 X207.493 Y128.174 E1349.32651
G1 X207.197 Y128.697 E1349.36578
G0 F7200 X206.924 Y128.424
G1 F3600 X206.589 Y128.6 E1349.39096
G1 X90.5 Y128.6 E1357.11323
G1 X90.075 Y128.425 E1357.1438
G1 X89.9 Y128.089 E1357.169
G1 X89.9 Y82 E1360.23485
G1 X90.075 Y81.575 E1360.26543
G1 X90.411 Y81.4 E1360.29063
G1 X206.5 Y81.4 E1368.0129
G1 X206.924 Y81.576 E1368.04344
G1 X207.1 Y82 E1368.07398
G1 X207.1 Y128.089 E1371.13983
G1 X206.924 Y128.424 E1371.165
G0 F7200 X206.674 Y128.993
G1 F3529.4 X206.5 Y129 E1371.17682
G1 F3600 X90.5 Y129 E1378.89317
G0 F7200 X89.803 Y128.697
G1 F3654.8 X89.507 Y128.174 E1378.93254
G1 X89.486 Y129.014 E1378.9876
G1 F3730.6 X90.5 Y129 E1379.0527
G1 X89.803 Y128.697 E1379.10148
G0 F7200 X89.507 Y128.174
G1 F3529.4 X89.5 Y128 E1379.1133
G1 F3600 X89.5 Y82 E1382.17323
G0 F7200 X89.803 Y81.303
G1 F3654.8 X90.326 Y81.007 E1382.21261
G1 X89.486 Y80.986 E1382.26766
G1 F3730.6 X89.5 Y82 E1382.33276
G1 X89.803 Y81.303 E1382.38155
G0 F7200 X90.326 Y81.007
G1 F3529.4 X90.5 Y81 E1382.39336
G1 F3600 X206.5 Y81 E1390.10971
G0 F7200 X207.197 Y81.303
G1 F3730.6 X207.5 Y82 E1390.1585
G1 X207.514 Y80.986 E1390.2236
G1 X206.5 Y81 E1390.2887
G1 X207.197 Y81.303 E1390.33748
G0 F7200 X207.197 Y81.09
G0 X207.62 Y129.12
G0 X207.9 Y129.4
G1 F3600 X207.9 Y80.6 E1393.58367
G1 X89.101 Y80.601 E1401.48621
G1 X89.101 Y129.399 E1404.73227
G1 X207.9 Y129.4 E1412.63481
G0 F7200 X208.3 Y129.8
;TYPE:WALL-OUTER
G1 F1800 X208.3 Y80.2 E1415.93422
G1 X88.701 Y80.201 E1423.88997
G1 X88.701 Y129.799 E1427.18925
G1 X208.3 Y129.8 E1435.145
G0 F7200 X208.3 Y129.6
G0 X207.62 Y129.12
G0 X207.41 Y128.035
G0 X206.698 Y128.035
G1 F1800 X206.642 Y128.142 E1435.15304
G1 X206.535 Y128.198 E1435.16107
G1 X90.5 Y128.2 E1442.87975
G1 X90.358 Y128.142 E1442.88995
G1 X90.302 Y128.035 E1442.89799
G1 X90.3 Y82 E1445.96025
G1 X90.358 Y81.858 E1445.97045
G1 X90.465 Y81.802 E1445.97849
G1 X206.5 Y81.8 E1453.69716
G1 X206.642 Y81.858 E1453.70737
G1 X206.7 Y82 E1453.71757
G1 X206.698 Y128.035 E1456.77983
G0 F7200 X206.642 Y128.142
G0 X206.573 Y128.178
G1 F1500 E1450.27983
;MESH:NONMESH
G0 F600 X206.573 Y128.178 Z17.8
G0 F7200 X206.573 Y128.91
G0 X90.062 Y128.438
G0 X90.053 Y81.575
G0 X82.677 Y80.966
;TIME_ELAPSED:4934.450146
;LAYER:44
;TYPE:SUPPORT
G1 F1500 E1456.77983
G1 F3600 X82.677 Y73.459 E1457.2792
G1 X82.271 Y73.771 E1457.31326
G1 X81.507 Y74.768 E1457.39681
G1 X81.027 Y75.931 E1457.48051
G1 X80.863 Y77.172 E1457.56378
G1 X81.027 Y78.413 E1457.64705
G1 X81.507 Y79.577 E1457.7308
G1 X82.24 Y80.53 E1457.81078
G1 X85.134 Y83.423 E1458.08298
G1 X85.344 Y83.595 E1458.10104
G1 X85.344 Y72.406 E1458.84533
G1 X85.672 Y72.363 E1458.86734
G1 X86.913 Y72.527 E1458.95061
G1 X88.011 Y72.98 E1459.02962
G1 X88.011 Y79.504 E1459.4636
G1 X88.415 Y79.1 E1459.5016
G1 X92.947 Y79.1 E1459.80307
G1 X92.965 Y79 E1459.80983
G1 X92.995 Y79 E1459.81183
G1 X92.99 Y78.8 E1459.82514
G1 X93.162 Y78.8 E1459.83658
G1 X92.664 Y77.593 E1459.92343
G1 X91.936 Y76.647 E1460.00284
G1 X90.678 Y75.389 E1460.12118
G1 X90.678 Y79.1 E1460.36804
G1 F1500 E1453.86804
G0 F7200 X93.345 Y85.309
G1 F1500 E1460.36804
G1 F3600 X93.025 Y85.626 E1460.398
G1 X92.518 Y85.926 E1460.43719
G1 X92.15 Y86.053 E1460.46309
G1 X91.6 Y86.105 E1460.49983
G1 X91.6 Y85.907 E1460.51301
G1 X91.4 Y85.237 E1460.55952
G1 X91.4 Y82.9 E1460.71498
G1 X93.345 Y82.9 E1460.84436
G1 X93.738 Y82.9 E1460.8705
G1 X94.201 Y83.071 E1460.90333
G1 X94.603 Y83.091 E1460.93011
G1 X94.547 Y83.661 E1460.96821
G1 X94.369 Y84.142 E1461.00232
G1 X94.05 Y84.609 E1461.03994
G1 X93.345 Y85.309 E1461.10603
G1 X93.345 Y82.9 E1461.26628
G1 F1500 E1454.76628
G0 F7200 X93.345 Y124.689
G1 F1500 E1461.26628
G1 F3600 X93.889 Y125.237 E1461.31764
G1 X94.25 Y125.657 E1461.35448
G1 X94.427 Y125.983 E1461.37916
G1 X94.556 Y126.362 E1461.40579
G1 X94.606 Y126.9 E1461.44173
G1 X94.41 Y126.9 E1461.45477
G1 X93.715 Y127.1 E1461.50288
G1 X93.345 Y127.1 E1461.52749
G1 X91.4 Y127.1 E1461.65687
G1 X91.4 Y124.772 E1461.81173
G1 X91.509 Y124.525 E1461.82969
G1 X91.6 Y124.091 E1461.85919
G1 X91.6 Y123.897 E1461.87209
G1 X91.82 Y123.893 E1461.88673
G1 X92.288 Y123.986 E1461.91847
G1 X92.636 Y124.128 E1461.94347
G1 X93.109 Y124.45 E1461.98154
G1 X93.345 Y124.689 E1462.00388
G1 X93.345 Y127.1 E1462.16426
G1 F1500 E1455.66426
G0 F7200 X90.678 Y134.612
G1 F1500 E1462.16426
G1 F3600 X90.678 Y130.9 E1462.41118
G1 X92.942 Y130.9 E1462.56178
G1 X92.998 Y131.2 E1462.58208
G1 X93.162 Y131.2 E1462.59299
G1 X92.664 Y132.407 E1462.67985
G1 X91.936 Y133.353 E1462.75925
G1 X89.03 Y136.26 E1463.03268
G1 X88.011 Y137.044 E1463.1182
G1 X88.011 Y130.496 E1463.55378
G1 X87.6 Y130.085 E1463.59244
G1 X87.6 Y125.561 E1463.89338
G1 X87.5 Y125.543 E1463.90014
G1 X87.5 Y125.496 E1463.90327
G1 X87.3 Y125.515 E1463.91663
G1 X87.3 Y125.368 E1463.92641
G1 X86.657 Y125.561 E1463.97107
G1 X85.826 Y126.008 E1464.03384
G1 X85.344 Y126.404 E1464.07533
G1 X85.344 Y137.593 E1464.81963
G1 X84.431 Y137.473 E1464.88088
G1 X83.268 Y136.993 E1464.96458
G1 X82.271 Y136.229 E1465.04813
G1 X81.507 Y135.232 E1465.13168
G1 X81.027 Y134.069 E1465.21538
G1 X80.863 Y132.828 E1465.29865
G1 X81.027 Y131.587 E1465.38192
G1 X81.507 Y130.423 E1465.46567
G1 X82.24 Y129.47 E1465.54565
G1 X82.677 Y129.033 E1465.58676
G1 X82.677 Y136.54 E1466.08612
G1 F1500 E1459.58612
G0 F7200 X202.692 Y126.918
G1 F1500 E1466.08612
G1 F3600 X202.692 Y125.773 E1466.16229
G1 X202.871 Y125.468 E1466.18581
G1 X203.883 Y124.457 E1466.28097
G1 X204.118 Y124.276 E1466.3007
G1 X204.509 Y124.064 E1466.33029
G1 X204.881 Y123.941 E1466.35635
G1 X205.4 Y123.877 E1466.39114
G1 X205.4 Y124.09 E1466.40531
G1 X205.6 Y124.785 E1466.45341
G1 X205.6 Y127.1 E1466.60741
G1 X205.359 Y127.1 E1466.62344
G1 X205.359 Y123.882 E1466.8375
G1 F1500 E1460.3375
G0 F7200 X205.359 Y133.648
G1 F1500 E1466.8375
G1 F3600 X205.359 Y130.9 E1467.0203
G1 X204.053 Y130.9 E1467.10718
G1 X204.035 Y131 E1467.11393
G1 X204.005 Y131 E1467.11593
G1 X204.01 Y131.2 E1467.12924
G1 X203.838 Y131.2 E1467.14068
G1 X204.336 Y132.407 E1467.22753
G1 X205.064 Y133.353 E1467.30694
G1 X208.026 Y136.316 E1467.58563
G1 X208.026 Y130.9 E1467.94591
G1 X208.585 Y130.9 E1467.98309
G1 X209.4 Y130.085 E1468.05976
G1 X209.4 Y125.558 E1468.3609
G1 X209.7 Y125.502 E1468.3812
G1 X209.7 Y125.338 E1468.39211
G1 X210.693 Y125.748 E1468.46357
G1 X210.693 Y137.553 E1469.24884
G1 X211.328 Y137.637 E1469.29145
G1 X212.569 Y137.473 E1469.37472
G1 X213.36 Y137.147 E1469.43163
G1 X213.36 Y128.071 E1470.03537
G1 X214.76 Y129.47 E1470.16703
G1 X215.493 Y130.423 E1470.247
G1 X215.973 Y131.587 E1470.33076
G1 X216.027 Y131.996 E1470.3582
G1 X216.027 Y133.661 E1470.46896
G1 F1500 E1463.96896
G0 F7200 X202.692 Y84.247
G1 F1500 E1470.46896
G1 F3600 X202.692 Y83.07 E1470.54725
G1 X203.285 Y82.9 E1470.58829
G1 X205.6 Y82.9 E1470.74228
G1 X205.6 Y85.238 E1470.89781
G1 X205.429 Y85.701 E1470.93064
G1 X205.409 Y86.103 E1470.95741
G1 X205.359 Y86.104 E1470.96074
G1 X205.359 Y82.9 E1471.17387
G1 F1500 E1464.67387
G0 F7200 X205.359 Y79.1
G1 F1500 E1471.17387
G1 F3600 X205.359 Y76.351 E1471.35674
G1 X205.064 Y76.647 E1471.38453
G1 X204.336 Y77.593 E1471.46394
G1 X203.838 Y78.8 E1471.55079
G1 X204.002 Y78.8 E1471.5617
G1 X204.058 Y79.1 E1471.582
G1 X208.026 Y79.1 E1471.84596
G1 X208.026 Y73.696 E1472.20543
G1 X208.923 Y73.007 E1472.28067
G1 X210.087 Y72.527 E1472.36443
G1 X210.693 Y72.446 E1472.4051
G1 X210.693 Y84.253 E1473.1905
G1 X210.907 Y84.164 E1473.20592
G1 X211.853 Y83.436 E1473.28532
G1 X213.36 Y81.93 E1473.42705
G1 X213.36 Y72.854 E1474.03078
G1 X213.732 Y73.007 E1474.05754
G1 X214.729 Y73.771 E1474.14109
G1 X215.493 Y74.768 E1474.22465
G1 X215.973 Y75.931 E1474.30834
G1 X216.027 Y76.34 E1474.33578
G1 X216.027 Y78.005 E1474.44654
G1 F1500 E1467.94654
;MESH:manette_1-Body_(Meshed).stl
G0 F7200 X209.165 Y80.424
G0 X208.076 Y80.424
G0 X207.5 Y82
;TYPE:WALL-INNER
G1 F1500 E1474.44654
G1 F3600 X207.5 Y128 E1477.50647
G1 F3538.1 X207.493 Y128.174 E1477.51826
G0 F7200 X207.197 Y128.697
G1 F3654.8 X206.674 Y128.993 E1477.55764
G1 X207.514 Y129.014 E1477.61269
G1 F3664.1 X207.493 Y128.174 E1477.66761
G1 X207.197 Y128.697 E1477.70688
G0 F7200 X206.924 Y128.424
G1 F3600 X206.589 Y128.6 E1477.73206
G1 X90.5 Y128.6 E1485.45433
G1 X90.075 Y128.425 E1485.4849
G1 X89.9 Y128.089 E1485.5101
G1 X89.9 Y82 E1488.57596
G1 X90.075 Y81.575 E1488.60653
G1 X90.411 Y81.4 E1488.63173
G1 X206.5 Y81.4 E1496.354
G1 X206.924 Y81.576 E1496.38454
G1 X207.1 Y82 E1496.41508
G1 X207.1 Y128.089 E1499.48093
G1 X206.924 Y128.424 E1499.5061
G0 F7200 X206.674 Y128.993
G1 F3529.4 X206.5 Y129 E1499.51792
G1 F3600 X90.5 Y129 E1507.23427
G0 F7200 X89.803 Y128.697
G1 F3654.8 X89.507 Y128.174 E1507.27365
G1 X89.486 Y129.014 E1507.3287
G1 F3730.6 X90.5 Y129 E1507.3938
G1 X89.803 Y128.697 E1507.44259
G0 F7200 X89.507 Y128.174
G1 F3529.4 X89.5 Y128 E1507.4544
G1 F3600 X89.5 Y82 E1510.51433
G0 F7200 X89.803 Y81.303
G1 F3654.8 X90.326 Y81.007 E1510.55371
G1 X89.486 Y80.986 E1510.60877
G1 F3730.6 X89.5 Y82 E1510.67386
G1 X89.803 Y81.303 E1510.72265
G0 F7200 X90.326 Y81.007
G1 F3529.4 X90.5 Y81 E1510.73446
G1 F3600 X206.5 Y81 E1518.45082
G0 F7200 X207.197 Y81.303
G1 F3730.6 X207.5 Y82 E1518.4996
G1 X207.514 Y80.986 E1518.5647
G1 X206.5 Y81 E1518.6298
G1 X207.197 Y81.303 E1518.67858
G0 F7200 X207.197 Y81.09
G0 X207.62 Y129.12
G0 X207.9 Y129.4
G1 F3600 X207.9 Y80.6 E1521.92477
G1 X89.101 Y80.601 E1529.82731
G1 X89.101 Y129.399 E1533.07337
G1 X207.9 Y129.4 E1540.97591
G0 F7200 X208.3 Y129.8
;TYPE:WALL-OUTER
G1 F1800 X208.3 Y80.2 E1544.27532
G1 X88.701 Y80.201 E1552.23108
G1 X88.701 Y129.799 E1555.53035
G1 X208.3 Y129.8 E1563.48611
G0 F7200 X208.3 Y129.6
G0 X207.62 Y129.12
G0 X207.41 Y128.035
G0 X206.698 Y128.035
G1 F1800 X206.642 Y128.142 E1563.49414
G1 X206.535 Y128.198 E1563.50217
G1 X90.5 Y128.2 E1571.22085
G1 X90.358 Y128.142 E1571.23106
G1 X90.302 Y128.035 E1571.23909
G1 X90.3 Y82 E1574.30135
G1 X90.358 Y81.858 E1574.31155
G1 X90.465 Y81.802 E1574.31959
G1 X206.5 Y81.8 E1582.03827
G1 X206.642 Y81.858 E1582.04847
G1 X206.7 Y82 E1582.05867
G1 X206.698 Y128.035 E1585.12093
G0 F7200 X206.642 Y128.142
G0 X206.573 Y128.178
G1 F1500 E1578.62093
;MESH:NONMESH
G0 F600 X206.573 Y128.178 Z18.2
G0 F7200 X206.573 Y128.91
G0 X90.062 Y128.438
G0 X90.053 Y81.575
G0 X82.677 Y80.966
;TIME_ELAPSED:4987.825086
;LAYER:45
;TYPE:SUPPORT
G1 F1500 E1585.12093
G1 F3600 X82.677 Y73.459 E1585.6203
G1 X82.271 Y73.771 E1585.65436
G1 X81.507 Y74.768 E1585.73792
G1 X81.027 Y75.931 E1585.82161
G1 X80.863 Y77.172 E1585.90488
G1 X81.027 Y78.413 E1585.98815
G1 X81.507 Y79.577 E1586.0719
G1 X82.24 Y80.53 E1586.15188
G1 X85.133 Y83.422 E1586.42399
G1 X85.344 Y83.595 E1586.44214
G1 X85.344 Y72.406 E1587.18643
G1 X85.672 Y72.363 E1587.20844
G1 X86.913 Y72.527 E1587.29171
G1 X88.011 Y72.98 E1587.37072
G1 X88.011 Y79.504 E1587.8047
G1 X88.415 Y79.1 E1587.8427
G1 X92.947 Y79.1 E1588.14417
G1 X92.965 Y79 E1588.15093
G1 X92.995 Y79 E1588.15293
G1 X92.99 Y78.8 E1588.16624
G1 X93.162 Y78.8 E1588.17768
G1 X92.664 Y77.593 E1588.26453
G1 X91.936 Y76.647 E1588.34394
G1 X90.678 Y75.389 E1588.46228
G1 X90.678 Y79.1 E1588.70914
G1 F1500 E1582.20914
G0 F7200 X93.345 Y84.75
G1 F1500 E1588.70914
G1 F3600 X92.783 Y85.312 E1588.76201
G1 X92.365 Y85.555 E1588.79417
G1 X92.118 Y85.646 E1588.81168
G1 X91.6 Y85.723 E1588.84652
G1 X91.6 Y85.543 E1588.85849
G1 X91.4 Y85.064 E1588.89302
G1 X91.4 Y82.9 E1589.03697
G1 X93.345 Y82.9 E1589.16635
G1 X93.585 Y82.9 E1589.18232
G1 X94.03 Y83.1 E1589.21477
G1 X94.235 Y83.1 E1589.22841
G1 X94.128 Y83.675 E1589.26731
G1 X93.952 Y84.066 E1589.29584
G1 X93.753 Y84.342 E1589.31847
G1 X93.345 Y84.75 E1589.35685
G1 X93.345 Y82.9 E1589.47992
G1 F1500 E1582.97992
G0 F7200 X93.345 Y125.25
G1 F1500 E1589.47992
G1 F3600 X93.726 Y125.63 E1589.51571
G1 X94.065 Y126.156 E1589.55734
G1 X94.168 Y126.456 E1589.57844
G1 X94.202 Y126.9 E1589.60806
G1 X94.044 Y126.9 E1589.61857
G1 X93.558 Y127.1 E1589.65353
G1 X93.345 Y127.1 E1589.6677
G1 X91.4 Y127.1 E1589.79708
G1 X91.4 Y124.947 E1589.9403
G1 X91.6 Y124.466 E1589.97495
G1 X91.6 Y124.257 E1589.98885
G1 X92.361 Y124.44 E1590.04092
G1 X92.777 Y124.682 E1590.07293
G1 X93.345 Y125.25 E1590.12636
G1 X93.345 Y127.1 E1590.24943
G1 F1500 E1583.74943
G0 F7200 X90.678 Y134.612
G1 F1500 E1590.24943
G1 F3600 X90.678 Y130.9 E1590.49635
G1 X92.942 Y130.9 E1590.64695
G1 X92.998 Y131.2 E1590.66725
G1 X93.162 Y131.2 E1590.67816
G1 X92.664 Y132.407 E1590.76502
G1 X91.936 Y133.353 E1590.84442
G1 X89.03 Y136.26 E1591.11785
G1 X88.011 Y137.044 E1591.20337
G1 X88.011 Y130.496 E1591.63895
G1 X87.6 Y130.085 E1591.67761
G1 X87.6 Y125.561 E1591.97855
G1 X87.5 Y125.543 E1591.98531
G1 X87.5 Y125.496 E1591.98844
G1 X87.3 Y125.515 E1592.0018
G1 X87.3 Y125.368 E1592.01158
G1 X86.657 Y125.561 E1592.05624
G1 X85.826 Y126.008 E1592.119
G1 X85.344 Y126.404 E1592.1605
G1 X85.344 Y137.593 E1592.9048
G1 X84.431 Y137.473 E1592.96605
G1 X83.268 Y136.993 E1593.04974
G1 X82.271 Y136.229 E1593.1333
G1 X81.507 Y135.232 E1593.21685
G1 X81.027 Y134.069 E1593.30054
G1 X80.863 Y132.828 E1593.38381
G1 X81.027 Y131.587 E1593.46708
G1 X81.507 Y130.423 E1593.55084
G1 X82.24 Y129.47 E1593.63081
G1 X82.677 Y129.033 E1593.67192
G1 X82.677 Y136.54 E1594.17129
G1 F1500 E1587.67129
G0 F7200 X205.359 Y127.1
G1 F1500 E1594.17129
G1 F3600 X203.415 Y127.1 E1594.30061
G1 X202.97 Y126.9 E1594.33306
G1 X202.764 Y126.9 E1594.34677
G1 X202.873 Y126.321 E1594.38596
G1 X202.983 Y126.051 E1594.40535
G1 X203.253 Y125.652 E1594.4374
G1 X204.127 Y124.778 E1594.51962
G1 X204.361 Y124.596 E1594.53934
G1 X204.837 Y124.369 E1594.57442
G1 X205.359 Y124.275 E1594.6097
G1 X205.4 Y124.268 E1594.61247
G1 X205.4 Y124.458 E1594.62511
G1 X205.6 Y124.902 E1594.6575
G1 X205.6 Y127.1 E1594.80371
G1 X205.359 Y127.1 E1594.81974
G1 X205.359 Y124.275 E1595.00766
G1 F1500 E1588.50766
G0 F7200 X205.359 Y133.648
G1 F1500 E1595.00766
G1 F3600 X205.359 Y130.9 E1595.19046
G1 X204.053 Y130.9 E1595.27733
G1 X204.035 Y131 E1595.28409
G1 X204.005 Y131 E1595.28609
G1 X204.01 Y131.2 E1595.2994
G1 X203.838 Y131.2 E1595.31084
G1 X204.336 Y132.407 E1595.39769
G1 X205.064 Y133.353 E1595.4771
G1 X208.026 Y136.316 E1595.75579
G1 X208.026 Y130.9 E1596.11607
G1 X208.585 Y130.9 E1596.15325
G1 X209.4 Y130.085 E1596.22992
G1 X209.4 Y125.558 E1596.53106
G1 X209.7 Y125.502 E1596.55136
G1 X209.7 Y125.338 E1596.56227
G1 X210.693 Y125.748 E1596.63373
G1 X210.693 Y137.553 E1597.419
G1 X211.328 Y137.637 E1597.46161
G1 X212.569 Y137.473 E1597.54488
G1 X213.36 Y137.147 E1597.60179
G1 X213.36 Y128.071 E1598.20553
G1 X214.76 Y129.47 E1598.33719
G1 X215.493 Y130.423 E1598.41716
G1 X215.973 Y131.587 E1598.50092
G1 X216.027 Y131.996 E1598.52836
G1 X216.027 Y133.661 E1598.63912
G1 F1500 E1592.13912
G0 F7200 X205.359 Y85.727
G1 F1500 E1598.63912
G1 F3600 X204.825 Y85.628 E1598.67525
G1 X204.434 Y85.452 E1598.70377
G1 X204.158 Y85.253 E1598.7264
G1 X203.277 Y84.373 E1598.80923
G1 X203.046 Y84.057 E1598.83527
G1 X202.831 Y83.532 E1598.87301
G1 X202.798 Y83.1 E1598.90183
G1 X202.956 Y83.1 E1598.91234
G1 X203.423 Y82.9 E1598.94614
G1 X205.359 Y82.9 E1599.07492
G1 X205.6 Y82.9 E1599.09095
G1 X205.6 Y85.085 E1599.2363
G1 X205.4 Y85.53 E1599.26875
G1 X205.4 Y85.735 E1599.28239
G1 X205.359 Y85.727 E1599.28517
G1 X205.359 Y82.9 E1599.47322
G1 F1500 E1592.97322
G0 F7200 X205.359 Y79.1
G1 F1500 E1599.47322
G1 F3600 X205.359 Y76.351 E1599.65608
G1 X205.064 Y76.647 E1599.68388
G1 X204.336 Y77.593 E1599.76329
G1 X203.838 Y78.8 E1599.85014
G1 X204.002 Y78.8 E1599.86105
G1 X204.058 Y79.1 E1599.88135
G1 X208.026 Y79.1 E1600.1453
G1 X208.026 Y73.696 E1600.50478
G1 X208.923 Y73.007 E1600.58002
G1 X210.087 Y72.527 E1600.66377
G1 X210.693 Y72.446 E1600.70444
G1 X210.693 Y84.253 E1601.48985
G1 X210.907 Y84.164 E1601.50527
G1 X211.853 Y83.436 E1601.58467
G1 X213.36 Y81.93 E1601.72639
G1 X213.36 Y72.854 E1602.33013
G1 X213.732 Y73.007 E1602.35689
G1 X214.729 Y73.771 E1602.44044
G1 X215.493 Y74.768 E1602.524
G1 X215.973 Y75.931 E1602.60769
G1 X216.027 Y76.34 E1602.63513
G1 X216.027 Y78.005 E1602.74589
G1 F1500 E1596.24589
;MESH:manette_1-Body_(Meshed).stl
G0 F7200 X209.165 Y80.424
G0 X208.076 Y80.424
G0 X207.5 Y82
;TYPE:WALL-INNER
G1 F1500 E1602.74589
G1 F3600 X207.5 Y128 E1605.80582
G1 F3538.1 X207.493 Y128.174 E1605.81761
G0 F7200 X207.197 Y128.697
G1 F3654.8 X206.674 Y128.993 E1605.85698
G1 X207.514 Y129.014 E1605.91204
G1 F3664.1 X207.493 Y128.174 E1605.96696
G1 X207.197 Y128.697 E1606.00623
G0 F7200 X206.924 Y128.424
G1 F3600 X206.589 Y128.6 E1606.0314
G1 X90.5 Y128.6 E1613.75368
G1 X90.075 Y128.425 E1613.78425
G1 X89.9 Y128.089 E1613.80945
G1 X89.9 Y82 E1616.8753
G1 X90.075 Y81.575 E1616.90588
G1 X90.411 Y81.4 E1616.93108
G1 X206.5 Y81.4 E1624.65335
G1 X206.924 Y81.576 E1624.68389
G1 X207.1 Y82 E1624.71443
G1 X207.1 Y128.089 E1627.78028
G1 X206.924 Y128.424 E1627.80545
G0 F7200 X206.674 Y128.993
G1 F3529.4 X206.5 Y129 E1627.81727
G1 F3600 X90.5 Y129 E1635.53362
G0 F7200 X89.803 Y128.697
G1 F3654.8 X89.507 Y128.174 E1635.57299
G1 X89.486 Y129.014 E1635.62805
G1 F3730.6 X90.5 Y129 E1635.69315
G1 X89.803 Y128.697 E1635.74193
G0 F7200 X89.507 Y128.174
G1 F3529.4 X89.5 Y128 E1635.75375
G1 F3600 X89.5 Y82 E1638.81368
G0 F7200 X89.803 Y81.303
G1 F3654.8 X90.326 Y81.007 E1638.85306
G1 X89.486 Y80.986 E1638.90811
G1 F3730.6 X89.5 Y82 E1638.97321
G1 X89.803 Y81.303 E1639.022
G0 F7200 X90.326 Y81.007
G1 F3529.4 X90.5 Y81 E1639.03381
G1 F3600 X206.5 Y81 E1646.75016
G0 F7200 X207.197 Y81.303
G1 F3730.6 X207.5 Y82 E1646.79895
G1 X207.514 Y80.986 E1646.86405
G1 X206.5 Y81 E1646.92914
G1 X207.197 Y81.303 E1646.97793
G0 F7200 X207.197 Y81.09
G0 X207.62 Y129.12
G0 X207.9 Y129.4
G1 F3600 X207.9 Y80.6 E1650.22412
G1 X89.101 Y80.601 E1658.12666
G1 X89.101 Y129.399 E1661.37272
G1 X207.9 Y129.4 E1669.27526
G0 F7200 X208.3 Y129.8
;TYPE:WALL-OUTER
G1 F1800 X208.3 Y80.2 E1672.57467
G1 X88.701 Y80.201 E1680.53042
G1 X88.701 Y129.799 E1683.8297
G1 X208.3 Y129.8 E1691.78545
G0 F7200 X208.3 Y129.6
G0 X207.62 Y129.12
G0 X207.41 Y128.035
G0 X206.698 Y128.035
G1 F1800 X206.642 Y128.142 E1691.79349
G1 X206.535 Y128.198 E1691.80152
G1 X90.5 Y128.2 E1699.5202
G1 X90.358 Y128.142 E1699.5304
G1 X90.302 Y128.035 E1699.53844
G1 X90.3 Y82 E1702.6007
G1 X90.358 Y81.858 E1702.6109
G1 X90.465 Y81.802 E1702.61893
G1 X206.5 Y81.8 E1710.33761
G1 X206.642 Y81.858 E1710.34782
G1 X206.7 Y82 E1710.35802
G1 X206.698 Y128.035 E1713.42028
G0 F7200 X206.642 Y128.142
G0 X206.573 Y128.178
G1 F1500 E1706.92028
;MESH:NONMESH
G0 F600 X206.573 Y128.178 Z18.6
G0 F7200 X206.573 Y128.91
G0 X90.062 Y128.438
G0 X90.053 Y81.575
G0 X82.677 Y80.966
;TIME_ELAPSED:5041.204000
;LAYER:46
;TYPE:SUPPORT
G1 F1500 E1713.42028
G1 F3600 X82.677 Y73.459 E1713.91965
G1 X82.271 Y73.771 E1713.95371
G1 X81.507 Y74.768 E1714.03726
G1 X81.027 Y75.931 E1714.12096
G1 X80.863 Y77.172 E1714.20423
G1 X81.027 Y78.413 E1714.2875
G1 X81.507 Y79.577 E1714.37125
G1 X82.24 Y80.53 E1714.45123
G1 X85.134 Y83.423 E1714.72343
G1 X85.344 Y83.595 E1714.74149
G1 X85.344 Y72.406 E1715.48578
G1 X85.672 Y72.363 E1715.50779
G1 X86.913 Y72.527 E1715.59106
G1 X88.011 Y72.98 E1715.67007
G1 X88.011 Y79.504 E1716.10405
G1 X88.415 Y79.1 E1716.14205
G1 X92.947 Y79.1 E1716.44352
G1 X92.965 Y79 E1716.45028
G1 X92.995 Y79 E1716.45228
G1 X92.99 Y78.8 E1716.46558
G1 X93.162 Y78.8 E1716.47703
G1 X92.664 Y77.593 E1716.56388
G1 X91.936 Y76.647 E1716.64329
G1 X90.678 Y75.389 E1716.76163
G1 X90.678 Y79.1 E1717.00849
G1 F1500 E1710.50849
G0 F7200 X93.345 Y84.467
G1 F1500 E1717.00849
G1 F3600 X92.737 Y85.075 E1717.06568
G1 X92.267 Y85.378 E1717.10288
G1 X91.6 Y85.545 E1717.14862
G1 X91.6 Y85.297 E1717.16512
G1 X91.4 Y84.905 E1717.19439
G1 X91.4 Y82.9 E1717.32777
G1 X93.345 Y82.9 E1717.45715
G1 X93.469 Y82.9 E1717.4654
G1 X93.857 Y83.1 E1717.49443
G1 X94.038 Y83.1 E1717.50647
G1 X93.877 Y83.778 E1717.55283
G1 X93.597 Y84.214 E1717.5873
G1 X93.345 Y84.467 E1717.61105
G1 X93.345 Y82.9 E1717.71529
G1 F1500 E1711.21529
G0 F7200 X93.345 Y125.534
G1 F1500 E1717.71529
G1 F3600 X93.575 Y125.763 E1717.73688
G1 X93.878 Y126.233 E1717.77408
G1 X94.045 Y126.9 E1717.81981
G1 X93.861 Y126.9 E1717.83205
G1 X93.461 Y127.1 E1717.8618
G1 X93.345 Y127.1 E1717.86952
G1 X91.4 Y127.1 E1717.9989
G1 X91.4 Y125.031 E1718.13653
G1 X91.6 Y124.626 E1718.16658
G1 X91.6 Y124.469 E1718.17702
G1 X92.094 Y124.557 E1718.2104
G1 X92.474 Y124.728 E1718.23812
G1 X92.71 Y124.899 E1718.25751
G1 X93.345 Y125.534 E1718.31724
G1 X93.345 Y127.1 E1718.42141
G1 F1500 E1711.92141
G0 F7200 X90.678 Y134.612
G1 F1500 E1718.42141
G1 F3600 X90.678 Y130.9 E1718.66834
G1 X92.942 Y130.9 E1718.81894
G1 X92.998 Y131.2 E1718.83924
G1 X93.162 Y131.2 E1718.85015
G1 X92.664 Y132.407 E1718.937
G1 X91.936 Y133.353 E1719.01641
G1 X89.03 Y136.26 E1719.28983
G1 X88.011 Y137.044 E1719.37536
G1 X88.011 Y130.496 E1719.81093
G1 X87.6 Y130.085 E1719.8496
G1 X87.6 Y125.561 E1720.15054
G1 X87.5 Y125.543 E1720.1573
G1 X87.5 Y125.496 E1720.16042
G1 X87.3 Y125.515 E1720.17379
G1 X87.3 Y125.368 E1720.18356
G1 X86.657 Y125.561 E1720.22822
G1 X85.826 Y126.008 E1720.29099
G1 X85.344 Y126.404 E1720.33249
G1 X85.344 Y137.593 E1721.07678
G1 X84.431 Y137.473 E1721.13804
G1 X83.268 Y136.993 E1721.22173
G1 X82.271 Y136.229 E1721.30528
G1 X81.507 Y135.232 E1721.38884
G1 X81.027 Y134.069 E1721.47253
G1 X80.863 Y132.828 E1721.5558
G1 X81.027 Y131.587 E1721.63907
G1 X81.507 Y130.423 E1721.72282
G1 X82.24 Y129.47 E1721.8028
G1 X82.677 Y129.033 E1721.84391
G1 X82.677 Y136.54 E1722.34328
G1 F1500 E1715.84328
G0 F7200 X205.359 Y127.1
G1 F1500 E1722.34328
G1 F3600 X203.531 Y127.1 E1722.46488
G1 X203.143 Y126.9 E1722.49392
G1 X202.968 Y126.9 E1722.50556
G1 X203.064 Y126.382 E1722.5406
G1 X203.22 Y126.038 E1722.56573
G1 X203.399 Y125.791 E1722.58602
G1 X204.317 Y124.878 E1722.67214
G1 X204.739 Y124.619 E1722.70508
G1 X205.359 Y124.465 E1722.74758
G1 X205.4 Y124.455 E1722.75038
G1 X205.4 Y124.704 E1722.76695
G1 X205.6 Y125.096 E1722.79622
G1 X205.6 Y127.1 E1722.92953
G1 X205.359 Y127.1 E1722.94556
G1 X205.359 Y124.465 E1723.12084
G1 F1500 E1716.62084
G0 F7200 X205.359 Y133.648
G1 F1500 E1723.12084
G1 F3600 X205.359 Y130.9 E1723.30364
G1 X204.053 Y130.9 E1723.39051
G1 X204.035 Y131 E1723.39727
G1 X204.005 Y131 E1723.39927
G1 X204.01 Y131.2 E1723.41258
G1 X203.838 Y131.2 E1723.42402
G1 X204.336 Y132.407 E1723.51087
G1 X205.064 Y133.353 E1723.59028
G1 X208.026 Y136.316 E1723.86897
G1 X208.026 Y130.9 E1724.22924
G1 X208.585 Y130.9 E1724.26643
G1 X209.4 Y130.085 E1724.3431
G1 X209.4 Y125.558 E1724.64424
G1 X209.7 Y125.502 E1724.66454
G1 X209.7 Y125.338 E1724.67545
G1 X210.693 Y125.748 E1724.74691
G1 X210.693 Y137.553 E1725.53218
G1 X211.328 Y137.637 E1725.57479
G1 X212.569 Y137.473 E1725.65806
G1 X213.36 Y137.147 E1725.71497
G1 X213.36 Y128.071 E1726.31871
G1 X214.76 Y129.47 E1726.45037
G1 X215.493 Y130.423 E1726.53034
G1 X215.973 Y131.587 E1726.6141
G1 X216.027 Y131.996 E1726.64154
G1 X216.027 Y133.661 E1726.7523
G1 F1500 E1720.2523
G0 F7200 X205.359 Y85.522
G1 F1500 E1726.7523
G1 F3600 X204.728 Y85.38 E1726.79532
G1 X204.284 Y85.096 E1726.83038
G1 X203.424 Y84.236 E1726.91128
G1 X203.219 Y83.957 E1726.93431
G1 X203.05 Y83.573 E1726.96222
G1 X202.963 Y83.1 E1726.99421
G1 X203.144 Y83.1 E1727.00625
G1 X203.544 Y82.9 E1727.036
G1 X205.359 Y82.9 E1727.15674
G1 X205.6 Y82.9 E1727.17277
G1 X205.6 Y84.968 E1727.31033
G1 X205.4 Y85.36 E1727.33961
G1 X205.4 Y85.532 E1727.35105
G1 X205.359 Y85.522 E1727.35386
G1 X205.359 Y82.9 E1727.52827
G1 F1500 E1721.02827
G0 F7200 X205.359 Y79.1
G1 F1500 E1727.52827
G1 F3600 X205.359 Y76.351 E1727.71114
G1 X205.064 Y76.647 E1727.73893
G1 X204.336 Y77.593 E1727.81834
G1 X203.838 Y78.8 E1727.90519
G1 X204.002 Y78.8 E1727.9161
G1 X204.058 Y79.1 E1727.9364
G1 X208.026 Y79.1 E1728.20036
G1 X208.026 Y73.696 E1728.55983
G1 X208.923 Y73.007 E1728.63507
G1 X210.087 Y72.527 E1728.71883
G1 X210.693 Y72.446 E1728.7595
G1 X210.693 Y84.253 E1729.5449
G1 X210.907 Y84.164 E1729.56032
G1 X211.853 Y83.436 E1729.63972
G1 X213.36 Y81.93 E1729.78145
G1 X213.36 Y72.854 E1730.38518
G1 X213.732 Y73.007 E1730.41194
G1 X214.729 Y73.771 E1730.49549
G1 X215.493 Y74.768 E1730.57905
G1 X215.973 Y75.931 E1730.66274
G1 X216.027 Y76.34 E1730.69018
G1 X216.027 Y78.005 E1730.80094
G1 F1500 E1724.30094
;MESH:manette_1-Body_(Meshed).stl
G0 F7200 X209.165 Y80.424
G0 X208.076 Y80.424
G0 X207.5 Y82
;TYPE:WALL-INNER
G1 F1500 E1730.80094
G1 F3600 X207.5 Y128 E1733.86087
G1 F3538.1 X207.493 Y128.174 E1733.87266
G0 F7200 X207.197 Y128.697
G1 F3654.8 X206.674 Y128.993 E1733.91204
G1 X207.514 Y129.014 E1733.96709
G1 F3664.1 X207.493 Y128.174 E1734.02201
G1 X207.197 Y128.697 E1734.06128
G0 F7200 X206.924 Y128.424
G1 F3600 X206.589 Y128.6 E1734.08646
G1 X90.5 Y128.6 E1741.80873
G1 X90.075 Y128.425 E1741.8393
G1 X89.9 Y128.089 E1741.8645
G1 X89.9 Y82 E1744.93036
G1 X90.075 Y81.575 E1744.96093
G1 X90.411 Y81.4 E1744.98613
G1 X206.5 Y81.4 E1752.7084
G1 X206.924 Y81.576 E1752.73894
G1 X207.1 Y82 E1752.76948
G1 X207.1 Y128.089 E1755.83533
G1 X206.924 Y128.424 E1755.8605
G0 F7200 X206.674 Y128.993
G1 F3529.4 X206.5 Y129 E1755.87232
G1 F3600 X90.5 Y129 E1763.58867
G0 F7200 X89.803 Y128.697
G1 F3654.8 X89.507 Y128.174 E1763.62805
G1 X89.486 Y129.014 E1763.6831
G1 F3730.6 X90.5 Y129 E1763.7482
G1 X89.803 Y128.697 E1763.79699
G0 F7200 X89.507 Y128.174
G1 F3529.4 X89.5 Y128 E1763.8088
G1 F3600 X89.5 Y82 E1766.86873
G0 F7200 X89.803 Y81.303
G1 F3654.8 X90.326 Y81.007 E1766.90811
G1 X89.486 Y80.986 E1766.96317
G1 F3730.6 X89.5 Y82 E1767.02826
G1 X89.803 Y81.303 E1767.07705
G0 F7200 X90.326 Y81.007
G1 F3529.4 X90.5 Y81 E1767.08886
G1 F3600 X206.5 Y81 E1774.80522
G0 F7200 X207.197 Y81.303
G1 F3730.6 X207.5 Y82 E1774.854
G1 X207.514 Y80.986 E1774.9191
G1 X206.5 Y81 E1774.9842
G1 X207.197 Y81.303 E1775.03298
G0 F7200 X207.197 Y81.09
G0 X207.62 Y129.12
G0 X207.9 Y129.4
G1 F3600 X207.9 Y80.6 E1778.27917
G1 X89.101 Y80.601 E1786.18171
G1 X89.101 Y129.399 E1789.42777
G1 X207.9 Y129.4 E1797.33031
G0 F7200 X208.3 Y129.8
;TYPE:WALL-OUTER
G1 F1800 X208.3 Y80.2 E1800.62972
G1 X88.701 Y80.201 E1808.58548
G1 X88.701 Y129.799 E1811.88475
G1 X208.3 Y129.8 E1819.84051
G0 F7200 X208.3 Y129.6
G0 X207.62 Y129.12
G0 X207.41 Y128.035
G0 X206.698 Y128.035
G1 F1800 X206.642 Y128.142 E1819.84854
G1 X206.535 Y128.198 E1819.85657
G1 X90.5 Y128.2 E1827.57525
G1 X90.358 Y128.142 E1827.58546
G1 X90.302 Y128.035 E1827.59349
G1 X90.3 Y82 E1830.65575
G1 X90.358 Y81.858 E1830.66595
G1 X90.465 Y81.802 E1830.67399
G1 X206.5 Y81.8 E1838.39267
G1 X206.642 Y81.858 E1838.40287
G1 X206.7 Y82 E1838.41307
G1 X206.698 Y128.035 E1841.47533
G0 F7200 X206.642 Y128.142
G0 X206.573 Y128.178
G1 F1500 E1834.97533
;MESH:NONMESH
G0 F600 X206.573 Y128.178 Z19
G0 F7200 X206.573 Y128.91
G0 X90.062 Y128.438
G0 X90.053 Y81.575
G0 X82.677 Y80.966
;TIME_ELAPSED:5094.529100
;LAYER:47
;TYPE:SUPPORT
G1 F1500 E1841.47533
G1 F3600 X82.677 Y73.459 E1841.9747
G1 X82.271 Y73.771 E1842.00876
G1 X81.507 Y74.768 E1842.09232
G1 X81.027 Y75.931 E1842.17601
G1 X80.863 Y77.172 E1842.25928
G1 X81.027 Y78.413 E1842.34255
G1 X81.507 Y79.577 E1842.4263
G1 X82.24 Y80.53 E1842.50628
G1 X85.134 Y83.423 E1842.77848
G1 X85.344 Y83.595 E1842.79654
G1 X85.344 Y72.406 E1843.54083
G1 X85.672 Y72.363 E1843.56284
G1 X86.913 Y72.527 E1843.64611
G1 X88.011 Y72.98 E1843.72512
G1 X88.011 Y79.504 E1844.1591
G1 X88.415 Y79.1 E1844.1971
G1 X92.947 Y79.1 E1844.49857
G1 X92.965 Y79 E1844.50533
G1 X92.995 Y79 E1844.50733
G1 X92.99 Y78.8 E1844.52064
G1 X93.162 Y78.8 E1844.53208
G1 X92.664 Y77.593 E1844.61893
G1 X91.936 Y76.647 E1844.69834
G1 X90.678 Y75.389 E1844.81668
G1 X90.678 Y79.1 E1845.06354
G1 F1500 E1838.56354
G0 F7200 X93.345 Y84.184
G1 F1500 E1845.06354
G1 F3600 X92.596 Y84.933 E1845.134
G1 X92.401 Y85.08 E1845.15025
G1 X91.96 Y85.274 E1845.18229
G1 X91.662 Y85.312 E1845.20228
G1 X91.436 Y84.864 E1845.23566
G1 X91.4 Y84.819 E1845.23949
G1 X91.4 Y82.9 E1845.36714
G1 X93.316 Y82.9 E1845.49459
G1 X93.345 Y82.917 E1845.49683
G1 X93.345 Y84.184 E1845.58111
G1 F1500 E1839.08111
G0 F7200 X93.345 Y127.083
G1 F1500 E1845.58111
G1 F3600 X93.312 Y127.1 E1845.58358
G1 X91.4 Y127.1 E1845.71077
G1 X91.4 Y125.154 E1845.84022
G1 X91.6 Y124.84 E1845.86498
G1 X91.6 Y124.695 E1845.87463
G1 X92.057 Y124.754 E1845.90528
G1 X92.365 Y124.896 E1845.92784
G1 X92.578 Y125.05 E1845.94532
G1 X93.345 Y125.817 E1846.01748
G1 X93.345 Y127.083 E1846.10169
G1 F1500 E1839.60169
G0 F7200 X90.678 Y134.612
G1 F1500 E1846.10169
G1 F3600 X90.678 Y130.9 E1846.34862
G1 X92.942 Y130.9 E1846.49922
G1 X92.998 Y131.2 E1846.51952
G1 X93.162 Y131.2 E1846.53043
G1 X92.664 Y132.407 E1846.61728
G1 X91.936 Y133.353 E1846.69669
G1 X89.03 Y136.26 E1846.97011
G1 X88.011 Y137.044 E1847.05564
G1 X88.011 Y130.496 E1847.49121
G1 X87.6 Y130.085 E1847.52988
G1 X87.6 Y125.561 E1847.83082
G1 X87.5 Y125.543 E1847.83757
G1 X87.5 Y125.496 E1847.8407
G1 X87.3 Y125.515 E1847.85407
G1 X87.3 Y125.368 E1847.86384
G1 X86.657 Y125.561 E1847.9085
G1 X85.826 Y126.008 E1847.97127
G1 X85.344 Y126.404 E1848.01277
G1 X85.344 Y137.593 E1848.75706
G1 X84.431 Y137.473 E1848.81832
G1 X83.268 Y136.993 E1848.90201
G1 X82.271 Y136.229 E1848.98556
G1 X81.507 Y135.232 E1849.06912
G1 X81.027 Y134.069 E1849.15281
G1 X80.863 Y132.828 E1849.23608
G1 X81.027 Y131.587 E1849.31935
G1 X81.507 Y130.423 E1849.4031
G1 X82.24 Y129.47 E1849.48308
G1 X82.677 Y129.033 E1849.52419
G1 X82.677 Y136.54 E1850.02356
G1 F1500 E1843.52356
G0 F7200 X205.359 Y127.1
G1 F1500 E1850.02356
G1 F3600 X203.684 Y127.1 E1850.13498
G1 X203.334 Y126.9 E1850.1618
G1 X203.154 Y126.9 E1850.17377
G1 X203.307 Y126.304 E1850.2147
G1 X203.554 Y125.918 E1850.24518
G1 X204.4 Y125.071 E1850.32482
G1 X204.82 Y124.801 E1850.35803
G1 X205.031 Y124.728 E1850.37288
G1 X205.339 Y124.688 E1850.39354
G1 X205.359 Y124.726 E1850.3964
G1 X205.359 Y127.1 E1850.55432
G1 F1500 E1844.05432
G0 F7200 X205.359 Y133.648
G1 F1500 E1850.55432
G1 F3600 X205.359 Y130.9 E1850.73712
G1 X204.053 Y130.9 E1850.82399
G1 X204.035 Y131 E1850.83075
G1 X204.005 Y131 E1850.83275
G1 X204.01 Y131.2 E1850.84606
G1 X203.838 Y131.2 E1850.8575
G1 X204.336 Y132.407 E1850.94435
G1 X205.064 Y133.353 E1851.02376
G1 X208.026 Y136.316 E1851.30245
G1 X208.026 Y130.9 E1851.66272
G1 X208.585 Y130.9 E1851.69991
G1 X209.4 Y130.085 E1851.77658
G1 X209.4 Y125.558 E1852.07772
G1 X209.7 Y125.502 E1852.09802
G1 X209.7 Y125.338 E1852.10893
G1 X210.693 Y125.748 E1852.18039
G1 X210.693 Y137.553 E1852.96566
G1 X211.328 Y137.637 E1853.00827
G1 X212.569 Y137.473 E1853.09154
G1 X213.36 Y137.147 E1853.14845
G1 X213.36 Y128.071 E1853.75219
G1 X214.76 Y129.47 E1853.88385
G1 X215.493 Y130.423 E1853.96382
G1 X215.973 Y131.587 E1854.04758
G1 X216.027 Y131.996 E1854.07502
G1 X216.027 Y133.661 E1854.18578
G1 F1500 E1847.68578
G0 F7200 X205.359 Y85.335
G1 F1500 E1854.18578
G1 F3600 X204.804 Y85.193 E1854.22388
G1 X204.418 Y84.946 E1854.25437
G1 X203.571 Y84.1 E1854.334
G1 X203.302 Y83.68 E1854.36718
G1 X203.229 Y83.461 E1854.38253
G1 X203.214 Y83.158 E1854.40271
G1 X203.708 Y82.9 E1854.43979
G1 X205.359 Y82.9 E1854.54961
G1 X205.6 Y82.9 E1854.56564
G1 X205.6 Y84.816 E1854.6931
G1 X205.4 Y85.166 E1854.71991
G1 X205.4 Y85.346 E1854.73189
G1 X205.359 Y85.335 E1854.73471
G1 X205.359 Y82.9 E1854.89669
G1 F1500 E1848.39669
G0 F7200 X205.359 Y79.1
G1 F1500 E1854.89669
G1 F3600 X205.359 Y76.351 E1855.07955
G1 X205.064 Y76.647 E1855.10735
G1 X204.336 Y77.593 E1855.18675
G1 X203.838 Y78.8 E1855.27361
G1 X204.002 Y78.8 E1855.28452
G1 X204.058 Y79.1 E1855.30482
G1 X208.026 Y79.1 E1855.56877
G1 X208.026 Y73.696 E1855.92825
G1 X208.923 Y73.007 E1856.00349
G1 X210.087 Y72.527 E1856.08724
G1 X210.693 Y72.446 E1856.12791
G1 X210.693 Y84.253 E1856.91332
G1 X210.907 Y84.164 E1856.92873
G1 X211.853 Y83.436 E1857.00814
G1 X213.36 Y81.93 E1857.14986
G1 X213.36 Y72.854 E1857.7536
G1 X213.732 Y73.007 E1857.78036
G1 X214.729 Y73.771 E1857.86391
G1 X215.493 Y74.768 E1857.94746
G1 X215.973 Y75.931 E1858.03116
G1 X216.027 Y76.34 E1858.0586
G1 X216.027 Y78.005 E1858.16936
G1 F1500 E1851.66936
;MESH:manette_1-Body_(Meshed).stl
G0 F7200 X209.165 Y80.424
G0 X208.076 Y80.424
G0 X207.5 Y82
;TYPE:WALL-INNER
G1 F1500 E1858.16936
G1 F3600 X207.5 Y128 E1861.22929
G1 F3538.1 X207.493 Y128.174 E1861.24107
G0 F7200 X207.197 Y128.697
G1 F3654.8 X206.674 Y128.993 E1861.28045
G1 X207.514 Y129.014 E1861.33551
G1 F3664.1 X207.493 Y128.174 E1861.39042
G1 X207.197 Y128.697 E1861.4297
G0 F7200 X206.924 Y128.424
G1 F3600 X206.589 Y128.6 E1861.45487
G1 X90.5 Y128.6 E1869.17714
G1 X90.075 Y128.425 E1869.20772
G1 X89.9 Y128.089 E1869.23292
G1 X89.9 Y82 E1872.29877
G1 X90.075 Y81.575 E1872.32934
G1 X90.411 Y81.4 E1872.35455
G1 X206.5 Y81.4 E1880.07682
G1 X206.924 Y81.576 E1880.10735
G1 X207.1 Y82 E1880.13789
G1 X207.1 Y128.089 E1883.20375
G1 X206.924 Y128.424 E1883.22892
G0 F7200 X206.674 Y128.993
G1 F3529.4 X206.5 Y129 E1883.24073
G1 F3600 X90.5 Y129 E1890.95709
G0 F7200 X89.803 Y128.697
G1 F3654.8 X89.507 Y128.174 E1890.99646
G1 X89.486 Y129.014 E1891.05152
G1 F3730.6 X90.5 Y129 E1891.11661
G1 X89.803 Y128.697 E1891.1654
G0 F7200 X89.507 Y128.174
G1 F3529.4 X89.5 Y128 E1891.17722
G1 F3600 X89.5 Y82 E1894.23715
G0 F7200 X89.803 Y81.303
G1 F3654.8 X90.326 Y81.007 E1894.27652
G1 X89.486 Y80.986 E1894.33158
G1 F3730.6 X89.5 Y82 E1894.39668
G1 X89.803 Y81.303 E1894.44546
G0 F7200 X90.326 Y81.007
G1 F3529.4 X90.5 Y81 E1894.45728
G1 F3600 X206.5 Y81 E1902.17363
G0 F7200 X207.197 Y81.303
G1 F3730.6 X207.5 Y82 E1902.22242
G1 X207.514 Y80.986 E1902.28752
G1 X206.5 Y81 E1902.35261
G1 X207.197 Y81.303 E1902.4014
G0 F7200 X207.197 Y81.09
G0 X207.62 Y129.12
G0 X207.9 Y129.4
G1 F3600 X207.9 Y80.6 E1905.64759
G1 X89.101 Y80.601 E1913.55013
G1 X89.101 Y129.399 E1916.79619
G1 X207.9 Y129.4 E1924.69873
G0 F7200 X208.3 Y129.8
;TYPE:WALL-OUTER
G1 F1800 X208.3 Y80.2 E1927.99813
G1 X88.701 Y80.201 E1935.95389
G1 X88.701 Y129.799 E1939.25316
G1 X208.3 Y129.8 E1947.20892
G0 F7200 X208.3 Y129.6
G0 X207.62 Y129.12
G0 X207.41 Y128.035
G0 X206.698 Y128.035
G1 F1800 X206.642 Y128.142 E1947.21695
G1 X206.535 Y128.198 E1947.22499
G1 X90.5 Y128.2 E1954.94367
G1 X90.358 Y128.142 E1954.95387
G1 X90.302 Y128.035 E1954.9619
G1 X90.3 Y82 E1958.02416
G1 X90.358 Y81.858 E1958.03437
G1 X90.465 Y81.802 E1958.0424
G1 X206.5 Y81.8 E1965.76108
G1 X206.642 Y81.858 E1965.77128
G1 X206.7 Y82 E1965.78149
G1 X206.698 Y128.035 E1968.84375
G0 F7200 X206.642 Y128.142
G0 X206.573 Y128.178
G1 F1500 E1962.34375
;MESH:NONMESH
G0 F600 X206.573 Y128.178 Z19.4
G0 F7200 X206.573 Y128.91
G0 X90.062 Y128.438
G0 X90.053 Y81.575
G0 X82.677 Y80.966
;TIME_ELAPSED:5147.620379
;LAYER:48
;TYPE:SUPPORT
G1 F1500 E1968.84375
G1 F3600 X82.677 Y73.459 E1969.34312
G1 X82.271 Y73.771 E1969.37718
G1 X81.507 Y74.768 E1969.46073
G1 X81.027 Y75.931 E1969.54442
G1 X80.863 Y77.172 E1969.62769
G1 X81.027 Y78.413 E1969.71096
G1 X81.507 Y79.577 E1969.79472
G1 X82.24 Y80.53 E1969.87469
G1 X85.134 Y83.423 E1970.1469
G1 X85.344 Y83.595 E1970.16495
G1 X85.344 Y72.406 E1970.90925
G1 X85.672 Y72.363 E1970.93125
G1 X86.913 Y72.527 E1971.01452
G1 X88.011 Y72.98 E1971.09354
G1 X88.011 Y79.504 E1971.52751
G1 X88.415 Y79.1 E1971.56552
G1 X92.947 Y79.1 E1971.86699
G1 X92.965 Y79 E1971.87375
G1 X92.995 Y79 E1971.87574
G1 X92.99 Y78.8 E1971.88905
G1 X93.162 Y78.8 E1971.90049
G1 X92.664 Y77.593 E1971.98735
G1 X91.936 Y76.647 E1972.06675
G1 X90.678 Y75.389 E1972.1851
G1 X90.678 Y79.1 E1972.43196
G1 F1500 E1965.93196
G0 F7200 X93.345 Y83.867
G1 F1500 E1972.43196
G1 F3600 X93.301 Y83.944 E1972.43785
G1 X92.369 Y84.877 E1972.52558
G1 X91.948 Y85.069 E1972.55636
G1 X91.609 Y85.106 E1972.57904
G1 X91.588 Y84.95 E1972.58951
G1 X91.4 Y84.689 E1972.61091
G1 X91.4 Y82.9 E1972.72992
G1 X93.201 Y82.9 E1972.84972
G1 X93.345 Y83.011 E1972.86181
G1 X93.345 Y83.867 E1972.91875
G1 F1500 E1966.41875
G0 F7200 X93.345 Y126.988
G1 F1500 E1972.91875
G1 F3600 X93.187 Y127.1 E1972.93164
G1 X91.4 Y127.1 E1973.05051
G1 X91.4 Y125.326 E1973.16852
G1 X91.6 Y125.023 E1973.19267
G1 X91.6 Y124.864 E1973.20324
G1 X92.002 Y124.947 E1973.23055
G1 X92.444 Y125.199 E1973.26439
G1 X93.345 Y126.1 E1973.34915
G1 X93.345 Y126.988 E1973.40822
G1 F1500 E1966.90822
G0 F7200 X90.678 Y134.612
G1 F1500 E1973.40822
G1 F3600 X90.678 Y130.9 E1973.65515
G1 X92.942 Y130.9 E1973.80575
G1 X92.998 Y131.2 E1973.82605
G1 X93.162 Y131.2 E1973.83696
G1 X92.664 Y132.407 E1973.92381
G1 X91.936 Y133.353 E1974.00322
G1 X89.03 Y136.26 E1974.27664
G1 X88.011 Y137.044 E1974.36217
G1 X88.011 Y130.496 E1974.79774
G1 X87.6 Y130.085 E1974.83641
G1 X87.6 Y125.561 E1975.13735
G1 X87.5 Y125.543 E1975.14411
G1 X87.5 Y125.496 E1975.14723
G1 X87.3 Y125.515 E1975.1606
G1 X87.3 Y125.368 E1975.17037
G1 X86.657 Y125.561 E1975.21503
G1 X85.826 Y126.008 E1975.2778
G1 X85.344 Y126.404 E1975.3193
G1 X85.344 Y137.593 E1976.06359
G1 X84.431 Y137.473 E1976.12485
G1 X83.268 Y136.993 E1976.20854
G1 X82.271 Y136.229 E1976.29209
G1 X81.507 Y135.232 E1976.37565
G1 X81.027 Y134.069 E1976.45934
G1 X80.863 Y132.828 E1976.54261
G1 X81.027 Y131.587 E1976.62588
G1 X81.507 Y130.423 E1976.70963
G1 X82.24 Y129.47 E1976.78961
G1 X82.677 Y129.033 E1976.83072
G1 X82.677 Y136.54 E1977.33009
G1 F1500 E1970.83009
G0 F7200 X205.359 Y127.1
G1 F1500 E1977.33009
G1 F3600 X203.799 Y127.1 E1977.43386
G1 X203.538 Y126.9 E1977.45573
G1 X203.373 Y126.9 E1977.46671
G1 X203.447 Y126.5 E1977.49377
G1 X203.699 Y126.056 E1977.52773
G1 X204.631 Y125.123 E1977.61545
G1 X205.052 Y124.93 E1977.64626
G1 X205.359 Y124.87 E1977.66707
G1 X205.4 Y124.862 E1977.66985
G1 X205.4 Y125.032 E1977.68116
G1 X205.6 Y125.313 E1977.7041
G1 X205.6 Y127.1 E1977.82297
G1 X205.359 Y127.1 E1977.839
G1 X205.359 Y124.87 E1977.98734
G1 F1500 E1971.48734
G0 F7200 X205.359 Y133.648
G1 F1500 E1977.98734
G1 F3600 X205.359 Y130.9 E1978.17014
G1 X204.053 Y130.9 E1978.25702
G1 X204.035 Y131 E1978.26378
G1 X204.005 Y131 E1978.26577
G1 X204.01 Y131.2 E1978.27908
G1 X203.838 Y131.2 E1978.29052
G1 X204.336 Y132.407 E1978.37738
G1 X205.064 Y133.353 E1978.45678
G1 X208.026 Y136.316 E1978.73547
G1 X208.026 Y130.9 E1979.09575
G1 X208.585 Y130.9 E1979.13293
G1 X209.4 Y130.085 E1979.2096
G1 X209.4 Y125.558 E1979.51074
G1 X209.7 Y125.502 E1979.53104
G1 X209.7 Y125.338 E1979.54195
G1 X210.693 Y125.748 E1979.61341
G1 X210.693 Y137.553 E1980.39869
G1 X211.328 Y137.637 E1980.44129
G1 X212.569 Y137.473 E1980.52456
G1 X213.36 Y137.147 E1980.58147
G1 X213.36 Y128.071 E1981.18521
G1 X214.76 Y129.47 E1981.31687
G1 X215.493 Y130.423 E1981.39685
G1 X215.973 Y131.587 E1981.4806
G1 X216.027 Y131.996 E1981.50804
G1 X216.027 Y133.661 E1981.6188
G1 F1500 E1975.1188
G0 F7200 X205.359 Y85.127
G1 F1500 E1981.6188
G1 F3600 X204.998 Y85.053 E1981.64331
G1 X204.556 Y84.801 E1981.67716
G1 X203.719 Y83.965 E1981.75585
G1 X203.577 Y83.775 E1981.77163
G1 X203.429 Y83.447 E1981.79557
G1 X203.363 Y83.1 E1981.81906
G1 X203.525 Y83.1 E1981.82984
G1 X203.796 Y82.9 E1981.85224
G1 X205.359 Y82.9 E1981.95621
G1 X205.6 Y82.9 E1981.97225
G1 X205.6 Y84.701 E1982.09205
G1 X205.4 Y84.962 E1982.11392
G1 X205.4 Y85.136 E1982.1255
G1 X205.359 Y85.127 E1982.12829
G1 X205.359 Y82.9 E1982.27643
G1 F1500 E1975.77643
G0 F7200 X205.359 Y79.1
G1 F1500 E1982.27643
G1 F3600 X205.359 Y76.351 E1982.45929
G1 X205.064 Y76.647 E1982.48709
G1 X204.336 Y77.593 E1982.5665
G1 X203.838 Y78.8 E1982.65335
G1 X204.002 Y78.8 E1982.66426
G1 X204.058 Y79.1 E1982.68456
G1 X208.026 Y79.1 E1982.94852
G1 X208.026 Y73.696 E1983.30799
G1 X208.923 Y73.007 E1983.38323
G1 X210.087 Y72.527 E1983.46698
G1 X210.693 Y72.446 E1983.50765
G1 X210.693 Y84.253 E1984.29306
G1 X210.907 Y84.164 E1984.30848
G1 X211.853 Y83.436 E1984.38788
G1 X213.36 Y81.93 E1984.5296
G1 X213.36 Y72.854 E1985.13334
G1 X213.732 Y73.007 E1985.1601
G1 X214.729 Y73.771 E1985.24365
G1 X215.493 Y74.768 E1985.32721
G1 X215.973 Y75.931 E1985.4109
G1 X216.027 Y76.34 E1985.43834
G1 X216.027 Y78.005 E1985.5491
G1 F1500 E1979.0491
;MESH:manette_1-Body_(Meshed).stl
G0 F7200 X209.165 Y80.424
G0 X208.076 Y80.424
G0 X207.5 Y82
;TYPE:WALL-INNER
G1 F1500 E1985.5491
G1 F3600 X207.5 Y128 E1988.60903
G1 F3538.1 X207.493 Y128.174 E1988.62082
G0 F7200 X207.197 Y128.697
G1 F3654.8 X206.674 Y128.993 E1988.66019
G1 X207.514 Y129.014 E1988.71525
G1 F3664.1 X207.493 Y128.174 E1988.77017
G1 X207.197 Y128.697 E1988.80944
G0 F7200 X206.924 Y128.424
G1 F3600 X206.589 Y128.6 E1988.83461
G1 X90.5 Y128.6 E1996.55689
G1 X90.075 Y128.425 E1996.58746
G1 X89.9 Y128.089 E1996.61266
G1 X89.9 Y82 E1999.67851
G1 X90.075 Y81.575 E1999.70909
G1 X90.411 Y81.4 E1999.73429
G1 X206.5 Y81.4 E2007.45656
G1 X206.924 Y81.576 E2007.4871
G1 X207.1 Y82 E2007.51764
G1 X207.1 Y128.089 E2010.58349
G1 X206.924 Y128.424 E2010.60866
G0 F7200 X206.674 Y128.993
G1 F3529.4 X206.5 Y129 E2010.62048
G1 F3600 X90.5 Y129 E2018.33683
G0 F7200 X89.803 Y128.697
G1 F3654.8 X89.507 Y128.174 E2018.3762
G1 X89.486 Y129.014 E2018.43126
G1 F3730.6 X90.5 Y129 E2018.49636
G1 X89.803 Y128.697 E2018.54514
G0 F7200 X89.507 Y128.174
G1 F3529.4 X89.5 Y128 E2018.55696
G1 F3600 X89.5 Y82 E2021.61689
G0 F7200 X89.803 Y81.303
G1 F3654.8 X90.326 Y81.007 E2021.65627
G1 X89.486 Y80.986 E2021.71132
G1 F3730.6 X89.5 Y82 E2021.77642
G1 X89.803 Y81.303 E2021.82521
G0 F7200 X90.326 Y81.007
G1 F3529.4 X90.5 Y81 E2021.83702
G1 F3600 X206.5 Y81 E2029.55337
G0 F7200 X207.197 Y81.303
G1 F3730.6 X207.5 Y82 E2029.60216
G1 X207.514 Y80.986 E2029.66726
G1 X206.5 Y81 E2029.73236
G1 X207.197 Y81.303 E2029.78114
G0 F7200 X207.197 Y81.09
G0 X207.62 Y129.12
G0 X207.9 Y129.4
G1 F3600 X207.9 Y80.6 E2033.02733
G1 X89.101 Y80.601 E2040.92987
G1 X89.101 Y129.399 E2044.17593
G1 X207.9 Y129.4 E2052.07847
G0 F7200 X208.3 Y129.8
;TYPE:WALL-OUTER
G1 F1800 X208.3 Y80.2 E2055.37788
G1 X88.701 Y80.201 E2063.33363
G1 X88.701 Y129.799 E2066.63291
G1 X208.3 Y129.8 E2074.58866
G0 F7200 X208.3 Y129.6
G0 X207.62 Y129.12
G0 X207.41 Y128.035
G0 X206.698 Y128.035
G1 F1800 X206.642 Y128.142 E2074.5967
G1 X206.535 Y128.198 E2074.60473
G1 X90.5 Y128.2 E2082.32341
G1 X90.358 Y128.142 E2082.33361
G1 X90.302 Y128.035 E2082.34165
G1 X90.3 Y82 E2085.40391
G1 X90.358 Y81.858 E2085.41411
G1 X90.465 Y81.802 E2085.42214
G1 X206.5 Y81.8 E2093.14082
G1 X206.642 Y81.858 E2093.15103
G1 X206.7 Y82 E2093.16123
G1 X206.698 Y128.035 E2096.22349
G0 F7200 X206.642 Y128.142
G0 X206.573 Y128.178
G1 F1500 E2089.72349
;MESH:NONMESH
G0 F600 X206.573 Y128.178 Z19.8
G0 F7200 X206.573 Y128.91
G0 X90.062 Y128.438
G0 X90.053 Y81.575
G0 X82.677 Y80.966
;TIME_ELAPSED:5200.765378
;LAYER:49
;TYPE:SUPPORT
G1 F1500 E2096.22349
G1 F3600 X82.677 Y73.459 E2096.72286
G1 X82.271 Y73.771 E2096.75692
G1 X81.507 Y74.768 E2096.84047
G1 X81.027 Y75.931 E2096.92417
G1 X80.863 Y77.172 E2097.00744
G1 X81.027 Y78.413 E2097.09071
G1 X81.507 Y79.577 E2097.17446
G1 X82.24 Y80.53 E2097.25444
G1 X85.134 Y83.423 E2097.52664
G1 X85.344 Y83.595 E2097.5447
G1 X85.344 Y72.406 E2098.28899
G1 X85.672 Y72.363 E2098.311
G1 X86.913 Y72.527 E2098.39427
G1 X88.011 Y72.98 E2098.47328
G1 X88.011 Y79.504 E2098.90726
G1 X88.415 Y79.1 E2098.94526
G1 X92.947 Y79.1 E2099.24673
G1 X92.965 Y79 E2099.25349
G1 X92.995 Y79 E2099.25549
G1 X92.99 Y78.8 E2099.26879
G1 X93.162 Y78.8 E2099.28024
G1 X92.664 Y77.593 E2099.36709
G1 X91.936 Y76.647 E2099.4465
G1 X90.678 Y75.389 E2099.56484
G1 X90.678 Y79.1 E2099.8117
G1 F1500 E2093.3117
G0 F7200 X93.345 Y83.471
G1 F1500 E2099.8117
G1 F3600 X93.135 Y83.827 E2099.83919
G1 X92.334 Y84.629 E2099.91459
G1 X92.01 Y84.833 E2099.94006
G1 X91.597 Y84.942 E2099.96848
G1 X91.595 Y84.765 E2099.98025
G1 X91.4 Y84.512 E2100.0015
G1 X91.4 Y82.9 E2100.10873
G1 X93.006 Y82.9 E2100.21556
G1 X93.291 Y83.1 E2100.23872
G1 X93.345 Y83.1 E2100.24231
G1 X93.345 Y83.471 E2100.26699
G1 F1500 E2093.76699
G0 F7200 X93.345 Y126.9
G1 F1500 E2100.26699
G1 F3600 X93.272 Y126.9 E2100.27185
G1 X93.011 Y127.1 E2100.29372
G1 X91.4 Y127.1 E2100.40089
G1 X91.4 Y125.495 E2100.50765
G1 X91.6 Y125.21 E2100.53081
G1 X91.6 Y125.062 E2100.54066
G1 X91.949 Y125.141 E2100.56446
G1 X92.327 Y125.364 E2100.59365
G1 X93.211 Y126.247 E2100.67677
G1 X93.345 Y126.536 E2100.69796
G1 X93.345 Y126.9 E2100.72217
G1 F1500 E2094.22217
G0 F7200 X90.678 Y134.612
G1 F1500 E2100.72217
G1 F3600 X90.678 Y130.9 E2100.96909
G1 X92.942 Y130.9 E2101.1197
G1 X92.998 Y131.2 E2101.14
G1 X93.162 Y131.2 E2101.15091
G1 X92.664 Y132.407 E2101.23776
G1 X91.936 Y133.353 E2101.31717
G1 X89.03 Y136.26 E2101.59059
G1 X88.011 Y137.044 E2101.67612
G1 X88.011 Y130.496 E2102.11169
G1 X87.6 Y130.085 E2102.15036
G1 X87.6 Y125.561 E2102.45129
G1 X87.5 Y125.543 E2102.45805
G1 X87.5 Y125.496 E2102.46118
G1 X87.3 Y125.515 E2102.47454
G1 X87.3 Y125.368 E2102.48432
G1 X86.657 Y125.561 E2102.52898
G1 X85.826 Y126.008 E2102.59175
G1 X85.344 Y126.404 E2102.63324
G1 X85.344 Y137.593 E2103.37754
G1 X84.431 Y137.473 E2103.43879
G1 X83.268 Y136.993 E2103.52249
G1 X82.271 Y136.229 E2103.60604
G1 X81.507 Y135.232 E2103.6896
G1 X81.027 Y134.069 E2103.77329
G1 X80.863 Y132.828 E2103.85656
G1 X81.027 Y131.587 E2103.93983
G1 X81.507 Y130.423 E2104.02358
G1 X82.24 Y129.47 E2104.10356
G1 X82.677 Y129.033 E2104.14467
G1 X82.677 Y136.54 E2104.64404
G1 F1500 E2098.14404
G0 F7200 X205.359 Y127.1
G1 F1500 E2104.64404
G1 F3600 X203.994 Y127.1 E2104.73484
G1 X203.709 Y126.9 E2104.758
G1 X203.562 Y126.9 E2104.76778
G1 X203.641 Y126.553 E2104.79145
G1 X203.865 Y126.173 E2104.82079
G1 X204.747 Y125.289 E2104.90386
G1 X205.1 Y125.127 E2104.9297
G1 X205.359 Y125.091 E2104.94709
G1 X205.4 Y125.086 E2104.94984
G1 X205.4 Y125.228 E2104.95928
G1 X205.6 Y125.487 E2104.98105
G1 X205.6 Y127.1 E2105.08835
G1 X205.359 Y127.1 E2105.10438
G1 X205.359 Y125.091 E2105.23802
G1 F1500 E2098.73802
G0 F7200 X205.359 Y133.648
G1 F1500 E2105.23802
G1 F3600 X205.359 Y130.9 E2105.42082
G1 X204.053 Y130.9 E2105.50769
G1 X204.035 Y131 E2105.51445
G1 X204.005 Y131 E2105.51645
G1 X204.01 Y131.2 E2105.52975
G1 X203.838 Y131.2 E2105.5412
G1 X204.336 Y132.407 E2105.62805
G1 X205.064 Y133.353 E2105.70746
G1 X208.026 Y136.316 E2105.98615
G1 X208.026 Y130.9 E2106.34642
G1 X208.585 Y130.9 E2106.38361
G1 X209.4 Y130.085 E2106.46028
G1 X209.4 Y125.558 E2106.76142
G1 X209.7 Y125.502 E2106.78172
G1 X209.7 Y125.338 E2106.79263
G1 X210.693 Y125.748 E2106.86409
G1 X210.693 Y137.553 E2107.64936
G1 X211.328 Y137.637 E2107.69197
G1 X212.569 Y137.473 E2107.77524
G1 X213.36 Y137.147 E2107.83215
G1 X213.36 Y128.071 E2108.43589
G1 X214.76 Y129.47 E2108.56754
G1 X215.493 Y130.423 E2108.64752
G1 X215.973 Y131.587 E2108.73128
G1 X216.027 Y131.996 E2108.75872
G1 X216.027 Y133.661 E2108.86948
G1 F1500 E2102.36948
G0 F7200 X205.359 Y84.928
G1 F1500 E2108.86948
G1 F3600 X205.053 Y84.859 E2108.89034
G1 X204.67 Y84.633 E2108.91992
G1 X203.789 Y83.753 E2109.00276
G1 X203.623 Y83.396 E2109.02895
G1 X203.566 Y83.1 E2109.049
G1 X203.728 Y83.1 E2109.05977
G1 X203.989 Y82.9 E2109.08165
G1 X205.359 Y82.9 E2109.17278
G1 X205.6 Y82.9 E2109.18881
G1 X205.6 Y84.539 E2109.29784
G1 X205.4 Y84.776 E2109.31847
G1 X205.4 Y84.938 E2109.32924
G1 X205.359 Y84.928 E2109.33205
G1 X205.359 Y82.9 E2109.46695
G1 F1500 E2102.96695
G0 F7200 X205.359 Y79.1
G1 F1500 E2109.46695
G1 F3600 X205.359 Y76.351 E2109.64982
G1 X205.064 Y76.647 E2109.67762
G1 X204.336 Y77.593 E2109.75702
G1 X203.838 Y78.8 E2109.84388
G1 X204.002 Y78.8 E2109.85479
G1 X204.058 Y79.1 E2109.87509
G1 X208.026 Y79.1 E2110.13904
G1 X208.026 Y73.696 E2110.49851
G1 X208.923 Y73.007 E2110.57375
G1 X210.087 Y72.527 E2110.65751
G1 X210.693 Y72.446 E2110.69818
G1 X210.693 Y84.253 E2111.48358
G1 X210.907 Y84.164 E2111.499
G1 X211.853 Y83.436 E2111.5784
G1 X213.36 Y81.93 E2111.72013
G1 X213.36 Y72.854 E2112.32386
G1 X213.732 Y73.007 E2112.35062
G1 X214.729 Y73.771 E2112.43418
G1 X215.493 Y74.768 E2112.51773
G1 X215.973 Y75.931 E2112.60142
G1 X216.027 Y76.34 E2112.62887
G1 X216.027 Y78.005 E2112.73962
G1 F1500 E2106.23962
;MESH:manette_1-Body_(Meshed).stl
G0 F7200 X209.165 Y80.424
G0 X208.076 Y80.424
G0 X207.5 Y82
;TYPE:WALL-INNER
G1 F1500 E2112.73962
G1 F3600 X207.5 Y128 E2115.79955
G1 F3538.1 X207.493 Y128.174 E2115.81134
G0 F7200 X207.197 Y128.697
G1 F3654.8 X206.674 Y128.993 E2115.85072
G1 X207.514 Y129.014 E2115.90577
G1 F3664.1 X207.493 Y128.174 E2115.96069
G1 X207.197 Y128.697 E2115.99997
G0 F7200 X206.924 Y128.424
G1 F3600 X206.589 Y128.6 E2116.02514
G1 X90.5 Y128.6 E2123.74741
G1 X90.075 Y128.425 E2123.77798
G1 X89.9 Y128.089 E2123.80318
G1 X89.9 Y82 E2126.86904
G1 X90.075 Y81.575 E2126.89961
G1 X90.411 Y81.4 E2126.92481
G1 X206.5 Y81.4 E2134.64708
G1 X206.924 Y81.576 E2134.67762
G1 X207.1 Y82 E2134.70816
G1 X207.1 Y128.089 E2137.77401
G1 X206.924 Y128.424 E2137.79918
G0 F7200 X206.674 Y128.993
G1 F3529.4 X206.5 Y129 E2137.811
G1 F3600 X90.5 Y129 E2145.52735
G0 F7200 X89.803 Y128.697
G1 F3654.8 X89.507 Y128.174 E2145.56673
G1 X89.486 Y129.014 E2145.62178
G1 F3730.6 X90.5 Y129 E2145.68688
G1 X89.803 Y128.697 E2145.73567
G0 F7200 X89.507 Y128.174
G1 F3529.4 X89.5 Y128 E2145.74748
G1 F3600 X89.5 Y82 E2148.80741
G0 F7200 X89.803 Y81.303
G1 F3654.8 X90.326 Y81.007 E2148.84679
G1 X89.486 Y80.986 E2148.90185
G1 F3730.6 X89.5 Y82 E2148.96694
G1 X89.803 Y81.303 E2149.01573
G0 F7200 X90.326 Y81.007
G1 F3529.4 X90.5 Y81 E2149.02755
G1 F3600 X206.5 Y81 E2156.7439
G0 F7200 X207.197 Y81.303
G1 F3730.6 X207.5 Y82 E2156.79268
G1 X207.514 Y80.986 E2156.85778
G1 X206.5 Y81 E2156.92288
G1 X207.197 Y81.303 E2156.97166
G0 F7200 X207.197 Y81.09
G0 X207.62 Y129.12
G0 X207.9 Y129.4
G1 F3600 X207.9 Y80.6 E2160.21785
G1 X89.101 Y80.601 E2168.1204
G1 X89.101 Y129.399 E2171.36645
G1 X207.9 Y129.4 E2179.26899
G0 F7200 X208.3 Y129.8
;TYPE:WALL-OUTER
G1 F1800 X208.3 Y80.2 E2182.5684
G1 X88.701 Y80.201 E2190.52416
G1 X88.701 Y129.799 E2193.82343
G1 X208.3 Y129.8 E2201.77919
G0 F7200 X208.3 Y129.6
G0 X207.62 Y129.12
G0 X207.41 Y128.035
G0 X206.698 Y128.035
G1 F1800 X206.642 Y128.142 E2201.78722
G1 X206.535 Y128.198 E2201.79525
G1 X90.5 Y128.2 E2209.51393
G1 X90.358 Y128.142 E2209.52414
G1 X90.302 Y128.035 E2209.53217
G1 X90.3 Y82 E2212.59443
G1 X90.358 Y81.858 E2212.60463
G1 X90.465 Y81.802 E2212.61267
G1 X206.5 Y81.8 E2220.33135
G1 X206.642 Y81.858 E2220.34155
G1 X206.7 Y82 E2220.35175
G1 X206.698 Y128.035 E2223.41401
G0 F7200 X206.642 Y128.142
G0 X206.573 Y128.178
G1 F1500 E2216.91401
;MESH:NONMESH
G0 F600 X206.573 Y128.178 Z20.2
G0 F7200 X206.573 Y128.91
G0 X90.062 Y128.438
G0 X90.053 Y81.575
G0 X82.677 Y80.966
;TIME_ELAPSED:5253.864624
;LAYER:50
;TYPE:SUPPORT
G1 F1500 E2223.41401
G1 F3600 X82.677 Y73.459 E2223.91338
G1 X82.271 Y73.771 E2223.94744
G1 X81.507 Y74.768 E2224.031
G1 X81.027 Y75.931 E2224.11469
G1 X80.863 Y77.172 E2224.19796
G1 X81.027 Y78.413 E2224.28123
G1 X81.507 Y79.577 E2224.36498
G1 X82.24 Y80.53 E2224.44496
G1 X85.134 Y83.423 E2224.71716
G1 X85.344 Y83.595 E2224.73522
G1 X85.344 Y72.406 E2225.47952
G1 X85.672 Y72.363 E2225.50152
G1 X86.913 Y72.527 E2225.58479
G1 X88.011 Y72.98 E2225.6638
G1 X88.011 Y79.504 E2226.09778
G1 X88.415 Y79.1 E2226.13579
G1 X92.947 Y79.1 E2226.43726
G1 X92.965 Y79 E2226.44401
G1 X92.995 Y79 E2226.44601
G1 X92.99 Y78.8 E2226.45932
G1 X93.162 Y78.8 E2226.47076
G1 X92.664 Y77.593 E2226.55762
G1 X91.936 Y76.647 E2226.63702
G1 X90.678 Y75.389 E2226.75536
G1 X90.678 Y79.1 E2227.00222
G1 F1500 E2220.50222
G0 F7200 X92.846 Y82.9
G1 F1500 E2227.00222
G1 F3600 X93.072 Y83.1 E2227.0223
G1 X93.218 Y83.1 E2227.03201
G1 X93.176 Y83.363 E2227.04972
G1 X93.055 Y83.627 E2227.06904
G1 X92.204 Y84.478 E2227.1491
G1 X91.912 Y84.658 E2227.17192
G1 X91.597 Y84.733 E2227.19346
G1 X91.597 Y84.589 E2227.20304
G1 X91.4 Y84.334 E2227.22447
G1 X91.4 Y82.9 E2227.31986
G1 X92.846 Y82.9 E2227.41605
G1 F1500 E2220.91605
G0 F7200 X91.6 Y125.282
G1 F1500 E2227.41605
G1 F3600 X91.863 Y125.324 E2227.43377
G1 X92.127 Y125.445 E2227.45308
G1 X93.046 Y126.364 E2227.53954
G1 X93.181 Y126.653 E2227.56076
G1 X93.233 Y126.9 E2227.57755
G1 X93.092 Y126.9 E2227.58693
G1 X92.838 Y127.1 E2227.60843
G1 X91.4 Y127.1 E2227.70409
G1 X91.4 Y125.638 E2227.80134
G1 X91.6 Y125.434 E2227.82034
G1 X91.6 Y125.282 E2227.83046
G1 F1500 E2221.33046
G0 F7200 X90.678 Y134.612
G1 F1500 E2227.83046
G1 F3600 X90.678 Y130.9 E2228.07738
G1 X92.942 Y130.9 E2228.22798
G1 X92.998 Y131.2 E2228.24828
G1 X93.162 Y131.2 E2228.25919
G1 X92.664 Y132.407 E2228.34605
G1 X91.936 Y133.353 E2228.42545
G1 X89.03 Y136.26 E2228.69888
G1 X88.011 Y137.044 E2228.7844
G1 X88.011 Y130.496 E2229.21998
G1 X87.6 Y130.085 E2229.25864
G1 X87.6 Y125.561 E2229.55958
G1 X87.5 Y125.543 E2229.56634
G1 X87.5 Y125.496 E2229.56946
G1 X87.3 Y125.515 E2229.58283
G1 X87.3 Y125.368 E2229.59261
G1 X86.657 Y125.561 E2229.63726
G1 X85.826 Y126.008 E2229.70003
G1 X85.344 Y126.404 E2229.74153
G1 X85.344 Y137.593 E2230.48582
G1 X84.431 Y137.473 E2230.54708
G1 X83.268 Y136.993 E2230.63077
G1 X82.271 Y136.229 E2230.71433
G1 X81.507 Y135.232 E2230.79788
G1 X81.027 Y134.069 E2230.88157
G1 X80.863 Y132.828 E2230.96484
G1 X81.027 Y131.587 E2231.04811
G1 X81.507 Y130.423 E2231.13187
G1 X82.24 Y129.47 E2231.21184
G1 X82.677 Y129.033 E2231.25295
G1 X82.677 Y136.54 E2231.75232
G1 F1500 E2225.25232
G0 F7200 X205.359 Y127.1
G1 F1500 E2231.75232
G1 F3600 X204.154 Y127.1 E2231.83248
G1 X203.928 Y126.9 E2231.85255
G1 X203.778 Y126.9 E2231.86253
G1 X203.823 Y126.642 E2231.87995
G1 X203.992 Y126.332 E2231.90344
G1 X204.802 Y125.518 E2231.97983
G1 X205.09 Y125.34 E2232.00235
G1 X205.359 Y125.274 E2232.02077
G1 X205.4 Y125.264 E2232.02358
G1 X205.4 Y125.408 E2232.03316
G1 X205.6 Y125.662 E2232.05466
G1 X205.6 Y127.1 E2232.15032
G1 X205.359 Y127.1 E2232.16635
G1 X205.359 Y125.274 E2232.28782
G1 F1500 E2225.78782
G0 F7200 X205.359 Y133.648
G1 F1500 E2232.28782
G1 F3600 X205.359 Y130.9 E2232.47062
G1 X204.053 Y130.9 E2232.55749
G1 X204.035 Y131 E2232.56425
G1 X204.005 Y131 E2232.56625
G1 X204.01 Y131.2 E2232.57955
G1 X203.838 Y131.2 E2232.591
G1 X204.336 Y132.407 E2232.67785
G1 X205.064 Y133.353 E2232.75726
G1 X208.026 Y136.316 E2233.03595
G1 X208.026 Y130.9 E2233.39622
G1 X208.585 Y130.9 E2233.43341
G1 X209.4 Y130.085 E2233.51008
G1 X209.4 Y125.558 E2233.81122
G1 X209.7 Y125.502 E2233.83152
G1 X209.7 Y125.338 E2233.84243
G1 X210.693 Y125.748 E2233.91389
G1 X210.693 Y137.553 E2234.69916
G1 X211.328 Y137.637 E2234.74177
G1 X212.569 Y137.473 E2234.82504
G1 X213.36 Y137.147 E2234.88195
G1 X213.36 Y128.071 E2235.48569
G1 X214.76 Y129.47 E2235.61734
G1 X215.493 Y130.423 E2235.69732
G1 X215.973 Y131.587 E2235.78108
G1 X216.027 Y131.996 E2235.80852
G1 X216.027 Y133.661 E2235.91928
G1 F1500 E2229.41928
G0 F7200 X205.359 Y84.711
G1 F1500 E2235.91928
G1 F3600 X205.137 Y84.676 E2235.93422
G1 X204.873 Y84.555 E2235.95354
G1 X204.021 Y83.703 E2236.03369
G1 X203.844 Y83.419 E2236.05595
G1 X203.765 Y83.1 E2236.07782
G1 X203.906 Y83.1 E2236.08719
G1 X204.165 Y82.9 E2236.10896
G1 X205.359 Y82.9 E2236.18839
G1 X205.6 Y82.9 E2236.20442
G1 X205.6 Y84.346 E2236.30061
G1 X205.4 Y84.572 E2236.32068
G1 X205.4 Y84.718 E2236.33039
G1 X205.359 Y84.711 E2236.33316
G1 X205.359 Y82.9 E2236.45363
G1 F1500 E2229.95363
G0 F7200 X205.359 Y79.1
G1 F1500 E2236.45363
G1 F3600 X205.359 Y76.351 E2236.63649
G1 X205.064 Y76.647 E2236.66429
G1 X204.336 Y77.593 E2236.7437
G1 X203.838 Y78.8 E2236.83055
G1 X204.002 Y78.8 E2236.84146
G1 X204.058 Y79.1 E2236.86176
G1 X208.026 Y79.1 E2237.12572
G1 X208.026 Y73.696 E2237.48519
G1 X208.923 Y73.007 E2237.56043
G1 X210.087 Y72.527 E2237.64418
G1 X210.693 Y72.446 E2237.68485
G1 X210.693 Y84.253 E2238.47026
G1 X210.907 Y84.164 E2238.48568
G1 X211.853 Y83.436 E2238.56508
G1 X213.36 Y81.93 E2238.7068
G1 X213.36 Y72.854 E2239.31054
G1 X213.732 Y73.007 E2239.3373
G1 X214.729 Y73.771 E2239.42085
G1 X215.493 Y74.768 E2239.50441
G1 X215.973 Y75.931 E2239.5881
G1 X216.027 Y76.34 E2239.61554
G1 X216.027 Y78.005 E2239.7263
G1 F1500 E2233.2263
;MESH:manette_1-Body_(Meshed).stl
G0 F7200 X209.165 Y80.424
G0 X208.076 Y80.424
G0 X207.5 Y82
;TYPE:WALL-INNER
G1 F1500 E2239.7263
G1 F3600 X207.5 Y128 E2242.78623
G1 F3538.1 X207.493 Y128.174 E2242.79802
G0 F7200 X207.197 Y128.697
G1 F3654.8 X206.674 Y128.993 E2242.83739
G1 X207.514 Y129.014 E2242.89245
G1 F3664.1 X207.493 Y128.174 E2242.94737
G1 X207.197 Y128.697 E2242.98664
G0 F7200 X206.924 Y128.424
G1 F3600 X206.589 Y128.6 E2243.01181
G1 X90.5 Y128.6 E2250.73409
G1 X90.075 Y128.425 E2250.76466
G1 X89.9 Y128.089 E2250.78986
G1 X89.9 Y82 E2253.85571
G1 X90.075 Y81.575 E2253.88629
G1 X90.411 Y81.4 E2253.91149
G1 X206.5 Y81.4 E2261.63376
G1 X206.924 Y81.576 E2261.6643
G1 X207.1 Y82 E2261.69484
G1 X207.1 Y128.089 E2264.76069
G1 X206.924 Y128.424 E2264.78586
G0 F7200 X206.674 Y128.993
G1 F3529.4 X206.5 Y129 E2264.79768
G1 F3600 X90.5 Y129 E2272.51403
G0 F7200 X89.803 Y128.697
G1 F3654.8 X89.507 Y128.174 E2272.5534
G1 X89.486 Y129.014 E2272.60846
G1 F3730.6 X90.5 Y129 E2272.67356
G1 X89.803 Y128.697 E2272.72234
G0 F7200 X89.507 Y128.174
G1 F3529.4 X89.5 Y128 E2272.73416
G1 F3600 X89.5 Y82 E2275.79409
G0 F7200 X89.803 Y81.303
G1 F3654.8 X90.326 Y81.007 E2275.83347
G1 X89.486 Y80.986 E2275.88852
G1 F3730.6 X89.5 Y82 E2275.95362
G1 X89.803 Y81.303 E2276.00241
G0 F7200 X90.326 Y81.007
G1 F3529.4 X90.5 Y81 E2276.01422
G1 F3600 X206.5 Y81 E2283.73057
G0 F7200 X207.197 Y81.303
G1 F3730.6 X207.5 Y82 E2283.77936
G1 X207.514 Y80.986 E2283.84446
G1 X206.5 Y81 E2283.90955
G1 X207.197 Y81.303 E2283.95834
G0 F7200 X207.197 Y81.09
G0 X207.62 Y129.12
G0 X207.9 Y129.4
G1 F3600 X207.9 Y80.6 E2287.20453
G1 X89.101 Y80.601 E2295.10707
G1 X89.101 Y129.399 E2298.35313
G1 X207.9 Y129.4 E2306.25567
G0 F7200 X208.3 Y129.8
;TYPE:WALL-OUTER
G1 F1800 X208.3 Y80.2 E2309.55508
G1 X88.701 Y80.201 E2317.51083
G1 X88.701 Y129.799 E2320.81011
G1 X208.3 Y129.8 E2328.76586
G0 F7200 X208.3 Y129.6
G0 X207.62 Y129.12
G0 X207.41 Y128.035
G0 X206.698 Y128.035
G1 F1800 X206.642 Y128.142 E2328.7739
G1 X206.535 Y128.198 E2328.78193
G1 X90.5 Y128.2 E2336.50061
G1 X90.358 Y128.142 E2336.51081
G1 X90.302 Y128.035 E2336.51885
G1 X90.3 Y82 E2339.58111
G1 X90.358 Y81.858 E2339.59131
G1 X90.465 Y81.802 E2339.59934
G1 X206.5 Y81.8 E2347.31802
G1 X206.642 Y81.858 E2347.32823
G1 X206.7 Y82 E2347.33843
G1 X206.698 Y128.035 E2350.40069
G0 F7200 X206.642 Y128.142
G0 X206.573 Y128.178
G1 F1500 E2343.90069
;MESH:NONMESH
G0 F600 X206.573 Y128.178 Z20.6
G0 F7200 X206.573 Y128.91
G0 X90.062 Y128.438
G0 X90.053 Y81.575
G0 X82.677 Y80.966
;TIME_ELAPSED:5306.911305
;LAYER:51
;TYPE:SUPPORT
G1 F1500 E2350.40069
G1 F3600 X82.677 Y73.459 E2350.90006
G1 X82.271 Y73.771 E2350.93412
G1 X81.507 Y74.768 E2351.01767
G1 X81.027 Y75.931 E2351.10137
G1 X80.863 Y77.172 E2351.18464
G1 X81.027 Y78.413 E2351.26791
G1 X81.507 Y79.577 E2351.35166
G1 X82.24 Y80.53 E2351.43164
G1 X85.134 Y83.423 E2351.70384
G1 X85.344 Y83.595 E2351.7219
G1 X85.344 Y72.406 E2352.46619
G1 X85.672 Y72.363 E2352.4882
G1 X86.913 Y72.527 E2352.57147
G1 X88.011 Y72.98 E2352.65048
G1 X88.011 Y79.504 E2353.08446
G1 X88.415 Y79.1 E2353.12246
G1 X92.947 Y79.1 E2353.42393
G1 X92.965 Y79 E2353.43069
G1 X92.995 Y79 E2353.43269
G1 X92.99 Y78.8 E2353.44599
G1 X93.162 Y78.8 E2353.45744
G1 X92.664 Y77.593 E2353.54429
G1 X91.936 Y76.647 E2353.6237
G1 X90.678 Y75.389 E2353.74204
G1 X90.678 Y79.1 E2353.9889
G1 F1500 E2347.4889
G0 F7200 X92.693 Y82.9
G1 F1500 E2353.9889
G1 F3600 X92.872 Y83.1 E2354.00675
G1 X93.015 Y83.1 E2354.01626
G1 X92.98 Y83.319 E2354.03102
G1 X92.847 Y83.549 E2354.04869
G1 X92.016 Y84.381 E2354.12691
G1 X91.838 Y84.473 E2354.14024
G1 X91.598 Y84.526 E2354.15659
G1 X91.598 Y84.374 E2354.1667
G1 X91.4 Y84.188 E2354.18477
G1 X91.4 Y82.9 E2354.27045
G1 X92.693 Y82.9 E2354.35646
G1 F1500 E2347.85646
G0 F7200 X91.6 Y125.485
G1 F1500 E2354.35646
G1 F3600 X91.819 Y125.52 E2354.37122
G1 X92.049 Y125.653 E2354.38889
G1 X92.881 Y126.484 E2354.46711
G1 X92.972 Y126.66 E2354.48029
G1 X93.027 Y126.9 E2354.49667
G1 X92.875 Y126.9 E2354.50678
G1 X92.686 Y127.1 E2354.52509
G1 X91.4 Y127.1 E2354.61063
G1 X91.4 Y125.814 E2354.69618
G1 X91.6 Y125.609 E2354.71523
G1 X91.6 Y125.485 E2354.72348
G1 F1500 E2348.22348
G0 F7200 X90.678 Y134.612
G1 F1500 E2354.72348
G1 F3600 X90.678 Y130.9 E2354.9704
G1 X92.942 Y130.9 E2355.121
G1 X92.998 Y131.2 E2355.1413
G1 X93.162 Y131.2 E2355.15221
G1 X92.664 Y132.407 E2355.23907
G1 X91.936 Y133.353 E2355.31847
G1 X89.03 Y136.26 E2355.5919
G1 X88.011 Y137.044 E2355.67742
G1 X88.011 Y130.496 E2356.113
G1 X87.6 Y130.085 E2356.15166
G1 X87.6 Y125.561 E2356.4526
G1 X87.5 Y125.543 E2356.45936
G1 X87.5 Y125.496 E2356.46248
G1 X87.3 Y125.515 E2356.47585
G1 X87.3 Y125.368 E2356.48563
G1 X86.657 Y125.561 E2356.53028
G1 X85.826 Y126.008 E2356.59305
G1 X85.344 Y126.404 E2356.63455
G1 X85.344 Y137.593 E2357.37884
G1 X84.431 Y137.473 E2357.4401
G1 X83.268 Y136.993 E2357.52379
G1 X82.271 Y136.229 E2357.60735
G1 X81.507 Y135.232 E2357.6909
G1 X81.027 Y134.069 E2357.77459
G1 X80.863 Y132.828 E2357.85786
G1 X81.027 Y131.587 E2357.94113
G1 X81.507 Y130.423 E2358.02489
G1 X82.24 Y129.47 E2358.10486
G1 X82.677 Y129.033 E2358.14597
G1 X82.677 Y136.54 E2358.64534
G1 F1500 E2352.14534
G0 F7200 X205.359 Y133.648
G1 F1500 E2358.64534
G1 F3600 X205.359 Y130.9 E2358.82814
G1 X204.053 Y130.9 E2358.91501
G1 X204.035 Y131 E2358.92177
G1 X204.005 Y131 E2358.92377
G1 X204.01 Y131.2 E2358.93708
G1 X203.838 Y131.2 E2358.94852
G1 X204.336 Y132.407 E2359.03537
G1 X205.064 Y133.353 E2359.11478
G1 X208.026 Y136.316 E2359.39347
G1 X208.026 Y130.9 E2359.75375
G1 X208.585 Y130.9 E2359.79093
G1 X209.4 Y130.085 E2359.8676
G1 X209.4 Y125.558 E2360.16874
G1 X209.7 Y125.502 E2360.18904
G1 X209.7 Y125.338 E2360.19995
G1 X210.693 Y125.748 E2360.27141
G1 X210.693 Y137.553 E2361.05668
G1 X211.328 Y137.637 E2361.09929
G1 X212.569 Y137.473 E2361.18256
G1 X213.36 Y137.147 E2361.23947
G1 X213.36 Y128.071 E2361.84321
G1 X214.76 Y129.47 E2361.97487
G1 X215.493 Y130.423 E2362.05484
G1 X215.973 Y131.587 E2362.1386
G1 X216.027 Y131.996 E2362.16604
G1 X216.027 Y133.661 E2362.2768
G1 F1500 E2355.7768
G0 F7200 X205.359 Y127.1
G1 F1500 E2362.2768
G1 F3600 X204.307 Y127.1 E2362.34678
G1 X204.128 Y126.9 E2362.36463
G1 X203.985 Y126.9 E2362.37414
G1 X204.02 Y126.681 E2362.3889
G1 X204.153 Y126.451 E2362.40657
G1 X204.988 Y125.615 E2362.48517
G1 X205.359 Y125.447 E2362.51226
G1 X205.4 Y125.429 E2362.51524
G1 X205.4 Y125.624 E2362.52821
G1 X205.6 Y125.815 E2362.54661
G1 X205.6 Y127.1 E2362.63209
G1 X205.359 Y127.1 E2362.64812
G1 X205.359 Y125.447 E2362.75807
G1 F1500 E2356.25807
G0 F7200 X205.359 Y84.508
G1 F1500 E2362.75807
G1 F3600 X205.181 Y84.48 E2362.77006
G1 X204.951 Y84.347 E2362.78773
G1 X204.115 Y83.512 E2362.86633
G1 X203.929 Y83.1 E2362.8964
G1 X204.124 Y83.1 E2362.90937
G1 X204.315 Y82.9 E2362.92777
G1 X205.359 Y82.9 E2362.99722
G1 X205.6 Y82.9 E2363.01325
G1 X205.6 Y84.193 E2363.09926
G1 X205.4 Y84.372 E2363.11711
G1 X205.4 Y84.515 E2363.12663
G1 X205.359 Y84.508 E2363.12939
G1 X205.359 Y82.9 E2363.23636
G1 F1500 E2356.73636
G0 F7200 X205.359 Y79.1
G1 F1500 E2363.23636
G1 F3600 X205.359 Y76.351 E2363.41922
G1 X205.064 Y76.647 E2363.44702
G1 X204.336 Y77.593 E2363.52643
G1 X203.838 Y78.8 E2363.61328
G1 X204.002 Y78.8 E2363.62419
G1 X204.058 Y79.1 E2363.64449
G1 X208.026 Y79.1 E2363.90844
G1 X208.026 Y73.696 E2364.26792
G1 X208.923 Y73.007 E2364.34316
G1 X210.087 Y72.527 E2364.42691
G1 X210.693 Y72.446 E2364.46758
G1 X210.693 Y84.253 E2365.25299
G1 X210.907 Y84.164 E2365.26841
G1 X211.853 Y83.436 E2365.34781
G1 X213.36 Y81.93 E2365.48953
G1 X213.36 Y72.854 E2366.09327
G1 X213.732 Y73.007 E2366.12003
G1 X214.729 Y73.771 E2366.20358
G1 X215.493 Y74.768 E2366.28714
G1 X215.973 Y75.931 E2366.37083
G1 X216.027 Y76.34 E2366.39827
G1 X216.027 Y78.005 E2366.50903
G1 F1500 E2360.00903
;MESH:manette_1-Body_(Meshed).stl
G0 F7200 X209.165 Y80.424
G0 X208.076 Y80.424
G0 X207.5 Y82
;TYPE:WALL-INNER
G1 F1500 E2366.50903
G1 F3600 X207.5 Y128 E2369.56896
G1 F3538.1 X207.493 Y128.174 E2369.58075
G0 F7200 X207.197 Y128.697
G1 F3654.8 X206.674 Y128.993 E2369.62012
G1 X207.514 Y129.014 E2369.67518
G1 F3664.1 X207.493 Y128.174 E2369.73009
G1 X207.197 Y128.697 E2369.76937
G0 F7200 X206.924 Y128.424
G1 F3600 X206.589 Y128.6 E2369.79454
G1 X90.5 Y128.6 E2377.51682
G1 X90.075 Y128.425 E2377.54739
G1 X89.9 Y128.089 E2377.57259
G1 X89.9 Y82 E2380.63844
G1 X90.075 Y81.575 E2380.66902
G1 X90.411 Y81.4 E2380.69422
G1 X206.5 Y81.4 E2388.41649
G1 X206.924 Y81.576 E2388.44703
G1 X207.1 Y82 E2388.47756
G1 X207.1 Y128.089 E2391.54342
G1 X206.924 Y128.424 E2391.56859
G0 F7200 X206.674 Y128.993
G1 F3529.4 X206.5 Y129 E2391.58041
G1 F3600 X90.5 Y129 E2399.29676
G0 F7200 X89.803 Y128.697
G1 F3654.8 X89.507 Y128.174 E2399.33613
G1 X89.486 Y129.014 E2399.39119
G1 F3730.6 X90.5 Y129 E2399.45629
G1 X89.803 Y128.697 E2399.50507
G0 F7200 X89.507 Y128.174
G1 F3529.4 X89.5 Y128 E2399.51689
G1 F3600 X89.5 Y82 E2402.57682
G0 F7200 X89.803 Y81.303
G1 F3654.8 X90.326 Y81.007 E2402.6162
G1 X89.486 Y80.986 E2402.67125
G1 F3730.6 X89.5 Y82 E2402.73635
G1 X89.803 Y81.303 E2402.78514
G0 F7200 X90.326 Y81.007
G1 F3529.4 X90.5 Y81 E2402.79695
G1 F3600 X206.5 Y81 E2410.5133
G0 F7200 X207.197 Y81.303
G1 F3730.6 X207.5 Y82 E2410.56209
G1 X207.514 Y80.986 E2410.62719
G1 X206.5 Y81 E2410.69228
G1 X207.197 Y81.303 E2410.74107
G0 F7200 X207.197 Y81.09
G0 X207.62 Y129.12
G0 X207.9 Y129.4
G1 F3600 X207.9 Y80.6 E2413.98726
G1 X89.101 Y80.601 E2421.8898
G1 X89.101 Y129.399 E2425.13586
G1 X207.9 Y129.4 E2433.0384
G0 F7200 X208.3 Y129.8
;TYPE:WALL-OUTER
G1 F1800 X208.3 Y80.2 E2436.3378
G1 X88.701 Y80.201 E2444.29356
G1 X88.701 Y129.799 E2447.59283
G1 X208.3 Y129.8 E2455.54859
G0 F7200 X208.3 Y129.6
G0 X207.62 Y129.12
G0 X207.41 Y128.035
G0 X206.698 Y128.035
G1 F1800 X206.642 Y128.142 E2455.55663
G1 X206.535 Y128.198 E2455.56466
G1 X90.5 Y128.2 E2463.28334
G1 X90.358 Y128.142 E2463.29354
G1 X90.302 Y128.035 E2463.30158
G1 X90.3 Y82 E2466.36384
G1 X90.358 Y81.858 E2466.37404
G1 X90.465 Y81.802 E2466.38207
G1 X206.5 Y81.8 E2474.10075
G1 X206.642 Y81.858 E2474.11096
G1 X206.7 Y82 E2474.12116
G1 X206.698 Y128.035 E2477.18342
G0 F7200 X206.642 Y128.142
G0 X206.573 Y128.178
G1 F1500 E2470.68342
;MESH:NONMESH
G0 F600 X206.573 Y128.178 Z21
G0 F7200 X206.573 Y128.91
G0 X90.062 Y128.438
G0 X90.053 Y81.575
G0 X82.677 Y80.966
;TIME_ELAPSED:5359.872370
;LAYER:52
;TYPE:SUPPORT
G1 F1500 E2477.18342
G1 F3600 X82.677 Y73.459 E2477.68279
G1 X82.271 Y73.771 E2477.71685
G1 X81.507 Y74.768 E2477.8004
G1 X81.027 Y75.931 E2477.8841
G1 X80.863 Y77.172 E2477.96737
G1 X81.027 Y78.413 E2478.05063
G1 X81.507 Y79.577 E2478.13439
G1 X82.24 Y80.53 E2478.21437
G1 X85.134 Y83.423 E2478.48657
G1 X85.344 Y83.595 E2478.50463
G1 X85.344 Y72.406 E2479.24892
G1 X85.672 Y72.363 E2479.27093
G1 X86.913 Y72.527 E2479.3542
G1 X88.011 Y72.98 E2479.43321
G1 X88.011 Y79.504 E2479.86719
G1 X88.415 Y79.1 E2479.90519
G1 X92.947 Y79.1 E2480.20666
G1 X92.965 Y79 E2480.21342
G1 X92.995 Y79 E2480.21542
G1 X92.99 Y78.8 E2480.22872
G1 X93.162 Y78.8 E2480.24017
G1 X92.664 Y77.593 E2480.32702
G1 X91.936 Y76.647 E2480.40643
G1 X90.678 Y75.389 E2480.52477
G1 X90.678 Y79.1 E2480.77163
G1 F1500 E2474.27163
G0 F7200 X92.506 Y82.9
G1 F1500 E2480.77163
G1 F3600 X92.671 Y83.1 E2480.78887
G1 X92.717 Y83.1 E2480.79193
G1 X92.802 Y83.257 E2480.80381
G1 X92.705 Y83.408 E2480.81575
G1 X91.912 Y84.2 E2480.8903
G1 X91.6 Y84.367 E2480.91384
G1 X91.6 Y84.171 E2480.92688
G1 X91.4 Y84.012 E2480.94388
G1 X91.4 Y82.9 E2481.01785
G1 X92.506 Y82.9 E2481.09142
G1 F1500 E2474.59142
G0 F7200 X90.678 Y134.612
G1 F1500 E2481.09142
G1 F3600 X90.678 Y130.9 E2481.33834
G1 X92.942 Y130.9 E2481.48894
G1 X92.998 Y131.2 E2481.50924
G1 X93.162 Y131.2 E2481.52015
G1 X92.664 Y132.407 E2481.60701
G1 X91.936 Y133.353 E2481.68641
G1 X89.03 Y136.26 E2481.95984
G1 X88.011 Y137.044 E2482.04536
G1 X88.011 Y130.496 E2482.48094
G1 X87.6 Y130.085 E2482.5196
G1 X87.6 Y125.561 E2482.82054
G1 X87.5 Y125.543 E2482.8273
G1 X87.5 Y125.496 E2482.83043
G1 X87.3 Y125.515 E2482.84379
G1 X87.3 Y125.368 E2482.85357
G1 X86.657 Y125.561 E2482.89823
G1 X85.826 Y126.008 E2482.961
G1 X85.344 Y126.404 E2483.00249
G1 X85.344 Y137.593 E2483.74679
G1 X84.431 Y137.473 E2483.80804
G1 X83.268 Y136.993 E2483.89174
G1 X82.271 Y136.229 E2483.97529
G1 X81.507 Y135.232 E2484.05884
G1 X81.027 Y134.069 E2484.14254
G1 X80.863 Y132.828 E2484.22581
G1 X81.027 Y131.587 E2484.30907
G1 X81.507 Y130.423 E2484.39283
G1 X82.24 Y129.47 E2484.47281
G1 X82.677 Y129.033 E2484.51392
G1 X82.677 Y136.54 E2485.01328
G1 F1500 E2478.51328
G0 F7200 X91.757 Y125.698
G1 F1500 E2485.01328
G1 F3600 X91.908 Y125.795 E2485.02522
G1 X92.7 Y126.588 E2485.09978
G1 X92.867 Y126.9 E2485.12332
G1 X92.669 Y126.9 E2485.13649
G1 X92.51 Y127.1 E2485.15348
G1 X91.4 Y127.1 E2485.22732
G1 X91.4 Y126.006 E2485.30009
G1 X91.6 Y125.783 E2485.32002
G1 X91.757 Y125.698 E2485.3319
G1 F1500 E2478.8319
G0 F7200 X205.359 Y133.648
G1 F1500 E2485.3319
G1 F3600 X205.359 Y130.9 E2485.51469
G1 X204.053 Y130.9 E2485.60157
G1 X204.035 Y131 E2485.60833
G1 X204.005 Y131 E2485.61032
G1 X204.01 Y131.2 E2485.62363
G1 X203.838 Y131.2 E2485.63507
G1 X204.336 Y132.407 E2485.72193
G1 X205.064 Y133.353 E2485.80133
G1 X208.026 Y136.316 E2486.08003
G1 X208.026 Y130.9 E2486.4403
G1 X208.585 Y130.9 E2486.47749
G1 X209.4 Y130.085 E2486.55416
G1 X209.4 Y125.558 E2486.85529
G1 X209.7 Y125.502 E2486.87559
G1 X209.7 Y125.338 E2486.8865
G1 X210.693 Y125.748 E2486.95797
G1 X210.693 Y137.553 E2487.74324
G1 X211.328 Y137.637 E2487.78585
G1 X212.569 Y137.473 E2487.86912
G1 X213.36 Y137.147 E2487.92603
G1 X213.36 Y128.071 E2488.52977
G1 X214.76 Y129.47 E2488.66142
G1 X215.493 Y130.423 E2488.7414
G1 X215.973 Y131.587 E2488.82515
G1 X216.027 Y131.996 E2488.8526
G1 X216.027 Y133.661 E2488.96335
G1 F1500 E2482.46335
G0 F7200 X205.359 Y127.1
G1 F1500 E2488.96335
G1 F3600 X204.494 Y127.1 E2489.02089
G1 X204.329 Y126.9 E2489.03814
G1 X204.283 Y126.9 E2489.0412
G1 X204.198 Y126.743 E2489.05308
G1 X204.295 Y126.592 E2489.06501
G1 X205.088 Y125.8 E2489.13957
G1 X205.359 Y125.654 E2489.16004
G1 X205.4 Y125.633 E2489.16311
G1 X205.4 Y125.831 E2489.17628
G1 X205.6 Y125.99 E2489.19328
G1 X205.6 Y127.1 E2489.26711
G1 X205.359 Y127.1 E2489.28315
G1 X205.359 Y125.654 E2489.37933
G1 F1500 E2482.87933
G0 F7200 X205.359 Y79.1
G1 F1500 E2489.37933
G1 F3600 X205.359 Y76.351 E2489.5622
G1 X205.064 Y76.647 E2489.59
G1 X204.336 Y77.593 E2489.6694
G1 X203.838 Y78.8 E2489.75626
G1 X204.002 Y78.8 E2489.76717
G1 X204.058 Y79.1 E2489.78747
G1 X208.026 Y79.1 E2490.05142
G1 X208.026 Y73.696 E2490.41089
G1 X208.923 Y73.007 E2490.48613
G1 X210.087 Y72.527 E2490.56989
G1 X210.693 Y72.446 E2490.61056
G1 X210.693 Y84.253 E2491.39596
G1 X210.907 Y84.164 E2491.41138
G1 X211.853 Y83.436 E2491.49079
G1 X213.36 Y81.93 E2491.63251
G1 X213.36 Y72.854 E2492.23625
G1 X213.732 Y73.007 E2492.263
G1 X214.729 Y73.771 E2492.34656
G1 X215.493 Y74.768 E2492.43011
G1 X215.973 Y75.931 E2492.5138
G1 X216.027 Y76.34 E2492.54125
G1 X216.027 Y78.005 E2492.652
G1 F1500 E2486.152
G0 F7200 X205.359 Y84.24
G1 F1500 E2492.652
G1 F3600 X205.243 Y84.302 E2492.66075
G1 X205.092 Y84.205 E2492.67269
G1 X204.3 Y83.412 E2492.74724
G1 X204.133 Y83.1 E2492.77078
G1 X204.328 Y83.1 E2492.78376
G1 X204.489 Y82.9 E2492.80084
G1 X205.359 Y82.9 E2492.85871
G1 X205.6 Y82.9 E2492.87474
G1 X205.6 Y84.006 E2492.94831
G1 X205.4 Y84.171 E2492.96556
G1 X205.4 Y84.217 E2492.96862
G1 X205.359 Y84.24 E2492.97175
G1 X205.359 Y82.9 E2493.06088
G1 F1500 E2486.56088
;MESH:manette_1-Body_(Meshed).stl
G0 F7200 X205.359 Y81.59
G0 X206.5 Y81
;TYPE:WALL-INNER
G1 F1500 E2493.06088
G1 F3600 X90.5 Y81 E2500.77723
G1 F3529.4 X90.326 Y81.007 E2500.78905
G0 F7200 X89.803 Y81.303
G1 F3654.8 X90.326 Y81.007 E2500.82843
G1 X89.486 Y80.986 E2500.88348
G1 F3730.6 X89.5 Y82 E2500.94858
G1 X89.803 Y81.303 E2500.99736
G0 F7200 X89.5 Y82
G1 F3600 X89.5 Y128 E2504.0573
G1 F3529.4 X89.507 Y128.174 E2504.06911
G0 F7200 X89.803 Y128.697
G1 F3654.8 X89.507 Y128.174 E2504.10849
G1 X89.486 Y129.014 E2504.16354
G1 F3730.6 X90.5 Y129 E2504.22864
G1 X89.803 Y128.697 E2504.27743
G0 F7200 X90.5 Y129
G1 F3600 X206.5 Y129 E2511.99378
G1 F3529.4 X206.674 Y128.993 E2512.0056
G0 F7200 X207.197 Y128.697
G1 F3654.8 X206.674 Y128.993 E2512.04497
G1 X207.514 Y129.014 E2512.10003
G1 F3664.1 X207.493 Y128.174 E2512.15494
G1 X207.197 Y128.697 E2512.19422
G0 F7200 X206.924 Y128.424
G1 F3600 X206.589 Y128.6 E2512.21939
G1 X90.5 Y128.6 E2519.94166
G1 X90.075 Y128.425 E2519.97224
G1 X89.9 Y128.089 E2519.99744
G1 X89.9 Y82 E2523.06329
G1 X90.075 Y81.575 E2523.09387
G1 X90.411 Y81.4 E2523.11907
G1 X206.5 Y81.4 E2530.84134
G1 X206.924 Y81.576 E2530.87188
G1 X207.1 Y82 E2530.90241
G1 X207.1 Y128.089 E2533.96827
G1 X206.924 Y128.424 E2533.99344
G0 F7200 X207.493 Y128.174
G1 F3538.1 X207.5 Y128 E2534.00523
G1 F3600 X207.5 Y82 E2537.06516
G0 F7200 X207.197 Y81.303
G1 F3730.6 X207.5 Y82 E2537.11394
G1 X207.514 Y80.986 E2537.17904
G1 X206.5 Y81 E2537.24414
G1 X207.197 Y81.303 E2537.29293
G0 F7200 X207.197 Y81.09
G0 X207.62 Y129.12
G0 X207.9 Y129.4
G1 F3600 X207.9 Y80.6 E2540.53911
G1 X89.101 Y80.601 E2548.44166
G1 X89.101 Y129.399 E2551.68771
G1 X207.9 Y129.4 E2559.59025
G0 F7200 X208.3 Y129.8
;TYPE:WALL-OUTER
G1 F1800 X208.3 Y80.2 E2562.88966
G1 X88.701 Y80.201 E2570.84542
G1 X88.701 Y129.799 E2574.14469
G1 X208.3 Y129.8 E2582.10045
G0 F7200 X208.3 Y129.6
G0 X207.62 Y129.12
G0 X207.41 Y128.035
G0 X206.698 Y128.035
G1 F1800 X206.642 Y128.142 E2582.10848
G1 X206.535 Y128.198 E2582.11651
G1 X90.5 Y128.2 E2589.83519
G1 X90.358 Y128.142 E2589.8454
G1 X90.302 Y128.035 E2589.85343
G1 X90.3 Y82 E2592.91569
G1 X90.358 Y81.858 E2592.92589
G1 X90.465 Y81.802 E2592.93393
G1 X206.5 Y81.8 E2600.65261
G1 X206.642 Y81.858 E2600.66281
G1 X206.7 Y82 E2600.67301
G1 X206.698 Y128.035 E2603.73528
G0 F7200 X206.642 Y128.142
G0 X206.573 Y128.178
G1 F1500 E2597.23528
;MESH:NONMESH
G0 F600 X206.573 Y128.178 Z21.4
G0 F7200 X206.573 Y128.91
G0 X90.062 Y128.438
G0 X90.053 Y81.575
G0 X82.677 Y80.966
;TIME_ELAPSED:5412.901512
;LAYER:53
;TYPE:SUPPORT
G1 F1500 E2603.73528
G1 F3600 X82.677 Y73.459 E2604.23464
G1 X82.271 Y73.771 E2604.2687
G1 X81.507 Y74.768 E2604.35226
G1 X81.027 Y75.931 E2604.43595
G1 X80.863 Y77.172 E2604.51922
G1 X81.027 Y78.413 E2604.60249
G1 X81.507 Y79.577 E2604.68624
G1 X82.24 Y80.53 E2604.76622
G1 X85.134 Y83.423 E2605.03842
G1 X85.344 Y83.595 E2605.05648
G1 X85.344 Y72.406 E2605.80078
G1 X85.672 Y72.363 E2605.82278
G1 X86.913 Y72.527 E2605.90605
G1 X88.011 Y72.98 E2605.98506
G1 X88.011 Y79.504 E2606.41904
G1 X88.415 Y79.1 E2606.45705
G1 X92.947 Y79.1 E2606.75852
G1 X92.965 Y79 E2606.76527
G1 X92.995 Y79 E2606.76727
G1 X92.99 Y78.8 E2606.78058
G1 X93.162 Y78.8 E2606.79202
G1 X92.664 Y77.593 E2606.87888
G1 X91.936 Y76.647 E2606.95828
G1 X90.678 Y75.389 E2607.07662
G1 X90.678 Y79.1 E2607.32348
G1 F1500 E2600.82348
G0 F7200 X92.313 Y82.9
G1 F1500 E2607.32348
G1 F3600 X92.471 Y83.1 E2607.34044
G1 X92.548 Y83.286 E2607.35383
G1 X91.786 Y84.048 E2607.42551
G1 X91.6 Y83.971 E2607.4389
G1 X91.6 Y83.932 E2607.4415
G1 X91.4 Y83.809 E2607.45712
G1 X91.4 Y82.9 E2607.51758
G1 X92.313 Y82.9 E2607.57832
G1 F1500 E2601.07832
G0 F7200 X90.678 Y134.612
G1 F1500 E2607.57832
G1 F3600 X90.678 Y130.9 E2607.82524
G1 X92.942 Y130.9 E2607.97584
G1 X92.998 Y131.2 E2607.99614
G1 X93.162 Y131.2 E2608.00705
G1 X92.664 Y132.407 E2608.09391
G1 X91.936 Y133.353 E2608.17331
G1 X89.03 Y136.26 E2608.44674
G1 X88.011 Y137.044 E2608.53226
G1 X88.011 Y130.496 E2608.96784
G1 X87.6 Y130.085 E2609.0065
G1 X87.6 Y125.561 E2609.30744
G1 X87.5 Y125.543 E2609.3142
G1 X87.5 Y125.496 E2609.31732
G1 X87.3 Y125.515 E2609.33069
G1 X87.3 Y125.368 E2609.34047
G1 X86.657 Y125.561 E2609.38512
G1 X85.826 Y126.008 E2609.44789
G1 X85.344 Y126.404 E2609.48939
G1 X85.344 Y137.593 E2610.23368
G1 X84.431 Y137.473 E2610.29494
G1 X83.268 Y136.993 E2610.37863
G1 X82.271 Y136.229 E2610.46219
G1 X81.507 Y135.232 E2610.54574
G1 X81.027 Y134.069 E2610.62943
G1 X80.863 Y132.828 E2610.7127
G1 X81.027 Y131.587 E2610.79597
G1 X81.507 Y130.423 E2610.87973
G1 X82.24 Y129.47 E2610.9597
G1 X82.677 Y129.033 E2611.00081
G1 X82.677 Y136.54 E2611.50018
G1 F1500 E2605.00018
G0 F7200 X91.786 Y125.952
G1 F1500 E2611.50018
G1 F3600 X92.548 Y126.714 E2611.57187
G1 X92.471 Y126.9 E2611.58526
G1 X92.43 Y126.9 E2611.58798
G1 X92.311 Y127.1 E2611.60346
G1 X91.4 Y127.1 E2611.66406
G1 X91.4 Y126.183 E2611.72506
G1 X91.6 Y126.084 E2611.73991
G1 X91.6 Y126.029 E2611.74357
G1 X91.786 Y125.952 E2611.75696
G1 F1500 E2605.25696
G0 F7200 X205.359 Y133.648
G1 F1500 E2611.75696
G1 F3600 X205.359 Y130.9 E2611.93976
G1 X204.053 Y130.9 E2612.02663
G1 X204.035 Y131 E2612.03339
G1 X204.005 Y131 E2612.03539
G1 X204.01 Y131.2 E2612.04869
G1 X203.838 Y131.2 E2612.06014
G1 X204.336 Y132.407 E2612.14699
G1 X205.064 Y133.353 E2612.2264
G1 X208.026 Y136.316 E2612.50509
G1 X208.026 Y130.9 E2612.86536
G1 X208.585 Y130.9 E2612.90255
G1 X209.4 Y130.085 E2612.97922
G1 X209.4 Y125.558 E2613.28036
G1 X209.7 Y125.502 E2613.30066
G1 X209.7 Y125.338 E2613.31157
G1 X210.693 Y125.748 E2613.38303
G1 X210.693 Y137.553 E2614.1683
G1 X211.328 Y137.637 E2614.21091
G1 X212.569 Y137.473 E2614.29418
G1 X213.36 Y137.147 E2614.35109
G1 X213.36 Y128.071 E2614.95483
G1 X214.76 Y129.47 E2615.08648
G1 X215.493 Y130.423 E2615.16646
G1 X215.973 Y131.587 E2615.25022
G1 X216.027 Y131.996 E2615.27766
G1 X216.027 Y133.661 E2615.38841
G1 F1500 E2608.88841
G0 F7200 X205.359 Y127.1
G1 F1500 E2615.38841
G1 F3600 X204.687 Y127.1 E2615.43312
G1 X204.529 Y126.9 E2615.45007
G1 X204.452 Y126.714 E2615.46346
G1 X205.214 Y125.952 E2615.53515
G1 X205.359 Y126.013 E2615.54561
G1 X205.359 Y127.1 E2615.61792
G1 F1500 E2609.11792
G0 F7200 X205.359 Y79.1
G1 F1500 E2615.61792
G1 F3600 X205.359 Y76.351 E2615.80078
G1 X205.064 Y76.647 E2615.82858
G1 X204.336 Y77.593 E2615.90799
G1 X203.838 Y78.8 E2615.99484
G1 X204.002 Y78.8 E2616.00575
G1 X204.058 Y79.1 E2616.02605
G1 X208.026 Y79.1 E2616.29
G1 X208.026 Y73.696 E2616.64948
G1 X208.923 Y73.007 E2616.72472
G1 X210.087 Y72.527 E2616.80847
G1 X210.693 Y72.446 E2616.84914
G1 X210.693 Y84.253 E2617.63455
G1 X210.907 Y84.164 E2617.64997
G1 X211.853 Y83.436 E2617.72937
G1 X213.36 Y81.93 E2617.87109
G1 X213.36 Y72.854 E2618.47483
G1 X213.732 Y73.007 E2618.50159
G1 X214.729 Y73.771 E2618.58514
G1 X215.493 Y74.768 E2618.6687
G1 X215.973 Y75.931 E2618.75239
G1 X216.027 Y76.34 E2618.77983
G1 X216.027 Y78.005 E2618.89059
G1 F1500 E2612.39059
G0 F7200 X205.359 Y83.988
G1 F1500 E2618.89059
G1 F3600 X205.214 Y84.048 E2618.90103
G1 X204.452 Y83.286 E2618.97271
G1 X204.529 Y83.1 E2618.9861
G1 X204.568 Y83.1 E2618.9887
G1 X204.69 Y82.9 E2619.00428
G1 X205.359 Y82.9 E2619.04878
G1 X205.6 Y82.9 E2619.06481
G1 X205.6 Y83.813 E2619.12555
G1 X205.4 Y83.971 E2619.1425
G1 X205.359 Y83.988 E2619.14545
G1 X205.359 Y82.9 E2619.21783
G1 F1500 E2612.71783
;MESH:manette_1-Body_(Meshed).stl
G0 F7200 X205.359 Y81.59
G0 X206.5 Y81
;TYPE:WALL-INNER
G1 F1500 E2619.21783
G1 F3600 X90.5 Y81 E2626.93418
G1 F3529.4 X90.326 Y81.007 E2626.94599
G0 F7200 X89.803 Y81.303
G1 F3654.8 X90.326 Y81.007 E2626.98537
G1 X89.486 Y80.986 E2627.04043
G1 F3730.6 X89.5 Y82 E2627.10552
G1 X89.803 Y81.303 E2627.15431
G0 F7200 X89.5 Y82
G1 F3600 X89.5 Y128 E2630.21424
G1 F3529.4 X89.507 Y128.174 E2630.22606
G0 F7200 X89.803 Y128.697
G1 F3654.8 X89.507 Y128.174 E2630.26543
G1 X89.486 Y129.014 E2630.32049
G1 F3730.6 X90.5 Y129 E2630.38559
G1 X89.803 Y128.697 E2630.43437
G0 F7200 X90.5 Y129
G1 F3600 X206.5 Y129 E2638.15073
G1 F3529.4 X206.674 Y128.993 E2638.16254
G0 F7200 X207.197 Y128.697
G1 F3654.8 X206.674 Y128.993 E2638.20192
G1 X207.514 Y129.014 E2638.25697
G1 F3664.1 X207.493 Y128.174 E2638.31189
G1 X207.197 Y128.697 E2638.35117
G0 F7200 X206.924 Y128.424
G1 F3600 X206.589 Y128.6 E2638.37634
G1 X90.5 Y128.6 E2646.09861
G1 X90.075 Y128.425 E2646.12918
G1 X89.9 Y128.089 E2646.15438
G1 X89.9 Y82 E2649.22024
G1 X90.075 Y81.575 E2649.25081
G1 X90.411 Y81.4 E2649.27601
G1 X206.5 Y81.4 E2656.99828
G1 X206.924 Y81.576 E2657.02882
G1 X207.1 Y82 E2657.05936
G1 X207.1 Y128.089 E2660.12521
G1 X206.924 Y128.424 E2660.15038
G0 F7200 X207.493 Y128.174
G1 F3538.1 X207.5 Y128 E2660.16217
G1 F3600 X207.5 Y82 E2663.2221
G0 F7200 X207.197 Y81.303
G1 F3730.6 X207.5 Y82 E2663.27089
G1 X207.514 Y80.986 E2663.33599
G1 X206.5 Y81 E2663.40108
G1 X207.197 Y81.303 E2663.44987
G0 F7200 X207.197 Y81.09
G0 X207.62 Y129.12
G0 X207.9 Y129.4
G1 F3600 X207.9 Y80.6 E2666.69606
G1 X89.101 Y80.601 E2674.5986
G1 X89.101 Y129.399 E2677.84466
G1 X207.9 Y129.4 E2685.7472
G0 F7200 X208.3 Y129.8
;TYPE:WALL-OUTER
G1 F1800 X208.3 Y80.2 E2689.0466
G1 X88.701 Y80.201 E2697.00236
G1 X88.701 Y129.799 E2700.30163
G1 X208.3 Y129.8 E2708.25739
G0 F7200 X208.3 Y129.6
G0 X207.62 Y129.12
G0 X207.41 Y128.035
G0 X206.698 Y128.035
G1 F1800 X206.642 Y128.142 E2708.26543
G1 X206.535 Y128.198 E2708.27346
G1 X90.5 Y128.2 E2715.99214
G1 X90.358 Y128.142 E2716.00234
G1 X90.302 Y128.035 E2716.01038
G1 X90.3 Y82 E2719.07264
G1 X90.358 Y81.858 E2719.08284
G1 X90.465 Y81.802 E2719.09087
G1 X206.5 Y81.8 E2726.80955
G1 X206.642 Y81.858 E2726.81976
G1 X206.7 Y82 E2726.82996
G1 X206.698 Y128.035 E2729.89222
G0 F7200 X206.642 Y128.142
G0 X206.573 Y128.178
G1 F1500 E2723.39222
;MESH:NONMESH
G0 F600 X206.573 Y128.178 Z21.8
G0 F7200 X206.573 Y128.91
G0 X90.062 Y128.438
G0 X90.053 Y81.575
G0 X82.677 Y80.966
;TIME_ELAPSED:5465.822207
;LAYER:54
;TYPE:SUPPORT
G1 F1500 E2729.89222
G1 F3600 X82.677 Y73.459 E2730.39159
G1 X82.271 Y73.771 E2730.42565
G1 X81.507 Y74.768 E2730.5092
G1 X81.027 Y75.931 E2730.5929
G1 X80.863 Y77.172 E2730.67617
G1 X81.027 Y78.413 E2730.75943
G1 X81.507 Y79.577 E2730.84319
G1 X82.24 Y80.53 E2730.92317
G1 X85.134 Y83.423 E2731.19537
G1 X85.344 Y83.595 E2731.21343
G1 X85.344 Y72.406 E2731.95772
G1 X85.672 Y72.363 E2731.97973
G1 X86.913 Y72.527 E2732.063
G1 X88.011 Y72.98 E2732.14201
G1 X88.011 Y79.504 E2732.57599
G1 X88.415 Y79.1 E2732.61399
G1 X92.947 Y79.1 E2732.91546
G1 X93.001 Y78.8 E2732.93574
G1 X93.162 Y78.8 E2732.94645
G1 X92.664 Y77.593 E2733.0333
G1 X91.936 Y76.647 E2733.11271
G1 X90.678 Y75.389 E2733.23105
G1 X90.678 Y79.1 E2733.47791
G1 F1500 E2726.97791
G0 F7200 X92.282 Y82.9
G1 F1500 E2733.47791
G1 F3600 X92.403 Y83.149 E2733.49633
G1 X91.65 Y83.902 E2733.56716
G1 X91.4 Y83.784 E2733.58555
G1 X91.4 Y82.9 E2733.64436
G1 X92.282 Y82.9 E2733.70303
G1 F1500 E2727.20303
G0 F7200 X90.678 Y134.612
G1 F1500 E2733.70303
G1 F3600 X90.678 Y130.9 E2733.94995
G1 X92.942 Y130.9 E2734.10055
G1 X92.998 Y131.2 E2734.12085
G1 X93.162 Y131.2 E2734.13176
G1 X92.664 Y132.407 E2734.21862
G1 X91.936 Y133.353 E2734.29802
G1 X89.03 Y136.26 E2734.57145
G1 X88.011 Y137.044 E2734.65697
G1 X88.011 Y130.496 E2735.09255
G1 X87.6 Y130.085 E2735.13121
G1 X87.6 Y125.561 E2735.43215
G1 X87.5 Y125.543 E2735.43891
G1 X87.5 Y125.496 E2735.44204
G1 X87.3 Y125.515 E2735.4554
G1 X87.3 Y125.368 E2735.46518
G1 X86.657 Y125.561 E2735.50984
G1 X85.826 Y126.008 E2735.5726
G1 X85.344 Y126.404 E2735.6141
G1 X85.344 Y137.593 E2736.35839
G1 X84.431 Y137.473 E2736.41965
G1 X83.268 Y136.993 E2736.50334
G1 X82.271 Y136.229 E2736.5869
G1 X81.507 Y135.232 E2736.67045
G1 X81.027 Y134.069 E2736.75414
G1 X80.863 Y132.828 E2736.83741
G1 X81.027 Y131.587 E2736.92068
G1 X81.507 Y130.423 E2737.00444
G1 X82.24 Y129.47 E2737.08441
G1 X82.677 Y129.033 E2737.12552
G1 X82.677 Y136.54 E2737.62489
G1 F1500 E2731.12489
G0 F7200 X91.656 Y126.104
G1 F1500 E2737.62489
G1 F3600 X92.403 Y126.852 E2737.69521
G1 X92.284 Y127.1 E2737.71351
G1 X91.4 Y127.1 E2737.77231
G1 X91.4 Y126.218 E2737.83099
G1 X91.656 Y126.104 E2737.84963
G1 F1500 E2731.34963
G0 F7200 X205.359 Y133.648
G1 F1500 E2737.84963
G1 F3600 X205.359 Y130.9 E2738.03242
G1 X204.054 Y130.9 E2738.11923
G1 X204 Y131.2 E2738.13951
G1 X203.838 Y131.2 E2738.15029
G1 X204.336 Y132.407 E2738.23714
G1 X205.064 Y133.353 E2738.31655
G1 X208.026 Y136.316 E2738.59524
G1 X208.026 Y130.9 E2738.95551
G1 X208.585 Y130.9 E2738.9927
G1 X209.4 Y130.085 E2739.06937
G1 X209.4 Y125.558 E2739.37051
G1 X209.7 Y125.502 E2739.39081
G1 X209.7 Y125.338 E2739.40172
G1 X210.693 Y125.748 E2739.47318
G1 X210.693 Y137.553 E2740.25845
G1 X211.328 Y137.637 E2740.30106
G1 X212.569 Y137.473 E2740.38433
G1 X213.36 Y137.147 E2740.44124
G1 X213.36 Y128.071 E2741.04498
G1 X214.76 Y129.47 E2741.17664
G1 X215.493 Y130.423 E2741.25661
G1 X215.973 Y131.587 E2741.34037
G1 X216.027 Y131.996 E2741.36781
G1 X216.027 Y133.661 E2741.47857
G1 F1500 E2734.97857
G0 F7200 X205.359 Y127.1
G1 F1500 E2741.47857
G1 F3600 X204.718 Y127.1 E2741.52121
G1 X204.597 Y126.851 E2741.53962
G1 X205.35 Y126.098 E2741.61046
G1 X205.359 Y126.103 E2741.61114
G1 X205.359 Y127.1 E2741.67746
G1 F1500 E2735.17746
G0 F7200 X205.359 Y79.1
G1 F1500 E2741.67746
G1 F3600 X205.359 Y76.351 E2741.86033
G1 X205.064 Y76.647 E2741.88813
G1 X204.336 Y77.593 E2741.96753
G1 X203.838 Y78.8 E2742.05439
G1 X204.002 Y78.8 E2742.0653
G1 X204.058 Y79.1 E2742.0856
G1 X208.026 Y79.1 E2742.34955
G1 X208.026 Y73.696 E2742.70903
G1 X208.923 Y73.007 E2742.78426
G1 X210.087 Y72.527 E2742.86802
G1 X210.693 Y72.446 E2742.90869
G1 X210.693 Y84.253 E2743.69409
G1 X210.907 Y84.164 E2743.70951
G1 X211.853 Y83.436 E2743.78892
G1 X213.36 Y81.93 E2743.93064
G1 X213.36 Y72.854 E2744.53438
G1 X213.732 Y73.007 E2744.56113
G1 X214.729 Y73.771 E2744.64469
G1 X215.493 Y74.768 E2744.72824
G1 X215.973 Y75.931 E2744.81193
G1 X216.027 Y76.34 E2744.83938
G1 X216.027 Y78.005 E2744.95013
G1 F1500 E2738.45013
G0 F7200 X205.359 Y83.9
G1 F1500 E2744.95013
G1 F3600 X205.351 Y83.903 E2744.9507
G1 X204.597 Y83.148 E2745.02168
G1 X204.716 Y82.9 E2745.03998
G1 X205.359 Y82.9 E2745.08275
G1 X205.6 Y82.9 E2745.09878
G1 X205.6 Y83.782 E2745.15745
G1 X205.359 Y83.9 E2745.1753
G1 X205.359 Y82.9 E2745.24182
G1 F1500 E2738.74182
;MESH:manette_1-Body_(Meshed).stl
G0 F7200 X205.359 Y81.59
G0 X206.5 Y81
;TYPE:WALL-INNER
G1 F1500 E2745.24182
G1 F3600 X90.5 Y81 E2752.95817
G1 F3529.4 X90.326 Y81.007 E2752.96999
G0 F7200 X89.803 Y81.303
G1 F3654.8 X90.326 Y81.007 E2753.00937
G1 X89.486 Y80.986 E2753.06442
G1 F3730.6 X89.5 Y82 E2753.12952
G1 X89.803 Y81.303 E2753.17831
G0 F7200 X89.5 Y82
G1 F3600 X89.5 Y128 E2756.23824
G1 F3529.4 X89.507 Y128.174 E2756.25005
G0 F7200 X89.803 Y128.697
G1 F3654.8 X89.507 Y128.174 E2756.28943
G1 X89.486 Y129.014 E2756.34449
G1 F3730.6 X90.5 Y129 E2756.40958
G1 X89.803 Y128.697 E2756.45837
G0 F7200 X90.5 Y129
G1 F3600 X206.5 Y129 E2764.17472
G1 F3529.4 X206.674 Y128.993 E2764.18654
G0 F7200 X207.197 Y128.697
G1 F3654.8 X206.674 Y128.993 E2764.22591
G1 X207.514 Y129.014 E2764.28097
G1 F3664.1 X207.493 Y128.174 E2764.33588
G1 X207.197 Y128.697 E2764.37516
G0 F7200 X206.924 Y128.424
G1 F3600 X206.589 Y128.6 E2764.40033
G1 X90.5 Y128.6 E2772.12261
G1 X90.075 Y128.425 E2772.15318
G1 X89.9 Y128.089 E2772.17838
G1 X89.9 Y82 E2775.24423
G1 X90.075 Y81.575 E2775.27481
G1 X90.411 Y81.4 E2775.30001
G1 X206.5 Y81.4 E2783.02228
G1 X206.924 Y81.576 E2783.05282
G1 X207.1 Y82 E2783.08335
G1 X207.1 Y128.089 E2786.14921
G1 X206.924 Y128.424 E2786.17438
G0 F7200 X207.493 Y128.174
G1 F3538.1 X207.5 Y128 E2786.18617
G1 F3600 X207.5 Y82 E2789.2461
G0 F7200 X207.197 Y81.303
G1 F3730.6 X207.5 Y82 E2789.29489
G1 X207.514 Y80.986 E2789.35998
G1 X206.5 Y81 E2789.42508
G1 X207.197 Y81.303 E2789.47387
G0 F7200 X207.197 Y81.09
G0 X207.62 Y129.12
G0 X207.9 Y129.4
G1 F3600 X207.9 Y80.6 E2792.72006
G1 X89.101 Y80.601 E2800.6226
G1 X89.101 Y129.399 E2803.86865
G1 X207.9 Y129.4 E2811.77119
G0 F7200 X208.3 Y129.8
;TYPE:WALL-OUTER
G1 F1800 X208.3 Y80.2 E2815.0706
G1 X88.701 Y80.201 E2823.02636
G1 X88.701 Y129.799 E2826.32563
G1 X208.3 Y129.8 E2834.28139
G0 F7200 X208.3 Y129.6
G0 X207.62 Y129.12
G0 X207.41 Y128.035
G0 X206.698 Y128.035
G1 F1800 X206.642 Y128.142 E2834.28942
G1 X206.535 Y128.198 E2834.29746
G1 X90.5 Y128.2 E2842.01613
G1 X90.358 Y128.142 E2842.02634
G1 X90.302 Y128.035 E2842.03437
G1 X90.3 Y82 E2845.09663
G1 X90.358 Y81.858 E2845.10684
G1 X90.465 Y81.802 E2845.11487
G1 X206.5 Y81.8 E2852.83355
G1 X206.642 Y81.858 E2852.84375
G1 X206.7 Y82 E2852.85396
G1 X206.698 Y128.035 E2855.91622
G0 F7200 X206.642 Y128.142
G0 X206.573 Y128.178
G1 F1500 E2849.41622
;MESH:NONMESH
G0 F600 X206.573 Y128.178 Z22.2
G0 F7200 X206.573 Y128.91
G0 X90.062 Y128.438
G0 X90.053 Y81.575
G0 X82.677 Y80.966
;TIME_ELAPSED:5518.675170
;LAYER:55
;TYPE:SUPPORT
G1 F1500 E2855.91622
G1 F3600 X82.677 Y73.459 E2856.41558
G1 X82.271 Y73.771 E2856.44964
G1 X81.507 Y74.768 E2856.5332
G1 X81.027 Y75.931 E2856.61689
G1 X80.863 Y77.172 E2856.70016
G1 X81.027 Y78.413 E2856.78343
G1 X81.507 Y79.577 E2856.86719
G1 X82.24 Y80.53 E2856.94716
G1 X85.134 Y83.423 E2857.21936
G1 X85.344 Y83.595 E2857.23742
G1 X85.344 Y72.406 E2857.98172
G1 X85.672 Y72.363 E2858.00372
G1 X86.913 Y72.527 E2858.08699
G1 X88.011 Y72.98 E2858.166
G1 X88.011 Y79.504 E2858.59998
G1 X88.415 Y79.1 E2858.63799
G1 X92.93 Y79.1 E2858.93833
G1 X92.975 Y78.8 E2858.95851
G1 X93.162 Y78.8 E2858.97094
G1 X92.664 Y77.593 E2859.0578
G1 X91.936 Y76.647 E2859.1372
G1 X90.678 Y75.389 E2859.25555
G1 X90.678 Y79.1 E2859.50241
G1 F1500 E2853.00241
G0 F7200 X92.107 Y82.9
G1 F1500 E2859.50241
G1 F3600 X92.184 Y83.086 E2859.5158
G1 X91.586 Y83.684 E2859.57205
G1 X91.4 Y83.607 E2859.58544
G1 X91.4 Y82.9 E2859.63247
G1 X92.107 Y82.9 E2859.6795
G1 F1500 E2853.1795
G0 F7200 X90.678 Y134.612
G1 F1500 E2859.6795
G1 F3600 X90.678 Y130.9 E2859.92643
G1 X92.939 Y130.9 E2860.07683
G1 X92.999 Y131.2 E2860.09718
G1 X93.162 Y131.2 E2860.10802
G1 X92.664 Y132.407 E2860.19488
G1 X91.936 Y133.353 E2860.27428
G1 X89.03 Y136.26 E2860.54771
G1 X88.011 Y137.044 E2860.63323
G1 X88.011 Y130.496 E2861.06881
G1 X87.6 Y130.085 E2861.10747
G1 X87.6 Y125.561 E2861.40841
G1 X87.5 Y125.543 E2861.41517
G1 X87.5 Y125.496 E2861.4183
G1 X87.3 Y125.515 E2861.43166
G1 X87.3 Y125.368 E2861.44144
G1 X86.657 Y125.561 E2861.4861
G1 X85.826 Y126.008 E2861.54887
G1 X85.344 Y126.404 E2861.59036
G1 X85.344 Y137.593 E2862.33466
G1 X84.431 Y137.473 E2862.39591
G1 X83.268 Y136.993 E2862.47961
G1 X82.271 Y136.229 E2862.56316
G1 X81.507 Y135.232 E2862.64671
G1 X81.027 Y134.069 E2862.73041
G1 X80.863 Y132.828 E2862.81368
G1 X81.027 Y131.587 E2862.89695
G1 X81.507 Y130.423 E2862.9807
G1 X82.24 Y129.47 E2863.06068
G1 X82.677 Y129.033 E2863.10179
G1 X82.677 Y136.54 E2863.60115
G1 F1500 E2857.10115
G0 F7200 X91.586 Y126.316
G1 F1500 E2863.60115
G1 F3600 X92.184 Y126.914 E2863.65741
G1 X92.107 Y127.1 E2863.6708
G1 X91.4 Y127.1 E2863.71783
G1 X91.4 Y126.393 E2863.76486
G1 X91.586 Y126.316 E2863.77825
G1 F1500 E2857.27825
G0 F7200 X205.359 Y133.648
G1 F1500 E2863.77825
G1 F3600 X205.359 Y130.9 E2863.96105
G1 X204.07 Y130.9 E2864.04679
G1 X204.025 Y131.2 E2864.06697
G1 X203.838 Y131.2 E2864.07941
G1 X204.336 Y132.407 E2864.16627
G1 X205.064 Y133.353 E2864.24567
G1 X208.026 Y136.316 E2864.52437
G1 X208.026 Y130.9 E2864.88464
G1 X208.585 Y130.9 E2864.92183
G1 X209.4 Y130.085 E2864.9985
G1 X209.4 Y125.561 E2865.29943
G1 X209.7 Y125.501 E2865.31979
G1 X209.7 Y125.338 E2865.33063
G1 X210.693 Y125.748 E2865.40209
G1 X210.693 Y137.553 E2866.18736
G1 X211.328 Y137.637 E2866.22997
G1 X212.569 Y137.473 E2866.31324
G1 X213.36 Y137.147 E2866.37015
G1 X213.36 Y128.071 E2866.97389
G1 X214.76 Y129.47 E2867.10555
G1 X215.493 Y130.423 E2867.18552
G1 X215.973 Y131.587 E2867.26928
G1 X216.027 Y131.996 E2867.29672
G1 X216.027 Y133.661 E2867.40748
G1 F1500 E2860.90748
G0 F7200 X205.359 Y126.371
G1 F1500 E2867.40748
G1 F3600 X205.414 Y126.316 E2867.41265
G1 X205.6 Y126.393 E2867.42604
G1 X205.6 Y127.1 E2867.47307
G1 X205.359 Y127.1 E2867.4891
G1 X205.359 Y126.371 E2867.5376
G1 F1500 E2861.0376
G0 F7200 X205.359 Y79.1
G1 F1500 E2867.5376
G1 F3600 X205.359 Y76.351 E2867.72046
G1 X205.064 Y76.647 E2867.74826
G1 X204.336 Y77.593 E2867.82766
G1 X203.838 Y78.8 E2867.91452
G1 X204.001 Y78.8 E2867.92536
G1 X204.061 Y79.1 E2867.94571
G1 X208.026 Y79.1 E2868.20947
G1 X208.026 Y73.696 E2868.56894
G1 X208.923 Y73.007 E2868.64418
G1 X210.087 Y72.527 E2868.72794
G1 X210.693 Y72.446 E2868.76861
G1 X210.693 Y84.253 E2869.55401
G1 X210.907 Y84.164 E2869.56943
G1 X211.853 Y83.436 E2869.64883
G1 X213.36 Y81.93 E2869.79056
G1 X213.36 Y72.854 E2870.39429
G1 X213.732 Y73.007 E2870.42105
G1 X214.729 Y73.771 E2870.5046
G1 X215.493 Y74.768 E2870.58816
G1 X215.973 Y75.931 E2870.67185
G1 X216.027 Y76.34 E2870.69929
G1 X216.027 Y78.005 E2870.81005
G1 F1500 E2864.31005
G0 F7200 X205.359 Y82.9
G1 F1500 E2870.81005
G1 F3600 X205.6 Y82.9 E2870.82608
G1 X205.6 Y83.607 E2870.87311
G1 X205.414 Y83.684 E2870.8865
G1 X205.359 Y83.629 E2870.89168
G1 X205.359 Y82.9 E2870.94017
G1 F1500 E2864.44017
;MESH:manette_1-Body_(Meshed).stl
G0 F7200 X205.359 Y81.59
G0 X206.5 Y81
;TYPE:WALL-INNER
G1 F1500 E2870.94017
G1 F3600 X90.5 Y81 E2878.65652
G1 F3529.4 X90.326 Y81.007 E2878.66834
G0 F7200 X89.803 Y81.303
G1 F3654.8 X90.326 Y81.007 E2878.70771
G1 X89.486 Y80.986 E2878.76277
G1 F3730.6 X89.5 Y82 E2878.82787
G1 X89.803 Y81.303 E2878.87665
G0 F7200 X89.5 Y82
G1 F3600 X89.5 Y128 E2881.93659
G1 F3529.4 X89.507 Y128.174 E2881.9484
G0 F7200 X89.803 Y128.697
G1 F3654.8 X89.507 Y128.174 E2881.98778
G1 X89.486 Y129.014 E2882.04283
G1 F3730.6 X90.5 Y129 E2882.10793
G1 X89.803 Y128.697 E2882.15672
G0 F7200 X90.5 Y129
G1 F3600 X206.5 Y129 E2889.87307
G1 F3529.4 X206.674 Y128.993 E2889.88488
G0 F7200 X207.197 Y128.697
G1 F3654.8 X206.674 Y128.993 E2889.92426
G1 X207.514 Y129.014 E2889.97932
G1 F3664.1 X207.493 Y128.174 E2890.03423
G1 X207.197 Y128.697 E2890.07351
G0 F7200 X206.924 Y128.424
G1 F3600 X206.589 Y128.6 E2890.09868
G1 X90.5 Y128.6 E2897.82095
G1 X90.075 Y128.425 E2897.85153
G1 X89.9 Y128.089 E2897.87673
G1 X89.9 Y82 E2900.94258
G1 X90.075 Y81.575 E2900.97315
G1 X90.411 Y81.4 E2900.99835
G1 X206.5 Y81.4 E2908.72063
G1 X206.924 Y81.576 E2908.75116
G1 X207.1 Y82 E2908.7817
G1 X207.1 Y128.089 E2911.84755
G1 X206.924 Y128.424 E2911.87273
G0 F7200 X207.493 Y128.174
G1 F3538.1 X207.5 Y128 E2911.88451
G1 F3600 X207.5 Y82 E2914.94445
G0 F7200 X207.197 Y81.303
G1 F3730.6 X207.5 Y82 E2914.99323
G1 X207.514 Y80.986 E2915.05833
G1 X206.5 Y81 E2915.12343
G1 X207.197 Y81.303 E2915.17221
G0 F7200 X207.197 Y81.09
G0 X207.62 Y129.12
G0 X207.9 Y129.4
G1 F3600 X207.9 Y80.6 E2918.4184
G1 X89.101 Y80.601 E2926.32094
G1 X89.101 Y129.399 E2929.567
G1 X207.9 Y129.4 E2937.46954
G0 F7200 X208.3 Y129.8
;TYPE:WALL-OUTER
G1 F1800 X208.3 Y80.2 E2940.76895
G1 X88.701 Y80.201 E2948.7247
G1 X88.701 Y129.799 E2952.02398
G1 X208.3 Y129.8 E2959.97973
G0 F7200 X208.3 Y129.6
G0 X207.62 Y129.12
G0 X207.41 Y128.035
G0 X206.698 Y128.035
G1 F1800 X206.642 Y128.142 E2959.98777
G1 X206.535 Y128.198 E2959.9958
G1 X90.5 Y128.2 E2967.71448
G1 X90.358 Y128.142 E2967.72468
G1 X90.302 Y128.035 E2967.73272
G1 X90.3 Y82 E2970.79498
G1 X90.358 Y81.858 E2970.80518
G1 X90.465 Y81.802 E2970.81322
G1 X206.5 Y81.8 E2978.5319
G1 X206.642 Y81.858 E2978.5421
G1 X206.7 Y82 E2978.5523
G1 X206.698 Y128.035 E2981.61456
G0 F7200 X206.642 Y128.142
G0 X206.573 Y128.178
G1 F1500 E2975.11456
;MESH:NONMESH
G0 F600 X206.573 Y128.178 Z22.6
G0 F7200 X206.573 Y128.91
G0 X90.062 Y128.438
G0 X90.053 Y81.575
G0 X82.677 Y80.966
;TIME_ELAPSED:5571.418164
;LAYER:56
;TYPE:SUPPORT
G1 F1500 E2981.61456
G1 F3600 X82.677 Y73.459 E2982.11393
G1 X82.271 Y73.771 E2982.14799
G1 X81.507 Y74.768 E2982.23155
G1 X81.027 Y75.931 E2982.31524
G1 X80.863 Y77.172 E2982.39851
G1 X81.027 Y78.413 E2982.48178
G1 X81.507 Y79.577 E2982.56553
G1 X82.24 Y80.53 E2982.64551
G1 X85.134 Y83.423 E2982.91771
G1 X85.344 Y83.595 E2982.93577
G1 X85.344 Y72.406 E2983.68006
G1 X85.672 Y72.363 E2983.70207
G1 X86.913 Y72.527 E2983.78534
G1 X88.011 Y72.98 E2983.86435
G1 X88.011 Y79.504 E2984.29833
G1 X88.415 Y79.1 E2984.33633
G1 X92.922 Y79.1 E2984.63614
G1 X92.964 Y78.8 E2984.65629
G1 X93.162 Y78.8 E2984.66946
G1 X92.664 Y77.593 E2984.75632
G1 X91.936 Y76.647 E2984.83572
G1 X90.678 Y75.389 E2984.95407
G1 X90.678 Y79.1 E2985.20092
G1 F1500 E2978.70092
G0 F7200 X92.106 Y82.9
G1 F1500 E2985.20092
G1 F3600 X92.183 Y83.086 E2985.21431
G1 X91.586 Y83.683 E2985.27048
G1 X91.4 Y83.606 E2985.28387
G1 X91.4 Y82.9 E2985.33083
G1 X92.106 Y82.9 E2985.37779
G1 F1500 E2978.87779
G0 F7200 X90.678 Y134.612
G1 F1500 E2985.37779
G1 F3600 X90.678 Y130.9 E2985.62472
G1 X92.938 Y130.9 E2985.77505
G1 X92.996 Y131.2 E2985.79538
G1 X93.162 Y131.2 E2985.80642
G1 X92.664 Y132.407 E2985.89328
G1 X91.936 Y133.353 E2985.97268
G1 X89.03 Y136.26 E2986.24611
G1 X88.011 Y137.044 E2986.33163
G1 X88.011 Y130.496 E2986.76721
G1 X87.6 Y130.085 E2986.80587
G1 X87.6 Y125.564 E2987.10661
G1 X87.5 Y125.547 E2987.11336
G1 X87.5 Y125.496 E2987.11675
G1 X87.3 Y125.515 E2987.13011
G1 X87.3 Y125.368 E2987.13989
G1 X86.657 Y125.561 E2987.18455
G1 X85.826 Y126.008 E2987.24732
G1 X85.344 Y126.404 E2987.28881
G1 X85.344 Y137.593 E2988.03311
G1 X84.431 Y137.473 E2988.09436
G1 X83.268 Y136.993 E2988.17806
G1 X82.271 Y136.229 E2988.26161
G1 X81.507 Y135.232 E2988.34517
G1 X81.027 Y134.069 E2988.42886
G1 X80.863 Y132.828 E2988.51213
G1 X81.027 Y131.587 E2988.5954
G1 X81.507 Y130.423 E2988.67915
G1 X82.24 Y129.47 E2988.75913
G1 X82.677 Y129.033 E2988.80024
G1 X82.677 Y136.54 E2989.29961
G1 F1500 E2982.79961
G0 F7200 X91.586 Y126.317
G1 F1500 E2989.29961
G1 F3600 X92.183 Y126.914 E2989.35577
G1 X92.106 Y127.1 E2989.36916
G1 X91.4 Y127.1 E2989.41612
G1 X91.4 Y126.394 E2989.46309
G1 X91.586 Y126.317 E2989.47648
G1 F1500 E2982.97648
G0 F7200 X205.359 Y133.648
G1 F1500 E2989.47648
G1 F3600 X205.359 Y130.9 E2989.65928
G1 X204.078 Y130.9 E2989.74449
G1 X204.036 Y131.2 E2989.76464
G1 X203.838 Y131.2 E2989.77781
G1 X204.336 Y132.407 E2989.86467
G1 X205.064 Y133.353 E2989.94407
G1 X208.026 Y136.316 E2990.22276
G1 X208.026 Y130.9 E2990.58304
G1 X208.585 Y130.9 E2990.62022
G1 X209.4 Y130.085 E2990.69689
G1 X209.4 Y125.562 E2990.99776
G1 X209.7 Y125.504 E2991.01809
G1 X209.7 Y125.338 E2991.02913
G1 X210.693 Y125.748 E2991.1006
G1 X210.693 Y137.553 E2991.88587
G1 X211.328 Y137.637 E2991.92848
G1 X212.569 Y137.473 E2992.01175
G1 X213.36 Y137.147 E2992.06866
G1 X213.36 Y128.071 E2992.67239
G1 X214.76 Y129.47 E2992.80405
G1 X215.493 Y130.423 E2992.88403
G1 X215.973 Y131.587 E2992.96778
G1 X216.027 Y131.996 E2992.99522
G1 X216.027 Y133.661 E2993.10598
G1 F1500 E2986.60598
G0 F7200 X205.359 Y126.372
G1 F1500 E2993.10598
G1 F3600 X205.414 Y126.317 E2993.11115
G1 X205.6 Y126.394 E2993.12455
G1 X205.6 Y127.1 E2993.17151
G1 X205.359 Y127.1 E2993.18754
G1 X205.359 Y126.372 E2993.23597
G1 F1500 E2986.73597
G0 F7200 X205.359 Y79.1
G1 F1500 E2993.23597
G1 F3600 X205.359 Y76.351 E2993.41883
G1 X205.064 Y76.647 E2993.44663
G1 X204.336 Y77.593 E2993.52604
G1 X203.838 Y78.8 E2993.61289
G1 X204.004 Y78.8 E2993.62393
G1 X204.062 Y79.1 E2993.64426
G1 X208.026 Y79.1 E2993.90795
G1 X208.026 Y73.696 E2994.26742
G1 X208.923 Y73.007 E2994.34266
G1 X210.087 Y72.527 E2994.42641
G1 X210.693 Y72.446 E2994.46708
G1 X210.693 Y84.253 E2995.25249
G1 X210.907 Y84.164 E2995.26791
G1 X211.853 Y83.436 E2995.34731
G1 X213.36 Y81.93 E2995.48903
G1 X213.36 Y72.854 E2996.09277
G1 X213.732 Y73.007 E2996.11953
G1 X214.729 Y73.771 E2996.20308
G1 X215.493 Y74.768 E2996.28664
G1 X215.973 Y75.931 E2996.37033
G1 X216.027 Y76.34 E2996.39777
G1 X216.027 Y78.005 E2996.50853
G1 F1500 E2990.00853
G0 F7200 X205.359 Y82.9
G1 F1500 E2996.50853
G1 F3600 X205.6 Y82.9 E2996.52456
G1 X205.6 Y83.606 E2996.57152
G1 X205.414 Y83.683 E2996.58491
G1 X205.359 Y83.628 E2996.59009
G1 X205.359 Y82.9 E2996.63852
G1 F1500 E2990.13852
;MESH:manette_1-Body_(Meshed).stl
G0 F7200 X205.359 Y81.59
G0 X206.5 Y81
;TYPE:WALL-INNER
G1 F1500 E2996.63852
G1 F3600 X90.5 Y81 E3004.35487
G1 F3529.4 X90.326 Y81.007 E3004.36668
G0 F7200 X89.803 Y81.303
G1 F3654.8 X90.326 Y81.007 E3004.40606
G1 X89.486 Y80.986 E3004.46111
G1 F3730.6 X89.5 Y82 E3004.52621
G1 X89.803 Y81.303 E3004.575
G0 F7200 X89.5 Y82
G1 F3600 X89.5 Y128 E3007.63493
G1 F3529.4 X89.507 Y128.174 E3007.64675
G0 F7200 X89.803 Y128.697
G1 F3654.8 X89.507 Y128.174 E3007.68612
G1 X89.486 Y129.014 E3007.74118
G1 F3730.6 X90.5 Y129 E3007.80627
G1 X89.803 Y128.697 E3007.85506
G0 F7200 X90.5 Y129
G1 F3600 X206.5 Y129 E3015.57141
G1 F3529.4 X206.674 Y128.993 E3015.58323
G0 F7200 X207.197 Y128.697
G1 F3654.8 X206.674 Y128.993 E3015.6226
G1 X207.514 Y129.014 E3015.67766
G1 F3664.1 X207.493 Y128.174 E3015.73258
G1 X207.197 Y128.697 E3015.77185
G0 F7200 X206.924 Y128.424
G1 F3600 X206.589 Y128.6 E3015.79703
G1 X90.5 Y128.6 E3023.5193
G1 X90.075 Y128.425 E3023.54987
G1 X89.9 Y128.089 E3023.57507
G1 X89.9 Y82 E3026.64092
G1 X90.075 Y81.575 E3026.6715
G1 X90.411 Y81.4 E3026.6967
G1 X206.5 Y81.4 E3034.41897
G1 X206.924 Y81.576 E3034.44951
G1 X207.1 Y82 E3034.48005
G1 X207.1 Y128.089 E3037.5459
G1 X206.924 Y128.424 E3037.57107
G0 F7200 X207.493 Y128.174
G1 F3538.1 X207.5 Y128 E3037.58286
G1 F3600 X207.5 Y82 E3040.64279
G0 F7200 X207.197 Y81.303
G1 F3730.6 X207.5 Y82 E3040.69158
G1 X207.514 Y80.986 E3040.75667
G1 X206.5 Y81 E3040.82177
G1 X207.197 Y81.303 E3040.87056
G0 F7200 X207.197 Y81.09
G0 X207.62 Y129.12
G0 X207.9 Y129.4
G1 F3600 X207.9 Y80.6 E3044.11675
G1 X89.101 Y80.601 E3052.01929
G1 X89.101 Y129.399 E3055.26535
G1 X207.9 Y129.4 E3063.16789
G0 F7200 X208.3 Y129.8
;TYPE:WALL-OUTER
G1 F1800 X208.3 Y80.2 E3066.46729
G1 X88.701 Y80.201 E3074.42305
G1 X88.701 Y129.799 E3077.72232
G1 X208.3 Y129.8 E3085.67808
G0 F7200 X208.3 Y129.6
G0 X207.62 Y129.12
G0 X207.41 Y128.035
G0 X206.698 Y128.035
G1 F1800 X206.642 Y128.142 E3085.68611
G1 X206.535 Y128.198 E3085.69415
G1 X90.5 Y128.2 E3093.41283
G1 X90.358 Y128.142 E3093.42303
G1 X90.302 Y128.035 E3093.43106
G1 X90.3 Y82 E3096.49332
G1 X90.358 Y81.858 E3096.50353
G1 X90.465 Y81.802 E3096.51156
G1 X206.5 Y81.8 E3104.23024
G1 X206.642 Y81.858 E3104.24044
G1 X206.7 Y82 E3104.25065
G1 X206.698 Y128.035 E3107.31291
G0 F7200 X206.642 Y128.142
G0 X206.573 Y128.178
G1 F1500 E3100.81291
;MESH:NONMESH
G0 F600 X206.573 Y128.178 Z23
G0 F7200 X206.573 Y128.91
G0 X90.062 Y128.438
G0 X90.053 Y81.575
G0 X82.677 Y79.455
;TIME_ELAPSED:5624.163475
;LAYER:57
G0 X82.677 Y79.455 Z22.9
;TYPE:SUPPORT
G1 F1500 E3107.31291
G1 F3600 X82.677 Y74.888 E3107.61671
G1 X82.381 Y75.274 E3107.64906
G1 X82.002 Y76.189 E3107.71494
G1 X81.873 Y77.172 E3107.78089
G1 X82.002 Y78.154 E3107.84678
G1 X82.381 Y79.07 E3107.91272
G1 X82.999 Y79.874 E3107.98018
G1 X85.344 Y82.218 E3108.20073
G1 X85.344 Y79.592 E3108.37542
G1 F1500 E3101.87542
G0 F7200 X88.011 Y76.65
G1 F1500 E3108.37542
G1 F3600 X88.011 Y74.22 E3108.53706
G1 X87.57 Y73.881 E3108.57406
G1 X86.654 Y73.502 E3108.64
G1 X85.672 Y73.373 E3108.70589
G1 X85.344 Y73.416 E3108.72789
G1 X85.344 Y75.409 E3108.86047
G1 X84.899 Y75.593 E3108.8925
G1 X84.443 Y75.943 E3108.93074
G1 X84.093 Y76.399 E3108.96898
G1 X83.873 Y76.93 E3109.00721
G1 X83.798 Y77.5 E3109.04545
G1 X83.873 Y78.07 E3109.0837
G1 X84.093 Y78.601 E3109.12193
G1 X84.443 Y79.057 E3109.16017
G1 X84.899 Y79.407 E3109.19841
G1 X85.43 Y79.627 E3109.23664
G1 X86 Y79.702 E3109.27488
G1 X86.57 Y79.627 E3109.31313
G1 X87.101 Y79.407 E3109.35136
G1 X87.557 Y79.057 E3109.3896
G1 X87.907 Y78.601 E3109.42784
G1 X88.011 Y78.349 E3109.44597
G1 X88.011 Y79.324 E3109.51083
G1 X88.192 Y79.324 E3109.52287
G1 X88.415 Y79.1 E3109.5439
G1 X92.203 Y79.1 E3109.79587
G1 X91.789 Y78.101 E3109.86781
G1 X91.172 Y77.298 E3109.93517
G1 X90.678 Y76.804 E3109.98164
G1 X90.678 Y79.1 E3110.13437
G1 F1500 E3103.63437
G0 F7200 X87.847 Y79.347
G0 X87.847 Y130.653
G0 X88.011 Y131.65
G1 F1500 E3110.13437
G1 F3600 X88.011 Y130.676 E3110.19917
G1 X87.824 Y130.676 E3110.2116
G1 X87.824 Y130.308 E3110.23608
G1 X87.6 Y130.085 E3110.25711
G1 X87.6 Y126.322 E3110.50743
G1 X87.045 Y126.489 E3110.54598
G1 X86.393 Y126.839 E3110.5952
G1 X85.799 Y127.327 E3110.64634
G1 X85.344 Y127.781 E3110.6891
G1 X85.344 Y130.409 E3110.86391
G1 X84.899 Y130.593 E3110.89595
G1 X84.443 Y130.943 E3110.93418
G1 X84.093 Y131.399 E3110.97242
G1 X83.873 Y131.93 E3111.01066
G1 X83.798 Y132.5 E3111.0489
G1 X83.873 Y133.07 E3111.08714
G1 X84.093 Y133.601 E3111.12538
G1 X84.443 Y134.057 E3111.16362
G1 X84.899 Y134.407 E3111.20185
G1 X85.43 Y134.627 E3111.24009
G1 X86 Y134.702 E3111.27833
G1 X86.57 Y134.627 E3111.31657
G1 X87.101 Y134.407 E3111.35481
G1 X87.557 Y134.057 E3111.39305
G1 X87.907 Y133.601 E3111.43128
G1 X88.011 Y133.349 E3111.44942
G1 X88.011 Y135.781 E3111.6112
G1 X88.374 Y135.501 E3111.64169
G1 X91.172 Y132.702 E3111.90496
G1 X91.789 Y131.899 E3111.97232
G1 X92.203 Y130.9 E3112.04426
G1 X90.678 Y130.9 E3112.1457
G1 X90.678 Y133.197 E3112.2985
G1 F1500 E3105.7985
G0 F7200 X85.344 Y134.592
G1 F1500 E3112.2985
G1 F3600 X85.344 Y136.583 E3112.43094
G1 X84.689 Y136.498 E3112.47487
G1 X83.774 Y136.119 E3112.54075
G1 X82.986 Y135.514 E3112.60684
G1 X82.381 Y134.726 E3112.67293
G1 X82.002 Y133.811 E3112.73881
G1 X81.873 Y132.828 E3112.80476
G1 X82.002 Y131.846 E3112.87064
G1 X82.381 Y130.93 E3112.93658
G1 X82.677 Y130.544 E3112.96894
G1 X82.677 Y135.111 E3113.27274
G1 F1500 E3106.77274
G0 F7200 X205.359 Y130.9
G1 F1500 E3113.27274
G1 F3600 X205.359 Y132.091 E3113.35196
G1 X205.828 Y132.702 E3113.4032
G1 X208.026 Y134.9 E3113.60997
G1 X208.026 Y130.9 E3113.87606
G1 X208.585 Y130.9 E3113.91324
G1 X208.808 Y130.676 E3113.93427
G1 X209.176 Y130.676 E3113.95875
G1 X209.176 Y130.308 E3113.98323
G1 X209.4 Y130.085 E3114.00425
G1 X209.4 Y126.297 E3114.25623
G1 X210.399 Y126.711 E3114.32816
G1 X210.693 Y126.937 E3114.35283
G1 X210.693 Y130.339 E3114.57913
G1 F1500 E3108.07913
G0 F7200 X210.693 Y134.662
G1 F1500 E3114.57913
G1 F3600 X211 Y134.702 E3114.59973
G1 X211.57 Y134.627 E3114.63797
G1 X212.101 Y134.407 E3114.6762
G1 X212.557 Y134.057 E3114.71444
G1 X212.907 Y133.601 E3114.75268
G1 X213.127 Y133.07 E3114.79092
G1 X213.202 Y132.5 E3114.82916
G1 X213.127 Y131.93 E3114.8674
G1 X212.907 Y131.399 E3114.90564
G1 X212.557 Y130.943 E3114.94387
G1 X212.101 Y130.593 E3114.98211
G1 X211.57 Y130.373 E3115.02035
G1 X211 Y130.298 E3115.05859
G1 X210.43 Y130.373 E3115.09683
G1 X209.899 Y130.593 E3115.13507
G1 X209.443 Y130.943 E3115.1733
G1 X209.093 Y131.399 E3115.21154
G1 X208.873 Y131.93 E3115.24978
G1 X208.798 Y132.5 E3115.28802
G1 X208.873 Y133.07 E3115.32626
G1 X209.093 Y133.601 E3115.3645
G1 X209.443 Y134.057 E3115.40274
G1 X209.899 Y134.407 E3115.44097
G1 X210.43 Y134.627 E3115.47921
G1 X210.693 Y134.662 E3115.49686
G1 X210.693 Y136.543 E3115.62198
G1 X211.328 Y136.627 E3115.66459
G1 X212.311 Y136.498 E3115.73054
G1 X213.226 Y136.119 E3115.79642
G1 X214.014 Y135.514 E3115.86251
G1 X214.619 Y134.726 E3115.92859
G1 X214.998 Y133.811 E3115.99447
G1 X215.127 Y132.828 E3116.06042
G1 X214.998 Y131.846 E3116.12631
G1 X214.619 Y130.93 E3116.19225
G1 X214.001 Y130.126 E3116.25971
G1 X213.36 Y129.486 E3116.31996
G1 X213.36 Y136.017 E3116.7544
G1 F1500 E3110.2544
G0 F7200 X213.36 Y80.515
G1 F1500 E3116.7544
G1 F3600 X213.36 Y73.984 E3117.18885
G1 X214.014 Y74.486 E3117.24369
G1 X214.619 Y75.274 E3117.30978
G1 X214.998 Y76.189 E3117.37566
G1 X215.127 Y77.172 E3117.44161
G1 X214.998 Y78.154 E3117.50749
G1 X214.619 Y79.07 E3117.57343
G1 X214.001 Y79.874 E3117.64089
G1 X211.202 Y82.672 E3117.90415
G1 X210.693 Y83.064 E3117.94689
G1 X210.693 Y79.662 E3118.17319
G1 X210.43 Y79.627 E3118.19084
G1 X209.899 Y79.407 E3118.22908
G1 X209.443 Y79.057 E3118.26731
G1 X209.093 Y78.601 E3118.30555
G1 X208.873 Y78.07 E3118.34379
G1 X208.798 Y77.5 E3118.38203
G1 X208.873 Y76.93 E3118.42027
G1 X209.093 Y76.399 E3118.45851
G1 X209.443 Y75.943 E3118.49674
G1 X209.899 Y75.593 E3118.53498
G1 X210.43 Y75.373 E3118.57322
G1 X211 Y75.298 E3118.61146
G1 X211.57 Y75.373 E3118.6497
G1 X212.101 Y75.593 E3118.68794
G1 X212.557 Y75.943 E3118.72618
G1 X212.907 Y76.399 E3118.76441
G1 X213.127 Y76.93 E3118.80265
G1 X213.202 Y77.5 E3118.84089
G1 X213.127 Y78.07 E3118.87913
G1 X212.907 Y78.601 E3118.91737
G1 X212.557 Y79.057 E3118.95561
G1 X212.101 Y79.407 E3118.99385
G1 X211.57 Y79.627 E3119.03208
G1 X211 Y79.702 E3119.07032
G1 X210.693 Y79.662 E3119.09092
G1 F1500 E3112.59092
G0 F7200 X210.693 Y75.339
G1 F1500 E3119.09092
G1 F3600 X210.693 Y73.456 E3119.21617
G1 X210.346 Y73.502 E3119.23946
G1 X209.43 Y73.881 E3119.3054
G1 X208.626 Y74.499 E3119.37286
G1 X208.026 Y75.099 E3119.4293
G1 X208.026 Y79.1 E3119.69545
G1 X205.359 Y79.1 E3119.87286
G1 X205.359 Y77.908 E3119.95215
G1 F1500 E3113.45215
G0 F7200 X205.359 Y77.908 Z23
G0 X90.678 Y76.238
G1 F1500 E3119.95215
G1 F3600 X90.678 Y75.389 E3120.00863
G1 X91.936 Y76.647 E3120.12697
G1 X92.664 Y77.593 E3120.20638
G1 X93.162 Y78.8 E3120.29323
G1 X92.97 Y78.8 E3120.306
G1 X92.918 Y79.1 E3120.32626
G1 X92.583 Y79.1 E3120.34854
G1 X92.559 Y78.913 E3120.36108
G1 X92.139 Y77.899 E3120.43409
G1 X91.479 Y77.04 E3120.50615
G1 X88.632 Y74.192 E3120.77403
G1 X88.011 Y73.714 E3120.82616
G1 X88.011 Y72.98 E3120.87498
G1 X86.913 Y72.527 E3120.95399
G1 X85.672 Y72.363 E3121.03726
G1 X85.344 Y72.406 E3121.05927
G1 X85.344 Y73.014 E3121.09971
G1 X84.584 Y73.113 E3121.15069
G1 X83.571 Y73.532 E3121.22362
G1 X82.7 Y74.2 E3121.29663
G1 X82.032 Y75.071 E3121.36965
G1 X81.613 Y76.084 E3121.44257
G1 X81.47 Y77.172 E3121.51557
G1 X81.613 Y78.259 E3121.5885
G1 X82.032 Y79.273 E3121.66148
G1 X82.677 Y80.113 E3121.73193
G1 X82.677 Y80.966 E3121.78867
G1 X85.134 Y83.423 E3122.01981
G1 X85.826 Y83.992 E3122.07941
G1 X86.657 Y84.439 E3122.14218
G1 X87.3 Y84.632 E3122.18683
G1 X87.3 Y84.485 E3122.19661
G1 X87.5 Y84.504 E3122.20998
G1 X87.5 Y84.432 E3122.21477
G1 X87.6 Y84.418 E3122.22148
G1 X87.6 Y84.095 E3122.24297
G1 X86.892 Y83.882 E3122.29215
G1 X86.166 Y83.493 E3122.34694
G1 X85.344 Y82.817 E3122.41773
G1 X85.344 Y83.595 E3122.46949
G1 F1500 E3115.96949
G0 F7200 X82.677 Y80.966
G1 F1500 E3122.46949
G1 F3600 X82.24 Y80.53 E3122.51055
G1 X81.507 Y79.577 E3122.59053
G1 X81.027 Y78.413 E3122.67428
G1 X80.863 Y77.172 E3122.75755
G1 X81.027 Y75.931 E3122.84082
G1 X81.507 Y74.768 E3122.92451
G1 X82.271 Y73.771 E3123.00807
G1 X82.677 Y73.459 E3123.04213
G1 X82.677 Y74.23 E3123.09342
G1 F1500 E3116.59342
G0 F7200 X85.344 Y79.157
G1 F1500 E3123.09342
G1 F3600 X85.101 Y79.057 E3123.1109
G1 X84.729 Y78.771 E3123.14211
G1 X84.443 Y78.399 E3123.17332
G1 X84.262 Y77.963 E3123.20473
G1 X84.201 Y77.5 E3123.23579
G1 X84.262 Y77.037 E3123.26686
G1 X84.443 Y76.601 E3123.29826
G1 X84.729 Y76.229 E3123.32947
G1 X85.101 Y75.943 E3123.36069
G1 X85.344 Y75.842 E3123.37819
G1 X85.537 Y75.762 E3123.39209
G1 X86 Y75.701 E3123.42315
G1 X86.463 Y75.762 E3123.45422
G1 X86.899 Y75.943 E3123.48562
G1 X87.271 Y76.229 E3123.51683
G1 X87.557 Y76.601 E3123.54805
G1 X87.738 Y77.037 E3123.57945
G1 X87.799 Y77.5 E3123.61052
G1 X87.738 Y77.963 E3123.64158
G1 X87.557 Y78.399 E3123.67298
G1 X87.271 Y78.771 E3123.7042
G1 X86.899 Y79.057 E3123.73541
G1 X86.463 Y79.238 E3123.76681
G1 X86 Y79.299 E3123.79788
G1 X85.537 Y79.238 E3123.82894
G1 X85.344 Y79.157 E3123.84287
G1 X85.344 Y75.842 E3124.06338
G1 F1500 E3117.56338
G0 F7200 X92.106 Y82.9
G1 F1500 E3124.06338
G1 F3600 X92.183 Y83.086 E3124.07677
G1 X91.586 Y83.683 E3124.13293
G1 X91.4 Y83.606 E3124.14633
G1 X91.4 Y83.017 E3124.18551
G1 X91.517 Y82.9 E3124.19651
G1 X92.106 Y82.9 E3124.23569
G1 F1500 E3117.73569
G0 F7200 X85.344 Y127.217
G1 F1500 E3124.23569
G1 F3600 X85.344 Y126.404 E3124.28977
G1 X85.826 Y126.008 E3124.33127
G1 X86.657 Y125.561 E3124.39404
G1 X87.3 Y125.368 E3124.4387
G1 X87.3 Y125.515 E3124.44847
G1 X87.5 Y125.496 E3124.46184
G1 X87.5 Y125.562 E3124.46623
G1 X87.6 Y125.577 E3124.47296
G1 X87.6 Y125.905 E3124.49477
G1 X86.892 Y126.118 E3124.54396
G1 X86.166 Y126.507 E3124.59874
G1 X85.537 Y127.024 E3124.65291
G1 X82.692 Y129.868 E3124.9205
G1 X82.032 Y130.727 E3124.99256
G1 X81.613 Y131.741 E3125.06554
G1 X81.47 Y132.828 E3125.13847
G1 X81.613 Y133.916 E3125.21147
G1 X82.032 Y134.929 E3125.28439
G1 X82.677 Y135.771 E3125.35495
G1 X82.677 Y136.54 E3125.4061
G1 X83.268 Y136.993 E3125.45563
G1 X84.431 Y137.473 E3125.53933
G1 X85.344 Y137.593 E3125.60058
G1 X85.344 Y136.987 E3125.64089
G1 X85.672 Y137.03 E3125.6629
G1 X86.759 Y136.887 E3125.73583
G1 X87.773 Y136.468 E3125.80881
G1 X88.011 Y136.285 E3125.82878
G1 X88.011 Y137.044 E3125.87927
G1 X89.03 Y136.26 E3125.9648
G1 X91.936 Y133.353 E3126.23822
G1 X92.664 Y132.407 E3126.31763
G1 X93.162 Y131.2 E3126.40448
G1 X92.963 Y131.2 E3126.41772
G1 X92.919 Y130.9 E3126.43789
G1 X92.583 Y130.9 E3126.46024
G1 X92.559 Y131.087 E3126.47278
G1 X92.139 Y132.101 E3126.54579
G1 X91.479 Y132.96 E3126.61785
G1 X90.678 Y133.761 E3126.6932
G1 X90.678 Y134.612 E3126.74981
G1 F1500 E3120.24981
G0 F7200 X82.677 Y136.54
G1 F1500 E3126.74981
G1 F3600 X82.271 Y136.229 E3126.78383
G1 X81.507 Y135.232 E3126.86739
G1 X81.027 Y134.069 E3126.95108
G1 X80.863 Y132.828 E3127.03435
G1 X81.027 Y131.587 E3127.11762
G1 X81.507 Y130.423 E3127.20137
G1 X82.24 Y129.47 E3127.28135
G1 X82.677 Y129.033 E3127.32246
G1 X82.677 Y129.888 E3127.37934
G1 F1500 E3120.87934
G0 F7200 X91.586 Y126.317
G1 F1500 E3127.37934
G1 F3600 X92.183 Y126.914 E3127.4355
G1 X92.106 Y127.1 E3127.44889
G1 X91.517 Y127.1 E3127.48807
G1 X91.4 Y126.983 E3127.49908
G1 X91.4 Y126.394 E3127.53826
G1 X91.586 Y126.317 E3127.55165
G1 F1500 E3121.05165
G0 F7200 X85.344 Y134.157
G1 F1500 E3127.55165
G1 F3600 X85.101 Y134.057 E3127.56913
G1 X84.729 Y133.771 E3127.60034
G1 X84.443 Y133.399 E3127.63155
G1 X84.262 Y132.963 E3127.66296
G1 X84.201 Y132.5 E3127.69402
G1 X84.262 Y132.037 E3127.72509
G1 X84.443 Y131.601 E3127.75649
G1 X84.729 Y131.229 E3127.7877
G1 X85.101 Y130.943 E3127.81892
G1 X85.344 Y130.842 E3127.83642
G1 X85.537 Y130.762 E3127.85032
G1 X86 Y130.701 E3127.88138
G1 X86.463 Y130.762 E3127.91245
G1 X86.899 Y130.943 E3127.94385
G1 X87.271 Y131.229 E3127.97507
G1 X87.557 Y131.601 E3128.00628
G1 X87.738 Y132.037 E3128.03768
G1 X87.799 Y132.5 E3128.06875
G1 X87.738 Y132.963 E3128.09981
G1 X87.557 Y133.399 E3128.13121
G1 X87.271 Y133.771 E3128.16243
G1 X86.899 Y134.057 E3128.19364
G1 X86.463 Y134.238 E3128.22504
G1 X86 Y134.299 E3128.25611
G1 X85.537 Y134.238 E3128.28717
G1 X85.344 Y134.157 E3128.3011
G1 X85.344 Y130.842 E3128.52161
G1 F1500 E3122.02161
G0 F7200 X205.359 Y133.648
G1 F1500 E3128.52161
G1 F3600 X205.359 Y132.75 E3128.58135
G1 X204.861 Y132.101 E3128.63576
G1 X204.441 Y131.087 E3128.70877
G1 X204.417 Y130.9 E3128.72131
G1 X204.082 Y130.9 E3128.7436
G1 X204.03 Y131.2 E3128.76385
G1 X203.838 Y131.2 E3128.77662
G1 X204.336 Y132.407 E3128.86348
G1 X205.064 Y133.353 E3128.94288
G1 X208.026 Y136.316 E3129.22158
G1 X208.026 Y135.466 E3129.27812
G1 X208.368 Y135.808 E3129.31029
G1 X209.227 Y136.468 E3129.38235
G1 X210.241 Y136.887 E3129.45534
G1 X210.693 Y136.947 E3129.48567
G1 X210.693 Y137.553 E3129.52598
G1 X211.328 Y137.637 E3129.56859
G1 X212.569 Y137.473 E3129.65186
G1 X213.36 Y137.147 E3129.70877
G1 X213.36 Y136.521 E3129.75041
G1 X214.3 Y135.8 E3129.82921
G1 X214.968 Y134.929 E3129.90223
G1 X215.387 Y133.916 E3129.97515
G1 X215.53 Y132.828 E3130.04815
G1 X215.387 Y131.741 E3130.12108
G1 X214.968 Y130.727 E3130.19406
G1 X214.308 Y129.868 E3130.26612
G1 X213.36 Y128.92 E3130.3553
G1 X213.36 Y128.071 E3130.41178
G1 X214.76 Y129.47 E3130.54344
G1 X215.493 Y130.423 E3130.62341
G1 X215.973 Y131.587 E3130.70717
G1 X216.027 Y131.996 E3130.73461
G1 X216.027 Y133.661 E3130.84537
G1 F1500 E3124.34537
G0 F7200 X213.36 Y128.92
G1 F1500 E3130.84537
G1 F3600 X211.46 Y127.021 E3131.02406
G1 X210.601 Y126.361 E3131.09612
G1 X209.587 Y125.941 E3131.16913
G1 X209.4 Y125.917 E3131.18167
G1 X209.4 Y125.581 E3131.20402
G1 X209.7 Y125.537 E3131.22419
G1 X209.7 Y125.338 E3131.23743
G1 X210.693 Y125.748 E3131.30889
G1 X210.693 Y126.431 E3131.35432
G1 F1500 E3124.85432
G0 F7200 X205.359 Y126.372
G1 F1500 E3131.35432
G1 F3600 X205.414 Y126.317 E3131.3595
G1 X205.6 Y126.394 E3131.37289
G1 X205.6 Y126.983 E3131.41207
G1 X205.483 Y127.1 E3131.42308
G1 X205.359 Y127.1 E3131.43133
G1 X205.359 Y126.372 E3131.47975
G1 F1500 E3124.97975
G0 F7200 X210.693 Y134.258
G1 F1500 E3131.47975
G1 F3600 X210.537 Y134.238 E3131.49021
G1 X210.101 Y134.057 E3131.52162
G1 X209.729 Y133.771 E3131.55283
G1 X209.443 Y133.399 E3131.58404
G1 X209.262 Y132.963 E3131.61545
G1 X209.201 Y132.5 E3131.64651
G1 X209.262 Y132.037 E3131.67758
G1 X209.443 Y131.601 E3131.70898
G1 X209.729 Y131.229 E3131.74019
G1 X210.101 Y130.943 E3131.77141
G1 X210.537 Y130.762 E3131.80281
G1 X210.693 Y130.741 E3131.81328
G1 X211 Y130.701 E3131.83387
G1 X211.463 Y130.762 E3131.86494
G1 X211.899 Y130.943 E3131.89634
G1 X212.271 Y131.229 E3131.92756
G1 X212.557 Y131.601 E3131.95877
G1 X212.738 Y132.037 E3131.99017
G1 X212.799 Y132.5 E3132.02124
G1 X212.738 Y132.963 E3132.0523
G1 X212.557 Y133.399 E3132.0837
G1 X212.271 Y133.771 E3132.11492
G1 X211.899 Y134.057 E3132.14613
G1 X211.463 Y134.238 E3132.17753
G1 X211 Y134.299 E3132.2086
G1 X210.693 Y134.258 E3132.2292
G1 X210.693 Y130.741 E3132.46315
G1 F1500 E3125.96315
G0 F7200 X210.693 Y84.253
G1 F1500 E3132.46315
G1 F3600 X210.693 Y83.568 E3132.50872
G1 X210.601 Y83.639 E3132.51645
G1 X209.587 Y84.059 E3132.58946
G1 X209.4 Y84.083 E3132.602
G1 X209.4 Y84.418 E3132.62429
G1 X209.7 Y84.47 E3132.64454
G1 X209.7 Y84.662 E3132.65731
G1 X210.907 Y84.164 E3132.74417
G1 X211.853 Y83.436 E3132.82357
G1 X213.36 Y81.93 E3132.96529
G1 X213.36 Y81.079 E3133.0219
G1 X214.308 Y80.132 E3133.11104
G1 X214.968 Y79.273 E3133.1831
G1 X215.387 Y78.259 E3133.25608
G1 X215.53 Y77.172 E3133.32901
G1 X215.387 Y76.084 E3133.40201
G1 X214.968 Y75.071 E3133.47493
G1 X214.3 Y74.2 E3133.54795
G1 X213.36 Y73.479 E3133.62675
G1 X213.36 Y72.854 E3133.66833
G1 X213.732 Y73.007 E3133.69508
G1 X214.729 Y73.771 E3133.77864
G1 X215.493 Y74.768 E3133.86219
G1 X215.973 Y75.931 E3133.94588
G1 X216.027 Y76.34 E3133.97333
G1 X216.027 Y78.005 E3134.08408
G1 F1500 E3127.58408
G0 F7200 X213.36 Y73.503
G1 F1500 E3134.08408
G1 F3600 X212.416 Y73.113 E3134.15203
G1 X211.328 Y72.97 E3134.22502
G1 X210.693 Y73.054 E3134.26763
G1 X210.693 Y72.446 E3134.30807
G1 X210.087 Y72.527 E3134.34874
G1 X208.923 Y73.007 E3134.4325
G1 X208.026 Y73.696 E3134.50774
G1 X208.026 Y74.535 E3134.56355
G1 X205.521 Y77.04 E3134.7992
G1 X204.861 Y77.899 E3134.87126
G1 X204.441 Y78.913 E3134.94427
G1 X204.417 Y79.1 E3134.95681
G1 X204.081 Y79.1 E3134.97916
G1 X204.037 Y78.8 E3134.99933
G1 X203.838 Y78.8 E3135.01257
G1 X204.336 Y77.593 E3135.09943
G1 X205.064 Y76.647 E3135.17883
G1 X205.359 Y76.351 E3135.20663
G1 X205.359 Y77.251 E3135.2665
G1 F1500 E3128.7665
G0 F7200 X205.359 Y82.9
G1 F1500 E3135.2665
G1 F3600 X205.483 Y82.9 E3135.27475
G1 X205.6 Y83.017 E3135.28575
G1 X205.6 Y83.606 E3135.32493
G1 X205.414 Y83.683 E3135.33833
G1 X205.359 Y83.628 E3135.3435
G1 X205.359 Y82.9 E3135.39193
G1 F1500 E3128.89193
G0 F7200 X210.693 Y79.258
G1 F1500 E3135.39193
G1 F3600 X210.537 Y79.238 E3135.40239
G1 X210.101 Y79.057 E3135.43379
G1 X209.729 Y78.771 E3135.46501
G1 X209.443 Y78.399 E3135.49622
G1 X209.262 Y77.963 E3135.52762
G1 X209.201 Y77.5 E3135.55869
G1 X209.262 Y77.037 E3135.58975
G1 X209.443 Y76.601 E3135.62115
G1 X209.729 Y76.229 E3135.65237
G1 X210.101 Y75.943 E3135.68358
G1 X210.537 Y75.762 E3135.71498
G1 X210.693 Y75.741 E3135.72545
G1 X211 Y75.701 E3135.74605
G1 X211.463 Y75.762 E3135.77711
G1 X211.899 Y75.943 E3135.80852
G1 X212.271 Y76.229 E3135.83973
G1 X212.557 Y76.601 E3135.87094
G1 X212.738 Y77.037 E3135.90235
G1 X212.799 Y77.5 E3135.93341
G1 X212.738 Y77.963 E3135.96448
G1 X212.557 Y78.399 E3135.99588
G1 X212.271 Y78.771 E3136.02709
G1 X211.899 Y79.057 E3136.05831
G1 X211.463 Y79.238 E3136.08971
G1 X211 Y79.299 E3136.12077
G1 X210.693 Y79.258 E3136.14138
G1 X210.693 Y75.741 E3136.37533
G1 F1500 E3129.87533
;MESH:manette_1-Body_(Meshed).stl
G0 F7200 X208.076 Y79.335
G0 X208.076 Y80.424
G0 X207.197 Y81.09
G0 X207.197 Y81.303
;TYPE:WALL-INNER
G1 F1500 E3136.37533
G1 F3730.6 X207.5 Y82 E3136.42412
G1 X207.514 Y80.986 E3136.48921
G1 X206.5 Y81 E3136.55431
G1 X207.197 Y81.303 E3136.6031
G0 F7200 X206.5 Y81
G1 F3600 X90.5 Y81 E3144.31945
G1 F3529.4 X90.326 Y81.007 E3144.33126
G0 F7200 X89.803 Y81.303
G1 F3654.8 X90.326 Y81.007 E3144.37064
G1 X89.486 Y80.986 E3144.4257
G1 F3730.6 X89.5 Y82 E3144.49079
G1 X89.803 Y81.303 E3144.53958
G0 F7200 X89.5 Y82
G1 F3600 X89.5 Y128 E3147.59951
G1 F3529.4 X89.507 Y128.174 E3147.61133
G0 F7200 X89.803 Y128.697
G1 F3654.8 X89.507 Y128.174 E3147.6507
G1 X89.486 Y129.014 E3147.70576
G1 F3730.6 X90.5 Y129 E3147.77086
G1 X89.803 Y128.697 E3147.81964
G0 F7200 X90.5 Y129
G1 F3600 X206.5 Y129 E3155.53599
G1 F3529.4 X206.674 Y128.993 E3155.54781
G0 F7200 X207.197 Y128.697
G1 F3654.8 X206.674 Y128.993 E3155.58719
G1 X207.514 Y129.014 E3155.64224
G1 F3664.1 X207.493 Y128.174 E3155.69716
G1 X207.197 Y128.697 E3155.73643
G0 F7200 X206.924 Y128.424
G1 F3600 X206.589 Y128.6 E3155.76161
G1 X90.5 Y128.6 E3163.48388
G1 X90.075 Y128.425 E3163.51445
G1 X89.9 Y128.089 E3163.53965
G1 X89.9 Y82 E3166.60551
G1 X90.075 Y81.575 E3166.63608
G1 X90.411 Y81.4 E3166.66128
G1 X206.5 Y81.4 E3174.38355
G1 X206.924 Y81.576 E3174.41409
G1 X207.1 Y82 E3174.44463
G1 X207.1 Y128.089 E3177.51048
G1 X206.924 Y128.424 E3177.53565
G0 F7200 X207.493 Y128.174
G1 F3538.1 X207.5 Y128 E3177.54744
G1 F3600 X207.5 Y82 E3180.60737
G0 F7200 X207.62 Y129.12
G0 X207.9 Y129.4
G1 F3600 X207.9 Y80.6 E3183.85356
G1 X89.101 Y80.601 E3191.7561
G1 X89.101 Y129.399 E3195.00216
G1 X207.9 Y129.4 E3202.9047
G0 F7200 X208.3 Y129.8
;TYPE:WALL-OUTER
G1 F1800 X208.3 Y80.2 E3206.20411
G1 X88.701 Y80.201 E3214.15986
G1 X88.701 Y129.799 E3217.45914
G1 X208.3 Y129.8 E3225.41489
G0 F7200 X208.3 Y129.6
G0 X207.62 Y129.12
G0 X207.41 Y128.035
G0 X206.698 Y128.035
G1 F1800 X206.642 Y128.142 E3225.42293
G1 X206.535 Y128.198 E3225.43096
G1 X90.5 Y128.2 E3233.14964
G1 X90.358 Y128.142 E3233.15984
G1 X90.302 Y128.035 E3233.16788
G1 X90.3 Y82 E3236.23014
G1 X90.358 Y81.858 E3236.24034
G1 X90.465 Y81.802 E3236.24837
G1 X206.5 Y81.8 E3243.96705
G1 X206.642 Y81.858 E3243.97726
G1 X206.7 Y82 E3243.98746
G1 X206.698 Y128.035 E3247.04972
G0 F7200 X206.642 Y128.142
G0 X206.573 Y128.178
;MESH:NONMESH
G0 F600 X206.573 Y128.178 Z23.4
G0 F7200 X206.573 Y128.91
G0 X207.338 Y81.162
G0 X90.719 Y81.09
G0 X90.719 Y81.16
;TIME_ELAPSED:5693.128533
;LAYER:58
;TYPE:FILL
;MESH:manette_1-Body_(Meshed).stl
G1 F3600 X90.966 Y81.408 E3247.07301
G0 F7200 X89.655 Y83.024
G0 X89.655 Y126.976
G0 X90.963 Y128.595
G1 F3600 X90.718 Y128.84 E3247.09605
G0 F7200 X205.476 Y128.845
G0 X206.033 Y128.592
G1 F3600 X206.281 Y128.84 E3247.11938
G0 F7200 X207.345 Y126.976
G0 X207.345 Y83.024
G0 X206.033 Y81.408
G1 F3600 X206.281 Y81.16 E3247.14271
G0 F7200 X204.67 Y80.993
;TYPE:WALL-INNER
G1 F3529.4 X204.496 Y81 E3247.15453
G1 F3600 X92.5 Y81 E3254.60453
G0 F7200 X91.524 Y81.155
G0 X89.587 Y83.054
G1 F3600 X89.719 Y82.838 E3254.62137
G1 X89.895 Y82.666 E3254.63774
G1 X90.42 Y82.293 E3254.68058
G1 X90.793 Y81.919 E3254.71572
G1 X91.203 Y81.344 E3254.7627
G1 X91.559 Y81.085 E3254.79198
G1 X91.964 Y81 E3254.81951
G1 X92.5 Y81 E3254.85516
G1 X92 Y80.866 E3254.8896
G1 X91.692 Y80.59 E3254.91711
G1 X91.525 Y80.226 E3254.94375
G1 X91.39 Y79.227 E3255.01081
G1 X91.087 Y78.501 E3255.06314
G1 X90.578 Y77.837 E3255.11879
G1 X89.14 Y76.399 E3255.25407
G1 F3445 X88.756 Y76.04 E3255.29061
G1 F3144.1 X88.581 Y75.897 E3255.30782
G1 F3116.9 X88.91 Y76.733 E3255.37685
G1 F3428.6 X89.005 Y77.51 E3255.43152
G1 F3600 X88.898 Y78.301 E3255.48462
G1 X88.594 Y79.016 E3255.5363
G1 X88.115 Y79.634 E3255.58832
G1 X87.523 Y80.088 E3255.63794
G1 X86.78 Y80.408 E3255.69176
G1 X86 Y80.504 E3255.74403
G1 F3512.2 X85.232 Y80.41 E3255.79679
G1 F3364.5 X84.382 Y80.074 E3255.86184
G1 F3341.1 X84.536 Y80.26 E3255.87915
G1 F3495.1 X84.899 Y80.64 E3255.91516
G1 F3600 X86.34 Y82.081 E3256.05072
G1 X86.84 Y82.489 E3256.09365
G1 X87.354 Y82.767 E3256.13252
G1 X87.913 Y82.934 E3256.17133
G1 X88.682 Y83.013 E3256.22275
G1 X89.085 Y83.189 E3256.252
G1 X89.366 Y83.5 E3256.27989
G1 X89.5 Y84 E3256.31432
G1 X89.5 Y83.464 E3256.34998
G1 X89.587 Y83.054 E3256.37786
G0 F7200 X89.5 Y84
G1 F3600 X89.5 Y126 E3259.17171
G1 F3538.1 X89.493 Y126.174 E3259.18349
G0 F7200 X89.655 Y126.976
G0 X91.524 Y128.845
G0 X92.326 Y129.007
G1 F3529.4 X92.5 Y129 E3259.19531
G1 F3600 X204.496 Y129 E3266.64531
G0 F7200 X205.272 Y128.551
G1 F3600 X205.032 Y128.6 E3266.66161
G1 X91.964 Y128.6 E3274.18292
G1 X91.722 Y128.549 E3274.19937
G1 X91.539 Y128.441 E3274.21351
G1 X91.099 Y127.816 E3274.26435
G1 X90.679 Y127.396 E3274.30386
G1 X90.094 Y126.975 E3274.35181
G1 X89.953 Y126.779 E3274.36787
G1 X89.9 Y126.532 E3274.38467
G1 X89.9 Y83.464 E3277.24957
G1 X89.952 Y83.218 E3277.26629
G1 X90.093 Y83.022 E3277.28235
G1 X90.679 Y82.6 E3277.33039
G1 X91.1 Y82.179 E3277.37
G1 X91.487 Y81.634 E3277.41446
G1 X91.721 Y81.451 E3277.43422
G1 X91.964 Y81.4 E3277.45074
G1 X205.032 Y81.4 E3284.97205
G1 X205.273 Y81.45 E3284.98842
G1 X205.47 Y81.588 E3285.00442
G1 X205.896 Y82.179 E3285.05289
G1 X206.317 Y82.599 E3285.09244
G1 X206.91 Y83.025 E3285.14101
G1 X207.049 Y83.221 E3285.157
G1 X207.1 Y83.464 E3285.17351
G1 X207.1 Y126.532 E3288.03841
G1 X207.051 Y126.772 E3288.0547
G1 X206.942 Y126.956 E3288.06893
G1 X206.317 Y127.397 E3288.11981
G1 X205.897 Y127.817 E3288.15932
G1 X205.507 Y128.368 E3288.20423
G1 X205.272 Y128.551 E3288.22404
G0 F7200 X205.272 Y128.91
G0 X205.469 Y129.77
G1 F3600 X205.61 Y130.769 E3288.29115
G1 X205.91 Y131.494 E3288.34335
G1 X206.421 Y132.158 E3288.39908
G1 X207.857 Y133.597 E3288.53431
G1 F3495.1 X208.236 Y133.96 E3288.57027
G1 F3341.1 X208.421 Y134.113 E3288.58748
G1 F3364.5 X208.085 Y133.258 E3288.65286
G1 F3512.2 X207.992 Y132.492 E3288.70548
G1 F3600 X208.098 Y131.695 E3288.75896
G1 X208.403 Y130.979 E3288.81073
G1 X208.884 Y130.36 E3288.86288
G1 X209.482 Y129.901 E3288.91302
G1 X210.195 Y129.598 E3288.96456
G1 X210.997 Y129.491 E3289.01838
G1 F3512.2 X211.764 Y129.586 E3289.07107
G1 F3364.5 X212.614 Y129.922 E3289.13613
G1 F3341.1 X212.46 Y129.736 E3289.15344
G1 F3495.1 X212.096 Y129.358 E3289.18939
G1 F3600 X210.658 Y127.921 E3289.32462
G1 X209.995 Y127.41 E3289.38031
G1 X209.269 Y127.11 E3289.43256
G1 X208.27 Y126.97 E3289.49966
G1 X207.906 Y126.801 E3289.52636
G1 X207.634 Y126.496 E3289.55354
G1 F3529.4 X207.507 Y126.17 E3289.57728
G1 X207.5 Y126.532 E3289.60185
G1 F3600 X207.417 Y126.932 E3289.62902
G1 X207.153 Y127.297 E3289.65899
G1 X206.575 Y127.704 E3289.70601
G1 X206.204 Y128.075 E3289.74091
G1 X205.83 Y128.605 E3289.78406
G1 X205.648 Y128.788 E3289.80123
G1 X205.432 Y128.917 E3289.81797
G1 X205.032 Y129 E3289.84514
G1 X204.496 Y129 E3289.8808
G1 X204.996 Y129.134 E3289.91523
G1 X205.301 Y129.406 E3289.94242
G1 X205.469 Y129.77 E3289.96909
G0 F7200 X207.345 Y126.976
G0 X207.507 Y126.17
G1 F3529.4 X207.5 Y125.996 E3289.9809
G1 F3600 X207.5 Y84 E3292.77449
G0 F7200 X208.274 Y83.025
G1 F3600 X209.269 Y82.89 E3292.84128
G1 X209.994 Y82.587 E3292.89355
G1 X210.663 Y82.074 E3292.94963
G1 X212.097 Y80.64 E3293.08453
G1 F3495.1 X212.46 Y80.26 E3293.12054
G1 F3341.1 X212.614 Y80.074 E3293.13785
G1 F3364.5 X211.764 Y80.41 E3293.2029
G1 F3512.2 X210.997 Y80.505 E3293.2556
G1 F3600 X210.198 Y80.399 E3293.30921
G1 X209.479 Y80.093 E3293.36119
G1 X208.86 Y79.612 E3293.41334
G1 X208.401 Y79.014 E3293.46348
G1 X208.098 Y78.301 E3293.51502
G1 X207.992 Y77.501 E3293.5687
G1 F3512.2 X208.086 Y76.732 E3293.62152
G1 F3364.5 X208.422 Y75.882 E3293.68658
G1 F3341.1 X208.236 Y76.036 E3293.70389
G1 F3495.1 X207.858 Y76.4 E3293.73984
G1 F3600 X206.421 Y77.838 E3293.87507
G1 X205.91 Y78.501 E3293.93076
G1 X205.61 Y79.227 E3293.98301
G1 X205.47 Y80.23 E3294.05038
G1 X205.301 Y80.593 E3294.07701
G1 X204.996 Y80.866 E3294.10424
G1 F3529.4 X204.67 Y80.993 E3294.12798
G1 X205.032 Y81 E3294.15255
G1 F3600 X205.433 Y81.083 E3294.17979
G1 X205.649 Y81.212 E3294.19652
G1 X205.824 Y81.388 E3294.21303
G1 X206.203 Y81.92 E3294.25648
G1 X206.575 Y82.292 E3294.29148
G1 X207.156 Y82.702 E3294.33878
G1 X207.415 Y83.059 E3294.36812
G1 X207.5 Y83.464 E3294.39565
G1 X207.5 Y84 E3294.4313
G1 X207.634 Y83.5 E3294.46574
G1 X207.91 Y83.192 E3294.49325
G1 X208.274 Y83.025 E3294.51989
G0 F7200 X211.715 Y80.324
G0 X211.675 Y80.017
G1 F3600 X210.999 Y80.101 E3294.5652
G1 X210.306 Y80.012 E3294.61168
G1 X209.681 Y79.745 E3294.65689
G1 X209.159 Y79.337 E3294.70096
G1 X208.751 Y78.815 E3294.74503
G1 X208.484 Y78.19 E3294.79024
G1 X208.395 Y77.502 E3294.83639
G1 X208.478 Y76.821 E3294.88202
G1 X208.742 Y76.195 E3294.92722
G1 X209.155 Y75.655 E3294.97244
G1 X209.691 Y75.244 E3295.01737
G1 X210.326 Y74.978 E3295.06317
G1 X211.001 Y74.895 E3295.10841
G1 X211.67 Y74.978 E3295.15325
G1 X212.296 Y75.24 E3295.19839
G1 X212.838 Y75.66 E3295.244
G1 X213.253 Y76.193 E3295.28894
G1 X213.518 Y76.821 E3295.33428
G1 X213.601 Y77.501 E3295.37985
G1 X213.517 Y78.175 E3295.42503
G1 X213.254 Y78.801 E3295.4702
G1 X212.837 Y79.337 E3295.51537
G1 X212.307 Y79.751 E3295.56011
G1 X211.675 Y80.017 E3295.60572
G0 F7200 X212.632 Y80.052
G1 F3151 X213.273 Y79.481 E3295.67096
G1 F3144.1 X213.686 Y78.904 E3295.72501
G1 F2637.4 X213.895 Y78.544 E3295.76281
G1 F2250 X214.087 Y77.914 E3295.8329
G1 F2162.2 X214.119 Y77.66 E3295.86126
G0 F7200 X213.853 Y76.591
G1 F3789.5 X213.959 Y77.284 E3295.90556
G1 F2796.1 X214.119 Y77.66 E3295.94056
G1 F2737.6 X214.339 Y77.247 E3295.98149
G1 F3636.4 X214.214 Y76.393 E3296.03833
G1 F3461.5 X213.908 Y75.679 E3296.09207
G1 F3380.3 X213.434 Y75.065 E3296.14702
G1 F3396.2 X212.819 Y74.592 E3296.20173
G1 F3478.3 X212.102 Y74.285 E3296.25543
G1 F3645.6 X211.267 Y74.16 E3296.31089
G1 F2748.1 X210.862 Y74.376 E3296.35089
G1 F2801.6 X211.238 Y74.538 E3296.38588
G1 F3789.5 X211.904 Y74.645 E3296.42851
G1 F3582.1 X212.533 Y74.902 E3296.47394
G1 F3445 X213.131 Y75.368 E3296.52664
G1 X213.593 Y75.961 E3296.57889
G1 F3573.2 X213.853 Y76.591 E3296.62457
G0 F7200 X213.02 Y75.48
G0 X210.862 Y74.376
G1 F2257.1 X210.479 Y74.425 E3296.66554
G1 F2589.9 X209.764 Y74.689 E3296.73601
G1 F3044.4 X209.179 Y75.106 E3296.79252
G1 F3412.3 X208.876 Y75.378 E3296.82109
G1 F3287.7 X208.444 Y75.864 E3296.86846
G0 F7200 X208.143 Y77.5
G0 X207.66 Y83.263
G0 X207.66 Y126.737
G0 X212.632 Y129.944
G1 F3287.7 X213.118 Y130.376 E3296.91582
G1 F3356.6 X213.641 Y131.016 E3296.97479
G1 F2818 X213.848 Y131.37 E3297.00964
G1 F2337.7 X214.087 Y132.085 E3297.08687
G1 F2152.5 X214.121 Y132.361 E3297.1178
G0 F7200 X213.473 Y133.929
G0 X212.541 Y134.887
G0 X211.701 Y135.326
G0 X211.661 Y135.02
G1 F3600 X210.992 Y135.1 E3297.16262
G1 X210.313 Y135.013 E3297.20816
G1 X209.682 Y134.746 E3297.25374
G1 X209.159 Y134.337 E3297.2979
G1 X208.744 Y133.806 E3297.34273
G1 X208.478 Y133.171 E3297.38853
G1 X208.395 Y132.499 E3297.43357
G1 X208.484 Y131.806 E3297.48005
G1 X208.751 Y131.181 E3297.52526
G1 X209.159 Y130.659 E3297.56933
G1 X209.681 Y130.251 E3297.6134
G1 X210.306 Y129.984 E3297.65861
G1 X210.999 Y129.895 E3297.70509
G1 X211.675 Y129.979 E3297.7504
G1 X212.301 Y130.242 E3297.79557
G1 X212.844 Y130.657 E3297.84103
G1 X213.261 Y131.216 E3297.88742
G1 X213.515 Y131.817 E3297.93082
G1 X213.6 Y132.496 E3297.97634
G1 X213.521 Y133.161 E3298.02089
G1 X213.258 Y133.792 E3298.06637
G1 X212.841 Y134.339 E3298.11212
G1 X212.3 Y134.755 E3298.15752
G1 X211.661 Y135.02 E3298.20353
G0 F7200 X211.88 Y135.37
G1 F3730.6 X211.246 Y135.457 E3298.24461
G1 F2779.9 X210.861 Y135.621 E3298.28066
G1 F2748.1 X211.272 Y135.835 E3298.32104
G1 F3740.3 X212.058 Y135.733 E3298.37179
G1 F3538.1 X212.817 Y135.409 E3298.42764
G1 F3380.3 X213.433 Y134.933 E3298.4828
G1 X213.909 Y134.317 E3298.53795
G1 F3546.8 X214.23 Y133.564 E3298.59321
G1 F3740.3 X214.335 Y132.779 E3298.64392
G1 F2742.9 X214.121 Y132.361 E3298.68492
G1 F2769.2 X213.956 Y132.755 E3298.72186
G1 F3829.8 X213.882 Y133.309 E3298.75681
G1 F3673.5 X213.599 Y134.027 E3298.80712
G1 F3461.5 X213.129 Y134.629 E3298.85996
G1 F3380.3 X212.587 Y135.052 E3298.90866
G1 F3478.3 X211.88 Y135.37 E3298.96204
G0 F7200 X210.861 Y135.621
G1 F2158.9 X210.585 Y135.587 E3298.99288
G1 F2345.3 X209.87 Y135.348 E3299.06986
G1 F2812.5 X209.516 Y135.141 E3299.10478
G1 F3341.1 X208.877 Y134.619 E3299.16392
G1 F3287.7 X208.444 Y134.132 E3299.21138
G0 F7200 X205.237 Y129.16
G0 X91.763 Y129.16
G0 X89.005 Y132.497
G1 F3512.2 X88.91 Y133.264 E3299.26408
G1 F3364.5 X88.574 Y134.114 E3299.32914
G1 F3341.1 X88.76 Y133.96 E3299.34644
G1 F3495.1 X89.14 Y133.597 E3299.38245
G1 F3600 X90.578 Y132.159 E3299.51773
G1 X91.087 Y131.495 E3299.57338
G1 X91.389 Y130.769 E3299.62569
G1 X91.525 Y129.774 E3299.69249
G1 X91.693 Y129.409 E3299.71922
G1 X92 Y129.134 E3299.74664
G1 F3529.4 X92.326 Y129.007 E3299.77037
G1 X91.964 Y129 E3299.79494
G1 F3600 X91.56 Y128.915 E3299.8224
G1 X91.344 Y128.786 E3299.83914
G1 X91.166 Y128.605 E3299.85603
G1 X90.792 Y128.075 E3299.89918
G1 X90.42 Y127.703 E3299.93417
G1 X89.897 Y127.331 E3299.97686
G1 X89.72 Y127.16 E3299.99324
G1 X89.588 Y126.943 E3300.01013
G1 X89.5 Y126.532 E3300.03809
G1 F3529.4 X89.493 Y126.174 E3300.06239
G1 X89.368 Y126.497 E3300.08589
G1 F3600 X89.088 Y126.81 E3300.11382
G1 X88.682 Y126.988 E3300.14331
G1 X87.91 Y127.062 E3300.1949
G1 X87.354 Y127.229 E3300.23352
G1 X86.84 Y127.507 E3300.27239
G1 X86.34 Y127.915 E3300.31532
G1 X84.899 Y129.356 E3300.45088
G1 F3495.1 X84.536 Y129.736 E3300.48688
G1 F3341.1 X84.382 Y129.922 E3300.50419
G1 F3364.5 X85.232 Y129.586 E3300.56925
G1 F3512.2 X86 Y129.492 E3300.622
G1 F3600 X86.781 Y129.588 E3300.67435
G1 X87.524 Y129.909 E3300.72819
G1 X88.126 Y130.37 E3300.77863
G1 X88.595 Y130.982 E3300.82992
G1 X88.898 Y131.695 E3300.88145
G1 X89.005 Y132.497 E3300.93527
G0 F7200 X88.552 Y134.132
G1 F3257.9 X88.209 Y134.523 E3300.9735
G1 F3380.3 X87.82 Y134.887 E3301.01124
G1 F2857.1 X87.125 Y135.348 E3301.08115
G1 F2521.9 X86.754 Y135.495 E3301.11904
G1 F2307.7 X86.177 Y135.617 E3301.18024
G0 F7200 X86.682 Y135.014
G1 F3600 X85.998 Y135.101 E3301.22611
G1 X85.324 Y135.018 E3301.27128
G1 X84.689 Y134.75 E3301.31713
G1 X84.16 Y134.338 E3301.36173
G1 X83.742 Y133.797 E3301.40721
G1 X83.477 Y133.162 E3301.45298
G1 X83.396 Y132.491 E3301.49794
G1 X83.482 Y131.814 E3301.54334
G1 X83.752 Y131.181 E3301.58911
G1 X84.155 Y130.655 E3301.63319
G1 X84.692 Y130.244 E3301.67817
G1 X85.321 Y129.978 E3301.7236
G1 X86.003 Y129.895 E3301.76931
G1 X86.691 Y129.986 E3301.81547
G1 X87.316 Y130.252 E3301.86065
G1 X87.848 Y130.664 E3301.90541
G1 X88.248 Y131.187 E3301.94921
G1 X88.512 Y131.811 E3301.99428
G1 X88.601 Y132.498 E3302.04036
G1 X88.517 Y133.176 E3302.08581
G1 X88.252 Y133.804 E3302.13115
G1 X87.839 Y134.344 E3302.17637
G1 X87.28 Y134.761 E3302.22277
G1 X86.682 Y135.014 E3302.26596
G0 F7200 X86.8 Y135.3
G0 X85.092 Y135.352
G1 F3564.4 X84.468 Y135.098 E3302.31122
G1 F3436.8 X83.868 Y134.631 E3302.3642
G1 F3388.2 X83.447 Y134.09 E3302.41265
G1 F3486.7 X83.168 Y133.471 E3302.45929
G1 F3720.9 X83.041 Y132.769 E3302.5052
G1 F2790.7 X82.874 Y132.391 E3302.54066
G1 F2769.2 X82.663 Y132.79 E3302.57969
G1 F3750 X82.767 Y133.557 E3302.62912
G1 F3546.8 X83.092 Y134.319 E3302.68505
G1 F3388.2 X83.565 Y134.934 E3302.73989
G1 F3380.3 X84.179 Y135.409 E3302.79488
G1 F3478.3 X84.893 Y135.713 E3302.84831
G1 F3645.6 X85.761 Y135.841 E3302.90595
G1 F2732.4 X86.177 Y135.617 E3302.94735
G1 F2790.7 X85.8 Y135.459 E3302.98243
G1 F3789.5 X85.092 Y135.352 E3303.02768
G0 F7200 X83.98 Y134.52
G0 X82.874 Y132.391
G1 F2175.2 X82.911 Y132.087 E3303.06139
G1 F2360.7 X83.151 Y131.367 E3303.13839
G1 F2823.5 X83.354 Y131.02 E3303.17248
G1 F3348.8 X83.877 Y130.378 E3303.2317
G1 F3295.2 X84.364 Y129.944 E3303.2791
G0 F7200 X89.339 Y126.76
G0 X89.339 Y83.24
G0 X84.364 Y80.052
G1 F3257.9 X83.973 Y79.709 E3303.31733
G1 F3380.3 X83.606 Y79.317 E3303.35538
G1 F3044.4 X83.19 Y78.733 E3303.41178
G1 F2585.3 X82.925 Y78.018 E3303.48241
G1 F2253.5 X82.876 Y77.639 E3303.52302
G0 F7200 X83.145 Y76.592
G1 F3582.1 X83.403 Y75.963 E3303.56847
G1 F3445 X83.867 Y75.367 E3303.62098
G1 F3461.5 X84.469 Y74.898 E3303.67377
G1 F3654.8 X85.183 Y74.617 E3303.72405
G1 F3829.8 X85.735 Y74.54 E3303.7589
G1 F2790.7 X86.113 Y74.374 E3303.79432
G1 F2758.6 X85.716 Y74.163 E3303.83335
G1 F3750 X84.939 Y74.267 E3303.88341
G1 F3546.8 X84.177 Y74.592 E3303.93934
G1 F3388.2 X83.564 Y75.064 E3303.99403
G1 X83.092 Y75.677 E3304.04871
G1 F3486.7 X82.786 Y76.394 E3304.10225
G1 F3654.8 X82.659 Y77.24 E3304.1583
G1 F2742.9 X82.876 Y77.639 E3304.19796
G1 F2796.1 X83.037 Y77.272 E3304.23228
G1 F3789.5 X83.145 Y76.592 E3304.27579
G0 F7200 X83.98 Y75.48
G0 X86.113 Y74.374
G1 F2257.1 X86.516 Y74.424 E3304.31888
G1 F2465.8 X87.128 Y74.651 E3304.38227
G1 F2874.3 X87.622 Y74.957 E3304.43068
G1 F3404.3 X88.118 Y75.377 E3304.4764
G1 F3257.9 X88.581 Y75.897 E3304.52758
G0 F7200 X91.763 Y80.84
G0 X205.476 Y81.155
G0 X207.345 Y83.024
G0 X207.345 Y126.976
G0 X205.389 Y129.779
G0 X205.077 Y129.818
G1 F3600 X205.221 Y130.874 E3304.59848
G1 X205.561 Y131.696 E3304.65765
G1 X206.12 Y132.423 E3304.71865
G1 X208.898 Y135.204 E3304.98013
G1 X209.628 Y135.768 E3305.0415
G1 X210.448 Y136.106 E3305.1005
G1 X211.328 Y136.219 E3305.15951
G1 X212.208 Y136.107 E3305.21852
G1 X213.024 Y135.768 E3305.2773
G1 X213.728 Y135.228 E3305.33632
G1 X214.268 Y134.524 E3305.39534
G1 X214.606 Y133.708 E3305.4541
G1 X214.718 Y132.828 E3305.51311
G1 X214.607 Y131.948 E3305.57211
G1 X214.268 Y131.127 E3305.63119
G1 X213.708 Y130.402 E3305.69213
G1 X210.923 Y127.62 E3305.95399
G1 X210.197 Y127.06 E3306.01498
G1 X209.374 Y126.721 E3306.07419
G1 X208.362 Y126.581 E3306.14215
G1 X208.143 Y126.479 E3306.15822
G1 X207.98 Y126.296 E3306.17452
G1 X207.9 Y126.078 E3306.18997
G1 X207.9 Y84 E3308.98901
G1 X207.98 Y83.7 E3309.00966
G1 X208.146 Y83.515 E3309.02619
G1 X208.364 Y83.415 E3309.04215
G1 X209.374 Y83.279 E3309.10994
G1 X210.196 Y82.936 E3309.16919
G1 X210.927 Y82.375 E3309.23048
G1 X213.708 Y79.595 E3309.49206
G1 X214.268 Y78.868 E3309.5531
G1 X214.606 Y78.052 E3309.61185
G1 X214.718 Y77.172 E3309.67086
G1 X214.607 Y76.288 E3309.73013
G1 X214.268 Y75.471 E3309.78897
G1 X213.728 Y74.769 E3309.84788
G1 X213.026 Y74.233 E3309.90664
G1 X212.207 Y73.893 E3309.96563
G1 X211.328 Y73.778 E3310.02459
G1 X210.449 Y73.894 E3310.08357
G1 X209.626 Y74.232 E3310.14276
G1 X208.901 Y74.789 E3310.20357
G1 X206.12 Y77.573 E3310.46533
G1 X205.56 Y78.299 E3310.52633
G1 X205.221 Y79.122 E3310.58553
G1 X205.081 Y80.138 E3310.65376
G1 X204.979 Y80.356 E3310.66977
G1 X204.796 Y80.52 E3310.68611
G1 X204.578 Y80.6 E3310.70156
G1 X92.5 Y80.6 E3318.15702
G1 X92.2 Y80.52 E3318.17767
G1 X92.015 Y80.354 E3318.19421
G1 X91.915 Y80.136 E3318.21016
G1 X91.779 Y79.122 E3318.27822
G1 X91.436 Y78.299 E3318.33753
G1 X90.879 Y77.573 E3318.3984
G1 X88.095 Y74.789 E3318.6603
G1 X87.369 Y74.233 E3318.72113
G1 X86.551 Y73.893 E3318.78005
G1 X85.672 Y73.778 E3318.83902
G1 X84.789 Y73.894 E3318.89827
G1 X83.97 Y74.233 E3318.95723
G1 X83.269 Y74.769 E3319.01593
G1 X82.733 Y75.47 E3319.07463
G1 X82.394 Y76.289 E3319.13359
G1 X82.278 Y77.172 E3319.19283
G1 X82.393 Y78.051 E3319.2518
G1 X82.732 Y78.869 E3319.3107
G1 X83.289 Y79.595 E3319.37157
G1 X86.071 Y82.378 E3319.63333
G1 X86.616 Y82.823 E3319.68014
G1 X87.2 Y83.138 E3319.72428
G1 X87.834 Y83.328 E3319.7683
G1 X88.632 Y83.414 E3319.82169
G1 X88.851 Y83.513 E3319.83768
G1 X89.02 Y83.7 E3319.85445
G1 X89.1 Y84 E3319.8751
G1 X89.1 Y126.082 E3322.67441
G1 X89.021 Y126.299 E3322.68977
G1 X88.853 Y126.486 E3322.70649
G1 X88.633 Y126.586 E3322.72257
G1 X87.833 Y126.668 E3322.77606
G1 X87.2 Y126.857 E3322.82001
G1 X86.616 Y127.173 E3322.86418
G1 X86.071 Y127.618 E3322.91098
G1 X83.288 Y130.4 E3323.17274
G1 X82.733 Y131.126 E3323.23353
G1 X82.394 Y131.949 E3323.29274
G1 X82.278 Y132.828 E3323.35172
G1 X82.394 Y133.707 E3323.41069
G1 X82.733 Y134.526 E3323.46966
G1 X83.269 Y135.228 E3323.52841
G1 X83.972 Y135.768 E3323.58738
G1 X84.788 Y136.106 E3323.64613
G1 X85.672 Y136.219 E3323.70541
G1 X86.552 Y136.107 E3323.76442
G1 X87.368 Y135.768 E3323.8232
G1 X88.099 Y135.204 E3323.88462
G1 X90.879 Y132.423 E3324.14619
G1 X91.436 Y131.697 E3324.20706
G1 X91.779 Y130.874 E3324.26637
G1 X91.915 Y129.864 E3324.33416
G1 X92.016 Y129.645 E3324.35021
G1 X92.2 Y129.48 E3324.36665
G1 X92.418 Y129.4 E3324.38209
G1 X204.496 Y129.4 E3331.83755
G1 X204.796 Y129.48 E3331.8582
G1 X204.979 Y129.643 E3331.87451
G1 X205.077 Y129.818 E3331.88785
G0 F7200 X205.389 Y129.779
G0 X91.524 Y128.845
G0 X89.655 Y126.976
G0 X89.655 Y83.024
G0 X86.809 Y80.296
G0 X86.691 Y80.01
G1 F3600 X86.003 Y80.101 E3331.93401
G1 X85.321 Y80.018 E3331.97972
G1 X84.694 Y79.753 E3332.025
G1 X84.159 Y79.337 E3332.07008
G1 X83.745 Y78.807 E3332.11481
G1 X83.478 Y78.17 E3332.16076
G1 X83.395 Y77.5 E3332.20567
G1 X83.478 Y76.825 E3332.25091
G1 X83.747 Y76.188 E3332.2969
G1 X84.159 Y75.659 E3332.34151
G1 X84.699 Y75.242 E3332.38689
G1 X85.335 Y74.977 E3332.43272
G1 X86.008 Y74.896 E3332.47781
G1 X86.671 Y74.978 E3332.52225
G1 X87.308 Y75.247 E3332.56825
G1 X87.841 Y75.655 E3332.6129
G1 X88.253 Y76.193 E3332.65798
G1 X88.518 Y76.821 E3332.70332
G1 X88.601 Y77.502 E3332.74895
G1 X88.512 Y78.19 E3332.7951
G1 X88.245 Y78.814 E3332.84025
G1 X87.855 Y79.319 E3332.88269
G1 X87.319 Y79.742 E3332.92812
G1 X86.691 Y80.01 E3332.97354
G0 F7200 X86.568 Y79.628
;TYPE:WALL-OUTER
G1 F1800 X85.975 Y79.695 E3333.01323
G1 X85.427 Y79.628 E3333.04996
G1 X84.918 Y79.413 E3333.08671
G1 X84.442 Y79.054 E3333.12637
G1 X84.083 Y78.578 E3333.16603
G1 X83.868 Y78.068 E3333.20285
G1 X83.801 Y77.475 E3333.24255
G1 X83.868 Y76.927 E3333.27927
G1 X84.083 Y76.418 E3333.31603
G1 X84.442 Y75.942 E3333.35569
G1 X84.888 Y75.599 E3333.39311
G1 X85.42 Y75.373 E3333.43156
G1 X85.991 Y75.3 E3333.46985
G1 X86.568 Y75.368 E3333.5085
G1 X87.078 Y75.583 E3333.54532
G1 X87.554 Y75.942 E3333.58498
G1 X87.892 Y76.38 E3333.62178
G1 X88.128 Y76.927 E3333.66141
G1 X88.195 Y77.525 E3333.70144
G1 X88.127 Y78.063 E3333.73751
G1 X87.913 Y78.578 E3333.77461
G1 X87.548 Y79.06 E3333.81483
G1 X87.097 Y79.404 E3333.85256
G1 X86.568 Y79.628 E3333.89077
G0 F7200 X86.37 Y79.65
G0 X86.462 Y80.357
G0 X89.339 Y83.24
G0 X89.339 Y126.76
G0 X88.759 Y133.24
G0 X88.02 Y134.52
G0 X86.652 Y135.332
G0 X86.56 Y134.628
G1 F1800 X85.975 Y134.695 E3333.92994
G1 X85.427 Y134.628 E3333.96667
G1 X84.918 Y134.413 E3334.00342
G1 X84.442 Y134.054 E3334.04308
G1 X84.099 Y133.608 E3334.08051
G1 X83.873 Y133.076 E3334.11896
G1 X83.8 Y132.509 E3334.15699
G1 X83.868 Y131.936 E3334.19537
G1 X84.09 Y131.403 E3334.23378
G1 X84.442 Y130.942 E3334.27236
G1 X84.918 Y130.583 E3334.31202
G1 X85.428 Y130.368 E3334.34884
G1 X86.025 Y130.301 E3334.3888
G1 X86.565 Y130.37 E3334.42501
G1 X87.096 Y130.592 E3334.4633
G1 X87.548 Y130.936 E3334.50108
G1 X87.913 Y131.418 E3334.5413
G1 X88.128 Y131.928 E3334.57812
G1 X88.195 Y132.525 E3334.61808
G1 X88.128 Y133.069 E3334.65454
G1 X87.913 Y133.578 E3334.69129
G1 X87.554 Y134.054 E3334.73095
G1 X87.094 Y134.406 E3334.76948
G1 X86.56 Y134.628 E3334.80795
G0 F7200 X86.362 Y134.65
G0 X86.455 Y135.358
G0 X87.934 Y135.021
G0 X91.763 Y129.16
G0 X205.237 Y129.16
G0 X204.695 Y129.973
G1 F1800 X204.831 Y130.979 E3334.87548
G1 X205.211 Y131.898 E3334.94163
G1 X205.819 Y132.687 E3335.00789
G1 X208.633 Y135.505 E3335.2728
G1 X209.426 Y136.117 E3335.33944
G1 X210.344 Y136.496 E3335.4055
G1 X211.328 Y136.622 E3335.47149
G1 X212.312 Y136.497 E3335.53748
G1 X213.226 Y136.117 E3335.60332
G1 X214.013 Y135.513 E3335.66931
G1 X214.617 Y134.726 E3335.7353
G1 X214.996 Y133.812 E3335.80112
G1 X215.122 Y132.828 E3335.86711
G1 X214.997 Y131.844 E3335.9331
G1 X214.617 Y130.925 E3335.99925
G1 X214.009 Y130.137 E3336.06546
G1 X211.187 Y127.319 E3336.33074
G1 X210.399 Y126.711 E3336.39695
G1 X209.479 Y126.331 E3336.46316
G1 X208.425 Y126.182 E3336.53397
G1 X208.302 Y126.031 E3336.54693
G1 X208.3 Y83.919 E3339.34823
G1 X208.454 Y83.805 E3339.36098
G1 X209.479 Y83.669 E3339.42976
G1 X210.398 Y83.285 E3339.49601
G1 X211.191 Y82.677 E3339.56248
G1 X214.009 Y79.859 E3339.82758
G1 X214.617 Y79.07 E3339.89384
G1 X214.996 Y78.156 E3339.95966
G1 X215.122 Y77.172 E3340.02565
G1 X214.997 Y76.184 E3340.0919
G1 X214.617 Y75.269 E3340.1578
G1 X214.013 Y74.483 E3340.22374
G1 X213.227 Y73.883 E3340.28952
G1 X212.311 Y73.503 E3340.35549
G1 X211.328 Y73.374 E3340.42144
G1 X210.345 Y73.504 E3340.4874
G1 X209.425 Y73.883 E3340.55359
G1 X208.637 Y74.487 E3340.61963
G1 X205.819 Y77.309 E3340.88492
G1 X205.211 Y78.097 E3340.95113
G1 X204.831 Y79.017 E3341.01734
G1 X204.682 Y80.075 E3341.08841
G1 X204.531 Y80.198 E3341.10137
G1 X92.418 Y80.2 E3348.55916
G1 X92.301 Y80.027 E3348.57305
G1 X92.169 Y79.017 E3348.6408
G1 X91.785 Y78.097 E3348.70712
G1 X91.181 Y77.309 E3348.77317
G1 X88.359 Y74.487 E3349.03864
G1 X87.571 Y73.883 E3349.10469
G1 X86.655 Y73.503 E3349.17065
G1 X85.672 Y73.374 E3349.2366
G1 X84.685 Y73.504 E3349.30283
G1 X83.769 Y73.883 E3349.36877
G1 X82.983 Y74.483 E3349.43455
G1 X82.383 Y75.269 E3349.50032
G1 X82.004 Y76.185 E3349.56627
G1 X81.874 Y77.172 E3349.63249
G1 X82.003 Y78.155 E3349.69844
G1 X82.383 Y79.071 E3349.76441
G1 X82.987 Y79.859 E3349.83045
G1 X85.803 Y82.675 E3350.09536
G1 X86.392 Y83.157 E3350.14599
G1 X87.046 Y83.51 E3350.19543
G1 X87.756 Y83.722 E3350.24472
G1 X88.544 Y83.804 E3350.29742
G1 X88.7 Y83.919 E3350.31031
G1 X88.698 Y126.035 E3353.11188
G1 X88.6 Y126.191 E3353.12413
G1 X87.755 Y126.274 E3353.18061
G1 X87.046 Y126.486 E3353.22984
G1 X86.392 Y126.839 E3353.27928
G1 X85.803 Y127.321 E3353.3299
G1 X82.987 Y130.136 E3353.59477
G1 X82.383 Y130.925 E3353.66087
G1 X82.004 Y131.845 E3353.72706
G1 X81.874 Y132.828 E3353.79301
G1 X82.004 Y133.811 E3353.85897
G1 X82.383 Y134.727 E3353.92492
G1 X82.983 Y135.513 E3353.99069
G1 X83.77 Y136.117 E3354.05669
G1 X84.684 Y136.496 E3354.1225
G1 X85.672 Y136.622 E3354.18876
G1 X86.656 Y136.497 E3354.25474
G1 X87.57 Y136.117 E3354.32059
G1 X88.363 Y135.505 E3354.38722
G1 X91.181 Y132.687 E3354.65232
G1 X91.785 Y131.899 E3354.71836
G1 X92.169 Y130.979 E3354.78468
G1 X92.313 Y129.897 E3354.85729
G1 X92.465 Y129.802 E3354.86921
G1 X204.578 Y129.8 E3362.327
G1 X204.695 Y129.973 E3362.34089
G0 F7200 X204.721 Y130.171
G0 X205.428 Y130.08
G0 X205.762 Y128.548
G0 X205.178 Y128.138
G1 F1800 X205.089 Y128.2 E3362.34811
G1 X91.907 Y128.2 E3369.877
G1 X91.817 Y128.137 E3369.88431
G1 X91.406 Y127.558 E3369.93154
G1 X90.938 Y127.09 E3369.97557
G1 X90.364 Y126.68 E3370.02249
G1 X90.3 Y126.591 E3370.02979
G1 X90.3 Y83.464 E3372.89861
G1 X90.352 Y83.323 E3372.9086
G1 X90.938 Y82.906 E3372.95645
G1 X91.406 Y82.438 E3373.00047
G1 X91.817 Y81.863 E3373.04749
G1 X91.964 Y81.8 E3373.05813
G1 X205.09 Y81.8 E3380.5833
G1 X205.178 Y81.862 E3380.59046
G1 X205.59 Y82.438 E3380.63757
G1 X206.058 Y82.906 E3380.68159
G1 X206.637 Y83.317 E3380.72883
G1 X206.7 Y83.464 E3380.73947
G1 X206.7 Y126.589 E3383.60815
G1 X206.638 Y126.678 E3383.61537
G1 X206.058 Y127.09 E3383.66269
G1 X205.59 Y127.558 E3383.70672
G1 X205.178 Y128.138 E3383.75404
G0 F7200 X205.089 Y128.2
G0 X204.997 Y128.2
G0 X204.997 Y128.91
G0 X208.143 Y132.5
G0 X208.527 Y133.929
G0 X209.571 Y134.973
G0 X210.859 Y135.338
G0 X211.848 Y135.28
G0 X211.576 Y134.624
G1 F1800 X211.01 Y134.696 E3383.792
G1 X210.436 Y134.628 E3383.83045
G1 X209.902 Y134.406 E3383.86892
G1 X209.442 Y134.054 E3383.90745
G1 X209.083 Y133.578 E3383.94711
G1 X208.868 Y133.068 E3383.98392
G1 X208.801 Y132.475 E3384.02362
G1 X208.869 Y131.933 E3384.05996
G1 X209.089 Y131.406 E3384.09795
G1 X209.448 Y130.936 E3384.13729
G1 X209.918 Y130.583 E3384.17639
G1 X210.428 Y130.368 E3384.2132
G1 X211.025 Y130.301 E3384.25317
G1 X211.569 Y130.368 E3384.28963
G1 X212.078 Y130.583 E3384.32638
G1 X212.554 Y130.942 E3384.36604
G1 X212.906 Y131.402 E3384.40457
G1 X213.128 Y131.936 E3384.44304
G1 X213.196 Y132.51 E3384.48149
G1 X213.124 Y133.076 E3384.51944
G1 X212.913 Y133.578 E3384.55567
G1 X212.554 Y134.054 E3384.59533
G1 X212.117 Y134.391 E3384.63204
G1 X211.576 Y134.624 E3384.67122
G0 F7200 X211.378 Y134.649
G0 X211.47 Y135.356
G0 X212.429 Y134.973
G0 X213.473 Y133.929
G0 X213.857 Y132.5
G0 X213.473 Y131.071
G0 X210.762 Y127.808
G0 X207.66 Y126.737
G0 X207.66 Y83.263
G0 X211.66 Y80.331
G0 X211.568 Y79.628
G1 F1800 X210.975 Y79.695 E3384.71092
G1 X210.433 Y79.627 E3384.74725
G1 X209.906 Y79.407 E3384.78524
G1 X209.436 Y79.048 E3384.82458
G1 X209.083 Y78.578 E3384.86368
G1 X208.868 Y78.068 E3384.9005
G1 X208.801 Y77.475 E3384.9402
G1 X208.868 Y76.927 E3384.97692
G1 X209.083 Y76.418 E3385.01368
G1 X209.442 Y75.942 E3385.05334
G1 X209.918 Y75.583 E3385.093
G1 X210.428 Y75.368 E3385.12981
G1 X211.025 Y75.301 E3385.16978
G1 X211.569 Y75.369 E3385.20624
G1 X212.108 Y75.598 E3385.2452
G1 X212.554 Y75.942 E3385.28267
G1 X212.891 Y76.379 E3385.31938
G1 X213.127 Y76.926 E3385.35901
G1 X213.195 Y77.475 E3385.39581
G1 X213.128 Y78.068 E3385.4355
G1 X212.913 Y78.578 E3385.47232
G1 X212.554 Y79.054 E3385.51198
G1 X212.078 Y79.413 E3385.55164
G1 X211.568 Y79.628 E3385.58846
G0 F7200 X211.37 Y79.65
G0 X211.462 Y80.357
G0 X207.48 Y81.22
;TYPE:SKIN
G1 F1800 X207.435 Y81.093 E3385.59742
G1 X207.28 Y81.02 E3385.60882
G1 X205.985 Y81.02 E3385.69496
G1 X205.633 Y80.763 E3385.72395
G1 X205.843 Y80.296 E3385.75801
G1 X205.979 Y79.326 E3385.82317
G1 X206.243 Y78.69 E3385.86897
G1 X206.703 Y78.093 E3385.91911
G1 X207.65 Y77.142 E3386.00838
G1 X207.609 Y77.479 E3386.03097
G1 X207.728 Y78.409 E3386.09334
G1 X208.079 Y79.216 E3386.15188
G1 X208.601 Y79.891 E3386.20864
G1 X209.273 Y80.414 E3386.26528
G1 X210.085 Y80.767 E3386.32418
G1 X210.969 Y80.883 E3386.38349
G1 X211.357 Y80.84 E3386.40945
G1 X210.407 Y81.789 E3386.49878
G1 X209.803 Y82.253 E3386.54944
G1 X209.167 Y82.517 E3386.59525
G1 X208.204 Y82.649 E3386.65991
G1 X207.735 Y82.856 E3386.69401
G1 X207.48 Y82.505 E3386.72287
G1 X207.48 Y81.22 E3386.80835
G0 F7200 X206.001 Y80.419
G1 F1800 X206.402 Y80.819 E3386.84602
G0 F7200 X206.967 Y80.819
G1 F1800 X206.093 Y79.945 E3386.92825
G0 F7200 X206.163 Y79.45
G1 F1800 X209.045 Y82.331 E3387.19932
G0 F7200 X209.458 Y82.179
G1 F1800 X206.315 Y79.036 E3387.49499
G0 F7200 X206.512 Y78.667
G1 F1800 X209.827 Y81.982 E3387.80685
G0 F7200 X210.146 Y81.736
G1 F1800 X206.759 Y78.348 E3388.12552
G0 F7200 X207.027 Y78.05
G1 F1800 X207.607 Y78.631 E3388.18013
G0 F7200 X207.46 Y77.918
G1 F1800 X207.308 Y77.766 E3388.19443
G0 F7200 X207.68 Y81.532
G1 F1800 X208.548 Y82.4 E3388.27609
G0 F7200 X208.051 Y82.468
G1 F1800 X207.68 Y82.098 E3388.31094
G0 F7200 X209.866 Y80.889
G1 F1800 X210.445 Y81.469 E3388.36546
G0 F7200 X210.728 Y81.186
G1 F1800 X210.574 Y81.032 E3388.37995
G0 F7200 X207.66 Y83.263
G0 X207.48 Y128.78
G1 F1800 X207.48 Y127.491 E3388.46569
G1 X207.738 Y127.136 E3388.49488
G1 X208.2 Y127.343 E3388.52856
G1 X209.166 Y127.479 E3388.59345
G1 X209.802 Y127.743 E3388.63926
G1 X210.399 Y128.203 E3388.68939
G1 X211.35 Y129.15 E3388.77867
G1 X210.969 Y129.109 E3388.80416
G1 X210.104 Y129.226 E3388.86222
G1 X209.277 Y129.578 E3388.92201
G1 X208.601 Y130.1 E3388.97883
G1 X208.078 Y130.773 E3389.03552
G1 X207.726 Y131.604 E3389.09556
G1 X207.609 Y132.469 E3389.15362
G1 X207.651 Y132.85 E3389.17912
G1 X206.703 Y131.899 E3389.26844
G1 X206.243 Y131.302 E3389.31857
G1 X205.979 Y130.666 E3389.36438
G1 X205.843 Y129.7 E3389.42927
G1 X205.633 Y129.234 E3389.46327
G1 X205.989 Y128.98 E3389.49237
G1 X207.28 Y128.98 E3389.57824
G1 X207.406 Y128.936 E3389.58712
G1 X207.48 Y128.78 E3389.59861
G0 F7200 X210.438 Y128.979
G1 F1800 X209.145 Y127.687 E3389.7202
G0 F7200 X208.476 Y127.583
G1 F1800 X209.958 Y129.065 E3389.85961
G0 F7200 X209.564 Y129.236
G1 F1800 X207.776 Y127.448 E3390.02782
G0 F7200 X207.679 Y127.918
G1 F1800 X209.171 Y129.409 E3390.16813
G0 F7200 X208.849 Y129.653
G1 F1800 X207.679 Y128.483 E3390.2782
G0 F7200 X207.614 Y128.983
G1 F1800 X208.527 Y129.897 E3390.36413
G0 F7200 X208.268 Y130.204
G1 F1800 X207.245 Y129.181 E3390.46037
G0 F7200 X206.68 Y129.181
G1 F1800 X208.021 Y130.522 E3390.58652
G0 F7200 X207.815 Y130.882
G1 F1800 X206.114 Y129.181 E3390.74654
G0 F7200 X206.041 Y129.673
G1 F1800 X207.644 Y131.276 E3390.89734
G0 F7200 X207.51 Y131.709
G1 F1800 X206.134 Y130.332 E3391.02684
G1 X206.064 Y130.262
G0 F7200 X206.404 Y131.168
G1 F1800 X207.443 Y132.207 E3391.12458
G1 X207.513 Y132.277
G0 F7200 X205.237 Y129.16
G0 X89.72 Y128.98
G1 F1800 X91.005 Y128.98 E3391.21006
G1 X91.358 Y129.234 E3391.23899
G1 X91.149 Y129.704 E3391.2732
G1 X91.017 Y130.667 E3391.33786
G1 X90.753 Y131.302 E3391.38361
G1 X90.293 Y131.899 E3391.43374
G1 X89.343 Y132.85 E3391.52316
G1 X89.383 Y132.465 E3391.5489
G1 X89.268 Y131.586 E3391.60787
G1 X88.917 Y130.78 E3391.66635
G1 X88.417 Y130.126 E3391.72111
G1 X87.729 Y129.585 E3391.77934
G1 X86.872 Y129.216 E3391.8414
G1 X86.029 Y129.109 E3391.89793
G1 X85.637 Y129.153 E3391.92417
G1 X86.599 Y128.193 E3392.01457
G1 X87.049 Y127.823 E3392.05333
G1 X87.497 Y127.578 E3392.08729
G1 X87.979 Y127.437 E3392.1207
G1 X88.77 Y127.357 E3392.17359
G1 X89.267 Y127.142 E3392.20961
G1 X89.52 Y127.486 E3392.23801
G1 X89.52 Y128.78 E3392.32409
G1 X89.564 Y128.906 E3392.33297
G1 X89.72 Y128.98 E3392.34445
G0 F7200 X89 Y127.467
G1 F1800 X89.32 Y127.787 E3392.37456
G0 F7200 X89.32 Y128.353
G1 F1800 X88.549 Y127.581 E3392.44714
G0 F7200 X88.035 Y127.633
G1 F1800 X89.395 Y128.993 E3392.57508
G1 X89.515 Y129.113
G1 X90.846 Y130.444 E3392.70029
G0 F7200 X90.713 Y130.877
G1 F1800 X87.595 Y127.759 E3392.99361
G0 F7200 X87.225 Y127.955
G1 F1800 X90.532 Y131.261 E3393.30467
G0 F7200 X90.286 Y131.581
G1 F1800 X86.906 Y128.201 E3393.62264
G0 F7200 X86.607 Y128.468
G1 F1800 X87.337 Y129.198 E3393.69131
G1 X87.407 Y129.268
G0 F7200 X86.548 Y128.974
G1 F1800 X86.324 Y128.751 E3393.71234
G0 F7200 X89.299 Y131.16
G1 F1800 X90.025 Y131.885 E3393.78059
G0 F7200 X89.742 Y132.169
G1 F1800 X89.515 Y131.942 E3393.80194
G0 F7200 X90.915 Y129.947
G1 F1800 X90.148 Y129.18 E3393.8741
G0 F7200 X90.713 Y129.18
G1 F1800 X91.027 Y129.494 E3393.90363
G0 F7200 X89.655 Y126.976
G0 X89.655 Y83.024
G0 X89.72 Y81.02
G1 F1800 X89.597 Y81.061 E3393.91226
G1 X89.52 Y81.22 E3393.92401
G1 X89.52 Y82.506 E3394.00956
G1 X89.265 Y82.854 E3394.03825
G1 X89.009 Y82.714 E3394.05766
G1 X88.777 Y82.644 E3394.07378
G1 X87.984 Y82.558 E3394.12684
G1 X87.502 Y82.414 E3394.16031
G1 X87.049 Y82.165 E3394.19469
G1 X86.599 Y81.799 E3394.23328
G1 X85.641 Y80.842 E3394.32335
G1 X85.979 Y80.883 E3394.346
G1 X86.874 Y80.776 E3394.40596
G1 X87.712 Y80.417 E3394.46661
G1 X88.381 Y79.902 E3394.52277
G1 X88.913 Y79.223 E3394.58015
G1 X89.266 Y78.389 E3394.64039
G1 X89.383 Y77.535 E3394.69773
G1 X89.341 Y77.141 E3394.72409
G1 X90.293 Y78.093 E3394.81364
G1 X90.753 Y78.69 E3394.86378
G1 X91.017 Y79.325 E3394.90952
G1 X91.149 Y80.292 E3394.97444
G1 X91.356 Y80.766 E3395.00885
G1 X91.007 Y81.02 E3395.03756
G1 X89.72 Y81.02 E3395.12318
G0 F7200 X90.271 Y78.391
G1 F1800 X89.564 Y77.685 E3395.18964
G0 F7200 X89.496 Y78.182
G1 F1800 X90.843 Y79.53 E3395.3164
G0 F7200 X90.933 Y80.184
G1 F1800 X89.384 Y78.636 E3395.46208
G0 F7200 X89.215 Y79.033
G1 F1800 X90.976 Y80.794 E3395.62774
G0 F7200 X90.437 Y80.82
G1 F1800 X89.024 Y79.407 E3395.76067
G0 F7200 X88.777 Y79.726
G1 F1800 X89.871 Y80.82 E3395.86358
G0 F7200 X89.431 Y80.946
G1 F1800 X88.528 Y80.042 E3395.94858
G0 F7200 X88.209 Y80.289
G1 F1800 X89.32 Y81.401 E3396.05314
G0 F7200 X89.32 Y81.966
G1 F1800 X87.889 Y80.535 E3396.18776
G0 F7200 X87.509 Y80.721
G1 F1800 X89.282 Y82.494 E3396.35456
G0 F7200 X88.654 Y82.432
G1 F1800 X87.116 Y80.894 E3396.49924
G0 F7200 X86.662 Y81.005
G1 F1800 X88.015 Y82.358 E3396.62652
G1 X88.085 Y82.428
G0 F7200 X86.778 Y81.686
G1 F1800 X86.159 Y81.068 E3396.68471
G1 X86.089 Y80.998
;MESH:NONMESH
G0 F600 X86.089 Y80.998 Z23.8
G0 F7200 X89.7 Y81.6
;TIME_ELAPSED:5761.108837
;LAYER:59
;TYPE:FILL
;MESH:manette_1-Body_(Meshed).stl
G1 F3600 X90.774 Y81.6 E3396.75615
G0 F7200 X90.966 Y81.408
G1 F3600 X90.719 Y81.16 E3396.77943
G0 F7200 X89.655 Y83.024
G0 X89.655 Y126.976
G0 X90.963 Y128.595
G1 F3600 X90.718 Y128.84 E3396.80248
G0 F7200 X205.476 Y128.845
G0 X206.033 Y128.592
G1 F3600 X206.281 Y128.84 E3396.82581
G0 F7200 X206.222 Y128.4
G1 F3600 X207.3 Y128.4 E3396.89752
G1 X207.4 Y128.4
G0 F7200 X207.345 Y83.024
G0 X206.033 Y81.408
G1 F3600 X206.281 Y81.16 E3396.92085
G0 F7200 X204.67 Y80.993
;TYPE:WALL-INNER
G1 F3529.4 X204.496 Y81 E3396.93267
G1 F3600 X92.5 Y81 E3404.38267
G0 F7200 X91.524 Y81.155
G0 X89.587 Y83.054
G1 F3600 X89.719 Y82.838 E3404.39951
G1 X89.895 Y82.666 E3404.41588
G1 X90.42 Y82.293 E3404.45872
G1 X90.793 Y81.919 E3404.49386
G1 X91.203 Y81.344 E3404.54083
G1 X91.559 Y81.085 E3404.57012
G1 X91.964 Y81 E3404.59765
G1 X92.5 Y81 E3404.6333
G1 X92 Y80.866 E3404.66774
G1 X91.692 Y80.59 E3404.69525
G1 X91.525 Y80.226 E3404.72189
G1 X91.39 Y79.227 E3404.78894
G1 X91.087 Y78.501 E3404.84127
G1 X90.578 Y77.837 E3404.89693
G1 X89.14 Y76.399 E3405.03221
G1 F3445 X88.756 Y76.04 E3405.06875
G1 F3144.1 X88.581 Y75.897 E3405.08596
G1 F3116.9 X88.91 Y76.733 E3405.15499
G1 F3428.6 X89.005 Y77.51 E3405.20966
G1 F3600 X88.898 Y78.301 E3405.26276
G1 X88.594 Y79.016 E3405.31444
G1 X88.115 Y79.634 E3405.36645
G1 X87.523 Y80.088 E3405.41608
G1 X86.78 Y80.408 E3405.46989
G1 X86 Y80.504 E3405.52217
G1 F3512.2 X85.232 Y80.41 E3405.57493
G1 F3364.5 X84.382 Y80.074 E3405.63998
G1 F3341.1 X84.536 Y80.26 E3405.65729
G1 F3495.1 X84.899 Y80.64 E3405.6933
G1 F3600 X86.34 Y82.081 E3405.82886
G1 X86.84 Y82.489 E3405.87179
G1 X87.354 Y82.767 E3405.91066
G1 X87.913 Y82.934 E3405.94947
G1 X88.682 Y83.013 E3406.00089
G1 X89.085 Y83.189 E3406.03014
G1 X89.366 Y83.5 E3406.05802
G1 X89.5 Y84 E3406.09246
G1 X89.5 Y83.464 E3406.12811
G1 X89.587 Y83.054 E3406.15599
G0 F7200 X89.5 Y84
G1 F3600 X89.5 Y126 E3408.94984
G1 F3538.1 X89.493 Y126.174 E3408.96163
G0 F7200 X89.655 Y126.976
G0 X91.524 Y128.845
G0 X92.326 Y129.007
G1 F3529.4 X92.5 Y129 E3408.97345
G1 F3600 X204.496 Y129 E3416.42345
G0 F7200 X205.272 Y128.551
G1 F3600 X205.032 Y128.6 E3416.43974
G1 X91.964 Y128.6 E3423.96106
G1 X91.722 Y128.549 E3423.97751
G1 X91.539 Y128.441 E3423.99165
G1 X91.099 Y127.816 E3424.04249
G1 X90.679 Y127.396 E3424.082
G1 X90.094 Y126.975 E3424.12994
G1 X89.953 Y126.779 E3424.14601
G1 X89.9 Y126.532 E3424.16281
G1 X89.9 Y83.464 E3427.02771
G1 X89.952 Y83.218 E3427.04443
G1 X90.093 Y83.022 E3427.06049
G1 X90.679 Y82.6 E3427.10853
G1 X91.1 Y82.179 E3427.14813
G1 X91.487 Y81.634 E3427.1926
G1 X91.721 Y81.451 E3427.21236
G1 X91.964 Y81.4 E3427.22887
G1 X205.032 Y81.4 E3434.75019
G1 X205.273 Y81.45 E3434.76656
G1 X205.47 Y81.588 E3434.78256
G1 X205.896 Y82.179 E3434.83102
G1 X206.317 Y82.599 E3434.87058
G1 X206.91 Y83.025 E3434.91915
G1 X207.049 Y83.221 E3434.93514
G1 X207.1 Y83.464 E3434.95165
G1 X207.1 Y126.532 E3437.81655
G1 X207.051 Y126.772 E3437.83284
G1 X206.942 Y126.956 E3437.84707
G1 X206.317 Y127.397 E3437.89795
G1 X205.897 Y127.817 E3437.93746
G1 X205.507 Y128.368 E3437.98237
G1 X205.272 Y128.551 E3438.00218
G0 F7200 X205.272 Y128.91
G0 X205.469 Y129.77
G1 F3600 X205.61 Y130.769 E3438.06929
G1 X205.91 Y131.494 E3438.12148
G1 X206.421 Y132.158 E3438.17722
G1 X207.857 Y133.597 E3438.31245
G1 F3495.1 X208.236 Y133.96 E3438.34841
G1 F3341.1 X208.421 Y134.113 E3438.36561
G1 F3364.5 X208.085 Y133.258 E3438.431
G1 F3512.2 X207.992 Y132.492 E3438.48361
G1 F3600 X208.098 Y131.695 E3438.5371
G1 X208.403 Y130.979 E3438.58887
G1 X208.884 Y130.36 E3438.64101
G1 X209.482 Y129.901 E3438.69116
G1 X210.195 Y129.598 E3438.74269
G1 X210.997 Y129.491 E3438.79651
G1 F3512.2 X211.764 Y129.586 E3438.84921
G1 F3364.5 X212.614 Y129.922 E3438.91427
G1 F3341.1 X212.46 Y129.736 E3438.93157
G1 F3495.1 X212.096 Y129.358 E3438.96753
G1 F3600 X210.658 Y127.921 E3439.10276
G1 X209.995 Y127.41 E3439.15844
G1 X209.269 Y127.11 E3439.2107
G1 X208.27 Y126.97 E3439.2778
G1 X207.906 Y126.801 E3439.3045
G1 X207.634 Y126.496 E3439.33168
G1 F3529.4 X207.507 Y126.17 E3439.35542
G1 X207.5 Y126.532 E3439.37999
G1 F3600 X207.417 Y126.932 E3439.40716
G1 X207.153 Y127.297 E3439.43713
G1 X206.575 Y127.704 E3439.48415
G1 X206.204 Y128.075 E3439.51905
G1 X205.83 Y128.605 E3439.5622
G1 X205.648 Y128.788 E3439.57937
G1 X205.432 Y128.917 E3439.59611
G1 X205.032 Y129 E3439.62328
G1 X204.496 Y129 E3439.65894
G1 X204.996 Y129.134 E3439.69337
G1 X205.301 Y129.406 E3439.72055
G1 X205.469 Y129.77 E3439.74722
G0 F7200 X207.345 Y126.976
G0 X207.507 Y126.17
G1 F3529.4 X207.5 Y125.996 E3439.75904
G1 F3600 X207.5 Y84 E3442.55262
G0 F7200 X208.274 Y83.025
G1 F3600 X209.269 Y82.89 E3442.61942
G1 X209.994 Y82.587 E3442.67169
G1 X210.663 Y82.074 E3442.72777
G1 X212.097 Y80.64 E3442.86267
G1 F3495.1 X212.46 Y80.26 E3442.89868
G1 F3341.1 X212.614 Y80.074 E3442.91598
G1 F3364.5 X211.764 Y80.41 E3442.98104
G1 F3512.2 X210.997 Y80.505 E3443.03373
G1 F3600 X210.198 Y80.399 E3443.08735
G1 X209.479 Y80.093 E3443.13933
G1 X208.86 Y79.612 E3443.19148
G1 X208.401 Y79.014 E3443.24162
G1 X208.098 Y78.301 E3443.29316
G1 X207.992 Y77.501 E3443.34684
G1 F3512.2 X208.086 Y76.732 E3443.39966
G1 F3364.5 X208.422 Y75.882 E3443.46472
G1 F3341.1 X208.236 Y76.036 E3443.48202
G1 F3495.1 X207.858 Y76.4 E3443.51798
G1 F3600 X206.421 Y77.838 E3443.65321
G1 X205.91 Y78.501 E3443.70889
G1 X205.61 Y79.227 E3443.76115
G1 X205.47 Y80.23 E3443.82851
G1 X205.301 Y80.593 E3443.85515
G1 X204.996 Y80.866 E3443.88238
G1 F3529.4 X204.67 Y80.993 E3443.90612
G1 X205.032 Y81 E3443.93068
G1 F3600 X205.433 Y81.083 E3443.95792
G1 X205.649 Y81.212 E3443.97466
G1 X205.824 Y81.388 E3443.99117
G1 X206.203 Y81.92 E3444.03462
G1 X206.575 Y82.292 E3444.06962
G1 X207.156 Y82.702 E3444.11692
G1 X207.415 Y83.059 E3444.14626
G1 X207.5 Y83.464 E3444.17378
G1 X207.5 Y84 E3444.20944
G1 X207.634 Y83.5 E3444.24387
G1 X207.91 Y83.192 E3444.27138
G1 X208.274 Y83.025 E3444.29802
G0 F7200 X211.715 Y80.324
G0 X211.675 Y80.017
G1 F3600 X210.999 Y80.101 E3444.34334
G1 X210.306 Y80.012 E3444.38981
G1 X209.681 Y79.745 E3444.43502
G1 X209.159 Y79.337 E3444.4791
G1 X208.751 Y78.815 E3444.52317
G1 X208.484 Y78.19 E3444.56838
G1 X208.395 Y77.502 E3444.61453
G1 X208.478 Y76.821 E3444.66016
G1 X208.742 Y76.195 E3444.70535
G1 X209.155 Y75.655 E3444.75058
G1 X209.691 Y75.244 E3444.79551
G1 X210.326 Y74.978 E3444.8413
G1 X211.001 Y74.895 E3444.88654
G1 X211.67 Y74.978 E3444.93139
G1 X212.296 Y75.24 E3444.97653
G1 X212.838 Y75.66 E3445.02214
G1 X213.253 Y76.193 E3445.06708
G1 X213.518 Y76.821 E3445.11242
G1 X213.601 Y77.501 E3445.15799
G1 X213.517 Y78.175 E3445.20317
G1 X213.254 Y78.801 E3445.24834
G1 X212.837 Y79.337 E3445.29351
G1 X212.307 Y79.751 E3445.33825
G1 X211.675 Y80.017 E3445.38386
G0 F7200 X212.632 Y80.052
G1 F3151 X213.273 Y79.481 E3445.4491
G1 F3144.1 X213.686 Y78.904 E3445.50315
G1 F2637.4 X213.895 Y78.544 E3445.54094
G1 F2250 X214.087 Y77.914 E3445.61104
G1 F2162.2 X214.119 Y77.66 E3445.63939
G0 F7200 X213.853 Y76.591
G1 F3789.5 X213.959 Y77.284 E3445.6837
G1 F2796.1 X214.119 Y77.66 E3445.71869
G1 F2737.6 X214.339 Y77.247 E3445.75963
G1 F3636.4 X214.214 Y76.393 E3445.81647
G1 F3461.5 X213.908 Y75.679 E3445.87021
G1 F3380.3 X213.434 Y75.065 E3445.92516
G1 F3396.2 X212.819 Y74.592 E3445.97987
G1 F3478.3 X212.102 Y74.285 E3446.03357
G1 F3645.6 X211.267 Y74.16 E3446.08903
G1 F2748.1 X210.862 Y74.376 E3446.12902
G1 F2801.6 X211.238 Y74.538 E3446.16402
G1 F3789.5 X211.904 Y74.645 E3446.20665
G1 F3582.1 X212.533 Y74.902 E3446.25207
G1 F3445 X213.131 Y75.368 E3446.30477
G1 X213.593 Y75.961 E3446.35703
G1 F3573.2 X213.853 Y76.591 E3446.4027
G0 F7200 X213.02 Y75.48
G0 X210.862 Y74.376
G1 F2257.1 X210.479 Y74.425 E3446.44367
G1 F2589.9 X209.764 Y74.689 E3446.51415
G1 F3044.4 X209.179 Y75.106 E3446.57066
G1 F3412.3 X208.876 Y75.378 E3446.59923
G1 F3287.7 X208.444 Y75.864 E3446.6466
G0 F7200 X208.143 Y77.5
G0 X207.66 Y83.263
G0 X207.66 Y126.737
G0 X212.632 Y129.944
G1 F3287.7 X213.118 Y130.376 E3446.69396
G1 F3356.6 X213.641 Y131.016 E3446.75293
G1 F2818 X213.848 Y131.37 E3446.78777
G1 F2337.7 X214.087 Y132.085 E3446.865
G1 F2152.5 X214.121 Y132.361 E3446.89594
G0 F7200 X213.473 Y133.929
G0 X212.541 Y134.887
G0 X211.701 Y135.326
G0 X211.661 Y135.02
G1 F3600 X210.992 Y135.1 E3446.94076
G1 X210.313 Y135.013 E3446.9863
G1 X209.682 Y134.746 E3447.03187
G1 X209.159 Y134.337 E3447.07604
G1 X208.744 Y133.806 E3447.12087
G1 X208.478 Y133.171 E3447.16667
G1 X208.395 Y132.499 E3447.21171
G1 X208.484 Y131.806 E3447.25818
G1 X208.751 Y131.181 E3447.30339
G1 X209.159 Y130.659 E3447.34747
G1 X209.681 Y130.251 E3447.39154
G1 X210.306 Y129.984 E3447.43675
G1 X210.999 Y129.895 E3447.48323
G1 X211.675 Y129.979 E3447.52854
G1 X212.301 Y130.242 E3447.57371
G1 X212.844 Y130.657 E3447.61917
G1 X213.261 Y131.216 E3447.66556
G1 X213.515 Y131.817 E3447.70896
G1 X213.6 Y132.496 E3447.75448
G1 X213.521 Y133.161 E3447.79903
G1 X213.258 Y133.792 E3447.8445
G1 X212.841 Y134.339 E3447.89026
G1 X212.3 Y134.755 E3447.93565
G1 X211.661 Y135.02 E3447.98167
G0 F7200 X211.88 Y135.37
G1 F3730.6 X211.246 Y135.457 E3448.02275
G1 F2779.9 X210.861 Y135.621 E3448.0588
G1 F2748.1 X211.272 Y135.835 E3448.09918
G1 F3740.3 X212.058 Y135.733 E3448.14992
G1 F3538.1 X212.817 Y135.409 E3448.20578
G1 F3380.3 X213.433 Y134.933 E3448.26093
G1 X213.909 Y134.317 E3448.31608
G1 F3546.8 X214.23 Y133.564 E3448.37135
G1 F3740.3 X214.335 Y132.779 E3448.42206
G1 F2742.9 X214.121 Y132.361 E3448.46306
G1 F2769.2 X213.956 Y132.755 E3448.5
G1 F3829.8 X213.882 Y133.309 E3448.53495
G1 F3673.5 X213.599 Y134.027 E3448.58526
G1 F3461.5 X213.129 Y134.629 E3448.63809
G1 F3380.3 X212.587 Y135.052 E3448.6868
G1 F3478.3 X211.88 Y135.37 E3448.74017
G0 F7200 X210.861 Y135.621
G1 F2158.9 X210.585 Y135.587 E3448.77102
G1 F2345.3 X209.87 Y135.348 E3448.848
G1 F2812.5 X209.516 Y135.141 E3448.88291
G1 F3341.1 X208.877 Y134.619 E3448.94205
G1 F3287.7 X208.444 Y134.132 E3448.98952
G0 F7200 X205.237 Y129.16
G0 X91.763 Y129.16
G0 X89.005 Y132.497
G1 F3512.2 X88.91 Y133.264 E3449.04222
G1 F3364.5 X88.574 Y134.114 E3449.10727
G1 F3341.1 X88.76 Y133.96 E3449.12458
G1 F3495.1 X89.14 Y133.597 E3449.16059
G1 F3600 X90.578 Y132.159 E3449.29587
G1 X91.087 Y131.495 E3449.35152
G1 X91.389 Y130.769 E3449.40383
G1 X91.525 Y129.774 E3449.47063
G1 X91.693 Y129.409 E3449.49736
G1 X92 Y129.134 E3449.52477
G1 F3529.4 X92.326 Y129.007 E3449.54851
G1 X91.964 Y129 E3449.57308
G1 F3600 X91.56 Y128.915 E3449.60054
G1 X91.344 Y128.786 E3449.61728
G1 X91.166 Y128.605 E3449.63416
G1 X90.792 Y128.075 E3449.67731
G1 X90.42 Y127.703 E3449.71231
G1 X89.897 Y127.331 E3449.755
G1 X89.72 Y127.16 E3449.77137
G1 X89.588 Y126.943 E3449.78827
G1 X89.5 Y126.532 E3449.81623
G1 F3529.4 X89.493 Y126.174 E3449.84052
G1 X89.368 Y126.497 E3449.86402
G1 F3600 X89.088 Y126.81 E3449.89196
G1 X88.682 Y126.988 E3449.92145
G1 X87.91 Y127.062 E3449.97304
G1 X87.354 Y127.229 E3450.01165
G1 X86.84 Y127.507 E3450.05053
G1 X86.34 Y127.915 E3450.09346
G1 X84.899 Y129.356 E3450.22902
G1 F3495.1 X84.536 Y129.736 E3450.26502
G1 F3341.1 X84.382 Y129.922 E3450.28233
G1 F3364.5 X85.232 Y129.586 E3450.34739
G1 F3512.2 X86 Y129.492 E3450.40014
G1 F3600 X86.781 Y129.588 E3450.45248
G1 X87.524 Y129.909 E3450.50632
G1 X88.126 Y130.37 E3450.55676
G1 X88.595 Y130.982 E3450.60805
G1 X88.898 Y131.695 E3450.65959
G1 X89.005 Y132.497 E3450.71341
G0 F7200 X88.552 Y134.132
G1 F3257.9 X88.209 Y134.523 E3450.75164
G1 F3380.3 X87.82 Y134.887 E3450.78938
G1 F2857.1 X87.125 Y135.348 E3450.85928
G1 F2521.9 X86.754 Y135.495 E3450.89718
G1 F2307.7 X86.177 Y135.617 E3450.95838
G0 F7200 X86.682 Y135.014
G1 F3600 X85.998 Y135.101 E3451.00424
G1 X85.324 Y135.018 E3451.04942
G1 X84.689 Y134.75 E3451.09527
G1 X84.16 Y134.338 E3451.13987
G1 X83.742 Y133.797 E3451.18535
G1 X83.477 Y133.162 E3451.23112
G1 X83.396 Y132.491 E3451.27608
G1 X83.482 Y131.814 E3451.32147
G1 X83.753 Y131.179 E3451.3674
G1 X84.159 Y130.659 E3451.41128
G1 X84.689 Y130.245 E3451.45602
G1 X85.321 Y129.978 E3451.50166
G1 X86.003 Y129.895 E3451.54736
G1 X86.691 Y129.986 E3451.59353
G1 X87.316 Y130.252 E3451.63871
G1 X87.848 Y130.664 E3451.68347
G1 X88.248 Y131.187 E3451.72727
G1 X88.512 Y131.811 E3451.77234
G1 X88.601 Y132.498 E3451.81842
G1 X88.517 Y133.176 E3451.86387
G1 X88.252 Y133.804 E3451.90921
G1 X87.839 Y134.344 E3451.95443
G1 X87.28 Y134.761 E3452.00082
G1 X86.682 Y135.014 E3452.04401
G0 F7200 X86.8 Y135.3
G0 X85.092 Y135.352
G1 F3564.4 X84.468 Y135.098 E3452.08928
G1 F3436.8 X83.868 Y134.631 E3452.14226
G1 F3388.2 X83.447 Y134.09 E3452.19071
G1 F3486.7 X83.168 Y133.471 E3452.23734
G1 F3720.9 X83.041 Y132.769 E3452.28325
G1 F2790.7 X82.874 Y132.391 E3452.31871
G1 F2769.2 X82.663 Y132.79 E3452.35775
G1 F3750 X82.767 Y133.557 E3452.40717
G1 F3546.8 X83.092 Y134.319 E3452.46311
G1 F3388.2 X83.565 Y134.934 E3452.51794
G1 F3380.3 X84.179 Y135.409 E3452.57294
G1 F3478.3 X84.893 Y135.713 E3452.62637
G1 F3645.6 X85.761 Y135.841 E3452.684
G1 F2732.4 X86.177 Y135.617 E3452.72541
G1 F2790.7 X85.8 Y135.459 E3452.76049
G1 F3789.5 X85.092 Y135.352 E3452.80574
G0 F7200 X83.98 Y134.52
G0 X82.874 Y132.391
G1 F2175.2 X82.911 Y132.087 E3452.83945
G1 F2360.7 X83.151 Y131.367 E3452.91644
G1 F2823.5 X83.354 Y131.02 E3452.95054
G1 F3348.8 X83.877 Y130.378 E3453.00975
G1 F3295.2 X84.364 Y129.944 E3453.05716
G0 F7200 X89.339 Y126.76
G0 X89.339 Y83.24
G0 X84.364 Y80.052
G1 F3257.9 X83.973 Y79.709 E3453.09539
G1 F3380.3 X83.606 Y79.317 E3453.13343
G1 F3044.4 X83.19 Y78.733 E3453.18983
G1 F2585.3 X82.925 Y78.018 E3453.26047
G1 F2253.5 X82.876 Y77.639 E3453.30108
G0 F7200 X83.145 Y76.592
G1 F3582.1 X83.403 Y75.963 E3453.34653
G1 F3445 X83.867 Y75.367 E3453.39903
G1 F3461.5 X84.469 Y74.898 E3453.45183
G1 F3654.8 X85.183 Y74.617 E3453.5021
G1 F3829.8 X85.735 Y74.54 E3453.53695
G1 F2790.7 X86.113 Y74.374 E3453.57238
G1 F2758.6 X85.716 Y74.163 E3453.61141
G1 F3750 X84.939 Y74.267 E3453.66147
G1 F3546.8 X84.177 Y74.592 E3453.7174
G1 F3388.2 X83.564 Y75.064 E3453.77208
G1 X83.092 Y75.677 E3453.82676
G1 F3486.7 X82.786 Y76.394 E3453.8803
G1 F3654.8 X82.659 Y77.24 E3453.93636
G1 F2742.9 X82.876 Y77.639 E3453.97601
G1 F2796.1 X83.037 Y77.272 E3454.01033
G1 F3789.5 X83.145 Y76.592 E3454.05385
G0 F7200 X83.98 Y75.48
G0 X86.113 Y74.374
G1 F2257.1 X86.516 Y74.424 E3454.09693
G1 F2465.8 X87.128 Y74.651 E3454.16033
G1 F2874.3 X87.622 Y74.957 E3454.20874
G1 F3404.3 X88.118 Y75.377 E3454.25446
G1 F3257.9 X88.581 Y75.897 E3454.30564
G0 F7200 X91.763 Y80.84
G0 X205.476 Y81.155
G0 X207.345 Y83.024
G0 X207.345 Y126.976
G0 X205.389 Y129.779
G0 X205.077 Y129.818
G1 F3600 X205.221 Y130.874 E3454.37653
G1 X205.561 Y131.696 E3454.43571
G1 X206.12 Y132.423 E3454.49671
G1 X208.898 Y135.204 E3454.75819
G1 X209.628 Y135.768 E3454.81955
G1 X210.448 Y136.106 E3454.87855
G1 X211.328 Y136.219 E3454.93757
G1 X212.208 Y136.107 E3454.99658
G1 X213.024 Y135.768 E3455.05536
G1 X213.728 Y135.228 E3455.11438
G1 X214.268 Y134.524 E3455.1734
G1 X214.606 Y133.708 E3455.23215
G1 X214.718 Y132.828 E3455.29116
G1 X214.607 Y131.948 E3455.35016
G1 X214.268 Y131.127 E3455.40925
G1 X213.708 Y130.402 E3455.47019
G1 X210.923 Y127.62 E3455.73204
G1 X210.197 Y127.06 E3455.79303
G1 X209.374 Y126.721 E3455.85224
G1 X208.362 Y126.581 E3455.9202
G1 X208.143 Y126.479 E3455.93627
G1 X207.98 Y126.296 E3455.95257
G1 X207.9 Y126.078 E3455.96802
G1 X207.9 Y84 E3458.76706
G1 X207.98 Y83.7 E3458.78772
G1 X208.146 Y83.515 E3458.80425
G1 X208.364 Y83.415 E3458.8202
G1 X209.374 Y83.279 E3458.888
G1 X210.196 Y82.936 E3458.94724
G1 X210.927 Y82.375 E3459.00854
G1 X213.708 Y79.595 E3459.27011
G1 X214.268 Y78.868 E3459.33116
G1 X214.606 Y78.052 E3459.38991
G1 X214.718 Y77.172 E3459.44892
G1 X214.607 Y76.288 E3459.50819
G1 X214.268 Y75.471 E3459.56702
G1 X213.728 Y74.769 E3459.62594
G1 X213.026 Y74.233 E3459.68469
G1 X212.207 Y73.893 E3459.74368
G1 X211.328 Y73.778 E3459.80265
G1 X210.449 Y73.894 E3459.86163
G1 X209.626 Y74.232 E3459.92081
G1 X208.901 Y74.789 E3459.98163
G1 X206.12 Y77.573 E3460.24339
G1 X205.56 Y78.299 E3460.30438
G1 X205.221 Y79.122 E3460.36359
G1 X205.081 Y80.138 E3460.43181
G1 X204.979 Y80.356 E3460.44782
G1 X204.796 Y80.52 E3460.46417
G1 X204.578 Y80.6 E3460.47962
G1 X92.5 Y80.6 E3467.93507
G1 X92.2 Y80.52 E3467.95573
G1 X92.015 Y80.354 E3467.97226
G1 X91.915 Y80.136 E3467.98822
G1 X91.779 Y79.122 E3468.05627
G1 X91.436 Y78.299 E3468.11558
G1 X90.879 Y77.573 E3468.17645
G1 X88.095 Y74.789 E3468.43835
G1 X87.369 Y74.233 E3468.49918
G1 X86.551 Y73.893 E3468.55811
G1 X85.672 Y73.778 E3468.61708
G1 X84.789 Y73.894 E3468.67632
G1 X83.97 Y74.233 E3468.73528
G1 X83.269 Y74.769 E3468.79398
G1 X82.733 Y75.47 E3468.85268
G1 X82.394 Y76.289 E3468.91165
G1 X82.278 Y77.172 E3468.97089
G1 X82.393 Y78.051 E3469.02986
G1 X82.732 Y78.869 E3469.08876
G1 X83.289 Y79.595 E3469.14963
G1 X86.071 Y82.378 E3469.41139
G1 X86.616 Y82.823 E3469.45819
G1 X87.2 Y83.138 E3469.50233
G1 X87.834 Y83.328 E3469.54636
G1 X88.632 Y83.414 E3469.59975
G1 X88.851 Y83.513 E3469.61574
G1 X89.02 Y83.7 E3469.6325
G1 X89.1 Y84 E3469.65316
G1 X89.1 Y126.082 E3472.45246
G1 X89.021 Y126.299 E3472.46783
G1 X88.853 Y126.486 E3472.48455
G1 X88.633 Y126.586 E3472.50062
G1 X87.833 Y126.668 E3472.55412
G1 X87.2 Y126.857 E3472.59806
G1 X86.616 Y127.173 E3472.64223
G1 X86.071 Y127.618 E3472.68904
G1 X83.288 Y130.4 E3472.9508
G1 X82.733 Y131.126 E3473.01158
G1 X82.394 Y131.949 E3473.07079
G1 X82.278 Y132.828 E3473.12977
G1 X82.394 Y133.707 E3473.18875
G1 X82.733 Y134.526 E3473.24771
G1 X83.269 Y135.228 E3473.30647
G1 X83.972 Y135.768 E3473.36543
G1 X84.788 Y136.106 E3473.42419
G1 X85.672 Y136.219 E3473.48347
G1 X86.552 Y136.107 E3473.54248
G1 X87.368 Y135.768 E3473.60126
G1 X88.099 Y135.204 E3473.66267
G1 X90.879 Y132.423 E3473.92425
G1 X91.436 Y131.697 E3473.98512
G1 X91.779 Y130.874 E3474.04443
G1 X91.915 Y129.864 E3474.11222
G1 X92.016 Y129.645 E3474.12826
G1 X92.2 Y129.48 E3474.1447
G1 X92.418 Y129.4 E3474.16015
G1 X204.496 Y129.4 E3481.61561
G1 X204.796 Y129.48 E3481.63626
G1 X204.979 Y129.643 E3481.65256
G1 X205.077 Y129.818 E3481.6659
G0 F7200 X205.389 Y129.779
G0 X91.524 Y128.845
G0 X89.655 Y126.976
G0 X89.655 Y83.024
G0 X86.809 Y80.296
G0 X86.691 Y80.01
G1 F3600 X86.003 Y80.101 E3481.71207
G1 X85.321 Y80.018 E3481.75777
G1 X84.694 Y79.753 E3481.80305
G1 X84.159 Y79.337 E3481.84813
G1 X83.745 Y78.807 E3481.89287
G1 X83.478 Y78.17 E3481.93881
G1 X83.395 Y77.5 E3481.98372
G1 X83.478 Y76.825 E3482.02896
G1 X83.747 Y76.188 E3482.07496
G1 X84.159 Y75.659 E3482.11956
G1 X84.699 Y75.242 E3482.16495
G1 X85.335 Y74.977 E3482.21078
G1 X86.008 Y74.896 E3482.25587
G1 X86.671 Y74.978 E3482.30031
G1 X87.308 Y75.247 E3482.34631
G1 X87.841 Y75.655 E3482.39096
G1 X88.253 Y76.193 E3482.43603
G1 X88.518 Y76.821 E3482.48137
G1 X88.601 Y77.502 E3482.52701
G1 X88.512 Y78.19 E3482.57316
G1 X88.245 Y78.814 E3482.61831
G1 X87.855 Y79.319 E3482.66075
G1 X87.319 Y79.742 E3482.70617
G1 X86.691 Y80.01 E3482.75159
G0 F7200 X86.568 Y79.628
;TYPE:WALL-OUTER
G1 F1800 X85.975 Y79.695 E3482.79129
G1 X85.427 Y79.628 E3482.82801
G1 X84.918 Y79.413 E3482.86477
G1 X84.442 Y79.054 E3482.90443
G1 X84.083 Y78.578 E3482.94409
G1 X83.868 Y78.068 E3482.9809
G1 X83.801 Y77.475 E3483.0206
G1 X83.868 Y76.927 E3483.05733
G1 X84.083 Y76.418 E3483.09408
G1 X84.442 Y75.942 E3483.13374
G1 X84.888 Y75.599 E3483.17117
G1 X85.42 Y75.373 E3483.20962
G1 X85.991 Y75.3 E3483.24791
G1 X86.568 Y75.368 E3483.28656
G1 X87.078 Y75.583 E3483.32337
G1 X87.554 Y75.942 E3483.36303
G1 X87.892 Y76.38 E3483.39984
G1 X88.128 Y76.927 E3483.43947
G1 X88.195 Y77.525 E3483.47949
G1 X88.127 Y78.063 E3483.51557
G1 X87.907 Y78.59 E3483.55355
G1 X87.548 Y79.06 E3483.5929
G1 X87.097 Y79.404 E3483.63063
G1 X86.568 Y79.628 E3483.66884
G0 F7200 X86.37 Y79.65
G0 X86.462 Y80.357
G0 X89.339 Y83.24
G0 X89.339 Y126.76
G0 X88.759 Y133.24
G0 X88.02 Y134.52
G0 X86.652 Y135.332
G0 X86.56 Y134.628
G1 F1800 X85.975 Y134.695 E3483.70801
G1 X85.427 Y134.628 E3483.74473
G1 X84.918 Y134.413 E3483.78149
G1 X84.442 Y134.054 E3483.82115
G1 X84.099 Y133.608 E3483.85858
G1 X83.873 Y133.076 E3483.89703
G1 X83.8 Y132.509 E3483.93505
G1 X83.868 Y131.936 E3483.97344
G1 X84.09 Y131.403 E3484.01185
G1 X84.442 Y130.942 E3484.05043
G1 X84.918 Y130.583 E3484.09009
G1 X85.428 Y130.368 E3484.12691
G1 X86.025 Y130.301 E3484.16687
G1 X86.565 Y130.37 E3484.20308
G1 X87.096 Y130.592 E3484.24137
G1 X87.548 Y130.936 E3484.27915
G1 X87.913 Y131.418 E3484.31937
G1 X88.128 Y131.928 E3484.35618
G1 X88.195 Y132.525 E3484.39615
G1 X88.128 Y133.069 E3484.43261
G1 X87.913 Y133.578 E3484.46936
G1 X87.554 Y134.054 E3484.50902
G1 X87.094 Y134.406 E3484.54755
G1 X86.56 Y134.628 E3484.58602
G0 F7200 X86.362 Y134.65
G0 X86.455 Y135.358
G0 X87.934 Y135.021
G0 X91.763 Y129.16
G0 X205.237 Y129.16
G0 X204.695 Y129.973
G1 F1800 X204.831 Y130.979 E3484.65355
G1 X205.211 Y131.898 E3484.7197
G1 X205.819 Y132.687 E3484.78596
G1 X208.633 Y135.505 E3485.05087
G1 X209.426 Y136.117 E3485.11751
G1 X210.344 Y136.496 E3485.18357
G1 X211.328 Y136.622 E3485.24956
G1 X212.312 Y136.497 E3485.31554
G1 X213.226 Y136.117 E3485.38139
G1 X214.013 Y135.513 E3485.44738
G1 X214.617 Y134.726 E3485.51337
G1 X214.996 Y133.812 E3485.57919
G1 X215.122 Y132.828 E3485.64518
G1 X214.997 Y131.844 E3485.71117
G1 X214.617 Y130.925 E3485.77732
G1 X214.009 Y130.137 E3485.84352
G1 X211.187 Y127.319 E3486.10881
G1 X210.399 Y126.711 E3486.17502
G1 X209.479 Y126.331 E3486.24123
G1 X208.425 Y126.182 E3486.31204
G1 X208.302 Y126.031 E3486.325
G1 X208.3 Y83.919 E3489.1263
G1 X208.454 Y83.805 E3489.13905
G1 X209.479 Y83.669 E3489.20783
G1 X210.398 Y83.285 E3489.27408
G1 X211.191 Y82.677 E3489.34055
G1 X214.009 Y79.859 E3489.60565
G1 X214.617 Y79.07 E3489.67191
G1 X214.996 Y78.156 E3489.73773
G1 X215.122 Y77.172 E3489.80372
G1 X214.997 Y76.184 E3489.86997
G1 X214.617 Y75.269 E3489.93587
G1 X214.013 Y74.483 E3490.00181
G1 X213.227 Y73.883 E3490.06759
G1 X212.311 Y73.503 E3490.13356
G1 X211.328 Y73.374 E3490.19951
G1 X210.345 Y73.504 E3490.26547
G1 X209.425 Y73.883 E3490.33166
G1 X208.637 Y74.487 E3490.3977
G1 X205.819 Y77.309 E3490.66299
G1 X205.211 Y78.097 E3490.7292
G1 X204.831 Y79.017 E3490.79541
G1 X204.682 Y80.075 E3490.86648
G1 X204.531 Y80.198 E3490.87944
G1 X92.418 Y80.2 E3498.33722
G1 X92.301 Y80.027 E3498.35112
G1 X92.169 Y79.017 E3498.41887
G1 X91.785 Y78.097 E3498.48519
G1 X91.181 Y77.309 E3498.55123
G1 X88.359 Y74.487 E3498.81671
G1 X87.571 Y73.883 E3498.88276
G1 X86.655 Y73.503 E3498.94872
G1 X85.672 Y73.374 E3499.01467
G1 X84.685 Y73.504 E3499.0809
G1 X83.769 Y73.883 E3499.14684
G1 X82.983 Y74.483 E3499.21262
G1 X82.383 Y75.269 E3499.27839
G1 X82.004 Y76.185 E3499.34434
G1 X81.874 Y77.172 E3499.41056
G1 X82.003 Y78.155 E3499.47651
G1 X82.383 Y79.071 E3499.54248
G1 X82.987 Y79.859 E3499.60852
G1 X85.803 Y82.675 E3499.87343
G1 X86.392 Y83.157 E3499.92406
G1 X87.046 Y83.51 E3499.9735
G1 X87.756 Y83.722 E3500.02279
G1 X88.544 Y83.804 E3500.07549
G1 X88.7 Y83.919 E3500.08838
G1 X88.698 Y126.035 E3502.88995
G1 X88.6 Y126.191 E3502.9022
G1 X87.755 Y126.274 E3502.95868
G1 X87.046 Y126.486 E3503.00791
G1 X86.392 Y126.839 E3503.05735
G1 X85.803 Y127.321 E3503.10797
G1 X82.987 Y130.136 E3503.37284
G1 X82.383 Y130.925 E3503.43894
G1 X82.004 Y131.845 E3503.50512
G1 X81.874 Y132.828 E3503.57108
G1 X82.004 Y133.811 E3503.63704
G1 X82.383 Y134.727 E3503.70298
G1 X82.983 Y135.513 E3503.76876
G1 X83.77 Y136.117 E3503.83475
G1 X84.684 Y136.496 E3503.90057
G1 X85.672 Y136.622 E3503.96683
G1 X86.656 Y136.497 E3504.03281
G1 X87.57 Y136.117 E3504.09865
G1 X88.363 Y135.505 E3504.16529
G1 X91.181 Y132.687 E3504.43039
G1 X91.785 Y131.899 E3504.49643
G1 X92.169 Y130.979 E3504.56275
G1 X92.313 Y129.897 E3504.63536
G1 X92.465 Y129.802 E3504.64728
G1 X204.578 Y129.8 E3512.10507
G1 X204.695 Y129.973 E3512.11896
G0 F7200 X204.721 Y130.171
G0 X205.428 Y130.08
G0 X205.762 Y128.548
G0 X205.178 Y128.138
G1 F1800 X205.089 Y128.2 E3512.12618
G1 X91.907 Y128.2 E3519.65507
G1 X91.817 Y128.137 E3519.66238
G1 X91.406 Y127.558 E3519.70961
G1 X90.938 Y127.09 E3519.75364
G1 X90.364 Y126.68 E3519.80056
G1 X90.3 Y126.591 E3519.80786
G1 X90.3 Y83.464 E3522.67667
G1 X90.352 Y83.323 E3522.68667
G1 X90.938 Y82.906 E3522.73451
G1 X91.406 Y82.438 E3522.77854
G1 X91.817 Y81.863 E3522.82556
G1 X91.964 Y81.8 E3522.8362
G1 X205.09 Y81.8 E3530.36137
G1 X205.178 Y81.862 E3530.36853
G1 X205.59 Y82.438 E3530.41564
G1 X206.058 Y82.906 E3530.45966
G1 X206.637 Y83.317 E3530.5069
G1 X206.7 Y83.464 E3530.51753
G1 X206.7 Y126.589 E3533.38622
G1 X206.638 Y126.678 E3533.39344
G1 X206.058 Y127.09 E3533.44076
G1 X205.59 Y127.558 E3533.48479
G1 X205.178 Y128.138 E3533.53211
G0 F7200 X205.089 Y128.2
G0 X204.997 Y128.2
G0 X204.997 Y128.91
G0 X208.143 Y132.5
G0 X208.527 Y133.929
G0 X209.571 Y134.973
G0 X210.859 Y135.338
G0 X211.848 Y135.28
G0 X211.576 Y134.624
G1 F1800 X211.01 Y134.696 E3533.57007
G1 X210.436 Y134.628 E3533.60852
G1 X209.902 Y134.406 E3533.64699
G1 X209.442 Y134.054 E3533.68552
G1 X209.083 Y133.578 E3533.72518
G1 X208.868 Y133.068 E3533.76199
G1 X208.801 Y132.475 E3533.80169
G1 X208.869 Y131.933 E3533.83803
G1 X209.089 Y131.406 E3533.87601
G1 X209.448 Y130.936 E3533.91536
G1 X209.918 Y130.583 E3533.95446
G1 X210.428 Y130.368 E3533.99127
G1 X211.025 Y130.301 E3534.03124
G1 X211.569 Y130.368 E3534.0677
G1 X212.078 Y130.583 E3534.10445
G1 X212.554 Y130.942 E3534.14411
G1 X212.906 Y131.402 E3534.18264
G1 X213.128 Y131.936 E3534.22111
G1 X213.196 Y132.51 E3534.25956
G1 X213.124 Y133.076 E3534.29751
G1 X212.913 Y133.578 E3534.33374
G1 X212.554 Y134.054 E3534.3734
G1 X212.117 Y134.391 E3534.41011
G1 X211.576 Y134.624 E3534.44929
G0 F7200 X211.378 Y134.649
G0 X211.47 Y135.356
G0 X212.429 Y134.973
G0 X213.473 Y133.929
G0 X213.857 Y132.5
G0 X213.473 Y131.071
G0 X210.762 Y127.808
G0 X207.66 Y126.737
G0 X207.66 Y83.263
G0 X211.66 Y80.331
G0 X211.568 Y79.628
G1 F1800 X210.975 Y79.695 E3534.48899
G1 X210.433 Y79.627 E3534.52532
G1 X209.906 Y79.407 E3534.56331
G1 X209.436 Y79.048 E3534.60265
G1 X209.083 Y78.578 E3534.64175
G1 X208.868 Y78.068 E3534.67857
G1 X208.801 Y77.475 E3534.71827
G1 X208.868 Y76.927 E3534.75499
G1 X209.083 Y76.418 E3534.79175
G1 X209.442 Y75.942 E3534.83141
G1 X209.918 Y75.583 E3534.87107
G1 X210.428 Y75.368 E3534.90788
G1 X211.025 Y75.301 E3534.94785
G1 X211.569 Y75.369 E3534.98431
G1 X212.108 Y75.598 E3535.02327
G1 X212.554 Y75.942 E3535.06074
G1 X212.891 Y76.379 E3535.09745
G1 X213.127 Y76.926 E3535.13708
G1 X213.195 Y77.475 E3535.17387
G1 X213.128 Y78.068 E3535.21357
G1 X212.913 Y78.578 E3535.25039
G1 X212.554 Y79.054 E3535.29005
G1 X212.078 Y79.413 E3535.32971
G1 X211.568 Y79.628 E3535.36652
G0 F7200 X211.37 Y79.65
G0 X211.462 Y80.357
G0 X207.48 Y81.22
;TYPE:SKIN
G1 F1800 X207.435 Y81.093 E3535.37549
G1 X207.28 Y81.02 E3535.38688
G1 X205.985 Y81.02 E3535.47303
G1 X205.633 Y80.763 E3535.50202
G1 X205.843 Y80.296 E3535.53608
G1 X205.979 Y79.326 E3535.60124
G1 X206.243 Y78.69 E3535.64704
G1 X206.703 Y78.093 E3535.69718
G1 X207.65 Y77.142 E3535.78645
G1 X207.609 Y77.479 E3535.80904
G1 X207.728 Y78.409 E3535.8714
G1 X208.079 Y79.216 E3535.92994
G1 X208.601 Y79.891 E3535.98671
G1 X209.273 Y80.414 E3536.04335
G1 X210.085 Y80.767 E3536.10225
G1 X210.969 Y80.883 E3536.16156
G1 X211.357 Y80.84 E3536.18752
G1 X210.407 Y81.789 E3536.27685
G1 X209.803 Y82.253 E3536.32751
G1 X209.167 Y82.517 E3536.37332
G1 X208.204 Y82.649 E3536.43798
G1 X207.735 Y82.856 E3536.47208
G1 X207.48 Y82.505 E3536.50094
G1 X207.48 Y81.22 E3536.58642
G0 F7200 X210.19 Y81.704
G1 F1800 X210.829 Y81.065 E3536.64653
G0 F7200 X210.329 Y80.999
G1 F1800 X208.988 Y82.34 E3536.77268
G0 F7200 X208.332 Y82.43
G1 F1800 X209.871 Y80.891 E3536.91746
G0 F7200 X209.478 Y80.718
G1 F1800 X207.721 Y82.476 E3537.0828
G0 F7200 X207.68 Y81.951
G1 F1800 X209.101 Y80.53 E3537.21648
G0 F7200 X208.782 Y80.283
G1 F1800 X207.68 Y81.385 E3537.32015
G0 F7200 X207.561 Y80.939
G1 F1800 X208.463 Y80.037 E3537.405
G0 F7200 X208.213 Y79.721
G1 F1800 X207.114 Y80.82 E3537.50839
G0 F7200 X206.548 Y80.82
G1 F1800 X207.969 Y79.4 E3537.64202
G0 F7200 X207.778 Y79.024
G1 F1800 X206.011 Y80.792 E3537.8083
G0 F7200 X206.062 Y80.175
G1 F1800 X207.607 Y78.63 E3537.95364
G0 F7200 X207.494 Y78.177
G1 F1800 X206.154 Y79.517 E3538.0797
G1 X206.084 Y79.587
G0 F7200 X206.764 Y78.342
G1 F1800 X207.427 Y77.679 E3538.14207
G1 X207.497 Y77.609
G0 F7200 X207.48 Y128.78
G1 F1800 X207.48 Y127.491 E3538.22781
G1 X207.738 Y127.136 E3538.25701
G1 X208.2 Y127.343 E3538.29068
G1 X209.166 Y127.479 E3538.35558
G1 X209.802 Y127.743 E3538.40138
G1 X210.399 Y128.203 E3538.45152
G1 X211.35 Y129.15 E3538.54079
G1 X210.969 Y129.109 E3538.56628
G1 X210.104 Y129.226 E3538.62435
G1 X209.277 Y129.578 E3538.68413
G1 X208.601 Y130.1 E3538.74095
G1 X208.078 Y130.773 E3538.79765
G1 X207.726 Y131.604 E3538.85768
G1 X207.609 Y132.469 E3538.91574
G1 X207.651 Y132.85 E3538.94124
G1 X206.703 Y131.899 E3539.03056
G1 X206.243 Y131.302 E3539.0807
G1 X205.979 Y130.666 E3539.1265
G1 X205.843 Y129.7 E3539.1914
G1 X205.633 Y129.234 E3539.2254
G1 X205.989 Y128.98 E3539.25449
G1 X207.28 Y128.98 E3539.34037
G1 X207.406 Y128.936 E3539.34924
G1 X207.48 Y128.78 E3539.36073
G0 F7200 X205.964 Y129.488
G1 F1800 X206.272 Y129.18 E3539.3897
G0 F7200 X206.837 Y129.18
G1 F1800 X206.078 Y129.939 E3539.46111
G0 F7200 X206.148 Y130.434
G1 F1800 X207.471 Y129.112 E3539.58552
G0 F7200 X207.621 Y128.961
G1 F1800 X208.935 Y127.648 E3539.70909
G0 F7200 X209.369 Y127.779
G1 F1800 X206.28 Y130.868 E3539.99968
G0 F7200 X206.46 Y131.255
G1 F1800 X209.755 Y127.959 E3540.3097
G0 F7200 X210.074 Y128.206
G1 F1800 X206.706 Y131.574 E3540.62654
G0 F7200 X206.967 Y131.879
G1 F1800 X207.7 Y131.146 E3540.6955
G1 X207.77 Y131.076
G0 F7200 X207.48 Y131.931
G1 F1800 X207.249 Y132.162 E3540.71723
G0 F7200 X209.642 Y129.203
G1 F1800 X210.38 Y128.466 E3540.78661
G0 F7200 X210.663 Y128.748
G1 F1800 X210.43 Y128.981 E3540.80853
G0 F7200 X208.44 Y127.578
G1 F1800 X207.68 Y128.337 E3540.87998
G0 F7200 X207.68 Y127.771
G1 F1800 X207.988 Y127.464 E3540.9089
G0 F7200 X205.476 Y128.845
G0 X89.72 Y128.98
G1 F1800 X91.005 Y128.98 E3540.99438
G1 X91.358 Y129.234 E3541.02331
G1 X91.149 Y129.704 E3541.05753
G1 X91.017 Y130.667 E3541.12218
G1 X90.753 Y131.302 E3541.16793
G1 X90.293 Y131.899 E3541.21806
G1 X89.343 Y132.85 E3541.30748
G1 X89.383 Y132.465 E3541.33323
G1 X89.268 Y131.586 E3541.3922
G1 X88.917 Y130.78 E3541.45068
G1 X88.417 Y130.126 E3541.50544
G1 X87.729 Y129.585 E3541.56366
G1 X86.872 Y129.216 E3541.62573
G1 X86.029 Y129.109 E3541.68225
G1 X85.637 Y129.153 E3541.70849
G1 X86.599 Y128.193 E3541.7989
G1 X87.049 Y127.823 E3541.83765
G1 X87.497 Y127.578 E3541.87162
G1 X87.979 Y127.437 E3541.90503
G1 X88.77 Y127.357 E3541.95791
G1 X89.267 Y127.142 E3541.99393
G1 X89.52 Y127.486 E3542.02234
G1 X89.52 Y128.78 E3542.10842
G1 X89.564 Y128.906 E3542.11729
G1 X89.72 Y128.98 E3542.12878
G0 F7200 X90.599 Y131.15
G1 F1800 X89.55 Y132.199 E3542.22746
G0 F7200 X89.484 Y131.699
G1 F1800 X90.863 Y130.32 E3542.35719
G0 F7200 X90.953 Y129.664
G1 F1800 X89.348 Y131.269 E3542.50818
G0 F7200 X89.175 Y130.876
G1 F1800 X90.872 Y129.18 E3542.66778
G0 F7200 X90.306 Y129.18
G1 F1800 X88.968 Y130.518 E3542.79365
G0 F7200 X88.723 Y130.197
G1 F1800 X89.74 Y129.18 E3542.88932
G0 F7200 X89.386 Y128.968
G1 F1800 X88.456 Y129.899 E3542.97685
G0 F7200 X88.137 Y129.652
G1 F1800 X89.32 Y128.469 E3543.08814
G0 F7200 X89.32 Y127.903
G1 F1800 X87.816 Y129.407 E3543.22963
G0 F7200 X87.422 Y129.235
G1 F1800 X89.229 Y127.428 E3543.39962
G0 F7200 X88.507 Y127.585
G1 F1800 X87.028 Y129.064 E3543.53876
G0 F7200 X86.551 Y128.975
G1 F1800 X87.84 Y127.686 E3543.66002
G1 X87.91 Y127.616
G0 F7200 X89.339 Y126.76
G0 X89.324 Y106.781
G0 X89.72 Y81.02
G1 F1800 X89.597 Y81.061 E3543.66864
G1 X89.52 Y81.22 E3543.6804
G1 X89.52 Y82.506 E3543.76594
G1 X89.265 Y82.854 E3543.79464
G1 X89.009 Y82.714 E3543.81405
G1 X88.777 Y82.644 E3543.83017
G1 X87.984 Y82.558 E3543.88323
G1 X87.502 Y82.414 E3543.91669
G1 X87.049 Y82.165 E3543.95108
G1 X86.599 Y81.799 E3543.98966
G1 X85.641 Y80.842 E3544.07974
G1 X85.979 Y80.883 E3544.10239
G1 X86.874 Y80.776 E3544.16235
G1 X87.712 Y80.417 E3544.22299
G1 X88.381 Y79.902 E3544.27915
G1 X88.913 Y79.223 E3544.33653
G1 X89.266 Y78.389 E3544.39677
G1 X89.383 Y77.535 E3544.45411
G1 X89.341 Y77.141 E3544.48047
G1 X90.293 Y78.093 E3544.57003
G1 X90.753 Y78.69 E3544.62016
G1 X91.017 Y79.325 E3544.66591
G1 X91.149 Y80.292 E3544.73083
G1 X91.356 Y80.766 E3544.76524
G1 X91.007 Y81.02 E3544.79395
G1 X89.72 Y81.02 E3544.87956
G0 F7200 X88.918 Y82.485
G1 F1800 X89.32 Y82.083 E3544.91738
G0 F7200 X89.32 Y81.517
G1 F1800 X88.43 Y82.407 E3545.0011
G0 F7200 X87.936 Y82.336
G1 F1800 X90.831 Y79.441 E3545.27345
G0 F7200 X90.677 Y79.029
G1 F1800 X87.514 Y82.192 E3545.571
G0 F7200 X87.15 Y81.99
G1 F1800 X90.479 Y78.661 E3545.88418
G0 F7200 X90.232 Y78.342
G1 F1800 X86.838 Y81.736 E3546.20346
G0 F7200 X86.545 Y81.464
G1 F1800 X87.115 Y80.894 E3546.25708
G0 F7200 X86.407 Y81.036
G1 F1800 X86.261 Y81.182 E3546.27082
G0 F7200 X90.017 Y80.82
G1 F1800 X90.899 Y79.938 E3546.35379
G0 F7200 X90.966 Y80.436
G1 F1800 X90.582 Y80.82 E3546.38992
G0 F7200 X89.394 Y78.615
G1 F1800 X89.963 Y78.045 E3546.44349
G0 F7200 X89.68 Y77.763
G1 F1800 X89.534 Y77.909 E3546.45723
;MESH:NONMESH
G0 F600 X89.534 Y77.909 Z24.2
G0 F7200 X88.473 Y76.071
G0 X87.429 Y75.027
G0 X86 Y74.643
G0 X84.571 Y75.027
G0 X83.145 Y76.592
;TIME_ELAPSED:5829.193211
;LAYER:60
;TYPE:WALL-INNER
;MESH:manette_1-Body_(Meshed).stl
G1 F3582.1 X83.403 Y75.963 E3546.50268
G1 F3445 X83.867 Y75.367 E3546.55518
G1 F3461.5 X84.469 Y74.898 E3546.60798
G1 F3654.8 X85.183 Y74.617 E3546.65825
G1 F3829.8 X85.735 Y74.54 E3546.6931
G1 F2790.7 X86.113 Y74.374 E3546.72853
G1 F2758.6 X85.716 Y74.163 E3546.76756
G1 F3750 X84.939 Y74.267 E3546.81762
G1 F3546.8 X84.177 Y74.592 E3546.87355
G1 F3388.2 X83.564 Y75.064 E3546.92823
G1 X83.092 Y75.677 E3546.98291
G1 F3486.7 X82.786 Y76.394 E3547.03645
G1 F3654.8 X82.659 Y77.24 E3547.09251
G1 F2742.9 X82.876 Y77.639 E3547.13216
G1 F2796.1 X83.037 Y77.272 E3547.16649
G1 F3789.5 X83.145 Y76.592 E3547.21
G0 F7200 X82.876 Y77.639
G1 F2253.5 X82.925 Y78.018 E3547.25061
G1 F2585.3 X83.19 Y78.733 E3547.32124
G1 F3044.4 X83.606 Y79.317 E3547.37764
G1 F3380.3 X83.973 Y79.709 E3547.41568
G1 F3257.9 X84.364 Y80.052 E3547.45391
G0 F7200 X85.26 Y80.259
G0 X86.809 Y80.296
G0 X86.691 Y80.01
G1 F3600 X86.003 Y80.101 E3547.50008
G1 X85.321 Y80.018 E3547.54578
G1 X84.694 Y79.753 E3547.59106
G1 X84.159 Y79.337 E3547.63614
G1 X83.745 Y78.807 E3547.68088
G1 X83.478 Y78.17 E3547.72682
G1 X83.395 Y77.5 E3547.77173
G1 X83.478 Y76.825 E3547.81697
G1 X83.747 Y76.188 E3547.86297
G1 X84.159 Y75.659 E3547.90757
G1 X84.699 Y75.242 E3547.95296
G1 X85.335 Y74.977 E3547.99879
G1 X86.008 Y74.896 E3548.04388
G1 X86.671 Y74.978 E3548.08832
G1 X87.308 Y75.247 E3548.13431
G1 X87.841 Y75.655 E3548.17897
G1 X88.253 Y76.193 E3548.22404
G1 X88.518 Y76.821 E3548.26938
G1 X88.601 Y77.502 E3548.31502
G1 X88.512 Y78.19 E3548.36117
G1 X88.245 Y78.814 E3548.40632
G1 X87.855 Y79.319 E3548.44876
G1 X87.319 Y79.742 E3548.49418
G1 X86.691 Y80.01 E3548.5396
G0 F7200 X86.809 Y80.296
G0 X89.587 Y83.054
G1 F3600 X89.719 Y82.838 E3548.55644
G1 X89.895 Y82.666 E3548.57281
G1 X90.42 Y82.293 E3548.61565
G1 X90.793 Y81.919 E3548.65078
G1 X91.203 Y81.344 E3548.69776
G1 X91.559 Y81.085 E3548.72705
G1 X91.964 Y81 E3548.75457
G1 X92.5 Y81 E3548.79023
G1 X92 Y80.866 E3548.82466
G1 X91.692 Y80.59 E3548.85217
G1 X91.525 Y80.226 E3548.87881
G1 X91.39 Y79.227 E3548.94587
G1 X91.087 Y78.501 E3548.9982
G1 X90.578 Y77.837 E3549.05386
G1 X89.14 Y76.399 E3549.18914
G1 F3445 X88.756 Y76.04 E3549.22568
G1 F3144.1 X88.581 Y75.897 E3549.24289
G1 F3116.9 X88.91 Y76.733 E3549.31192
G1 F3428.6 X89.005 Y77.51 E3549.36659
G1 F3600 X88.898 Y78.301 E3549.41969
G1 X88.594 Y79.016 E3549.47137
G1 X88.115 Y79.634 E3549.52338
G1 X87.523 Y80.088 E3549.57301
G1 X86.78 Y80.408 E3549.62682
G1 X86 Y80.504 E3549.6791
G1 F3512.2 X85.232 Y80.41 E3549.73186
G1 F3364.5 X84.382 Y80.074 E3549.79691
G1 F3341.1 X84.536 Y80.26 E3549.81422
G1 F3495.1 X84.899 Y80.64 E3549.85023
G1 F3600 X86.34 Y82.081 E3549.98579
G1 X86.84 Y82.489 E3550.02871
G1 X87.354 Y82.767 E3550.06759
G1 X87.913 Y82.934 E3550.10639
G1 X88.682 Y83.013 E3550.15782
G1 X89.085 Y83.189 E3550.18707
G1 X89.366 Y83.5 E3550.21495
G1 X89.5 Y84 E3550.24939
G1 X89.5 Y83.464 E3550.28504
G1 X89.587 Y83.054 E3550.31292
G0 F7200 X89.5 Y84
G1 F3600 X89.5 Y126 E3553.10677
G1 F3538.1 X89.493 Y126.174 E3553.11856
G0 F7200 X89.655 Y126.976
G0 X91.524 Y128.845
G0 X92.326 Y129.007
G1 F3529.4 X92.5 Y129 E3553.13037
G1 F3600 X204.496 Y129 E3560.58038
G0 F7200 X205.272 Y128.551
G1 F3600 X205.032 Y128.6 E3560.59667
G1 X91.964 Y128.6 E3568.11799
G1 X91.722 Y128.549 E3568.13444
G1 X91.539 Y128.441 E3568.14857
G1 X91.099 Y127.816 E3568.19942
G1 X90.679 Y127.396 E3568.23893
G1 X90.094 Y126.975 E3568.28687
G1 X89.953 Y126.779 E3568.30293
G1 X89.9 Y126.532 E3568.31974
G1 X89.9 Y83.464 E3571.18463
G1 X89.952 Y83.218 E3571.20136
G1 X90.093 Y83.022 E3571.21742
G1 X90.679 Y82.6 E3571.26546
G1 X91.1 Y82.179 E3571.30506
G1 X91.487 Y81.634 E3571.34953
G1 X91.721 Y81.451 E3571.36929
G1 X91.964 Y81.4 E3571.3858
G1 X205.032 Y81.4 E3578.90712
G1 X205.273 Y81.45 E3578.92349
G1 X205.47 Y81.588 E3578.93949
G1 X205.896 Y82.179 E3578.98795
G1 X206.317 Y82.599 E3579.02751
G1 X206.91 Y83.025 E3579.07608
G1 X207.049 Y83.221 E3579.09206
G1 X207.1 Y83.464 E3579.10858
G1 X207.1 Y126.532 E3581.97348
G1 X207.051 Y126.772 E3581.98977
G1 X206.942 Y126.956 E3582.004
G1 X206.317 Y127.397 E3582.05488
G1 X205.897 Y127.817 E3582.09439
G1 X205.507 Y128.368 E3582.13929
G1 X205.272 Y128.551 E3582.15911
G0 F7200 X205.272 Y128.91
G0 X207.345 Y126.976
G0 X207.507 Y126.17
G1 F3529.4 X207.5 Y125.996 E3582.17092
G1 F3600 X207.5 Y84 E3584.96451
G0 F7200 X208.274 Y83.025
G1 F3600 X209.269 Y82.89 E3585.0313
G1 X209.994 Y82.587 E3585.08357
G1 X210.663 Y82.074 E3585.13965
G1 X212.097 Y80.64 E3585.27455
G1 F3495.1 X212.46 Y80.26 E3585.31056
G1 F3341.1 X212.614 Y80.074 E3585.32787
G1 F3364.5 X211.764 Y80.41 E3585.39292
G1 F3512.2 X210.997 Y80.505 E3585.44562
G1 F3600 X210.198 Y80.399 E3585.49924
G1 X209.479 Y80.093 E3585.55121
G1 X208.86 Y79.612 E3585.60336
G1 X208.401 Y79.014 E3585.65351
G1 X208.098 Y78.301 E3585.70504
G1 X207.992 Y77.501 E3585.75872
G1 F3512.2 X208.086 Y76.732 E3585.81155
G1 F3364.5 X208.422 Y75.882 E3585.8766
G1 F3341.1 X208.236 Y76.036 E3585.89391
G1 F3495.1 X207.858 Y76.4 E3585.92986
G1 F3600 X206.421 Y77.838 E3586.0651
G1 X205.91 Y78.501 E3586.12078
G1 X205.61 Y79.227 E3586.17303
G1 X205.47 Y80.23 E3586.2404
G1 X205.301 Y80.593 E3586.26703
G1 X204.996 Y80.866 E3586.29426
G1 F3529.4 X204.67 Y80.993 E3586.318
G1 X205.032 Y81 E3586.34257
G1 F3600 X205.433 Y81.083 E3586.36981
G1 X205.649 Y81.212 E3586.38654
G1 X205.824 Y81.388 E3586.40305
G1 X206.203 Y81.92 E3586.4465
G1 X206.575 Y82.292 E3586.4815
G1 X207.156 Y82.702 E3586.5288
G1 X207.415 Y83.059 E3586.55814
G1 X207.5 Y83.464 E3586.58567
G1 X207.5 Y84 E3586.62132
G1 X207.634 Y83.5 E3586.65576
G1 X207.91 Y83.192 E3586.68327
G1 X208.274 Y83.025 E3586.70991
G0 F7200 X205.476 Y81.155
G0 X204.67 Y80.993
G1 F3529.4 X204.496 Y81 E3586.72172
G1 F3600 X92.5 Y81 E3594.17173
G0 F7200 X88.581 Y75.897
G1 F3257.9 X88.118 Y75.377 E3594.22291
G1 F3404.3 X87.622 Y74.957 E3594.26863
G1 F2874.3 X87.128 Y74.651 E3594.31704
G1 F2465.8 X86.516 Y74.424 E3594.38044
G1 F2257.1 X86.113 Y74.374 E3594.42352
G0 F7200 X87.429 Y75.027
G0 X88.473 Y76.071
G0 X89.339 Y83.24
G0 X89.339 Y126.76
G0 X84.364 Y129.944
G1 F3295.2 X83.877 Y130.378 E3594.47093
G1 F3348.8 X83.354 Y131.02 E3594.53014
G1 F2823.5 X83.151 Y131.367 E3594.56424
G1 F2360.7 X82.911 Y132.087 E3594.64123
G1 F2175.2 X82.874 Y132.391 E3594.67494
G0 F7200 X83.527 Y133.929
G0 X85.092 Y135.352
G1 F3564.4 X84.468 Y135.098 E3594.72021
G1 F3436.8 X83.868 Y134.631 E3594.77319
G1 F3388.2 X83.447 Y134.09 E3594.82164
G1 F3486.7 X83.168 Y133.471 E3594.86827
G1 F3720.9 X83.041 Y132.769 E3594.91418
G1 F2790.7 X82.874 Y132.391 E3594.94964
G1 F2769.2 X82.663 Y132.79 E3594.98868
G1 F3750 X82.767 Y133.557 E3595.0381
G1 F3546.8 X83.092 Y134.319 E3595.09404
G1 F3388.2 X83.565 Y134.934 E3595.14887
G1 F3380.3 X84.179 Y135.409 E3595.20387
G1 F3478.3 X84.893 Y135.713 E3595.2573
G1 F3645.6 X85.761 Y135.841 E3595.31493
G1 F2732.4 X86.177 Y135.617 E3595.35634
G1 F2790.7 X85.8 Y135.459 E3595.39142
G1 F3789.5 X85.092 Y135.352 E3595.43667
G0 F7200 X86.177 Y135.617
G1 F2307.7 X86.754 Y135.495 E3595.49787
G1 F2521.9 X87.125 Y135.348 E3595.53576
G1 F2857.1 X87.82 Y134.887 E3595.60566
G1 F3380.3 X88.209 Y134.523 E3595.6434
G1 F3257.9 X88.552 Y134.132 E3595.68163
G0 F7200 X89.005 Y132.497
G1 F3512.2 X88.91 Y133.264 E3595.73433
G1 F3364.5 X88.574 Y134.114 E3595.79939
G1 F3341.1 X88.76 Y133.96 E3595.81669
G1 F3495.1 X89.14 Y133.597 E3595.8527
G1 F3600 X90.578 Y132.159 E3595.98798
G1 X91.087 Y131.495 E3596.04363
G1 X91.389 Y130.769 E3596.09594
G1 X91.525 Y129.774 E3596.16274
G1 X91.693 Y129.409 E3596.18947
G1 X92 Y129.134 E3596.21689
G1 F3529.4 X92.326 Y129.007 E3596.24063
G1 X91.964 Y129 E3596.26519
G1 F3600 X91.56 Y128.915 E3596.29265
G1 X91.344 Y128.786 E3596.30939
G1 X91.166 Y128.605 E3596.32628
G1 X90.792 Y128.075 E3596.36943
G1 X90.42 Y127.703 E3596.40442
G1 X89.897 Y127.331 E3596.44712
G1 X89.72 Y127.16 E3596.46349
G1 X89.588 Y126.943 E3596.48038
G1 X89.5 Y126.532 E3596.50834
G1 F3529.4 X89.493 Y126.174 E3596.53264
G1 X89.368 Y126.497 E3596.55614
G1 F3600 X89.088 Y126.81 E3596.58407
G1 X88.682 Y126.988 E3596.61356
G1 X87.91 Y127.062 E3596.66515
G1 X87.354 Y127.229 E3596.70377
G1 X86.84 Y127.507 E3596.74264
G1 X86.34 Y127.915 E3596.78557
G1 X84.899 Y129.356 E3596.92113
G1 F3495.1 X84.536 Y129.736 E3596.95714
G1 F3341.1 X84.382 Y129.922 E3596.97444
G1 F3364.5 X85.232 Y129.586 E3597.0395
G1 F3512.2 X86 Y129.492 E3597.09225
G1 F3600 X86.781 Y129.588 E3597.1446
G1 X87.524 Y129.909 E3597.19844
G1 X88.126 Y130.37 E3597.24888
G1 X88.595 Y130.982 E3597.30017
G1 X88.898 Y131.695 E3597.3517
G1 X89.005 Y132.497 E3597.40552
G0 F7200 X88.473 Y133.929
G0 X87.685 Y134.777
G0 X86.8 Y135.3
G0 X86.682 Y135.014
G1 F3600 X85.998 Y135.101 E3597.45139
G1 X85.324 Y135.018 E3597.49656
G1 X84.689 Y134.75 E3597.54241
G1 X84.16 Y134.338 E3597.58701
G1 X83.742 Y133.797 E3597.63249
G1 X83.477 Y133.162 E3597.67826
G1 X83.396 Y132.491 E3597.72322
G1 X83.482 Y131.814 E3597.76862
G1 X83.753 Y131.179 E3597.81454
G1 X84.159 Y130.659 E3597.85843
G1 X84.689 Y130.245 E3597.90316
G1 X85.321 Y129.978 E3597.9488
G1 X86.003 Y129.895 E3597.9945
G1 X86.691 Y129.986 E3598.04067
G1 X87.316 Y130.252 E3598.08585
G1 X87.848 Y130.664 E3598.13061
G1 X88.248 Y131.187 E3598.17441
G1 X88.512 Y131.811 E3598.21948
G1 X88.601 Y132.498 E3598.26556
G1 X88.517 Y133.176 E3598.31101
G1 X88.252 Y133.804 E3598.35635
G1 X87.839 Y134.344 E3598.40157
G1 X87.28 Y134.761 E3598.44797
G1 X86.682 Y135.014 E3598.49116
G0 F7200 X86.8 Y135.3
G0 X87.934 Y135.021
G0 X91.763 Y129.16
G0 X205.237 Y129.16
G0 X207.992 Y132.492
G1 F3600 X208.098 Y131.695 E3598.54464
G1 X208.403 Y130.979 E3598.59641
G1 X208.884 Y130.36 E3598.64856
G1 X209.482 Y129.901 E3598.6987
G1 X210.195 Y129.598 E3598.75024
G1 X210.997 Y129.491 E3598.80406
G1 F3512.2 X211.764 Y129.586 E3598.85676
G1 F3364.5 X212.614 Y129.922 E3598.92181
G1 F3341.1 X212.46 Y129.736 E3598.93912
G1 F3495.1 X212.096 Y129.358 E3598.97507
G1 F3600 X210.658 Y127.921 E3599.11031
G1 X209.995 Y127.41 E3599.16599
G1 X209.269 Y127.11 E3599.21824
G1 X208.27 Y126.97 E3599.28535
G1 X207.906 Y126.801 E3599.31204
G1 X207.634 Y126.496 E3599.33923
G1 F3529.4 X207.507 Y126.17 E3599.36296
G1 X207.5 Y126.532 E3599.38753
G1 F3600 X207.417 Y126.932 E3599.41471
G1 X207.153 Y127.297 E3599.44467
G1 X206.575 Y127.704 E3599.4917
G1 X206.204 Y128.075 E3599.5266
G1 X205.83 Y128.605 E3599.56975
G1 X205.648 Y128.788 E3599.58692
G1 X205.432 Y128.917 E3599.60365
G1 X205.032 Y129 E3599.63083
G1 X204.496 Y129 E3599.66648
G1 X204.996 Y129.134 E3599.70091
G1 X205.301 Y129.406 E3599.7281
G1 X205.469 Y129.77 E3599.75477
G1 X205.61 Y130.769 E3599.82188
G1 X205.91 Y131.494 E3599.87407
G1 X206.421 Y132.158 E3599.92981
G1 X207.857 Y133.597 E3600.06504
G1 F3495.1 X208.236 Y133.96 E3600.101
G1 F3341.1 X208.421 Y134.113 E3600.1182
G1 F3364.5 X208.085 Y133.258 E3600.18359
G1 F3512.2 X207.992 Y132.492 E3600.2362
G0 F7200 X208.444 Y134.132
G1 F3287.7 X208.877 Y134.619 E3600.28367
G1 F3341.1 X209.516 Y135.141 E3600.34281
G1 F2812.5 X209.87 Y135.348 E3600.37772
G1 F2345.3 X210.585 Y135.587 E3600.4547
G1 F2158.9 X210.861 Y135.621 E3600.48555
G0 F7200 X211.701 Y135.326
G0 X211.661 Y135.02
G1 F3600 X210.992 Y135.1 E3600.53037
G1 X210.313 Y135.013 E3600.57591
G1 X209.682 Y134.746 E3600.62148
G1 X209.159 Y134.337 E3600.66565
G1 X208.744 Y133.806 E3600.71048
G1 X208.478 Y133.171 E3600.75627
G1 X208.395 Y132.499 E3600.80132
G1 X208.484 Y131.806 E3600.84779
G1 X208.751 Y131.181 E3600.893
G1 X209.159 Y130.659 E3600.93707
G1 X209.681 Y130.251 E3600.98115
G1 X210.306 Y129.984 E3601.02636
G1 X210.999 Y129.895 E3601.07283
G1 X211.675 Y129.979 E3601.11815
G1 X212.301 Y130.242 E3601.16331
G1 X212.844 Y130.657 E3601.20878
G1 X213.261 Y131.216 E3601.25517
G1 X213.515 Y131.817 E3601.29857
G1 X213.6 Y132.496 E3601.34409
G1 X213.521 Y133.161 E3601.38864
G1 X213.258 Y133.792 E3601.43411
G1 X212.841 Y134.339 E3601.47987
G1 X212.3 Y134.755 E3601.52526
G1 X211.661 Y135.02 E3601.57128
G0 F7200 X211.88 Y135.37
G1 F3730.6 X211.246 Y135.457 E3601.61236
G1 F2779.9 X210.861 Y135.621 E3601.64841
G1 F2748.1 X211.272 Y135.835 E3601.68879
G1 F3740.3 X212.058 Y135.733 E3601.73953
G1 F3538.1 X212.817 Y135.409 E3601.79539
G1 F3380.3 X213.433 Y134.933 E3601.85054
G1 X213.909 Y134.317 E3601.90569
G1 F3546.8 X214.23 Y133.564 E3601.96096
G1 F3740.3 X214.335 Y132.779 E3602.01167
G1 F2742.9 X214.121 Y132.361 E3602.05267
G1 F2769.2 X213.956 Y132.755 E3602.08961
G1 F3829.8 X213.882 Y133.309 E3602.12455
G1 F3673.5 X213.599 Y134.027 E3602.17487
G1 F3461.5 X213.129 Y134.629 E3602.2277
G1 F3380.3 X212.587 Y135.052 E3602.27641
G1 F3478.3 X211.88 Y135.37 E3602.32978
G0 F7200 X213.02 Y134.52
G0 X214.121 Y132.361
G1 F2152.5 X214.087 Y132.085 E3602.36072
G1 F2337.7 X213.848 Y131.37 E3602.43795
G1 F2818 X213.641 Y131.016 E3602.4728
G1 F3356.6 X213.118 Y130.376 E3602.53176
G1 F3287.7 X212.632 Y129.944 E3602.57913
G0 F7200 X207.66 Y126.737
G0 X207.66 Y83.263
G0 X212.632 Y80.052
G1 F3151 X213.273 Y79.481 E3602.64437
G1 F3144.1 X213.686 Y78.904 E3602.69841
G1 F2637.4 X213.895 Y78.544 E3602.73621
G1 F2250 X214.087 Y77.914 E3602.80631
G1 F2162.2 X214.119 Y77.66 E3602.83466
G0 F7200 X213.853 Y76.591
G1 F3789.5 X213.959 Y77.284 E3602.87897
G1 F2796.1 X214.119 Y77.66 E3602.91396
G1 F2737.6 X214.339 Y77.247 E3602.9549
G1 F3636.4 X214.214 Y76.393 E3603.01174
G1 F3461.5 X213.908 Y75.679 E3603.06548
G1 F3380.3 X213.434 Y75.065 E3603.12043
G1 F3396.2 X212.819 Y74.592 E3603.17513
G1 F3478.3 X212.102 Y74.285 E3603.22883
G1 F3645.6 X211.267 Y74.16 E3603.28429
G1 F2748.1 X210.862 Y74.376 E3603.32429
G1 F2801.6 X211.238 Y74.538 E3603.35929
G1 F3789.5 X211.904 Y74.645 E3603.40192
G1 F3582.1 X212.533 Y74.902 E3603.44734
G1 F3445 X213.131 Y75.368 E3603.50004
G1 X213.593 Y75.961 E3603.5523
G1 F3573.2 X213.853 Y76.591 E3603.59797
G0 F7200 X213.02 Y75.48
G0 X210.862 Y74.376
G1 F2257.1 X210.479 Y74.425 E3603.63894
G1 F2589.9 X209.764 Y74.689 E3603.70941
G1 F3044.4 X209.179 Y75.106 E3603.76592
G1 F3412.3 X208.876 Y75.378 E3603.7945
G1 F3287.7 X208.444 Y75.864 E3603.84186
G0 F7200 X208.143 Y77.5
G0 X207.66 Y83.263
G0 X207.345 Y126.976
G0 X205.389 Y129.779
G0 X205.077 Y129.818
G1 F3600 X205.221 Y130.874 E3603.91276
G1 X205.561 Y131.696 E3603.97193
G1 X206.12 Y132.423 E3604.03294
G1 X208.898 Y135.204 E3604.29441
G1 X209.628 Y135.768 E3604.35578
G1 X210.448 Y136.106 E3604.41478
G1 X211.328 Y136.219 E3604.4738
G1 X212.208 Y136.107 E3604.53281
G1 X213.024 Y135.768 E3604.59158
G1 X213.728 Y135.228 E3604.6506
G1 X214.268 Y134.524 E3604.70962
G1 X214.606 Y133.708 E3604.76838
G1 X214.718 Y132.828 E3604.82739
G1 X214.607 Y131.948 E3604.88639
G1 X214.268 Y131.127 E3604.94547
G1 X213.708 Y130.402 E3605.00641
G1 X210.923 Y127.62 E3605.26827
G1 X210.197 Y127.06 E3605.32926
G1 X209.374 Y126.721 E3605.38847
G1 X208.362 Y126.581 E3605.45643
G1 X208.143 Y126.479 E3605.4725
G1 X207.98 Y126.296 E3605.4888
G1 X207.9 Y126.078 E3605.50425
G1 X207.9 Y84 E3608.30329
G1 X207.98 Y83.7 E3608.32394
G1 X208.146 Y83.515 E3608.34047
G1 X208.364 Y83.415 E3608.35643
G1 X209.374 Y83.279 E3608.42422
G1 X210.196 Y82.936 E3608.48347
G1 X210.927 Y82.375 E3608.54477
G1 X213.708 Y79.595 E3608.80634
G1 X214.268 Y78.868 E3608.86738
G1 X214.606 Y78.052 E3608.92613
G1 X214.718 Y77.172 E3608.98514
G1 X214.607 Y76.288 E3609.04441
G1 X214.268 Y75.471 E3609.10325
G1 X213.728 Y74.769 E3609.16216
G1 X213.026 Y74.233 E3609.22092
G1 X212.207 Y73.893 E3609.27991
G1 X211.328 Y73.778 E3609.33888
G1 X210.449 Y73.894 E3609.39785
G1 X209.626 Y74.232 E3609.45704
G1 X208.901 Y74.789 E3609.51785
G1 X206.12 Y77.573 E3609.77961
G1 X205.56 Y78.299 E3609.84061
G1 X205.221 Y79.122 E3609.89981
G1 X205.081 Y80.138 E3609.96804
G1 X204.979 Y80.356 E3609.98405
G1 X204.796 Y80.52 E3610.00039
G1 X204.578 Y80.6 E3610.01584
G1 X92.5 Y80.6 E3617.4713
G1 X92.2 Y80.52 E3617.49195
G1 X92.015 Y80.354 E3617.50849
G1 X91.915 Y80.136 E3617.52444
G1 X91.779 Y79.122 E3617.5925
G1 X91.436 Y78.299 E3617.65181
G1 X90.879 Y77.573 E3617.71268
G1 X88.095 Y74.789 E3617.97458
G1 X87.369 Y74.233 E3618.03541
G1 X86.551 Y73.893 E3618.09434
G1 X85.672 Y73.778 E3618.15331
G1 X84.789 Y73.894 E3618.21255
G1 X83.97 Y74.233 E3618.27151
G1 X83.269 Y74.769 E3618.33021
G1 X82.733 Y75.47 E3618.38891
G1 X82.394 Y76.289 E3618.44787
G1 X82.278 Y77.172 E3618.50711
G1 X82.393 Y78.051 E3618.56608
G1 X82.732 Y78.869 E3618.62499
G1 X83.289 Y79.595 E3618.68586
G1 X86.071 Y82.378 E3618.94762
G1 X86.616 Y82.823 E3618.99442
G1 X87.2 Y83.138 E3619.03856
G1 X87.834 Y83.328 E3619.08259
G1 X88.632 Y83.414 E3619.13598
G1 X88.851 Y83.513 E3619.15196
G1 X89.02 Y83.7 E3619.16873
G1 X89.1 Y84 E3619.18938
G1 X89.1 Y126.082 E3621.98869
G1 X89.021 Y126.299 E3622.00405
G1 X88.853 Y126.486 E3622.02077
G1 X88.633 Y126.586 E3622.03685
G1 X87.833 Y126.668 E3622.09034
G1 X87.2 Y126.857 E3622.13429
G1 X86.616 Y127.173 E3622.17846
G1 X86.071 Y127.618 E3622.22526
G1 X83.288 Y130.4 E3622.48702
G1 X82.733 Y131.126 E3622.54781
G1 X82.394 Y131.949 E3622.60702
G1 X82.278 Y132.828 E3622.666
G1 X82.394 Y133.707 E3622.72498
G1 X82.733 Y134.526 E3622.78394
G1 X83.269 Y135.228 E3622.84269
G1 X83.972 Y135.768 E3622.90166
G1 X84.788 Y136.106 E3622.96041
G1 X85.672 Y136.219 E3623.01969
G1 X86.552 Y136.107 E3623.0787
G1 X87.368 Y135.768 E3623.13748
G1 X88.099 Y135.204 E3623.1989
G1 X90.879 Y132.423 E3623.46047
G1 X91.436 Y131.697 E3623.52134
G1 X91.779 Y130.874 E3623.58065
G1 X91.915 Y129.864 E3623.64844
G1 X92.016 Y129.645 E3623.66449
G1 X92.2 Y129.48 E3623.68093
G1 X92.418 Y129.4 E3623.69637
G1 X204.496 Y129.4 E3631.15183
G1 X204.796 Y129.48 E3631.17249
G1 X204.979 Y129.643 E3631.18879
G1 X205.077 Y129.818 E3631.20213
G0 F7200 X205.389 Y129.779
G0 X207.345 Y126.976
G0 X207.66 Y83.263
G0 X211.715 Y80.324
G0 X211.675 Y80.017
G1 F3600 X210.999 Y80.101 E3631.24744
G1 X210.306 Y80.012 E3631.29392
G1 X209.681 Y79.745 E3631.33913
G1 X209.159 Y79.337 E3631.3832
G1 X208.751 Y78.815 E3631.42727
G1 X208.484 Y78.19 E3631.47248
G1 X208.395 Y77.502 E3631.51863
G1 X208.478 Y76.821 E3631.56427
G1 X208.742 Y76.195 E3631.60946
G1 X209.155 Y75.655 E3631.65468
G1 X209.691 Y75.244 E3631.69961
G1 X210.326 Y74.978 E3631.74541
G1 X211.001 Y74.895 E3631.79065
G1 X211.67 Y74.978 E3631.83549
G1 X212.296 Y75.24 E3631.88063
G1 X212.838 Y75.66 E3631.92625
G1 X213.253 Y76.193 E3631.97118
G1 X213.518 Y76.821 E3632.01652
G1 X213.601 Y77.501 E3632.06209
G1 X213.517 Y78.175 E3632.10727
G1 X213.254 Y78.801 E3632.15244
G1 X212.837 Y79.337 E3632.19762
G1 X212.307 Y79.751 E3632.24235
G1 X211.675 Y80.017 E3632.28797
G0 F7200 X211.568 Y79.628
;TYPE:WALL-OUTER
G1 F1800 X210.975 Y79.695 E3632.32766
G1 X210.433 Y79.627 E3632.364
G1 X209.906 Y79.407 E3632.40199
G1 X209.436 Y79.048 E3632.44133
G1 X209.083 Y78.578 E3632.48043
G1 X208.868 Y78.068 E3632.51725
G1 X208.801 Y77.475 E3632.55694
G1 X208.868 Y76.927 E3632.59367
G1 X209.083 Y76.418 E3632.63042
G1 X209.442 Y75.942 E3632.67008
G1 X209.918 Y75.583 E3632.70974
G1 X210.428 Y75.368 E3632.74656
G1 X211.025 Y75.301 E3632.78652
G1 X211.569 Y75.369 E3632.82299
G1 X212.108 Y75.598 E3632.86195
G1 X212.554 Y75.942 E3632.89941
G1 X212.891 Y76.379 E3632.93612
G1 X213.128 Y76.927 E3632.97584
G1 X213.195 Y77.525 E3633.01587
G1 X213.128 Y78.069 E3633.05233
G1 X212.913 Y78.578 E3633.08908
G1 X212.554 Y79.054 E3633.12874
G1 X212.078 Y79.413 E3633.1684
G1 X211.568 Y79.628 E3633.20522
G0 F7200 X211.37 Y79.65
G0 X211.462 Y80.357
G0 X207.66 Y83.263
G0 X207.345 Y126.976
G0 X205.762 Y128.548
G0 X205.178 Y128.138
G1 F1800 X205.089 Y128.2 E3633.21243
G1 X91.907 Y128.2 E3640.74133
G1 X91.817 Y128.137 E3640.74864
G1 X91.406 Y127.558 E3640.79587
G1 X90.938 Y127.09 E3640.8399
G1 X90.364 Y126.68 E3640.88682
G1 X90.3 Y126.591 E3640.89411
G1 X90.3 Y83.464 E3643.76293
G1 X90.352 Y83.323 E3643.77293
G1 X90.938 Y82.906 E3643.82077
G1 X91.406 Y82.438 E3643.8648
G1 X91.817 Y81.863 E3643.91182
G1 X91.964 Y81.8 E3643.92245
G1 X205.09 Y81.8 E3651.44763
G1 X205.178 Y81.862 E3651.45479
G1 X205.59 Y82.438 E3651.5019
G1 X206.058 Y82.906 E3651.54592
G1 X206.637 Y83.317 E3651.59315
G1 X206.7 Y83.464 E3651.60379
G1 X206.7 Y126.589 E3654.47248
G1 X206.638 Y126.678 E3654.47969
G1 X206.058 Y127.09 E3654.52702
G1 X205.59 Y127.558 E3654.57105
G1 X205.178 Y128.138 E3654.61837
G0 F7200 X205.089 Y128.2
G0 X204.997 Y128.2
G0 X204.997 Y128.91
G0 X205.403 Y129.882
G0 X204.695 Y129.973
G1 F1800 X204.831 Y130.979 E3654.6859
G1 X205.211 Y131.898 E3654.75205
G1 X205.819 Y132.687 E3654.81831
G1 X208.633 Y135.505 E3655.08322
G1 X209.426 Y136.117 E3655.14986
G1 X210.344 Y136.496 E3655.21592
G1 X211.328 Y136.622 E3655.28191
G1 X212.312 Y136.497 E3655.34789
G1 X213.226 Y136.117 E3655.41374
G1 X214.013 Y135.513 E3655.47973
G1 X214.617 Y134.726 E3655.54572
G1 X214.996 Y133.812 E3655.61154
G1 X215.122 Y132.828 E3655.67753
G1 X214.997 Y131.844 E3655.74351
G1 X214.617 Y130.925 E3655.80967
G1 X214.009 Y130.137 E3655.87587
G1 X211.187 Y127.319 E3656.14116
G1 X210.399 Y126.711 E3656.20737
G1 X209.479 Y126.331 E3656.27358
G1 X208.425 Y126.182 E3656.34439
G1 X208.302 Y126.031 E3656.35735
G1 X208.3 Y83.919 E3659.15865
G1 X208.454 Y83.805 E3659.17139
G1 X209.479 Y83.669 E3659.24018
G1 X210.398 Y83.285 E3659.30643
G1 X211.191 Y82.677 E3659.3729
G1 X214.009 Y79.859 E3659.638
G1 X214.617 Y79.07 E3659.70426
G1 X214.996 Y78.156 E3659.77008
G1 X215.122 Y77.172 E3659.83607
G1 X214.997 Y76.184 E3659.90232
G1 X214.617 Y75.269 E3659.96822
G1 X214.013 Y74.483 E3660.03416
G1 X213.227 Y73.883 E3660.09994
G1 X212.311 Y73.503 E3660.16591
G1 X211.328 Y73.374 E3660.23186
G1 X210.345 Y73.504 E3660.29782
G1 X209.425 Y73.883 E3660.364
G1 X208.637 Y74.487 E3660.43005
G1 X205.819 Y77.309 E3660.69534
G1 X205.211 Y78.097 E3660.76154
G1 X204.831 Y79.017 E3660.82776
G1 X204.682 Y80.075 E3660.89883
G1 X204.531 Y80.198 E3660.91179
G1 X92.418 Y80.2 E3668.36957
G1 X92.301 Y80.027 E3668.38347
G1 X92.169 Y79.017 E3668.45122
G1 X91.785 Y78.097 E3668.51754
G1 X91.181 Y77.309 E3668.58358
G1 X88.359 Y74.487 E3668.84906
G1 X87.571 Y73.883 E3668.91511
G1 X86.655 Y73.503 E3668.98107
G1 X85.672 Y73.374 E3669.04702
G1 X84.685 Y73.504 E3669.11325
G1 X83.769 Y73.883 E3669.17919
G1 X82.983 Y74.483 E3669.24497
G1 X82.383 Y75.269 E3669.31074
G1 X82.004 Y76.185 E3669.37669
G1 X81.874 Y77.172 E3669.44291
G1 X82.003 Y78.155 E3669.50886
G1 X82.383 Y79.071 E3669.57483
G1 X82.987 Y79.859 E3669.64087
G1 X85.803 Y82.675 E3669.90578
G1 X86.392 Y83.157 E3669.95641
G1 X87.046 Y83.51 E3670.00585
G1 X87.756 Y83.722 E3670.05514
G1 X88.544 Y83.804 E3670.10784
G1 X88.7 Y83.919 E3670.12073
G1 X88.698 Y126.035 E3672.9223
G1 X88.6 Y126.191 E3672.93455
G1 X87.755 Y126.274 E3672.99103
G1 X87.046 Y126.486 E3673.04026
G1 X86.392 Y126.839 E3673.0897
G1 X85.803 Y127.321 E3673.14032
G1 X82.987 Y130.136 E3673.40519
G1 X82.383 Y130.925 E3673.47129
G1 X82.004 Y131.845 E3673.53747
G1 X81.874 Y132.828 E3673.60343
G1 X82.004 Y133.811 E3673.66939
G1 X82.383 Y134.727 E3673.73533
G1 X82.983 Y135.513 E3673.80111
G1 X83.77 Y136.117 E3673.8671
G1 X84.684 Y136.496 E3673.93292
G1 X85.672 Y136.622 E3673.99918
G1 X86.656 Y136.497 E3674.06516
G1 X87.57 Y136.117 E3674.131
G1 X88.363 Y135.505 E3674.19764
G1 X91.181 Y132.687 E3674.46274
G1 X91.785 Y131.899 E3674.52878
G1 X92.169 Y130.979 E3674.5951
G1 X92.313 Y129.897 E3674.66771
G1 X92.465 Y129.802 E3674.67963
G1 X204.578 Y129.8 E3682.13742
G1 X204.695 Y129.973 E3682.15131
G0 F7200 X204.721 Y130.171
G0 X205.428 Y130.08
G0 X208.98 Y134.52
G0 X210.26 Y135.259
G0 X211.848 Y135.28
G0 X211.576 Y134.624
G1 F1800 X211.01 Y134.696 E3682.18926
G1 X210.436 Y134.628 E3682.22771
G1 X209.902 Y134.406 E3682.26618
G1 X209.442 Y134.054 E3682.30471
G1 X209.083 Y133.578 E3682.34437
G1 X208.868 Y133.068 E3682.38119
G1 X208.801 Y132.475 E3682.42089
G1 X208.869 Y131.933 E3682.45722
G1 X209.089 Y131.406 E3682.49521
G1 X209.448 Y130.936 E3682.53455
G1 X209.918 Y130.583 E3682.57365
G1 X210.428 Y130.368 E3682.61047
G1 X211.025 Y130.301 E3682.65043
G1 X211.569 Y130.368 E3682.68689
G1 X212.078 Y130.583 E3682.72365
G1 X212.554 Y130.942 E3682.76331
G1 X212.906 Y131.402 E3682.80184
G1 X213.128 Y131.936 E3682.84031
G1 X213.196 Y132.51 E3682.87876
G1 X213.124 Y133.076 E3682.91671
G1 X212.913 Y133.578 E3682.95293
G1 X212.554 Y134.054 E3682.99259
G1 X212.117 Y134.391 E3683.0293
G1 X211.576 Y134.624 E3683.06849
G0 F7200 X211.378 Y134.649
G0 X211.47 Y135.356
G0 X209.298 Y135.211
G0 X205.237 Y129.16
G0 X91.763 Y129.16
G0 X87.976 Y134.715
G0 X86.652 Y135.332
G0 X86.56 Y134.628
G1 F1800 X85.975 Y134.695 E3683.10766
G1 X85.427 Y134.628 E3683.14438
G1 X84.918 Y134.413 E3683.18114
G1 X84.442 Y134.054 E3683.22079
G1 X84.099 Y133.608 E3683.25822
G1 X83.873 Y133.076 E3683.29667
G1 X83.8 Y132.509 E3683.3347
G1 X83.868 Y131.936 E3683.37308
G1 X84.09 Y131.403 E3683.41149
G1 X84.442 Y130.942 E3683.45007
G1 X84.918 Y130.583 E3683.48973
G1 X85.428 Y130.368 E3683.52655
G1 X86.025 Y130.301 E3683.56651
G1 X86.565 Y130.37 E3683.60273
G1 X87.096 Y130.592 E3683.64101
G1 X87.548 Y130.936 E3683.67879
G1 X87.913 Y131.418 E3683.71901
G1 X88.128 Y131.928 E3683.75583
G1 X88.195 Y132.525 E3683.79579
G1 X88.128 Y133.069 E3683.83225
G1 X87.913 Y133.578 E3683.86901
G1 X87.554 Y134.054 E3683.90867
G1 X87.094 Y134.406 E3683.9472
G1 X86.56 Y134.628 E3683.98567
G0 F7200 X86.362 Y134.65
G0 X86.455 Y135.358
G0 X87.429 Y134.973
G0 X88.473 Y133.929
G0 X89.339 Y126.76
G0 X89.339 Y83.24
G0 X86.66 Y80.331
G0 X86.568 Y79.628
G1 F1800 X85.975 Y79.695 E3684.02536
G1 X85.427 Y79.628 E3684.06209
G1 X84.918 Y79.413 E3684.09884
G1 X84.442 Y79.054 E3684.1385
G1 X84.083 Y78.578 E3684.17816
G1 X83.868 Y78.068 E3684.21498
G1 X83.801 Y77.475 E3684.25468
G1 X83.868 Y76.927 E3684.2914
G1 X84.083 Y76.418 E3684.32816
G1 X84.442 Y75.942 E3684.36782
G1 X84.888 Y75.599 E3684.40524
G1 X85.42 Y75.373 E3684.44369
G1 X85.991 Y75.3 E3684.48199
G1 X86.568 Y75.368 E3684.52063
G1 X87.078 Y75.583 E3684.55745
G1 X87.554 Y75.942 E3684.59711
G1 X87.892 Y76.38 E3684.63391
G1 X88.128 Y76.927 E3684.67354
G1 X88.195 Y77.525 E3684.71357
G1 X88.127 Y78.063 E3684.74964
G1 X87.907 Y78.59 E3684.78763
G1 X87.548 Y79.06 E3684.82697
G1 X87.097 Y79.404 E3684.8647
G1 X86.568 Y79.628 E3684.90292
G0 F7200 X86.37 Y79.65
G0 X86.462 Y80.357
G0 X86.874 Y80.776
;TYPE:SKIN
G1 F1800 X87.712 Y80.417 E3684.96356
G1 X88.382 Y79.901 E3685.01982
G1 X88.918 Y79.218 E3685.07757
G1 X89.266 Y78.389 E3685.13738
G1 X89.383 Y77.535 E3685.19471
G1 X89.341 Y77.141 E3685.22107
G1 X90.293 Y78.093 E3685.31063
G1 X90.753 Y78.69 E3685.36076
G1 X91.017 Y79.325 E3685.40651
G1 X91.149 Y80.292 E3685.47143
G1 X91.356 Y80.765 E3685.50578
G1 X90.921 Y81.083 E3685.54162
G1 X90.498 Y81.67 E3685.58975
G1 X90.17 Y81.999 E3685.62065
G1 X89.601 Y82.408 E3685.66727
G1 X89.265 Y82.855 E3685.70447
G1 X89.021 Y82.72 E3685.72302
G1 X88.756 Y82.639 E3685.74145
G1 X87.984 Y82.558 E3685.79308
G1 X87.502 Y82.414 E3685.82655
G1 X87.049 Y82.165 E3685.86093
G1 X86.599 Y81.799 E3685.89952
G1 X85.641 Y80.842 E3685.98959
G1 X85.979 Y80.883 E3686.01224
G1 X86.874 Y80.776 E3686.0722
G0 F7200 X86.778 Y81.686
G1 F1800 X86.159 Y81.068 E3686.13039
G0 F7200 X86.661 Y81.004
G1 F1800 X88.015 Y82.358 E3686.25776
G0 F7200 X88.649 Y82.427
G1 F1800 X87.116 Y80.894 E3686.40198
G0 F7200 X87.511 Y80.723
G1 F1800 X89.284 Y82.495 E3686.56872
G0 F7200 X89.549 Y82.196
G1 F1800 X87.891 Y80.537 E3686.72474
G0 F7200 X88.208 Y80.288
G1 F1800 X89.88 Y81.96 E3686.88204
G0 F7200 X90.186 Y81.701
G1 F1800 X88.526 Y80.041 E3687.0382
G0 F7200 X88.776 Y79.725
G1 F1800 X90.45 Y81.399 E3687.19568
G0 F7200 X90.687 Y81.07
G1 F1800 X89.024 Y79.407 E3687.35212
G0 F7200 X89.215 Y79.033
G1 F1800 X90.976 Y80.794 E3687.51779
G0 F7200 X90.935 Y80.187
G1 F1800 X89.384 Y78.636 E3687.6637
G0 F7200 X89.496 Y78.182
G1 F1800 X90.843 Y79.53 E3687.79046
G1 X90.913 Y79.6
G0 F7200 X90.271 Y78.391
G1 F1800 X89.564 Y77.685 E3687.85692
G1 X89.494 Y77.615
G0 F7200 X89.354 Y121.845
G0 X89.268 Y131.587
G1 F1800 X88.933 Y130.81 E3687.91321
G1 X88.405 Y130.113 E3687.97138
G1 X87.748 Y129.598 E3688.02691
G1 X86.872 Y129.216 E3688.09048
G1 X86.029 Y129.109 E3688.147
G1 X85.637 Y129.153 E3688.17324
G1 X86.599 Y128.193 E3688.26365
G1 X87.049 Y127.823 E3688.3024
G1 X87.497 Y127.578 E3688.33637
G1 X87.979 Y127.437 E3688.36977
G1 X88.776 Y127.353 E3688.42308
G1 X89.266 Y127.142 E3688.45857
G1 X89.404 Y127.372 E3688.47642
G1 X89.605 Y127.592 E3688.49624
G1 X90.171 Y127.994 E3688.54242
G1 X90.498 Y128.318 E3688.57304
G1 X90.86 Y128.832 E3688.61486
G1 X91.089 Y129.069 E3688.63678
G1 X91.358 Y129.234 E3688.65777
G1 X91.15 Y129.7 E3688.69172
G1 X91.017 Y130.667 E3688.75665
G1 X90.753 Y131.302 E3688.8024
G1 X90.293 Y131.899 E3688.85253
G1 X89.343 Y132.85 E3688.94195
G1 X89.383 Y132.465 E3688.9677
G1 X89.268 Y131.587 E3689.0266
G0 F7200 X86.324 Y128.75
G1 F1800 X86.548 Y128.974 E3689.04767
G0 F7200 X86.594 Y128.455
G1 F1800 X87.339 Y129.2 E3689.11776
G1 X87.409 Y129.27
G0 F7200 X86.906 Y128.201
G1 F1800 X90.286 Y131.581 E3689.43573
G0 F7200 X90.025 Y131.885
G1 F1800 X89.304 Y131.165 E3689.50351
G1 X89.234 Y131.095
G0 F7200 X89.515 Y131.942
G1 F1800 X89.742 Y132.169 E3689.52486
G0 F7200 X90.532 Y131.261
G1 F1800 X87.225 Y127.955 E3689.83592
G0 F7200 X87.595 Y127.759
G1 F1800 X90.713 Y130.877 E3690.12924
G0 F7200 X90.846 Y130.444
G1 F1800 X88.035 Y127.633 E3690.39368
G0 F7200 X88.545 Y127.577
G1 F1800 X90.915 Y129.947 E3690.61664
G0 F7200 X91.027 Y129.493
G1 F1800 X89.006 Y127.472 E3690.80676
G1 X88.936 Y127.402
G0 F7200 X91.524 Y128.845
G0 X205.237 Y129.16
G0 X207.726 Y131.604
G1 F1800 X207.609 Y132.469 E3690.86482
G1 X207.651 Y132.85 E3690.89032
G1 X206.703 Y131.899 E3690.97965
G1 X206.243 Y131.302 E3691.02978
G1 X205.979 Y130.666 E3691.07559
G1 X205.831 Y129.656 E3691.14349
G1 X205.634 Y129.233 E3691.17453
G1 X206.067 Y128.917 E3691.21019
G1 X206.497 Y128.322 E3691.25902
G1 X206.822 Y127.998 E3691.28955
G1 X207.359 Y127.613 E3691.3335
G1 X207.605 Y127.359 E3691.35702
G1 X207.738 Y127.136 E3691.37429
G1 X208.195 Y127.342 E3691.40764
G1 X209.166 Y127.479 E3691.47287
G1 X209.802 Y127.743 E3691.51868
G1 X210.399 Y128.203 E3691.56881
G1 X211.35 Y129.15 E3691.65809
G1 X210.969 Y129.109 E3691.68358
G1 X210.081 Y129.229 E3691.74319
G1 X209.262 Y129.589 E3691.8027
G1 X208.602 Y130.099 E3691.85818
G1 X208.074 Y130.778 E3691.9154
G1 X207.726 Y131.604 E3691.97502
G0 F7200 X206.404 Y131.168
G1 F1800 X207.443 Y132.207 E3692.07276
G0 F7200 X207.511 Y131.709
G1 F1800 X206.133 Y130.331 E3692.2024
G0 F7200 X206.039 Y129.671
G1 F1800 X207.643 Y131.276 E3692.35334
G0 F7200 X207.813 Y130.88
G1 F1800 X206.082 Y129.149 E3692.51618
G0 F7200 X206.357 Y128.858
G1 F1800 X208.02 Y130.521 E3692.67262
G0 F7200 X208.268 Y130.203
G1 F1800 X206.594 Y128.529 E3692.8301
G0 F7200 X206.867 Y128.237
G1 F1800 X208.528 Y129.898 E3692.98636
G0 F7200 X208.849 Y129.653
G1 F1800 X207.182 Y127.986 E3693.14318
G0 F7200 X207.507 Y127.745
G1 F1800 X209.169 Y129.408 E3693.29958
G0 F7200 X209.562 Y129.234
G1 F1800 X207.772 Y127.445 E3693.46792
G0 F7200 X208.476 Y127.583
G1 F1800 X209.957 Y129.064 E3693.60725
G0 F7200 X210.438 Y128.979
G1 F1800 X209.145 Y127.687 E3693.72884
G1 X209.075 Y127.617
G0 F7200 X207.66 Y126.737
G0 X207.66 Y83.263
G0 X210.085 Y80.767
G1 F1800 X210.969 Y80.883 E3693.78815
G1 X211.357 Y80.84 E3693.81411
G1 X210.407 Y81.789 E3693.90344
G1 X209.803 Y82.253 E3693.9541
G1 X209.167 Y82.517 E3693.99991
G1 X208.204 Y82.649 E3694.06457
G1 X207.735 Y82.856 E3694.09867
G1 X207.6 Y82.629 E3694.11624
G1 X207.353 Y82.377 E3694.13971
G1 X206.822 Y81.998 E3694.18311
G1 X206.493 Y81.67 E3694.21401
G1 X206.063 Y81.075 E3694.26284
G1 X205.634 Y80.764 E3694.29809
G1 X205.831 Y80.342 E3694.32907
G1 X205.979 Y79.326 E3694.39737
G1 X206.243 Y78.69 E3694.44318
G1 X206.703 Y78.093 E3694.49331
G1 X207.65 Y77.142 E3694.58259
G1 X207.609 Y77.479 E3694.60517
G1 X207.728 Y78.41 E3694.6676
G1 X208.089 Y79.23 E3694.7272
G1 X208.577 Y79.869 E3694.78069
G1 X209.3 Y80.428 E3694.84148
G1 X210.085 Y80.767 E3694.89836
G0 F7200 X210.728 Y81.186
G1 F1800 X210.574 Y81.032 E3694.91284
G0 F7200 X210.445 Y81.469
G1 F1800 X209.867 Y80.891 E3694.96722
G1 X209.797 Y80.821
G0 F7200 X210.146 Y81.736
G1 F1800 X206.759 Y78.348 E3695.28589
G0 F7200 X207.027 Y78.05
G1 F1800 X207.607 Y78.631 E3695.3405
G0 F7200 X207.46 Y77.918
G1 F1800 X207.308 Y77.766 E3695.3548
G0 F7200 X206.512 Y78.667
G1 F1800 X209.827 Y81.982 E3695.66666
G0 F7200 X209.458 Y82.179
G1 F1800 X206.315 Y79.036 E3695.96233
G0 F7200 X206.163 Y79.449
G1 F1800 X209.045 Y82.331 E3696.23345
G0 F7200 X208.548 Y82.4
G1 F1800 X206.093 Y79.945 E3696.46441
G0 F7200 X206.006 Y80.423
G1 F1800 X208.074 Y82.492 E3696.659
G1 X208.144 Y82.562
;MESH:NONMESH
G0 F600 X208.144 Y82.562 Z24.6
G0 F7200 X205.476 Y81.155
G0 X91.763 Y80.84
G0 X88.02 Y75.48
G0 X86.74 Y74.741
G0 X85.26 Y74.741
G0 X84.092 Y75.394
G0 X83.145 Y76.592
;TIME_ELAPSED:5894.608076
;LAYER:61
;TYPE:WALL-INNER
;MESH:manette_1-Body_(Meshed).stl
G1 F3582.1 X83.403 Y75.963 E3696.70445
G1 F3445 X83.867 Y75.367 E3696.75695
G1 F3461.5 X84.469 Y74.898 E3696.80975
G1 F3654.8 X85.183 Y74.617 E3696.86002
G1 F3829.8 X85.735 Y74.54 E3696.89487
G1 F2790.7 X86.113 Y74.374 E3696.9303
G1 F2758.6 X85.716 Y74.163 E3696.96933
G1 F3750 X84.939 Y74.267 E3697.01939
G1 F3546.8 X84.177 Y74.592 E3697.07532
G1 F3388.2 X83.564 Y75.064 E3697.13
G1 X83.092 Y75.677 E3697.18468
G1 F3486.7 X82.786 Y76.394 E3697.23823
G1 F3654.8 X82.659 Y77.24 E3697.29428
G1 F2742.9 X82.876 Y77.639 E3697.33393
G1 F2796.1 X83.037 Y77.272 E3697.36826
G1 F3789.5 X83.145 Y76.592 E3697.41177
G0 F7200 X82.876 Y77.639
G1 F2253.5 X82.925 Y78.018 E3697.45238
G1 F2585.3 X83.19 Y78.733 E3697.52301
G1 F3044.4 X83.606 Y79.317 E3697.57941
G1 F3380.3 X83.973 Y79.709 E3697.61745
G1 F3257.9 X84.364 Y80.052 E3697.65568
G0 F7200 X85.26 Y80.259
G0 X86.809 Y80.296
G0 X86.691 Y80.01
G1 F3600 X86.003 Y80.101 E3697.70185
G1 X85.321 Y80.018 E3697.74755
G1 X84.694 Y79.753 E3697.79283
G1 X84.159 Y79.337 E3697.83791
G1 X83.745 Y78.807 E3697.88265
G1 X83.478 Y78.17 E3697.92859
G1 X83.395 Y77.5 E3697.9735
G1 X83.478 Y76.825 E3698.01874
G1 X83.747 Y76.188 E3698.06474
G1 X84.159 Y75.659 E3698.10934
G1 X84.699 Y75.242 E3698.15473
G1 X85.335 Y74.977 E3698.20056
G1 X86.008 Y74.896 E3698.24565
G1 X86.671 Y74.978 E3698.29009
G1 X87.308 Y75.247 E3698.33609
G1 X87.841 Y75.655 E3698.38074
G1 X88.253 Y76.193 E3698.42581
G1 X88.518 Y76.821 E3698.47115
G1 X88.601 Y77.502 E3698.51679
G1 X88.512 Y78.19 E3698.56294
G1 X88.245 Y78.814 E3698.60809
G1 X87.855 Y79.319 E3698.65053
G1 X87.319 Y79.742 E3698.69595
G1 X86.691 Y80.01 E3698.74137
G0 F7200 X86.809 Y80.296
G0 X89.587 Y83.054
G1 F3600 X89.719 Y82.838 E3698.75821
G1 X89.895 Y82.666 E3698.77458
G1 X90.42 Y82.293 E3698.81742
G1 X90.793 Y81.919 E3698.85256
G1 X91.203 Y81.344 E3698.89953
G1 X91.559 Y81.085 E3698.92882
G1 X91.964 Y81 E3698.95635
G1 X92.5 Y81 E3698.992
G1 X92 Y80.866 E3699.02643
G1 X91.692 Y80.59 E3699.05395
G1 X91.525 Y80.226 E3699.08059
G1 X91.39 Y79.227 E3699.14764
G1 X91.087 Y78.501 E3699.19997
G1 X90.578 Y77.837 E3699.25563
G1 X89.14 Y76.399 E3699.39091
G1 F3445 X88.756 Y76.04 E3699.42745
G1 F3144.1 X88.581 Y75.897 E3699.44466
G1 F3116.9 X88.91 Y76.733 E3699.51369
G1 F3428.6 X89.005 Y77.51 E3699.56836
G1 F3600 X88.898 Y78.301 E3699.62146
G1 X88.594 Y79.016 E3699.67314
G1 X88.115 Y79.634 E3699.72515
G1 X87.523 Y80.088 E3699.77478
G1 X86.78 Y80.408 E3699.82859
G1 X86 Y80.504 E3699.88087
G1 F3512.2 X85.232 Y80.41 E3699.93363
G1 F3364.5 X84.382 Y80.074 E3699.99868
G1 F3341.1 X84.536 Y80.26 E3700.01599
G1 F3495.1 X84.899 Y80.64 E3700.052
G1 F3600 X86.34 Y82.081 E3700.18756
G1 X86.84 Y82.489 E3700.23048
G1 X87.354 Y82.767 E3700.26936
G1 X87.913 Y82.934 E3700.30817
G1 X88.682 Y83.013 E3700.35959
G1 X89.085 Y83.189 E3700.38884
G1 X89.366 Y83.5 E3700.41672
G1 X89.5 Y84 E3700.45116
G1 X89.5 Y83.464 E3700.48681
G1 X89.587 Y83.054 E3700.51469
G0 F7200 X89.5 Y84
G1 F3600 X89.5 Y126 E3703.30854
G1 F3538.1 X89.493 Y126.174 E3703.32033
G0 F7200 X89.655 Y126.976
G0 X91.524 Y128.845
G0 X92.326 Y129.007
G1 F3529.4 X92.5 Y129 E3703.33215
G1 F3600 X204.496 Y129 E3710.78215
G0 F7200 X205.272 Y128.551
G1 F3600 X205.032 Y128.6 E3710.79844
G1 X91.964 Y128.6 E3718.31976
G1 X91.722 Y128.549 E3718.33621
G1 X91.539 Y128.441 E3718.35034
G1 X91.099 Y127.816 E3718.40119
G1 X90.679 Y127.396 E3718.4407
G1 X90.094 Y126.975 E3718.48864
G1 X89.953 Y126.779 E3718.50471
G1 X89.9 Y126.532 E3718.52151
G1 X89.9 Y83.464 E3721.3864
G1 X89.952 Y83.218 E3721.40313
G1 X90.093 Y83.022 E3721.41919
G1 X90.679 Y82.6 E3721.46723
G1 X91.1 Y82.179 E3721.50683
G1 X91.487 Y81.634 E3721.5513
G1 X91.721 Y81.451 E3721.57106
G1 X91.964 Y81.4 E3721.58757
G1 X205.032 Y81.4 E3729.10889
G1 X205.273 Y81.45 E3729.12526
G1 X205.47 Y81.588 E3729.14126
G1 X205.896 Y82.179 E3729.18972
G1 X206.317 Y82.599 E3729.22928
G1 X206.91 Y83.025 E3729.27785
G1 X207.049 Y83.221 E3729.29383
G1 X207.1 Y83.464 E3729.31035
G1 X207.1 Y126.532 E3732.17525
G1 X207.051 Y126.772 E3732.19154
G1 X206.942 Y126.956 E3732.20577
G1 X206.317 Y127.397 E3732.25665
G1 X205.897 Y127.817 E3732.29616
G1 X205.507 Y128.368 E3732.34107
G1 X205.272 Y128.551 E3732.36088
G0 F7200 X205.272 Y128.91
G0 X205.469 Y129.77
G1 F3600 X205.61 Y130.769 E3732.42799
G1 X205.91 Y131.494 E3732.48018
G1 X206.421 Y132.158 E3732.53592
G1 X207.857 Y133.597 E3732.67115
G1 F3495.1 X208.236 Y133.96 E3732.70711
G1 F3341.1 X208.421 Y134.113 E3732.72431
G1 F3364.5 X208.085 Y133.258 E3732.7897
G1 F3512.2 X207.992 Y132.492 E3732.84231
G1 F3600 X208.098 Y131.695 E3732.8958
G1 X208.403 Y130.979 E3732.94757
G1 X208.884 Y130.36 E3732.99971
G1 X209.482 Y129.901 E3733.04986
G1 X210.195 Y129.598 E3733.10139
G1 X210.997 Y129.491 E3733.15521
G1 F3512.2 X211.764 Y129.586 E3733.20791
G1 F3364.5 X212.614 Y129.922 E3733.27297
G1 F3341.1 X212.46 Y129.736 E3733.29027
G1 F3495.1 X212.096 Y129.358 E3733.32623
G1 F3600 X210.658 Y127.921 E3733.46146
G1 X209.995 Y127.41 E3733.51714
G1 X209.269 Y127.11 E3733.5694
G1 X208.27 Y126.97 E3733.6365
G1 X207.906 Y126.801 E3733.6632
G1 X207.634 Y126.496 E3733.69038
G1 F3529.4 X207.507 Y126.17 E3733.71412
G1 X207.5 Y126.532 E3733.73869
G1 F3600 X207.417 Y126.932 E3733.76586
G1 X207.153 Y127.297 E3733.79583
G1 X206.575 Y127.704 E3733.84285
G1 X206.204 Y128.075 E3733.87775
G1 X205.83 Y128.605 E3733.9209
G1 X205.648 Y128.788 E3733.93807
G1 X205.432 Y128.917 E3733.95481
G1 X205.032 Y129 E3733.98198
G1 X204.496 Y129 E3734.01764
G1 X204.996 Y129.134 E3734.05207
G1 X205.301 Y129.406 E3734.07925
G1 X205.469 Y129.77 E3734.10592
G0 F7200 X207.345 Y126.976
G0 X207.507 Y126.17
G1 F3529.4 X207.5 Y125.996 E3734.11774
G1 F3600 X207.5 Y84 E3736.91132
G0 F7200 X208.274 Y83.025
G1 F3600 X209.269 Y82.89 E3736.97812
G1 X209.994 Y82.587 E3737.03039
G1 X210.663 Y82.074 E3737.08647
G1 X212.097 Y80.64 E3737.22137
G1 F3495.1 X212.46 Y80.26 E3737.25737
G1 F3341.1 X212.614 Y80.074 E3737.27468
G1 F3364.5 X211.764 Y80.41 E3737.33974
G1 F3512.2 X210.997 Y80.505 E3737.39243
G1 F3600 X210.198 Y80.399 E3737.44605
G1 X209.479 Y80.093 E3737.49803
G1 X208.86 Y79.612 E3737.55018
G1 X208.401 Y79.014 E3737.60032
G1 X208.098 Y78.301 E3737.65186
G1 X207.992 Y77.501 E3737.70554
G1 F3512.2 X208.086 Y76.732 E3737.75836
G1 F3364.5 X208.422 Y75.882 E3737.82342
G1 F3341.1 X208.236 Y76.036 E3737.84072
G1 F3495.1 X207.858 Y76.4 E3737.87668
G1 F3600 X206.421 Y77.838 E3738.01191
G1 X205.91 Y78.501 E3738.06759
G1 X205.61 Y79.227 E3738.11985
G1 X205.47 Y80.23 E3738.18721
G1 X205.301 Y80.593 E3738.21385
G1 X204.996 Y80.866 E3738.24108
G1 F3529.4 X204.67 Y80.993 E3738.26482
G1 X205.032 Y81 E3738.28938
G1 F3600 X205.433 Y81.083 E3738.31662
G1 X205.649 Y81.212 E3738.33336
G1 X205.824 Y81.388 E3738.34987
G1 X206.203 Y81.92 E3738.39332
G1 X206.575 Y82.292 E3738.42831
G1 X207.156 Y82.702 E3738.47562
G1 X207.415 Y83.059 E3738.50496
G1 X207.5 Y83.464 E3738.53248
G1 X207.5 Y84 E3738.56814
G1 X207.634 Y83.5 E3738.60257
G1 X207.91 Y83.192 E3738.63008
G1 X208.274 Y83.025 E3738.65672
G0 F7200 X205.476 Y81.155
G0 X204.67 Y80.993
G1 F3529.4 X204.496 Y81 E3738.66854
G1 F3600 X92.5 Y81 E3746.11854
G0 F7200 X88.581 Y75.897
G1 F3257.9 X88.118 Y75.377 E3746.16972
G1 F3404.3 X87.622 Y74.957 E3746.21544
G1 F2874.3 X87.128 Y74.651 E3746.26386
G1 F2465.8 X86.516 Y74.424 E3746.32725
G1 F2257.1 X86.113 Y74.374 E3746.37034
G0 F7200 X87.429 Y75.027
G0 X88.473 Y76.071
G0 X89.339 Y83.24
G0 X89.339 Y126.76
G0 X84.364 Y129.944
G1 F3295.2 X83.877 Y130.378 E3746.41774
G1 F3348.8 X83.354 Y131.02 E3746.47696
G1 F2823.5 X83.151 Y131.367 E3746.51105
G1 F2360.7 X82.911 Y132.087 E3746.58804
G1 F2175.2 X82.874 Y132.391 E3746.62176
G0 F7200 X83.527 Y133.929
G0 X85.092 Y135.352
G1 F3564.4 X84.468 Y135.098 E3746.66702
G1 F3436.8 X83.868 Y134.631 E3746.72
G1 F3388.2 X83.447 Y134.09 E3746.76845
G1 F3486.7 X83.168 Y133.471 E3746.81508
G1 F3720.9 X83.041 Y132.769 E3746.861
G1 F2790.7 X82.874 Y132.391 E3746.89646
G1 F2769.2 X82.663 Y132.79 E3746.93549
G1 F3750 X82.767 Y133.557 E3746.98492
G1 F3546.8 X83.092 Y134.319 E3747.04085
G1 F3388.2 X83.565 Y134.934 E3747.09569
G1 F3380.3 X84.179 Y135.409 E3747.15068
G1 F3478.3 X84.893 Y135.713 E3747.20411
G1 F3645.6 X85.761 Y135.841 E3747.26175
G1 F2732.4 X86.177 Y135.617 E3747.30315
G1 F2790.7 X85.8 Y135.459 E3747.33823
G1 F3789.5 X85.092 Y135.352 E3747.38348
G0 F7200 X86.177 Y135.617
G1 F2307.7 X86.754 Y135.495 E3747.44468
G1 F2521.9 X87.125 Y135.348 E3747.48257
G1 F2857.1 X87.82 Y134.887 E3747.55248
G1 F3380.3 X88.209 Y134.523 E3747.59022
G1 F3257.9 X88.552 Y134.132 E3747.62845
G0 F7200 X89.005 Y132.497
G1 F3512.2 X88.91 Y133.264 E3747.68115
G1 F3364.5 X88.574 Y134.114 E3747.7462
G1 F3341.1 X88.76 Y133.96 E3747.76351
G1 F3495.1 X89.14 Y133.597 E3747.79952
G1 F3600 X90.578 Y132.159 E3747.93479
G1 X91.087 Y131.495 E3747.99045
G1 X91.389 Y130.769 E3748.04275
G1 X91.525 Y129.774 E3748.10956
G1 X91.693 Y129.409 E3748.13628
G1 X92 Y129.134 E3748.1637
G1 F3529.4 X92.326 Y129.007 E3748.18744
G1 X91.964 Y129 E3748.21201
G1 F3600 X91.56 Y128.915 E3748.23947
G1 X91.344 Y128.786 E3748.2562
G1 X91.166 Y128.605 E3748.27309
G1 X90.792 Y128.075 E3748.31624
G1 X90.42 Y127.703 E3748.35124
G1 X89.897 Y127.331 E3748.39393
G1 X89.72 Y127.16 E3748.4103
G1 X89.588 Y126.943 E3748.4272
G1 X89.5 Y126.532 E3748.45516
G1 F3529.4 X89.493 Y126.174 E3748.47945
G1 X89.368 Y126.497 E3748.50295
G1 F3600 X89.088 Y126.81 E3748.53089
G1 X88.682 Y126.988 E3748.56038
G1 X87.91 Y127.062 E3748.61197
G1 X87.354 Y127.229 E3748.65058
G1 X86.84 Y127.507 E3748.68945
G1 X86.34 Y127.915 E3748.73238
G1 X84.899 Y129.356 E3748.86794
G1 F3495.1 X84.536 Y129.736 E3748.90395
G1 F3341.1 X84.382 Y129.922 E3748.92126
G1 F3364.5 X85.232 Y129.586 E3748.98631
G1 F3512.2 X86 Y129.492 E3749.03907
G1 F3600 X86.781 Y129.588 E3749.09141
G1 X87.524 Y129.909 E3749.14525
G1 X88.126 Y130.37 E3749.19569
G1 X88.595 Y130.982 E3749.24698
G1 X88.898 Y131.695 E3749.29851
G1 X89.005 Y132.497 E3749.35234
G0 F7200 X88.473 Y133.929
G0 X87.685 Y134.777
G0 X86.8 Y135.3
G0 X86.682 Y135.014
G1 F3600 X85.998 Y135.101 E3749.3982
G1 X85.324 Y135.018 E3749.44338
G1 X84.689 Y134.75 E3749.48922
G1 X84.16 Y134.338 E3749.53383
G1 X83.742 Y133.797 E3749.5793
G1 X83.477 Y133.162 E3749.62508
G1 X83.396 Y132.491 E3749.67003
G1 X83.482 Y131.814 E3749.71543
G1 X83.753 Y131.179 E3749.76136
G1 X84.159 Y130.659 E3749.80524
G1 X84.689 Y130.245 E3749.84998
G1 X85.321 Y129.978 E3749.89562
G1 X86.003 Y129.895 E3749.94132
G1 X86.691 Y129.986 E3749.98748
G1 X87.316 Y130.252 E3750.03267
G1 X87.848 Y130.664 E3750.07743
G1 X88.248 Y131.187 E3750.12123
G1 X88.512 Y131.811 E3750.1663
G1 X88.601 Y132.498 E3750.21238
G1 X88.517 Y133.176 E3750.25782
G1 X88.252 Y133.804 E3750.30317
G1 X87.839 Y134.344 E3750.34839
G1 X87.28 Y134.761 E3750.39478
G1 X86.682 Y135.014 E3750.43797
G0 F7200 X86.8 Y135.3
G0 X87.934 Y135.021
G0 X91.763 Y129.16
G0 X205.237 Y129.16
G0 X208.444 Y134.132
G1 F3287.7 X208.877 Y134.619 E3750.48544
G1 F3341.1 X209.516 Y135.141 E3750.54458
G1 F2812.5 X209.87 Y135.348 E3750.5795
G1 F2345.3 X210.585 Y135.587 E3750.65647
G1 F2158.9 X210.861 Y135.621 E3750.68732
G0 F7200 X211.701 Y135.326
G0 X211.661 Y135.02
G1 F3600 X210.992 Y135.1 E3750.73214
G1 X210.313 Y135.013 E3750.77768
G1 X209.682 Y134.746 E3750.82325
G1 X209.159 Y134.337 E3750.86742
G1 X208.744 Y133.806 E3750.91225
G1 X208.478 Y133.171 E3750.95805
G1 X208.395 Y132.499 E3751.00309
G1 X208.484 Y131.806 E3751.04956
G1 X208.751 Y131.181 E3751.09477
G1 X209.159 Y130.659 E3751.13885
G1 X209.681 Y130.251 E3751.18292
G1 X210.306 Y129.984 E3751.22813
G1 X210.999 Y129.895 E3751.2746
G1 X211.675 Y129.979 E3751.31992
G1 X212.301 Y130.242 E3751.36509
G1 X212.844 Y130.657 E3751.41055
G1 X213.261 Y131.216 E3751.45694
G1 X213.515 Y131.817 E3751.50034
G1 X213.6 Y132.496 E3751.54586
G1 X213.521 Y133.161 E3751.59041
G1 X213.258 Y133.792 E3751.63588
G1 X212.841 Y134.339 E3751.68164
G1 X212.3 Y134.755 E3751.72703
G1 X211.661 Y135.02 E3751.77305
G0 F7200 X211.88 Y135.37
G1 F3730.6 X211.246 Y135.457 E3751.81413
G1 F2779.9 X210.861 Y135.621 E3751.85018
G1 F2748.1 X211.272 Y135.835 E3751.89056
G1 F3740.3 X212.058 Y135.733 E3751.9413
G1 F3538.1 X212.817 Y135.409 E3751.99716
G1 F3380.3 X213.433 Y134.933 E3752.05231
G1 X213.909 Y134.317 E3752.10746
G1 F3546.8 X214.23 Y133.564 E3752.16273
G1 F3740.3 X214.335 Y132.779 E3752.21344
G1 F2742.9 X214.121 Y132.361 E3752.25444
G1 F2769.2 X213.956 Y132.755 E3752.29138
G1 F3829.8 X213.882 Y133.309 E3752.32633
G1 F3673.5 X213.599 Y134.027 E3752.37664
G1 F3461.5 X213.129 Y134.629 E3752.42947
G1 F3380.3 X212.587 Y135.052 E3752.47818
G1 F3478.3 X211.88 Y135.37 E3752.53155
G0 F7200 X213.02 Y134.52
G0 X214.121 Y132.361
G1 F2152.5 X214.087 Y132.085 E3752.56249
G1 F2337.7 X213.848 Y131.37 E3752.63972
G1 F2818 X213.641 Y131.016 E3752.67457
G1 F3356.6 X213.118 Y130.376 E3752.73354
G1 F3287.7 X212.632 Y129.944 E3752.7809
G0 F7200 X207.66 Y126.737
G0 X207.66 Y83.263
G0 X212.632 Y80.052
G1 F3151 X213.273 Y79.481 E3752.84614
G1 F3144.1 X213.686 Y78.904 E3752.90019
G1 F2637.4 X213.895 Y78.544 E3752.93798
G1 F2250 X214.087 Y77.914 E3753.00808
G1 F2162.2 X214.119 Y77.66 E3753.03643
G0 F7200 X213.853 Y76.591
G1 F3789.5 X213.959 Y77.284 E3753.08074
G1 F2796.1 X214.119 Y77.66 E3753.11573
G1 F2737.6 X214.339 Y77.247 E3753.15667
G1 F3636.4 X214.214 Y76.393 E3753.21351
G1 F3461.5 X213.908 Y75.679 E3753.26725
G1 F3380.3 X213.434 Y75.065 E3753.3222
G1 F3396.2 X212.819 Y74.592 E3753.37691
G1 F3478.3 X212.102 Y74.285 E3753.4306
G1 F3645.6 X211.267 Y74.16 E3753.48607
G1 F2748.1 X210.862 Y74.376 E3753.52606
G1 F2801.6 X211.238 Y74.538 E3753.56106
G1 F3789.5 X211.904 Y74.645 E3753.60369
G1 F3582.1 X212.533 Y74.902 E3753.64911
G1 F3445 X213.131 Y75.368 E3753.70181
G1 X213.593 Y75.961 E3753.75407
G1 F3573.2 X213.853 Y76.591 E3753.79974
G0 F7200 X213.02 Y75.48
G0 X210.862 Y74.376
G1 F2257.1 X210.479 Y74.425 E3753.84071
G1 F2589.9 X209.764 Y74.689 E3753.91119
G1 F3044.4 X209.179 Y75.106 E3753.9677
G1 F3412.3 X208.876 Y75.378 E3753.99627
G1 F3287.7 X208.444 Y75.864 E3754.04363
G0 F7200 X208.143 Y77.5
G0 X207.66 Y83.263
G0 X207.345 Y126.976
G0 X205.389 Y129.779
G0 X205.077 Y129.818
G1 F3600 X205.221 Y130.874 E3754.11453
G1 X205.561 Y131.696 E3754.1737
G1 X206.12 Y132.423 E3754.23471
G1 X208.898 Y135.204 E3754.49618
G1 X209.628 Y135.768 E3754.55755
G1 X210.448 Y136.106 E3754.61655
G1 X211.328 Y136.219 E3754.67557
G1 X212.208 Y136.107 E3754.73458
G1 X213.024 Y135.768 E3754.79335
G1 X213.728 Y135.228 E3754.85238
G1 X214.268 Y134.524 E3754.9114
G1 X214.606 Y133.708 E3754.97015
G1 X214.718 Y132.828 E3755.02916
G1 X214.607 Y131.948 E3755.08816
G1 X214.268 Y131.127 E3755.14725
G1 X213.708 Y130.402 E3755.20818
G1 X210.923 Y127.62 E3755.47004
G1 X210.197 Y127.06 E3755.53103
G1 X209.374 Y126.721 E3755.59024
G1 X208.362 Y126.581 E3755.6582
G1 X208.143 Y126.479 E3755.67427
G1 X207.98 Y126.296 E3755.69057
G1 X207.9 Y126.078 E3755.70602
G1 X207.9 Y84 E3758.50506
G1 X207.98 Y83.7 E3758.52571
G1 X208.146 Y83.515 E3758.54225
G1 X208.364 Y83.415 E3758.5582
G1 X209.374 Y83.279 E3758.62599
G1 X210.196 Y82.936 E3758.68524
G1 X210.927 Y82.375 E3758.74654
G1 X213.708 Y79.595 E3759.00811
G1 X214.268 Y78.868 E3759.06915
G1 X214.606 Y78.052 E3759.12791
G1 X214.718 Y77.172 E3759.18692
G1 X214.607 Y76.288 E3759.24618
G1 X214.268 Y75.471 E3759.30502
G1 X213.728 Y74.769 E3759.36394
G1 X213.026 Y74.233 E3759.42269
G1 X212.207 Y73.893 E3759.48168
G1 X211.328 Y73.778 E3759.54065
G1 X210.449 Y73.894 E3759.59962
G1 X209.626 Y74.232 E3759.65881
G1 X208.901 Y74.789 E3759.71963
G1 X206.12 Y77.573 E3759.98139
G1 X205.56 Y78.299 E3760.04238
G1 X205.221 Y79.122 E3760.10159
G1 X205.081 Y80.138 E3760.16981
G1 X204.979 Y80.356 E3760.18582
G1 X204.796 Y80.52 E3760.20217
G1 X204.578 Y80.6 E3760.21761
G1 X92.5 Y80.6 E3767.67307
G1 X92.2 Y80.52 E3767.69372
G1 X92.015 Y80.354 E3767.71026
G1 X91.915 Y80.136 E3767.72621
G1 X91.779 Y79.122 E3767.79427
G1 X91.436 Y78.299 E3767.85358
G1 X90.879 Y77.573 E3767.91445
G1 X88.095 Y74.789 E3768.17635
G1 X87.369 Y74.233 E3768.23718
G1 X86.551 Y73.893 E3768.29611
G1 X85.672 Y73.778 E3768.35508
G1 X84.789 Y73.894 E3768.41432
G1 X83.97 Y74.233 E3768.47328
G1 X83.269 Y74.769 E3768.53198
G1 X82.733 Y75.47 E3768.59068
G1 X82.394 Y76.289 E3768.64964
G1 X82.278 Y77.172 E3768.70889
G1 X82.393 Y78.051 E3768.76786
G1 X82.732 Y78.869 E3768.82676
G1 X83.289 Y79.595 E3768.88763
G1 X86.071 Y82.378 E3769.14939
G1 X86.616 Y82.823 E3769.19619
G1 X87.2 Y83.138 E3769.24033
G1 X87.834 Y83.328 E3769.28436
G1 X88.632 Y83.414 E3769.33775
G1 X88.851 Y83.513 E3769.35373
G1 X89.02 Y83.7 E3769.3705
G1 X89.1 Y84 E3769.39115
G1 X89.1 Y126.082 E3772.19046
G1 X89.021 Y126.299 E3772.20582
G1 X88.853 Y126.486 E3772.22254
G1 X88.633 Y126.586 E3772.23862
G1 X87.833 Y126.668 E3772.29211
G1 X87.2 Y126.857 E3772.33606
G1 X86.616 Y127.173 E3772.38023
G1 X86.071 Y127.618 E3772.42703
G1 X83.288 Y130.4 E3772.68879
G1 X82.733 Y131.126 E3772.74958
G1 X82.394 Y131.949 E3772.80879
G1 X82.278 Y132.828 E3772.86777
G1 X82.394 Y133.707 E3772.92675
G1 X82.733 Y134.526 E3772.98571
G1 X83.269 Y135.228 E3773.04446
G1 X83.972 Y135.768 E3773.10343
G1 X84.788 Y136.106 E3773.16218
G1 X85.672 Y136.219 E3773.22146
G1 X86.552 Y136.107 E3773.28047
G1 X87.368 Y135.768 E3773.33925
G1 X88.099 Y135.204 E3773.40067
G1 X90.879 Y132.423 E3773.66224
G1 X91.436 Y131.697 E3773.72311
G1 X91.779 Y130.874 E3773.78242
G1 X91.915 Y129.864 E3773.85021
G1 X92.016 Y129.645 E3773.86626
G1 X92.2 Y129.48 E3773.8827
G1 X92.418 Y129.4 E3773.89814
G1 X204.496 Y129.4 E3781.3536
G1 X204.796 Y129.48 E3781.37426
G1 X204.979 Y129.643 E3781.39056
G1 X205.077 Y129.818 E3781.4039
G0 F7200 X205.389 Y129.779
G0 X207.345 Y126.976
G0 X207.66 Y83.263
G0 X211.715 Y80.324
G0 X211.675 Y80.017
G1 F3600 X210.999 Y80.101 E3781.44921
G1 X210.306 Y80.012 E3781.49569
G1 X209.681 Y79.745 E3781.5409
G1 X209.159 Y79.337 E3781.58497
G1 X208.751 Y78.815 E3781.62905
G1 X208.484 Y78.19 E3781.67426
G1 X208.395 Y77.502 E3781.7204
G1 X208.478 Y76.821 E3781.76604
G1 X208.742 Y76.195 E3781.81123
G1 X209.155 Y75.655 E3781.85645
G1 X209.691 Y75.244 E3781.90138
G1 X210.326 Y74.978 E3781.94718
G1 X211.001 Y74.895 E3781.99242
G1 X211.67 Y74.978 E3782.03726
G1 X212.296 Y75.24 E3782.08241
G1 X212.838 Y75.66 E3782.12802
G1 X213.253 Y76.193 E3782.17295
G1 X213.518 Y76.821 E3782.21829
G1 X213.601 Y77.501 E3782.26386
G1 X213.517 Y78.175 E3782.30904
G1 X213.254 Y78.801 E3782.35421
G1 X212.837 Y79.337 E3782.39939
G1 X212.307 Y79.751 E3782.44412
G1 X211.675 Y80.017 E3782.48974
G0 F7200 X211.568 Y79.628
;TYPE:WALL-OUTER
G1 F1800 X210.975 Y79.695 E3782.52943
G1 X210.433 Y79.627 E3782.56577
G1 X209.906 Y79.407 E3782.60376
G1 X209.436 Y79.048 E3782.6431
G1 X209.083 Y78.578 E3782.6822
G1 X208.868 Y78.068 E3782.71902
G1 X208.801 Y77.475 E3782.75872
G1 X208.868 Y76.927 E3782.79544
G1 X209.083 Y76.418 E3782.8322
G1 X209.442 Y75.942 E3782.87185
G1 X209.918 Y75.583 E3782.91151
G1 X210.428 Y75.368 E3782.94833
G1 X211.025 Y75.301 E3782.98829
G1 X211.569 Y75.369 E3783.02476
G1 X212.108 Y75.598 E3783.06372
G1 X212.554 Y75.942 E3783.10119
G1 X212.891 Y76.379 E3783.13789
G1 X213.127 Y76.926 E3783.17752
G1 X213.195 Y77.475 E3783.21432
G1 X213.128 Y78.068 E3783.25402
G1 X212.913 Y78.578 E3783.29084
G1 X212.554 Y79.054 E3783.3305
G1 X212.078 Y79.413 E3783.37016
G1 X211.568 Y79.628 E3783.40697
G0 F7200 X211.37 Y79.65
G0 X211.462 Y80.357
G0 X207.66 Y83.263
G0 X207.345 Y126.976
G0 X205.762 Y128.548
G0 X205.178 Y128.138
G1 F1800 X205.089 Y128.2 E3783.41419
G1 X91.907 Y128.2 E3790.94308
G1 X91.817 Y128.137 E3790.95039
G1 X91.406 Y127.558 E3790.99762
G1 X90.938 Y127.09 E3791.04165
G1 X90.364 Y126.68 E3791.08857
G1 X90.3 Y126.591 E3791.09587
G1 X90.3 Y83.464 E3793.96469
G1 X90.352 Y83.323 E3793.97468
G1 X90.938 Y82.906 E3794.02253
G1 X91.406 Y82.438 E3794.06655
G1 X91.817 Y81.863 E3794.11357
G1 X91.964 Y81.8 E3794.12421
G1 X205.09 Y81.8 E3801.64938
G1 X205.178 Y81.862 E3801.65654
G1 X205.59 Y82.438 E3801.70365
G1 X206.058 Y82.906 E3801.74767
G1 X206.637 Y83.317 E3801.79491
G1 X206.7 Y83.464 E3801.80555
G1 X206.7 Y126.589 E3804.67423
G1 X206.638 Y126.678 E3804.68145
G1 X206.058 Y127.09 E3804.72877
G1 X205.59 Y127.558 E3804.7728
G1 X205.178 Y128.138 E3804.82012
G0 F7200 X205.089 Y128.2
G0 X204.997 Y128.2
G0 X204.997 Y128.91
G0 X205.403 Y129.882
G0 X204.695 Y129.973
G1 F1800 X204.831 Y130.979 E3804.88765
G1 X205.211 Y131.898 E3804.9538
G1 X205.819 Y132.687 E3805.02006
G1 X208.633 Y135.505 E3805.28498
G1 X209.426 Y136.117 E3805.35161
G1 X210.344 Y136.496 E3805.41767
G1 X211.328 Y136.622 E3805.48366
G1 X212.312 Y136.497 E3805.54965
G1 X213.226 Y136.117 E3805.61549
G1 X214.013 Y135.513 E3805.68148
G1 X214.617 Y134.726 E3805.74748
G1 X214.996 Y133.812 E3805.81329
G1 X215.122 Y132.828 E3805.87929
G1 X214.997 Y131.844 E3805.94527
G1 X214.617 Y130.925 E3806.01142
G1 X214.009 Y130.137 E3806.07763
G1 X211.187 Y127.319 E3806.34291
G1 X210.399 Y126.711 E3806.40912
G1 X209.479 Y126.331 E3806.47534
G1 X208.425 Y126.182 E3806.54615
G1 X208.302 Y126.031 E3806.5591
G1 X208.3 Y83.919 E3809.3604
G1 X208.454 Y83.805 E3809.37315
G1 X209.479 Y83.669 E3809.44193
G1 X210.398 Y83.285 E3809.50818
G1 X211.191 Y82.677 E3809.57465
G1 X214.009 Y79.859 E3809.83975
G1 X214.617 Y79.07 E3809.90601
G1 X214.996 Y78.156 E3809.97183
G1 X215.122 Y77.172 E3810.03782
G1 X214.997 Y76.184 E3810.10407
G1 X214.617 Y75.269 E3810.16998
G1 X214.013 Y74.483 E3810.23591
G1 X213.227 Y73.883 E3810.30169
G1 X212.311 Y73.503 E3810.36766
G1 X211.328 Y73.374 E3810.43361
G1 X210.345 Y73.504 E3810.49957
G1 X209.425 Y73.883 E3810.56576
G1 X208.637 Y74.487 E3810.6318
G1 X205.819 Y77.309 E3810.89709
G1 X205.211 Y78.097 E3810.9633
G1 X204.831 Y79.017 E3811.02951
G1 X204.682 Y80.075 E3811.10058
G1 X204.531 Y80.198 E3811.11354
G1 X92.418 Y80.2 E3818.57133
G1 X92.301 Y80.027 E3818.58522
G1 X92.169 Y79.017 E3818.65298
G1 X91.785 Y78.097 E3818.71929
G1 X91.181 Y77.309 E3818.78534
G1 X88.359 Y74.487 E3819.05081
G1 X87.571 Y73.883 E3819.11686
G1 X86.655 Y73.503 E3819.18283
G1 X85.672 Y73.374 E3819.24878
G1 X84.685 Y73.504 E3819.315
G1 X83.769 Y73.883 E3819.38094
G1 X82.983 Y74.483 E3819.44672
G1 X82.383 Y75.269 E3819.5125
G1 X82.004 Y76.185 E3819.57844
G1 X81.874 Y77.172 E3819.64466
G1 X82.003 Y78.155 E3819.71061
G1 X82.383 Y79.071 E3819.77658
G1 X82.987 Y79.859 E3819.84262
G1 X85.803 Y82.675 E3820.10754
G1 X86.392 Y83.157 E3820.15816
G1 X87.046 Y83.51 E3820.2076
G1 X87.756 Y83.722 E3820.25689
G1 X88.544 Y83.804 E3820.30959
G1 X88.7 Y83.919 E3820.32248
G1 X88.698 Y126.035 E3823.12405
G1 X88.6 Y126.191 E3823.13631
G1 X87.755 Y126.274 E3823.19279
G1 X87.046 Y126.486 E3823.24201
G1 X86.392 Y126.839 E3823.29145
G1 X85.803 Y127.321 E3823.34208
G1 X82.987 Y130.136 E3823.60694
G1 X82.383 Y130.925 E3823.67304
G1 X82.004 Y131.845 E3823.73923
G1 X81.874 Y132.828 E3823.80519
G1 X82.004 Y133.811 E3823.87114
G1 X82.383 Y134.727 E3823.93709
G1 X82.983 Y135.513 E3824.00286
G1 X83.77 Y136.117 E3824.06886
G1 X84.684 Y136.496 E3824.13468
G1 X85.672 Y136.622 E3824.20093
G1 X86.656 Y136.497 E3824.26691
G1 X87.57 Y136.117 E3824.33276
G1 X88.363 Y135.505 E3824.39939
G1 X91.181 Y132.687 E3824.66449
G1 X91.785 Y131.899 E3824.73053
G1 X92.169 Y130.979 E3824.79685
G1 X92.313 Y129.897 E3824.86946
G1 X92.465 Y129.802 E3824.88138
G1 X204.578 Y129.8 E3832.33917
G1 X204.695 Y129.973 E3832.35306
G0 F7200 X204.721 Y130.171
G0 X205.428 Y130.08
G0 X208.98 Y134.52
G0 X210.26 Y135.259
G0 X211.848 Y135.28
G0 X211.576 Y134.624
G1 F1800 X211.01 Y134.696 E3832.39102
G1 X210.436 Y134.628 E3832.42947
G1 X209.902 Y134.406 E3832.46794
G1 X209.442 Y134.054 E3832.50647
G1 X209.083 Y133.578 E3832.54613
G1 X208.868 Y133.068 E3832.58294
G1 X208.801 Y132.475 E3832.62264
G1 X208.869 Y131.933 E3832.65898
G1 X209.089 Y131.406 E3832.69696
G1 X209.448 Y130.936 E3832.73631
G1 X209.918 Y130.583 E3832.77541
G1 X210.428 Y130.368 E3832.81222
G1 X211.025 Y130.301 E3832.85219
G1 X211.569 Y130.368 E3832.88865
G1 X212.078 Y130.583 E3832.9254
G1 X212.554 Y130.942 E3832.96506
G1 X212.906 Y131.402 E3833.00359
G1 X213.128 Y131.936 E3833.04206
G1 X213.196 Y132.51 E3833.08051
G1 X213.124 Y133.076 E3833.11846
G1 X212.913 Y133.578 E3833.15469
G1 X212.554 Y134.054 E3833.19435
G1 X212.117 Y134.391 E3833.23106
G1 X211.576 Y134.624 E3833.27024
G0 F7200 X211.378 Y134.649
G0 X211.47 Y135.356
G0 X209.298 Y135.211
G0 X205.237 Y129.16
G0 X91.763 Y129.16
G0 X87.976 Y134.715
G0 X86.652 Y135.332
G0 X86.56 Y134.628
G1 F1800 X85.975 Y134.695 E3833.30941
G1 X85.427 Y134.628 E3833.34613
G1 X84.918 Y134.413 E3833.38289
G1 X84.442 Y134.054 E3833.42255
G1 X84.099 Y133.608 E3833.45997
G1 X83.873 Y133.076 E3833.49842
G1 X83.8 Y132.509 E3833.53645
G1 X83.868 Y131.936 E3833.57484
G1 X84.09 Y131.403 E3833.61324
G1 X84.442 Y130.942 E3833.65183
G1 X84.918 Y130.583 E3833.69149
G1 X85.428 Y130.368 E3833.7283
G1 X86.025 Y130.301 E3833.76827
G1 X86.565 Y130.37 E3833.80448
G1 X87.096 Y130.592 E3833.84276
G1 X87.548 Y130.936 E3833.88055
G1 X87.913 Y131.418 E3833.92077
G1 X88.128 Y131.928 E3833.95758
G1 X88.195 Y132.525 E3833.99754
G1 X88.128 Y133.069 E3834.03401
G1 X87.913 Y133.578 E3834.07076
G1 X87.554 Y134.054 E3834.11042
G1 X87.094 Y134.406 E3834.14895
G1 X86.56 Y134.628 E3834.18742
G0 F7200 X86.362 Y134.65
G0 X86.455 Y135.358
G0 X87.429 Y134.973
G0 X88.473 Y133.929
G0 X89.339 Y126.76
G0 X89.339 Y83.24
G0 X86.66 Y80.331
G0 X86.568 Y79.628
G1 F1800 X85.975 Y79.695 E3834.22712
G1 X85.427 Y79.628 E3834.26384
G1 X84.918 Y79.413 E3834.3006
G1 X84.442 Y79.054 E3834.34026
G1 X84.083 Y78.578 E3834.37992
G1 X83.868 Y78.068 E3834.41673
G1 X83.801 Y77.475 E3834.45643
G1 X83.868 Y76.927 E3834.49316
G1 X84.083 Y76.418 E3834.52991
G1 X84.442 Y75.942 E3834.56957
G1 X84.888 Y75.599 E3834.607
G1 X85.42 Y75.373 E3834.64545
G1 X85.991 Y75.3 E3834.68374
G1 X86.568 Y75.368 E3834.72239
G1 X87.078 Y75.583 E3834.7592
G1 X87.554 Y75.942 E3834.79886
G1 X87.892 Y76.38 E3834.83567
G1 X88.128 Y76.927 E3834.87529
G1 X88.195 Y77.525 E3834.91532
G1 X88.127 Y78.063 E3834.95139
G1 X87.907 Y78.59 E3834.98938
G1 X87.548 Y79.06 E3835.02872
G1 X87.097 Y79.404 E3835.06646
G1 X86.568 Y79.628 E3835.10467
G0 F7200 X86.37 Y79.65
G0 X86.462 Y80.357
G0 X86.874 Y80.776
;TYPE:SKIN
G1 F1800 X87.712 Y80.417 E3835.16531
G1 X88.383 Y79.9 E3835.22166
G1 X88.918 Y79.218 E3835.27932
G1 X89.266 Y78.389 E3835.33913
G1 X89.383 Y77.535 E3835.39647
G1 X89.341 Y77.141 E3835.42282
G1 X90.293 Y78.093 E3835.51238
G1 X90.753 Y78.69 E3835.56252
G1 X91.017 Y79.325 E3835.60826
G1 X91.149 Y80.292 E3835.67318
G1 X91.356 Y80.765 E3835.70753
G1 X90.921 Y81.083 E3835.74337
G1 X90.498 Y81.67 E3835.7915
G1 X90.17 Y81.998 E3835.82236
G1 X89.585 Y82.419 E3835.8703
G1 X89.264 Y82.852 E3835.90616
G1 X88.985 Y82.705 E3835.92714
G1 X88.756 Y82.639 E3835.94299
G1 X87.984 Y82.558 E3835.99462
G1 X87.502 Y82.414 E3836.02809
G1 X87.049 Y82.165 E3836.06247
G1 X86.599 Y81.799 E3836.10106
G1 X85.641 Y80.842 E3836.19113
G1 X85.979 Y80.883 E3836.21378
G1 X86.874 Y80.776 E3836.27374
G0 F7200 X86.261 Y81.182
G1 F1800 X86.407 Y81.036 E3836.28748
G0 F7200 X86.545 Y81.464
G1 F1800 X87.115 Y80.894 E3836.3411
G1 X87.185 Y80.824
G0 F7200 X86.838 Y81.736
G1 F1800 X90.232 Y78.342 E3836.66039
G0 F7200 X89.963 Y78.045
G1 F1800 X89.394 Y78.615 E3836.71396
G0 F7200 X89.534 Y77.909
G1 F1800 X89.68 Y77.763 E3836.7277
G0 F7200 X90.479 Y78.661
G1 F1800 X87.15 Y81.99 E3837.04087
G0 F7200 X87.514 Y82.192
G1 F1800 X90.677 Y79.029 E3837.33842
G0 F7200 X90.831 Y79.441
G1 F1800 X87.936 Y82.336 E3837.61077
G0 F7200 X88.432 Y82.405
G1 F1800 X90.899 Y79.938 E3837.84285
G0 F7200 X90.985 Y80.418
G1 F1800 X88.915 Y82.488 E3838.03758
G1 X88.845 Y82.558
G0 F7200 X89.339 Y83.24
G0 X89.339 Y126.76
G0 X89.268 Y131.587
G1 F1800 X88.923 Y130.787 E3838.09553
G1 X88.394 Y130.103 E3838.15305
G1 X87.748 Y129.598 E3838.2076
G1 X86.872 Y129.216 E3838.27117
G1 X86.029 Y129.109 E3838.3277
G1 X85.637 Y129.153 E3838.35394
G1 X86.599 Y128.193 E3838.44434
G1 X87.049 Y127.823 E3838.48309
G1 X87.497 Y127.578 E3838.51706
G1 X87.979 Y127.437 E3838.55047
G1 X88.776 Y127.353 E3838.60378
G1 X89.266 Y127.142 E3838.63927
G1 X89.404 Y127.372 E3838.65711
G1 X89.605 Y127.592 E3838.67693
G1 X90.171 Y127.994 E3838.72311
G1 X90.498 Y128.318 E3838.75373
G1 X90.86 Y128.832 E3838.79555
G1 X91.089 Y129.069 E3838.81747
G1 X91.358 Y129.234 E3838.83847
G1 X91.15 Y129.7 E3838.87241
G1 X91.017 Y130.667 E3838.93734
G1 X90.753 Y131.302 E3838.98309
G1 X90.293 Y131.899 E3839.03322
G1 X89.343 Y132.85 E3839.12264
G1 X89.383 Y132.465 E3839.14839
G1 X89.268 Y131.587 E3839.20729
G0 F7200 X90.599 Y131.15
G1 F1800 X89.55 Y132.199 E3839.30598
G0 F7200 X89.484 Y131.699
G1 F1800 X90.863 Y130.32 E3839.4357
G0 F7200 X90.956 Y129.661
G1 F1800 X89.349 Y131.268 E3839.58688
G0 F7200 X89.179 Y130.873
G1 F1800 X90.91 Y129.142 E3839.74972
G0 F7200 X90.631 Y128.855
G1 F1800 X88.97 Y130.516 E3839.90598
G0 F7200 X88.724 Y130.197
G1 F1800 X90.397 Y128.523 E3840.06341
G0 F7200 X90.125 Y128.23
G1 F1800 X88.452 Y129.903 E3840.2208
G0 F7200 X88.137 Y129.652
G1 F1800 X89.808 Y127.981 E3840.37799
G0 F7200 X89.478 Y127.745
G1 F1800 X87.82 Y129.403 E3840.53397
G0 F7200 X87.422 Y129.235
G1 F1800 X89.22 Y127.438 E3840.70307
G0 F7200 X88.512 Y127.58
G1 F1800 X87.024 Y129.067 E3840.843
G0 F7200 X86.551 Y128.975
G1 F1800 X87.84 Y127.686 E3840.96426
G1 X87.91 Y127.616
G0 F7200 X91.524 Y128.845
G0 X205.237 Y129.16
G0 X207.726 Y131.604
G1 F1800 X207.609 Y132.469 E3841.02233
G1 X207.651 Y132.85 E3841.04782
G1 X206.703 Y131.899 E3841.13715
G1 X206.243 Y131.302 E3841.18728
G1 X205.979 Y130.666 E3841.23309
G1 X205.831 Y129.656 E3841.30099
G1 X205.634 Y129.233 E3841.33203
G1 X206.067 Y128.917 E3841.36769
G1 X206.497 Y128.322 E3841.41652
G1 X206.822 Y127.998 E3841.44705
G1 X207.359 Y127.613 E3841.491
G1 X207.605 Y127.359 E3841.51452
G1 X207.738 Y127.136 E3841.5318
G1 X208.195 Y127.342 E3841.56514
G1 X209.166 Y127.479 E3841.63037
G1 X209.802 Y127.743 E3841.67618
G1 X210.399 Y128.203 E3841.72631
G1 X211.35 Y129.15 E3841.81559
G1 X210.969 Y129.109 E3841.84108
G1 X210.081 Y129.229 E3841.90069
G1 X209.262 Y129.589 E3841.9602
G1 X208.602 Y130.099 E3842.01568
G1 X208.074 Y130.778 E3842.0729
G1 X207.726 Y131.604 E3842.13252
G0 F7200 X207.249 Y132.162
G1 F1800 X207.48 Y131.931 E3842.15425
G0 F7200 X206.967 Y131.879
G1 F1800 X207.697 Y131.149 E3842.22293
G1 X207.767 Y131.079
G0 F7200 X206.706 Y131.574
G1 F1800 X210.074 Y128.206 E3842.53977
G0 F7200 X210.38 Y128.466
G1 F1800 X209.647 Y129.199 E3842.60872
G1 X209.577 Y129.269
G0 F7200 X210.431 Y128.981
G1 F1800 X210.663 Y128.748 E3842.6306
G0 F7200 X209.755 Y127.959
G1 F1800 X206.46 Y131.255 E3842.94062
G0 F7200 X206.28 Y130.868
G1 F1800 X209.369 Y127.779 E3843.23121
G0 F7200 X208.935 Y127.648
G1 F1800 X206.148 Y130.434 E3843.49335
G0 F7200 X206.078 Y129.939
G1 F1800 X208.44 Y127.578 E3843.7155
G0 F7200 X207.987 Y127.464
G1 F1800 X205.967 Y129.484 E3843.90553
G1 X205.897 Y129.554
G0 F7200 X207.345 Y126.976
G0 X207.66 Y83.263
G0 X210.085 Y80.767
G1 F1800 X210.969 Y80.883 E3843.96484
G1 X211.357 Y80.84 E3843.99081
G1 X210.407 Y81.789 E3844.08013
G1 X209.803 Y82.253 E3844.1308
G1 X209.167 Y82.517 E3844.1766
G1 X208.204 Y82.649 E3844.24126
G1 X207.735 Y82.856 E3844.27536
G1 X207.6 Y82.629 E3844.29293
G1 X207.353 Y82.377 E3844.3164
G1 X206.822 Y81.998 E3844.3598
G1 X206.494 Y81.67 E3844.39066
G1 X206.067 Y81.079 E3844.43916
G1 X205.634 Y80.764 E3844.47478
G1 X205.831 Y80.34 E3844.50588
G1 X205.979 Y79.326 E3844.57404
G1 X206.243 Y78.69 E3844.61985
G1 X206.703 Y78.093 E3844.66998
G1 X207.65 Y77.142 E3844.75926
G1 X207.609 Y77.479 E3844.78184
G1 X207.728 Y78.41 E3844.84428
G1 X208.089 Y79.23 E3844.90388
G1 X208.586 Y79.878 E3844.9582
G1 X209.3 Y80.428 E3845.01815
G1 X210.085 Y80.767 E3845.07503
G0 F7200 X210.19 Y81.704
G1 F1800 X210.829 Y81.065 E3845.13515
G0 F7200 X210.329 Y80.999
G1 F1800 X208.988 Y82.34 E3845.2613
G0 F7200 X208.332 Y82.43
G1 F1800 X209.871 Y80.892 E3845.40603
G0 F7200 X209.475 Y80.721
G1 F1800 X207.712 Y82.485 E3845.57193
G0 F7200 X207.44 Y82.191
G1 F1800 X209.099 Y80.532 E3845.728
G0 F7200 X208.781 Y80.284
G1 F1800 X207.108 Y81.957 E3845.88538
G0 F7200 X206.803 Y81.696
G1 F1800 X208.463 Y80.037 E3846.0415
G0 F7200 X208.212 Y79.722
G1 F1800 X206.542 Y81.392 E3846.1986
G0 F7200 X206.305 Y81.063
G1 F1800 X207.967 Y79.401 E3846.35495
G0 F7200 X207.776 Y79.026
G1 F1800 X206.011 Y80.791 E3846.52099
G0 F7200 X206.06 Y80.177
G1 F1800 X207.607 Y78.63 E3846.66653
G0 F7200 X207.495 Y78.176
G1 F1800 X206.154 Y79.517 E3846.79268
G1 X206.084 Y79.587
G0 F7200 X206.764 Y78.342
G1 F1800 X207.427 Y77.679 E3846.85505
G1 X207.497 Y77.609
;MESH:NONMESH
G0 F600 X207.497 Y77.609 Z25
G0 F7200 X205.237 Y80.84
G0 X91.763 Y80.84
G0 X88.02 Y75.48
G0 X86.74 Y74.741
G0 X85.26 Y74.741
G0 X84.092 Y75.394
G0 X83.145 Y76.592
;TIME_ELAPSED:5959.964012
;LAYER:62
;TYPE:WALL-INNER
;MESH:manette_1-Body_(Meshed).stl
G1 F3582.1 X83.403 Y75.963 E3846.9005
G1 F3445 X83.867 Y75.367 E3846.95301
G1 F3461.5 X84.469 Y74.898 E3847.0058
G1 F3654.8 X85.183 Y74.617 E3847.05608
G1 F3829.8 X85.735 Y74.54 E3847.09093
G1 F2790.7 X86.113 Y74.374 E3847.12635
G1 F2758.6 X85.716 Y74.163 E3847.16538
G1 F3750 X84.939 Y74.267 E3847.21544
G1 F3546.8 X84.177 Y74.592 E3847.27138
G1 F3388.2 X83.564 Y75.064 E3847.32606
G1 X83.092 Y75.677 E3847.38074
G1 F3486.7 X82.786 Y76.394 E3847.43428
G1 F3654.8 X82.659 Y77.24 E3847.49033
G1 F2742.9 X82.876 Y77.639 E3847.52999
G1 F2796.1 X83.037 Y77.272 E3847.56431
G1 F3789.5 X83.145 Y76.592 E3847.60782
G0 F7200 X82.876 Y77.639
G1 F2253.5 X82.925 Y78.018 E3847.64843
G1 F2585.3 X83.19 Y78.733 E3847.71906
G1 F3044.4 X83.606 Y79.317 E3847.77546
G1 F3380.3 X83.973 Y79.709 E3847.81351
G1 F3257.9 X84.364 Y80.052 E3847.85174
G0 F7200 X85.26 Y80.259
G0 X86.809 Y80.296
G0 X86.691 Y80.01
G1 F3600 X86.003 Y80.101 E3847.8979
G1 X85.321 Y80.018 E3847.9436
G1 X84.694 Y79.753 E3847.98888
G1 X84.159 Y79.337 E3848.03397
G1 X83.745 Y78.807 E3848.0787
G1 X83.478 Y78.17 E3848.12465
G1 X83.395 Y77.5 E3848.16956
G1 X83.478 Y76.825 E3848.2148
G1 X83.747 Y76.188 E3848.26079
G1 X84.159 Y75.659 E3848.3054
G1 X84.699 Y75.242 E3848.35078
G1 X85.335 Y74.977 E3848.39661
G1 X86.008 Y74.896 E3848.4417
G1 X86.671 Y74.978 E3848.48614
G1 X87.308 Y75.247 E3848.53214
G1 X87.841 Y75.655 E3848.57679
G1 X88.253 Y76.193 E3848.62187
G1 X88.518 Y76.821 E3848.66721
G1 X88.601 Y77.502 E3848.71284
G1 X88.512 Y78.19 E3848.75899
G1 X88.245 Y78.814 E3848.80414
G1 X87.855 Y79.319 E3848.84658
G1 X87.319 Y79.742 E3848.892
G1 X86.691 Y80.01 E3848.93742
G0 F7200 X86.809 Y80.296
G0 X89.587 Y83.054
G1 F3600 X89.719 Y82.838 E3848.95426
G1 X89.895 Y82.666 E3848.97063
G1 X90.42 Y82.293 E3849.01347
G1 X90.793 Y81.919 E3849.04861
G1 X91.203 Y81.344 E3849.09559
G1 X91.559 Y81.085 E3849.12487
G1 X91.964 Y81 E3849.1524
G1 X92.5 Y81 E3849.18805
G1 X92 Y80.866 E3849.22249
G1 X91.692 Y80.59 E3849.25
G1 X91.525 Y80.226 E3849.27664
G1 X91.39 Y79.227 E3849.3437
G1 X91.087 Y78.501 E3849.39603
G1 X90.578 Y77.837 E3849.45168
G1 X89.14 Y76.399 E3849.58696
G1 F3445 X88.756 Y76.04 E3849.6235
G1 F3144.1 X88.581 Y75.897 E3849.64071
G1 F3116.9 X88.91 Y76.733 E3849.70974
G1 F3428.6 X89.005 Y77.51 E3849.76442
G1 F3600 X88.898 Y78.301 E3849.81751
G1 X88.594 Y79.016 E3849.86919
G1 X88.115 Y79.634 E3849.92121
G1 X87.523 Y80.088 E3849.97083
G1 X86.78 Y80.408 E3850.02465
G1 X86 Y80.504 E3850.07692
G1 F3512.2 X85.232 Y80.41 E3850.12968
G1 F3364.5 X84.382 Y80.074 E3850.19474
G1 F3341.1 X84.536 Y80.26 E3850.21204
G1 F3495.1 X84.899 Y80.64 E3850.24805
G1 F3600 X86.34 Y82.081 E3850.38361
G1 X86.84 Y82.489 E3850.42654
G1 X87.354 Y82.767 E3850.46541
G1 X87.913 Y82.934 E3850.50422
G1 X88.682 Y83.013 E3850.55564
G1 X89.085 Y83.189 E3850.5849
G1 X89.366 Y83.5 E3850.61278
G1 X89.5 Y84 E3850.64721
G1 X89.5 Y83.464 E3850.68287
G1 X89.587 Y83.054 E3850.71075
G0 F7200 X89.5 Y84
G1 F3600 X89.5 Y126 E3853.5046
G1 F3538.1 X89.493 Y126.174 E3853.51638
G0 F7200 X89.655 Y126.976
G0 X91.524 Y128.845
G0 X92.326 Y129.007
G1 F3529.4 X92.5 Y129 E3853.5282
G1 F3600 X204.496 Y129 E3860.9782
G0 F7200 X205.272 Y128.551
G1 F3600 X205.032 Y128.6 E3860.9945
G1 X91.964 Y128.6 E3868.51581
G1 X91.722 Y128.549 E3868.53226
G1 X91.539 Y128.441 E3868.5464
G1 X91.099 Y127.816 E3868.59724
G1 X90.679 Y127.396 E3868.63675
G1 X90.094 Y126.975 E3868.6847
G1 X89.953 Y126.779 E3868.70076
G1 X89.9 Y126.532 E3868.71756
G1 X89.9 Y83.464 E3871.58246
G1 X89.952 Y83.218 E3871.59918
G1 X90.093 Y83.022 E3871.61525
G1 X90.679 Y82.6 E3871.66328
G1 X91.1 Y82.179 E3871.70289
G1 X91.487 Y81.634 E3871.74735
G1 X91.721 Y81.451 E3871.76711
G1 X91.964 Y81.4 E3871.78363
G1 X205.032 Y81.4 E3879.30494
G1 X205.273 Y81.45 E3879.32131
G1 X205.47 Y81.588 E3879.33731
G1 X205.896 Y82.179 E3879.38578
G1 X206.317 Y82.599 E3879.42533
G1 X206.91 Y83.025 E3879.4739
G1 X207.049 Y83.221 E3879.48989
G1 X207.1 Y83.464 E3879.50641
G1 X207.1 Y126.532 E3882.3713
G1 X207.051 Y126.772 E3882.38759
G1 X206.942 Y126.956 E3882.40182
G1 X206.317 Y127.397 E3882.4527
G1 X205.897 Y127.817 E3882.49221
G1 X205.507 Y128.368 E3882.53712
G1 X205.272 Y128.551 E3882.55693
G0 F7200 X205.272 Y128.91
G0 X205.469 Y129.77
G1 F3600 X205.61 Y130.769 E3882.62404
G1 X205.91 Y131.494 E3882.67624
G1 X206.421 Y132.158 E3882.73197
G1 X207.857 Y133.597 E3882.8672
G1 F3495.1 X208.236 Y133.96 E3882.90316
G1 F3341.1 X208.421 Y134.113 E3882.92037
G1 F3364.5 X208.085 Y133.258 E3882.98575
G1 F3512.2 X207.992 Y132.492 E3883.03837
G1 F3600 X208.098 Y131.695 E3883.09185
G1 X208.403 Y130.979 E3883.14362
G1 X208.884 Y130.36 E3883.19577
G1 X209.482 Y129.901 E3883.24591
G1 X210.195 Y129.598 E3883.29745
G1 X210.997 Y129.491 E3883.35127
G1 F3512.2 X211.764 Y129.586 E3883.40396
G1 F3364.5 X212.614 Y129.922 E3883.46902
G1 F3341.1 X212.46 Y129.736 E3883.48633
G1 F3495.1 X212.096 Y129.358 E3883.52228
G1 F3600 X210.658 Y127.921 E3883.65751
G1 X209.995 Y127.41 E3883.7132
G1 X209.269 Y127.11 E3883.76545
G1 X208.27 Y126.97 E3883.83255
G1 X207.906 Y126.801 E3883.85925
G1 X207.634 Y126.496 E3883.88643
G1 F3529.4 X207.507 Y126.17 E3883.91017
G1 X207.5 Y126.532 E3883.93474
G1 F3600 X207.417 Y126.932 E3883.96191
G1 X207.153 Y127.297 E3883.99188
G1 X206.575 Y127.704 E3884.0389
G1 X206.204 Y128.075 E3884.07381
G1 X205.83 Y128.605 E3884.11696
G1 X205.648 Y128.788 E3884.13412
G1 X205.432 Y128.917 E3884.15086
G1 X205.032 Y129 E3884.17803
G1 X204.496 Y129 E3884.21369
G1 X204.996 Y129.134 E3884.24812
G1 X205.301 Y129.406 E3884.27531
G1 X205.469 Y129.77 E3884.30198
G0 F7200 X207.345 Y126.976
G0 X207.507 Y126.17
G1 F3529.4 X207.5 Y125.996 E3884.31379
G1 F3600 X207.5 Y84 E3887.10738
G0 F7200 X208.274 Y83.025
G1 F3600 X209.269 Y82.89 E3887.17417
G1 X209.994 Y82.587 E3887.22644
G1 X210.663 Y82.074 E3887.28252
G1 X212.097 Y80.64 E3887.41742
G1 F3495.1 X212.46 Y80.26 E3887.45343
G1 F3341.1 X212.614 Y80.074 E3887.47074
G1 F3364.5 X211.764 Y80.41 E3887.53579
G1 F3512.2 X210.997 Y80.505 E3887.58849
G1 F3600 X210.198 Y80.399 E3887.6421
G1 X209.479 Y80.093 E3887.69408
G1 X208.86 Y79.612 E3887.74623
G1 X208.401 Y79.014 E3887.79638
G1 X208.098 Y78.301 E3887.84791
G1 X207.992 Y77.501 E3887.90159
G1 F3512.2 X208.086 Y76.732 E3887.95441
G1 F3364.5 X208.422 Y75.882 E3888.01947
G1 F3341.1 X208.236 Y76.036 E3888.03678
G1 F3495.1 X207.858 Y76.4 E3888.07273
G1 F3600 X206.421 Y77.838 E3888.20796
G1 X205.91 Y78.501 E3888.26365
G1 X205.61 Y79.227 E3888.3159
G1 X205.47 Y80.23 E3888.38327
G1 X205.301 Y80.593 E3888.4099
G1 X204.996 Y80.866 E3888.43713
G1 F3529.4 X204.67 Y80.993 E3888.46087
G1 X205.032 Y81 E3888.48544
G1 F3600 X205.433 Y81.083 E3888.51268
G1 X205.649 Y81.212 E3888.52941
G1 X205.824 Y81.388 E3888.54592
G1 X206.203 Y81.92 E3888.58937
G1 X206.575 Y82.292 E3888.62437
G1 X207.156 Y82.702 E3888.67167
G1 X207.415 Y83.059 E3888.70101
G1 X207.5 Y83.464 E3888.72854
G1 X207.5 Y84 E3888.76419
G1 X207.634 Y83.5 E3888.79863
G1 X207.91 Y83.192 E3888.82614
G1 X208.274 Y83.025 E3888.85278
G0 F7200 X205.476 Y81.155
G0 X204.67 Y80.993
G1 F3529.4 X204.496 Y81 E3888.86459
G1 F3600 X92.5 Y81 E3896.3146
G0 F7200 X88.581 Y75.897
G1 F3257.9 X88.118 Y75.377 E3896.36577
G1 F3404.3 X87.622 Y74.957 E3896.41149
G1 F2874.3 X87.128 Y74.651 E3896.45991
G1 F2465.8 X86.516 Y74.424 E3896.5233
G1 F2257.1 X86.113 Y74.374 E3896.56639
G0 F7200 X87.429 Y75.027
G0 X88.473 Y76.071
G0 X89.339 Y83.24
G0 X89.339 Y126.76
G0 X84.364 Y129.944
G1 F3295.2 X83.877 Y130.378 E3896.6138
G1 F3348.8 X83.354 Y131.02 E3896.67301
G1 F2823.5 X83.151 Y131.367 E3896.70711
G1 F2360.7 X82.911 Y132.087 E3896.7841
G1 F2175.2 X82.874 Y132.391 E3896.81781
G0 F7200 X83.527 Y133.929
G0 X85.092 Y135.352
G1 F3564.4 X84.468 Y135.098 E3896.86308
G1 F3436.8 X83.868 Y134.631 E3896.91606
G1 F3388.2 X83.447 Y134.09 E3896.96451
G1 F3486.7 X83.168 Y133.471 E3897.01114
G1 F3720.9 X83.041 Y132.769 E3897.05705
G1 F2790.7 X82.874 Y132.391 E3897.09251
G1 F2769.2 X82.663 Y132.79 E3897.13154
G1 F3750 X82.767 Y133.557 E3897.18097
G1 F3546.8 X83.092 Y134.319 E3897.23691
G1 F3388.2 X83.565 Y134.934 E3897.29174
G1 F3380.3 X84.179 Y135.409 E3897.34674
G1 F3478.3 X84.893 Y135.713 E3897.40016
G1 F3645.6 X85.761 Y135.841 E3897.4578
G1 F2732.4 X86.177 Y135.617 E3897.49921
G1 F2790.7 X85.8 Y135.459 E3897.53428
G1 F3789.5 X85.092 Y135.352 E3897.57953
G0 F7200 X86.177 Y135.617
G1 F2307.7 X86.754 Y135.495 E3897.64073
G1 F2521.9 X87.125 Y135.348 E3897.67863
G1 F2857.1 X87.82 Y134.887 E3897.74853
G1 F3380.3 X88.209 Y134.523 E3897.78627
G1 F3257.9 X88.552 Y134.132 E3897.8245
G0 F7200 X89.005 Y132.497
G1 F3512.2 X88.91 Y133.264 E3897.8772
G1 F3364.5 X88.574 Y134.114 E3897.94225
G1 F3341.1 X88.76 Y133.96 E3897.95956
G1 F3495.1 X89.14 Y133.597 E3897.99557
G1 F3600 X90.578 Y132.159 E3898.13085
G1 X91.087 Y131.495 E3898.1865
G1 X91.389 Y130.769 E3898.23881
G1 X91.525 Y129.774 E3898.30561
G1 X91.693 Y129.409 E3898.33234
G1 X92 Y129.134 E3898.35975
G1 F3529.4 X92.326 Y129.007 E3898.38349
G1 X91.964 Y129 E3898.40806
G1 F3600 X91.56 Y128.915 E3898.43552
G1 X91.344 Y128.786 E3898.45226
G1 X91.166 Y128.605 E3898.46915
G1 X90.792 Y128.075 E3898.51229
G1 X90.42 Y127.703 E3898.54729
G1 X89.897 Y127.331 E3898.58998
G1 X89.72 Y127.16 E3898.60635
G1 X89.588 Y126.943 E3898.62325
G1 X89.5 Y126.532 E3898.65121
G1 F3529.4 X89.493 Y126.174 E3898.67551
G1 X89.368 Y126.497 E3898.699
G1 F3600 X89.088 Y126.81 E3898.72694
G1 X88.682 Y126.988 E3898.75643
G1 X87.91 Y127.062 E3898.80802
G1 X87.354 Y127.229 E3898.84664
G1 X86.84 Y127.507 E3898.88551
G1 X86.34 Y127.915 E3898.92844
G1 X84.899 Y129.356 E3899.064
G1 F3495.1 X84.536 Y129.736 E3899.1
G1 F3341.1 X84.382 Y129.922 E3899.11731
G1 F3364.5 X85.232 Y129.586 E3899.18237
G1 F3512.2 X86 Y129.492 E3899.23512
G1 F3600 X86.781 Y129.588 E3899.28747
G1 X87.524 Y129.909 E3899.34131
G1 X88.126 Y130.37 E3899.39174
G1 X88.595 Y130.982 E3899.44303
G1 X88.898 Y131.695 E3899.49457
G1 X89.005 Y132.497 E3899.54839
G0 F7200 X88.473 Y133.929
G0 X87.685 Y134.777
G0 X86.8 Y135.3
G0 X86.682 Y135.014
G1 F3600 X85.998 Y135.101 E3899.59426
G1 X85.324 Y135.018 E3899.63943
G1 X84.689 Y134.75 E3899.68528
G1 X84.16 Y134.338 E3899.72988
G1 X83.742 Y133.797 E3899.77536
G1 X83.477 Y133.162 E3899.82113
G1 X83.396 Y132.491 E3899.86609
G1 X83.482 Y131.814 E3899.91148
G1 X83.753 Y131.179 E3899.95741
G1 X84.159 Y130.659 E3900.0013
G1 X84.689 Y130.245 E3900.04603
G1 X85.321 Y129.978 E3900.09167
G1 X86.003 Y129.895 E3900.13737
G1 X86.691 Y129.986 E3900.18354
G1 X87.316 Y130.252 E3900.22872
G1 X87.848 Y130.664 E3900.27348
G1 X88.248 Y131.187 E3900.31728
G1 X88.512 Y131.811 E3900.36235
G1 X88.601 Y132.498 E3900.40843
G1 X88.517 Y133.176 E3900.45388
G1 X88.252 Y133.804 E3900.49922
G1 X87.839 Y134.344 E3900.54444
G1 X87.28 Y134.761 E3900.59083
G1 X86.682 Y135.014 E3900.63403
G0 F7200 X86.8 Y135.3
G0 X87.934 Y135.021
G0 X91.763 Y129.16
G0 X205.237 Y129.16
G0 X208.444 Y134.132
G1 F3287.7 X208.877 Y134.619 E3900.68149
G1 F3341.1 X209.516 Y135.141 E3900.74063
G1 F2812.5 X209.87 Y135.348 E3900.77555
G1 F2345.3 X210.585 Y135.587 E3900.85253
G1 F2158.9 X210.861 Y135.621 E3900.88337
G0 F7200 X211.701 Y135.326
G0 X211.661 Y135.02
G1 F3600 X210.992 Y135.1 E3900.92819
G1 X210.313 Y135.013 E3900.97373
G1 X209.682 Y134.746 E3901.01931
G1 X209.159 Y134.337 E3901.06347
G1 X208.744 Y133.806 E3901.1083
G1 X208.478 Y133.171 E3901.1541
G1 X208.395 Y132.499 E3901.19914
G1 X208.484 Y131.806 E3901.24562
G1 X208.751 Y131.181 E3901.29083
G1 X209.159 Y130.659 E3901.3349
G1 X209.681 Y130.251 E3901.37897
G1 X210.306 Y129.984 E3901.42418
G1 X210.999 Y129.895 E3901.47066
G1 X211.675 Y129.979 E3901.51597
G1 X212.301 Y130.242 E3901.56114
G1 X212.844 Y130.657 E3901.6066
G1 X213.261 Y131.216 E3901.65299
G1 X213.515 Y131.817 E3901.6964
G1 X213.6 Y132.496 E3901.74191
G1 X213.521 Y133.161 E3901.78646
G1 X213.258 Y133.792 E3901.83194
G1 X212.841 Y134.339 E3901.87769
G1 X212.3 Y134.755 E3901.92309
G1 X211.661 Y135.02 E3901.9691
G0 F7200 X211.88 Y135.37
G1 F3730.6 X211.246 Y135.457 E3902.01018
G1 F2779.9 X210.861 Y135.621 E3902.04623
G1 F2748.1 X211.272 Y135.835 E3902.08661
G1 F3740.3 X212.058 Y135.733 E3902.13736
G1 F3538.1 X212.817 Y135.409 E3902.19321
G1 F3380.3 X213.433 Y134.933 E3902.24837
G1 X213.909 Y134.317 E3902.30352
G1 F3546.8 X214.23 Y133.564 E3902.35878
G1 F3740.3 X214.335 Y132.779 E3902.40949
G1 F2742.9 X214.121 Y132.361 E3902.45049
G1 F2769.2 X213.956 Y132.755 E3902.48743
G1 F3829.8 X213.882 Y133.309 E3902.52238
G1 F3673.5 X213.599 Y134.027 E3902.57269
G1 F3461.5 X213.129 Y134.629 E3902.62553
G1 F3380.3 X212.587 Y135.052 E3902.67423
G1 F3478.3 X211.88 Y135.37 E3902.72761
G0 F7200 X213.02 Y134.52
G0 X214.121 Y132.361
G1 F2152.5 X214.087 Y132.085 E3902.75855
G1 F2337.7 X213.848 Y131.37 E3902.83577
G1 F2818 X213.641 Y131.016 E3902.87062
G1 F3356.6 X213.118 Y130.376 E3902.92959
G1 F3287.7 X212.632 Y129.944 E3902.97695
G0 F7200 X207.66 Y126.737
G0 X207.66 Y83.263
G0 X212.632 Y80.052
G1 F3151 X213.273 Y79.481 E3903.04219
G1 F3144.1 X213.686 Y78.904 E3903.09624
G1 F2637.4 X213.895 Y78.544 E3903.13404
G1 F2250 X214.087 Y77.914 E3903.20413
G1 F2162.2 X214.119 Y77.66 E3903.23249
G0 F7200 X213.853 Y76.591
G1 F3789.5 X213.959 Y77.284 E3903.27679
G1 F2796.1 X214.119 Y77.66 E3903.31179
G1 F2737.6 X214.339 Y77.247 E3903.35272
G1 F3636.4 X214.214 Y76.393 E3903.40956
G1 F3461.5 X213.908 Y75.679 E3903.4633
G1 F3380.3 X213.434 Y75.065 E3903.51825
G1 F3396.2 X212.819 Y74.592 E3903.57296
G1 F3478.3 X212.102 Y74.285 E3903.62666
G1 F3645.6 X211.267 Y74.16 E3903.68212
G1 F2748.1 X210.862 Y74.376 E3903.72212
G1 F2801.6 X211.238 Y74.538 E3903.75711
G1 F3789.5 X211.904 Y74.645 E3903.79974
G1 F3582.1 X212.533 Y74.902 E3903.84517
G1 F3445 X213.131 Y75.368 E3903.89787
G1 X213.593 Y75.961 E3903.95012
G1 F3573.2 X213.853 Y76.591 E3903.9958
G0 F7200 X213.02 Y75.48
G0 X210.862 Y74.376
G1 F2257.1 X210.479 Y74.425 E3904.03677
G1 F2589.9 X209.764 Y74.689 E3904.10724
G1 F3044.4 X209.179 Y75.106 E3904.16375
G1 F3412.3 X208.876 Y75.378 E3904.19232
G1 F3287.7 X208.444 Y75.864 E3904.23969
G0 F7200 X208.143 Y77.5
G0 X207.66 Y83.263
G0 X207.345 Y126.976
G0 X205.389 Y129.779
G0 X205.077 Y129.818
G1 F3600 X205.221 Y130.874 E3904.31058
G1 X205.561 Y131.696 E3904.36976
G1 X206.12 Y132.423 E3904.43076
G1 X208.898 Y135.204 E3904.69224
G1 X209.628 Y135.768 E3904.7536
G1 X210.448 Y136.106 E3904.8126
G1 X211.328 Y136.219 E3904.87162
G1 X212.208 Y136.107 E3904.93063
G1 X213.024 Y135.768 E3904.98941
G1 X213.728 Y135.228 E3905.04843
G1 X214.268 Y134.524 E3905.10745
G1 X214.606 Y133.708 E3905.1662
G1 X214.718 Y132.828 E3905.22521
G1 X214.607 Y131.948 E3905.28421
G1 X214.268 Y131.127 E3905.3433
G1 X213.708 Y130.402 E3905.40424
G1 X210.923 Y127.62 E3905.66609
G1 X210.197 Y127.06 E3905.72708
G1 X209.374 Y126.721 E3905.78629
G1 X208.362 Y126.581 E3905.85425
G1 X208.143 Y126.479 E3905.87032
G1 X207.98 Y126.296 E3905.88662
G1 X207.9 Y126.078 E3905.90207
G1 X207.9 Y84 E3908.70111
G1 X207.98 Y83.7 E3908.72177
G1 X208.146 Y83.515 E3908.7383
G1 X208.364 Y83.415 E3908.75425
G1 X209.374 Y83.279 E3908.82205
G1 X210.196 Y82.936 E3908.88129
G1 X210.927 Y82.375 E3908.94259
G1 X213.708 Y79.595 E3909.20416
G1 X214.268 Y78.868 E3909.26521
G1 X214.606 Y78.052 E3909.32396
G1 X214.718 Y77.172 E3909.38297
G1 X214.607 Y76.288 E3909.44224
G1 X214.268 Y75.471 E3909.50107
G1 X213.728 Y74.769 E3909.55999
G1 X213.026 Y74.233 E3909.61874
G1 X212.207 Y73.893 E3909.67773
G1 X211.328 Y73.778 E3909.7367
G1 X210.449 Y73.894 E3909.79568
G1 X209.626 Y74.232 E3909.85486
G1 X208.901 Y74.789 E3909.91568
G1 X206.12 Y77.573 E3910.17744
G1 X205.56 Y78.299 E3910.23843
G1 X205.221 Y79.122 E3910.29764
G1 X205.081 Y80.138 E3910.36586
G1 X204.979 Y80.356 E3910.38187
G1 X204.796 Y80.52 E3910.39822
G1 X204.578 Y80.6 E3910.41367
G1 X92.5 Y80.6 E3917.86913
G1 X92.2 Y80.52 E3917.88978
G1 X92.015 Y80.354 E3917.90631
G1 X91.915 Y80.136 E3917.92227
G1 X91.779 Y79.122 E3917.99032
G1 X91.436 Y78.299 E3918.04963
G1 X90.879 Y77.573 E3918.1105
G1 X88.095 Y74.789 E3918.3724
G1 X87.369 Y74.233 E3918.43323
G1 X86.551 Y73.893 E3918.49216
G1 X85.672 Y73.778 E3918.55113
G1 X84.789 Y73.894 E3918.61037
G1 X83.97 Y74.233 E3918.66933
G1 X83.269 Y74.769 E3918.72803
G1 X82.733 Y75.47 E3918.78673
G1 X82.394 Y76.289 E3918.8457
G1 X82.278 Y77.172 E3918.90494
G1 X82.393 Y78.051 E3918.96391
G1 X82.732 Y78.869 E3919.02281
G1 X83.289 Y79.595 E3919.08368
G1 X86.071 Y82.378 E3919.34544
G1 X86.616 Y82.823 E3919.39224
G1 X87.2 Y83.138 E3919.43638
G1 X87.834 Y83.328 E3919.48041
G1 X88.632 Y83.414 E3919.5338
G1 X88.851 Y83.513 E3919.54979
G1 X89.02 Y83.7 E3919.56655
G1 X89.1 Y84 E3919.58721
G1 X89.1 Y126.082 E3922.38651
G1 X89.021 Y126.299 E3922.40188
G1 X88.853 Y126.486 E3922.4186
G1 X88.633 Y126.586 E3922.43467
G1 X87.833 Y126.668 E3922.48817
G1 X87.2 Y126.857 E3922.53211
G1 X86.616 Y127.173 E3922.57628
G1 X86.071 Y127.618 E3922.62309
G1 X83.288 Y130.4 E3922.88485
G1 X82.733 Y131.126 E3922.94564
G1 X82.394 Y131.949 E3923.00484
G1 X82.278 Y132.828 E3923.06382
G1 X82.394 Y133.707 E3923.1228
G1 X82.733 Y134.526 E3923.18176
G1 X83.269 Y135.228 E3923.24052
G1 X83.972 Y135.768 E3923.29948
G1 X84.788 Y136.106 E3923.35824
G1 X85.672 Y136.219 E3923.41752
G1 X86.552 Y136.107 E3923.47653
G1 X87.368 Y135.768 E3923.53531
G1 X88.099 Y135.204 E3923.59672
G1 X90.879 Y132.423 E3923.8583
G1 X91.436 Y131.697 E3923.91917
G1 X91.779 Y130.874 E3923.97848
G1 X91.915 Y129.864 E3924.04627
G1 X92.016 Y129.645 E3924.06231
G1 X92.2 Y129.48 E3924.07875
G1 X92.418 Y129.4 E3924.0942
G1 X204.496 Y129.4 E3931.54966
G1 X204.796 Y129.48 E3931.57031
G1 X204.979 Y129.643 E3931.58661
G1 X205.077 Y129.818 E3931.59995
G0 F7200 X205.389 Y129.779
G0 X207.345 Y126.976
G0 X207.66 Y83.263
G0 X211.715 Y80.324
G0 X211.675 Y80.017
G1 F3600 X210.999 Y80.101 E3931.64527
G1 X210.306 Y80.012 E3931.69175
G1 X209.681 Y79.745 E3931.73696
G1 X209.159 Y79.337 E3931.78103
G1 X208.751 Y78.815 E3931.8251
G1 X208.484 Y78.19 E3931.87031
G1 X208.395 Y77.502 E3931.91646
G1 X208.478 Y76.821 E3931.96209
G1 X208.742 Y76.195 E3932.00729
G1 X209.155 Y75.655 E3932.05251
G1 X209.691 Y75.244 E3932.09744
G1 X210.326 Y74.978 E3932.14323
G1 X211.001 Y74.895 E3932.18847
G1 X211.67 Y74.978 E3932.23332
G1 X212.296 Y75.24 E3932.27846
G1 X212.838 Y75.66 E3932.32407
G1 X213.253 Y76.193 E3932.36901
G1 X213.518 Y76.821 E3932.41435
G1 X213.601 Y77.501 E3932.45992
G1 X213.517 Y78.175 E3932.5051
G1 X213.254 Y78.801 E3932.55027
G1 X212.837 Y79.337 E3932.59544
G1 X212.307 Y79.751 E3932.64018
G1 X211.675 Y80.017 E3932.68579
G0 F7200 X211.568 Y79.628
;TYPE:WALL-OUTER
G1 F1800 X210.975 Y79.695 E3932.72549
G1 X210.433 Y79.627 E3932.76182
G1 X209.906 Y79.407 E3932.79981
G1 X209.436 Y79.048 E3932.83915
G1 X209.083 Y78.578 E3932.87825
G1 X208.868 Y78.068 E3932.91507
G1 X208.801 Y77.475 E3932.95477
G1 X208.868 Y76.927 E3932.99149
G1 X209.083 Y76.418 E3933.02825
G1 X209.442 Y75.942 E3933.06791
G1 X209.918 Y75.583 E3933.10757
G1 X210.428 Y75.368 E3933.14438
G1 X211.025 Y75.301 E3933.18435
G1 X211.569 Y75.369 E3933.22082
G1 X212.108 Y75.598 E3933.25977
G1 X212.554 Y75.942 E3933.29724
G1 X212.891 Y76.379 E3933.33395
G1 X213.127 Y76.926 E3933.37358
G1 X213.195 Y77.475 E3933.41038
G1 X213.128 Y78.068 E3933.45007
G1 X212.913 Y78.578 E3933.48689
G1 X212.554 Y79.054 E3933.52655
G1 X212.078 Y79.413 E3933.56621
G1 X211.568 Y79.628 E3933.60303
G0 F7200 X211.37 Y79.65
G0 X211.462 Y80.357
G0 X207.66 Y83.263
G0 X207.345 Y126.976
G0 X205.762 Y128.548
G0 X205.178 Y128.138
G1 F1800 X205.089 Y128.2 E3933.61024
G1 X91.907 Y128.2 E3941.13914
G1 X91.817 Y128.137 E3941.14645
G1 X91.406 Y127.558 E3941.19368
G1 X90.938 Y127.09 E3941.2377
G1 X90.364 Y126.68 E3941.28463
G1 X90.3 Y126.591 E3941.29192
G1 X90.3 Y83.464 E3944.16074
G1 X90.352 Y83.323 E3944.17074
G1 X90.938 Y82.906 E3944.21858
G1 X91.406 Y82.438 E3944.26261
G1 X91.817 Y81.863 E3944.30962
G1 X91.964 Y81.8 E3944.32026
G1 X205.09 Y81.8 E3951.84543
G1 X205.178 Y81.862 E3951.85259
G1 X205.59 Y82.438 E3951.8997
G1 X206.058 Y82.906 E3951.94373
G1 X206.637 Y83.317 E3951.99096
G1 X206.7 Y83.464 E3952.0016
G1 X206.7 Y126.589 E3954.87029
G1 X206.638 Y126.678 E3954.8775
G1 X206.058 Y127.09 E3954.92483
G1 X205.59 Y127.558 E3954.96885
G1 X205.178 Y128.138 E3955.01618
G0 F7200 X205.089 Y128.2
G0 X204.997 Y128.2
G0 X204.997 Y128.91
G0 X205.403 Y129.882
G0 X204.695 Y129.973
G1 F1800 X204.831 Y130.979 E3955.08371
G1 X205.211 Y131.898 E3955.14986
G1 X205.819 Y132.687 E3955.21612
G1 X208.633 Y135.505 E3955.48103
G1 X209.426 Y136.117 E3955.54766
G1 X210.344 Y136.496 E3955.61373
G1 X211.328 Y136.622 E3955.67972
G1 X212.312 Y136.497 E3955.7457
G1 X213.226 Y136.117 E3955.81154
G1 X214.013 Y135.513 E3955.87754
G1 X214.617 Y134.726 E3955.94353
G1 X214.996 Y133.812 E3956.00935
G1 X215.122 Y132.828 E3956.07534
G1 X214.997 Y131.844 E3956.14132
G1 X214.617 Y130.925 E3956.20747
G1 X214.009 Y130.137 E3956.27368
G1 X211.187 Y127.319 E3956.53897
G1 X210.399 Y126.711 E3956.60518
G1 X209.479 Y126.331 E3956.67139
G1 X208.425 Y126.182 E3956.7422
G1 X208.302 Y126.031 E3956.75515
G1 X208.3 Y83.919 E3959.55646
G1 X208.454 Y83.805 E3959.5692
G1 X209.479 Y83.669 E3959.63798
G1 X210.398 Y83.285 E3959.70424
G1 X211.191 Y82.677 E3959.77071
G1 X214.009 Y79.859 E3960.03581
G1 X214.617 Y79.07 E3960.10207
G1 X214.996 Y78.156 E3960.16789
G1 X215.122 Y77.172 E3960.23388
G1 X214.997 Y76.184 E3960.30012
G1 X214.617 Y75.269 E3960.36603
G1 X214.013 Y74.483 E3960.43197
G1 X213.227 Y73.883 E3960.49775
G1 X212.311 Y73.503 E3960.56371
G1 X211.328 Y73.374 E3960.62966
G1 X210.345 Y73.504 E3960.69562
G1 X209.425 Y73.883 E3960.76181
G1 X208.637 Y74.487 E3960.82786
G1 X205.819 Y77.309 E3961.09314
G1 X205.211 Y78.097 E3961.15935
G1 X204.831 Y79.017 E3961.22556
G1 X204.682 Y80.075 E3961.29664
G1 X204.531 Y80.198 E3961.30959
G1 X92.418 Y80.2 E3968.76738
G1 X92.301 Y80.027 E3968.78127
G1 X92.169 Y79.017 E3968.84903
G1 X91.785 Y78.097 E3968.91535
G1 X91.181 Y77.309 E3968.98139
G1 X88.359 Y74.487 E3969.24687
G1 X87.571 Y73.883 E3969.31291
G1 X86.655 Y73.503 E3969.37888
G1 X85.672 Y73.374 E3969.44483
G1 X84.685 Y73.504 E3969.51105
G1 X83.769 Y73.883 E3969.57699
G1 X82.983 Y74.483 E3969.64277
G1 X82.383 Y75.269 E3969.70855
G1 X82.004 Y76.185 E3969.77449
G1 X81.874 Y77.172 E3969.84071
G1 X82.003 Y78.155 E3969.90666
G1 X82.383 Y79.071 E3969.97263
G1 X82.987 Y79.859 E3970.03868
G1 X85.803 Y82.675 E3970.30359
G1 X86.392 Y83.157 E3970.35422
G1 X87.046 Y83.51 E3970.40365
G1 X87.756 Y83.722 E3970.45294
G1 X88.544 Y83.804 E3970.50564
G1 X88.7 Y83.919 E3970.51854
G1 X88.698 Y126.035 E3973.3201
G1 X88.6 Y126.191 E3973.33236
G1 X87.755 Y126.274 E3973.38884
G1 X87.046 Y126.486 E3973.43807
G1 X86.392 Y126.839 E3973.4875
G1 X85.803 Y127.321 E3973.53813
G1 X82.987 Y130.136 E3973.80299
G1 X82.383 Y130.925 E3973.86909
G1 X82.004 Y131.845 E3973.93528
G1 X81.874 Y132.828 E3974.00124
G1 X82.004 Y133.811 E3974.0672
G1 X82.383 Y134.727 E3974.13314
G1 X82.983 Y135.513 E3974.19892
G1 X83.77 Y136.117 E3974.26491
G1 X84.684 Y136.496 E3974.33073
G1 X85.672 Y136.622 E3974.39698
G1 X86.656 Y136.497 E3974.46297
G1 X87.57 Y136.117 E3974.52881
G1 X88.363 Y135.505 E3974.59544
G1 X91.181 Y132.687 E3974.86054
G1 X91.785 Y131.899 E3974.92659
G1 X92.169 Y130.979 E3974.9929
G1 X92.313 Y129.897 E3975.06551
G1 X92.465 Y129.802 E3975.07744
G1 X204.578 Y129.8 E3982.53522
G1 X204.695 Y129.973 E3982.54912
G0 F7200 X204.721 Y130.171
G0 X205.428 Y130.08
G0 X208.98 Y134.52
G0 X210.26 Y135.259
G0 X211.848 Y135.28
G0 X211.576 Y134.624
G1 F1800 X211.01 Y134.696 E3982.58707
G1 X210.436 Y134.628 E3982.62552
G1 X209.902 Y134.406 E3982.66399
G1 X209.442 Y134.054 E3982.70252
G1 X209.083 Y133.578 E3982.74218
G1 X208.868 Y133.068 E3982.779
G1 X208.801 Y132.475 E3982.81869
G1 X208.869 Y131.933 E3982.85503
G1 X209.089 Y131.406 E3982.89302
G1 X209.448 Y130.936 E3982.93236
G1 X209.918 Y130.583 E3982.97146
G1 X210.428 Y130.368 E3983.00828
G1 X211.025 Y130.301 E3983.04824
G1 X211.569 Y130.368 E3983.0847
G1 X212.078 Y130.583 E3983.12146
G1 X212.554 Y130.942 E3983.16111
G1 X212.906 Y131.402 E3983.19965
G1 X213.128 Y131.936 E3983.23811
G1 X213.196 Y132.51 E3983.27656
G1 X213.124 Y133.076 E3983.31452
G1 X212.913 Y133.578 E3983.35074
G1 X212.554 Y134.054 E3983.3904
G1 X212.117 Y134.391 E3983.42711
G1 X211.576 Y134.624 E3983.46629
G0 F7200 X211.378 Y134.649
G0 X211.47 Y135.356
G0 X209.298 Y135.211
G0 X205.237 Y129.16
G0 X91.763 Y129.16
G0 X87.976 Y134.715
G0 X86.652 Y135.332
G0 X86.56 Y134.628
G1 F1800 X85.975 Y134.695 E3983.50546
G1 X85.427 Y134.628 E3983.54219
G1 X84.918 Y134.413 E3983.57894
G1 X84.442 Y134.054 E3983.6186
G1 X84.099 Y133.608 E3983.65603
G1 X83.873 Y133.076 E3983.69448
G1 X83.8 Y132.509 E3983.73251
G1 X83.868 Y131.936 E3983.77089
G1 X84.09 Y131.403 E3983.8093
G1 X84.442 Y130.942 E3983.84788
G1 X84.918 Y130.583 E3983.88754
G1 X85.428 Y130.368 E3983.92436
G1 X86.025 Y130.301 E3983.96432
G1 X86.565 Y130.37 E3984.00053
G1 X87.096 Y130.592 E3984.03882
G1 X87.548 Y130.936 E3984.0766
G1 X87.913 Y131.418 E3984.11682
G1 X88.128 Y131.928 E3984.15364
G1 X88.195 Y132.525 E3984.1936
G1 X88.128 Y133.069 E3984.23006
G1 X87.913 Y133.578 E3984.26681
G1 X87.554 Y134.054 E3984.30647
G1 X87.094 Y134.406 E3984.345
G1 X86.56 Y134.628 E3984.38347
G0 F7200 X86.362 Y134.65
G0 X86.455 Y135.358
G0 X87.429 Y134.973
G0 X88.473 Y133.929
G0 X89.339 Y126.76
G0 X89.339 Y83.24
G0 X86.66 Y80.331
G0 X86.568 Y79.628
G1 F1800 X85.975 Y79.695 E3984.42317
G1 X85.427 Y79.628 E3984.4599
G1 X84.918 Y79.413 E3984.49665
G1 X84.442 Y79.054 E3984.53631
G1 X84.083 Y78.578 E3984.57597
G1 X83.868 Y78.068 E3984.61279
G1 X83.801 Y77.475 E3984.65248
G1 X83.868 Y76.927 E3984.68921
G1 X84.083 Y76.418 E3984.72596
G1 X84.442 Y75.942 E3984.76562
G1 X84.888 Y75.599 E3984.80305
G1 X85.42 Y75.373 E3984.8415
G1 X85.991 Y75.3 E3984.87979
G1 X86.568 Y75.368 E3984.91844
G1 X87.078 Y75.583 E3984.95526
G1 X87.554 Y75.942 E3984.99492
G1 X87.892 Y76.38 E3985.03172
G1 X88.128 Y76.927 E3985.07135
G1 X88.195 Y77.525 E3985.11138
G1 X88.127 Y78.063 E3985.14745
G1 X87.907 Y78.59 E3985.18544
G1 X87.548 Y79.06 E3985.22478
G1 X87.097 Y79.404 E3985.26251
G1 X86.568 Y79.628 E3985.30072
G0 F7200 X86.37 Y79.65
G0 X86.462 Y80.357
G0 X86.874 Y80.776
;TYPE:SKIN
G1 F1800 X87.712 Y80.417 E3985.36137
G1 X88.383 Y79.9 E3985.41772
G1 X88.918 Y79.218 E3985.47538
G1 X89.266 Y78.389 E3985.53518
G1 X89.383 Y77.535 E3985.59252
G1 X89.341 Y77.141 E3985.61888
G1 X90.293 Y78.093 E3985.70844
G1 X90.753 Y78.69 E3985.75857
G1 X91.017 Y79.325 E3985.80432
G1 X91.149 Y80.292 E3985.86924
G1 X91.356 Y80.765 E3985.90358
G1 X90.921 Y81.083 E3985.93943
G1 X90.498 Y81.67 E3985.98756
G1 X90.17 Y81.998 E3986.01841
G1 X89.585 Y82.419 E3986.06636
G1 X89.264 Y82.852 E3986.10221
G1 X88.985 Y82.705 E3986.12319
G1 X88.756 Y82.639 E3986.13904
G1 X87.984 Y82.558 E3986.19068
G1 X87.502 Y82.414 E3986.22414
G1 X87.049 Y82.165 E3986.25853
G1 X86.599 Y81.799 E3986.29711
G1 X85.641 Y80.842 E3986.38719
G1 X85.979 Y80.883 E3986.40984
G1 X86.874 Y80.776 E3986.4698
G0 F7200 X86.778 Y81.686
G1 F1800 X86.159 Y81.068 E3986.52798
G0 F7200 X86.661 Y81.004
G1 F1800 X88.015 Y82.358 E3986.65536
G0 F7200 X88.649 Y82.427
G1 F1800 X87.116 Y80.894 E3986.79957
G0 F7200 X87.511 Y80.723
G1 F1800 X89.275 Y82.487 E3986.96552
G0 F7200 X89.549 Y82.196
G1 F1800 X87.891 Y80.537 E3987.12154
G0 F7200 X88.208 Y80.288
G1 F1800 X89.879 Y81.959 E3987.27874
G0 F7200 X90.185 Y81.7
G1 F1800 X88.526 Y80.041 E3987.43481
G0 F7200 X88.776 Y79.725
G1 F1800 X90.449 Y81.398 E3987.59219
G0 F7200 X90.687 Y81.07
G1 F1800 X89.024 Y79.407 E3987.74864
G0 F7200 X89.215 Y79.033
G1 F1800 X90.976 Y80.794 E3987.9143
G0 F7200 X90.935 Y80.187
G1 F1800 X89.384 Y78.636 E3988.06021
G0 F7200 X89.496 Y78.182
G1 F1800 X90.843 Y79.53 E3988.18697
G1 X90.913 Y79.6
G0 F7200 X90.271 Y78.391
G1 F1800 X89.564 Y77.685 E3988.25344
G1 X89.494 Y77.615
G0 F7200 X89.354 Y121.845
G0 X89.268 Y131.587
G1 F1800 X88.923 Y130.787 E3988.31139
G1 X88.394 Y130.103 E3988.36891
G1 X87.748 Y129.598 E3988.42345
G1 X86.872 Y129.216 E3988.48703
G1 X86.029 Y129.109 E3988.54355
G1 X85.637 Y129.153 E3988.56979
G1 X86.599 Y128.193 E3988.6602
G1 X87.049 Y127.823 E3988.69895
G1 X87.497 Y127.578 E3988.73292
G1 X87.979 Y127.437 E3988.76632
G1 X88.776 Y127.353 E3988.81963
G1 X89.266 Y127.142 E3988.85512
G1 X89.404 Y127.372 E3988.87296
G1 X89.605 Y127.592 E3988.89279
G1 X90.171 Y127.994 E3988.93897
G1 X90.498 Y128.318 E3988.96959
G1 X90.86 Y128.832 E3989.01141
G1 X91.089 Y129.069 E3989.03333
G1 X91.358 Y129.234 E3989.05432
G1 X91.15 Y129.7 E3989.08827
G1 X91.017 Y130.667 E3989.1532
G1 X90.753 Y131.302 E3989.19895
G1 X90.293 Y131.899 E3989.24908
G1 X89.343 Y132.85 E3989.3385
G1 X89.383 Y132.465 E3989.36424
G1 X89.268 Y131.587 E3989.42315
G0 F7200 X86.324 Y128.751
G1 F1800 X86.547 Y128.973 E3989.44408
G0 F7200 X86.607 Y128.468
G1 F1800 X87.339 Y129.2 E3989.51294
G1 X87.409 Y129.27
G0 F7200 X86.906 Y128.201
G1 F1800 X90.286 Y131.581 E3989.83091
G0 F7200 X90.025 Y131.885
G1 F1800 X89.304 Y131.165 E3989.89869
G1 X89.234 Y131.095
G0 F7200 X89.515 Y131.942
G1 F1800 X89.742 Y132.169 E3989.92005
G0 F7200 X90.532 Y131.261
G1 F1800 X87.225 Y127.955 E3990.2311
G0 F7200 X87.595 Y127.759
G1 F1800 X90.713 Y130.877 E3990.52442
G0 F7200 X90.846 Y130.444
G1 F1800 X88.035 Y127.633 E3990.78887
G0 F7200 X88.545 Y127.577
G1 F1800 X90.915 Y129.947 E3991.01182
G0 F7200 X91.027 Y129.493
G1 F1800 X89.006 Y127.472 E3991.20194
G1 X88.936 Y127.402
G0 F7200 X91.524 Y128.845
G0 X205.237 Y129.16
G0 X207.726 Y131.604
G1 F1800 X207.609 Y132.469 E3991.26001
G1 X207.651 Y132.85 E3991.28551
G1 X206.703 Y131.899 E3991.37483
G1 X206.243 Y131.302 E3991.42496
G1 X205.979 Y130.666 E3991.47077
G1 X205.831 Y129.656 E3991.53867
G1 X205.634 Y129.233 E3991.56971
G1 X206.067 Y128.917 E3991.60537
G1 X206.497 Y128.322 E3991.6542
G1 X206.822 Y127.998 E3991.68473
G1 X207.359 Y127.613 E3991.72868
G1 X207.605 Y127.359 E3991.75221
G1 X207.738 Y127.136 E3991.76948
G1 X208.195 Y127.342 E3991.80282
G1 X209.166 Y127.479 E3991.86805
G1 X209.802 Y127.743 E3991.91386
G1 X210.399 Y128.203 E3991.964
G1 X211.35 Y129.15 E3992.05327
G1 X210.969 Y129.109 E3992.07876
G1 X210.081 Y129.229 E3992.13837
G1 X209.262 Y129.589 E3992.19788
G1 X208.602 Y130.099 E3992.25336
G1 X208.074 Y130.778 E3992.31058
G1 X207.726 Y131.604 E3992.3702
G0 F7200 X206.404 Y131.168
G1 F1800 X207.443 Y132.207 E3992.46795
G0 F7200 X207.511 Y131.709
G1 F1800 X206.133 Y130.331 E3992.59758
G0 F7200 X206.039 Y129.671
G1 F1800 X207.643 Y131.276 E3992.74852
G0 F7200 X207.813 Y130.88
G1 F1800 X206.082 Y129.149 E3992.91136
G0 F7200 X206.357 Y128.858
G1 F1800 X208.02 Y130.521 E3993.06781
G0 F7200 X208.268 Y130.203
G1 F1800 X206.594 Y128.529 E3993.22529
G0 F7200 X206.867 Y128.237
G1 F1800 X208.528 Y129.898 E3993.38154
G0 F7200 X208.849 Y129.653
G1 F1800 X207.182 Y127.986 E3993.53837
G0 F7200 X207.507 Y127.745
G1 F1800 X209.169 Y129.408 E3993.69476
G0 F7200 X209.562 Y129.234
G1 F1800 X207.772 Y127.445 E3993.86311
G0 F7200 X208.476 Y127.583
G1 F1800 X209.957 Y129.064 E3994.00243
G0 F7200 X210.438 Y128.979
G1 F1800 X209.145 Y127.687 E3994.12402
G1 X209.075 Y127.617
G0 F7200 X207.66 Y126.737
G0 X207.66 Y83.263
G0 X210.085 Y80.767
G1 F1800 X210.969 Y80.883 E3994.18333
G1 X211.357 Y80.84 E3994.2093
G1 X210.407 Y81.789 E3994.29862
G1 X209.803 Y82.253 E3994.34929
G1 X209.167 Y82.517 E3994.39509
G1 X208.204 Y82.649 E3994.45975
G1 X207.735 Y82.856 E3994.49385
G1 X207.6 Y82.629 E3994.51142
G1 X207.353 Y82.377 E3994.53489
G1 X206.822 Y81.998 E3994.57829
G1 X206.494 Y81.67 E3994.60915
G1 X206.067 Y81.079 E3994.65765
G1 X205.634 Y80.764 E3994.69327
G1 X205.831 Y80.34 E3994.72437
G1 X205.979 Y79.326 E3994.79253
G1 X206.243 Y78.69 E3994.83834
G1 X206.703 Y78.093 E3994.88847
G1 X207.65 Y77.142 E3994.97775
G1 X207.609 Y77.479 E3995.00033
G1 X207.728 Y78.41 E3995.06277
G1 X208.089 Y79.23 E3995.12237
G1 X208.586 Y79.878 E3995.17669
G1 X209.3 Y80.428 E3995.23664
G1 X210.085 Y80.767 E3995.29352
G0 F7200 X210.728 Y81.186
G1 F1800 X210.574 Y81.032 E3995.30801
G0 F7200 X210.445 Y81.469
G1 F1800 X209.867 Y80.891 E3995.36238
G1 X209.797 Y80.821
G0 F7200 X210.146 Y81.736
G1 F1800 X206.759 Y78.348 E3995.68106
G0 F7200 X207.027 Y78.05
G1 F1800 X207.607 Y78.631 E3995.73567
G0 F7200 X207.46 Y77.918
G1 F1800 X207.308 Y77.766 E3995.74997
G0 F7200 X206.512 Y78.667
G1 F1800 X209.827 Y81.982 E3996.06182
G0 F7200 X209.458 Y82.179
G1 F1800 X206.315 Y79.036 E3996.3575
G0 F7200 X206.163 Y79.449
G1 F1800 X209.045 Y82.331 E3996.62862
G0 F7200 X208.548 Y82.4
G1 F1800 X206.093 Y79.945 E3996.85957
G0 F7200 X206.006 Y80.423
G1 F1800 X208.074 Y82.492 E3997.05416
G1 X208.144 Y82.562
;TIME_ELAPSED:6024.095967
G1 F1500 E3990.55416
M107
; -- END GCODE --
M801        ; Custom GCODE to fire end print procedure
; -- end of END GCODE --
M82 ;absolute extrusion mode
M104 S0
;End of Gcode
;SETTING_3 {"global_quality": "[general]\\nversion = 4\\nname = Coarse #2\\ndefi
;SETTING_3 nition = bq_witbox_2\\n\\n[metadata]\\ntype = quality_changes\\nquali
;SETTING_3 ty_type = coarse\\nsetting_version = 25\\n\\n[values]\\nadhesion_type
;SETTING_3  = brim\\nsupport_enable = True\\nsupport_structure = normal\\n\\n", 
;SETTING_3 "extruder_quality": ["[general]\\nversion = 4\\nname = Coarse #2\\nde
;SETTING_3 finition = bq_witbox_2\\n\\n[metadata]\\ntype = quality_changes\\nqua
;SETTING_3 lity_type = coarse\\nsetting_version = 25\\nposition = 0\\n\\n[values
;SETTING_3 ]\\ninfill_pattern = grid\\ninfill_sparse_density = 20\\n\\n"]}
